year,iso_domestic,asset_class,return
1921,JPN,Equities,0.03606002349457872
1889,DNK,Equities,0.10146771469230073
1995,AUS,Equities,0.21112586876747114
1905,ESP,Equities,0.0845022899676155
1914,NOR,Equities,0.0003108711857754357
1988,AUS,Equities,0.08709871610354156
1894,DEU,Equities,0.08911380381951842
1897,JPN,Equities,0.04511615368300672
1969,ITA,Equities,0.008763704225985759
1931,DEU,Equities,-0.303909213943867
1982,SWE,Equities,0.2980341511814095
1906,SWE,Equities,0.1056605324898027
1991,NOR,Equities,0.06342740245217057
1991,BEL,Equities,0.09505800723235978
2007,FRA,Equities,0.03413472323284303
1967,SWE,Equities,0.1692113512695317
1935,ESP,Equities,0.2875637576844602
1910,ITA,Equities,0.013318541627802284
1897,FRA,Equities,0.08848914578063122
1921,DEU,Equities,0.513485833414892
1897,PRT,Equities,0.13782873471834076
1989,NLD,Equities,0.2106910157031514
2010,ESP,Equities,0.11577417366596157
2014,DEU,Equities,0.14452702370162668
1910,CHE,Equities,0.017225326713449958
1926,NOR,Equities,0.028107908511486934
2005,CHE,Equities,0.2296243358945126
1969,FRA,Equities,0.06643436787794649
1911,ITA,Equities,0.03722213335976974
1965,JPN,Equities,0.0852395319660422
1926,DEU,Equities,0.30273879447169816
1986,DNK,Equities,0.22589430077009248
1995,GBR,Equities,0.19397310751682878
1913,DNK,Equities,-0.02176287967831882
1949,DNK,Equities,0.1340423077123279
1965,ESP,Equities,0.09034353802132249
1959,SWE,Equities,0.27888473081337234
1941,ESP,Equities,0.13548503669843048
1919,NLD,Equities,0.1877233482393546
1911,CHE,Equities,0.04177978641379862
1909,BEL,Equities,0.1414107401946484
1890,SWE,Equities,0.007036930335998491
2008,ITA,Equities,-0.3820919358870248
1920,SWE,Equities,-0.18519832500988756
1881,FRA,Equities,0.15940123727286706
1986,PRT,Equities,0.41555838692862057
1949,GBR,Equities,0.34954712735793225
1887,NOR,Equities,0.017915769443418612
1958,PRT,Equities,0.26795448588588944
2007,DNK,Equities,0.040304156613590665
1988,FIN,Equities,0.20997723438852411
1974,GBR,Equities,-0.26121518312927977
1926,FIN,Equities,0.1801457034095752
1982,DNK,Equities,0.21357720478244374
1993,CHE,Equities,0.2672438014282109
1883,FRA,Equities,0.01189875523914526
1973,ESP,Equities,-0.025522155966071207
1928,AUS,Equities,0.2589732041380871
1926,JPN,Equities,0.08818985377654912
2011,PRT,Equities,-0.05302718219510455
1953,BEL,Equities,0.08238754007264987
1936,DEU,Equities,0.2697967472339188
1918,DNK,Equities,0.1774553827769706
2003,DNK,Equities,0.1712787457636786
1922,NOR,Equities,0.14008517443615254
1953,DNK,Equities,0.06701597877763499
1973,FIN,Equities,0.0036362043601667338
2017,FIN,Equities,0.12658582722337255
1996,FRA,Equities,0.2653838920168974
1965,BEL,Equities,0.07058541365883793
1952,JPN,Equities,0.2107825894943686
1984,SWE,Equities,0.1277376284613877
1879,FRA,Equities,0.22232386536167256
1943,PRT,Equities,0.15165761735837047
1906,FRA,Equities,0.09253837978672426
1998,ESP,Equities,0.20086920188228763
1944,FIN,Equities,0.10839903963431853
1897,BEL,Equities,0.08311196441070501
1963,CHE,Equities,0.15341811822457793
1999,AUS,Equities,0.21370260240808014
1982,NLD,Equities,0.16103863680810593
1965,GBR,Equities,0.08708165502310809
1998,BEL,Equities,0.2013168067364321
2001,PRT,Equities,-0.1400096223679626
1880,PRT,Equities,0.16203807257131705
1947,SWE,Equities,0.056786831878649933
1878,DNK,Equities,0.06081161424613685
1999,NLD,Equities,0.34835752956470056
1961,CHE,Equities,0.24569214314270904
1953,JPN,Equities,0.17453743113487827
1982,CHE,Equities,0.16795587070558957
1958,NOR,Equities,0.24692861025004864
1902,PRT,Equities,0.02273164978448821
1960,SWE,Equities,0.04063262856910297
1927,ITA,Equities,0.12738590346910622
1964,PRT,Equities,0.11621023589618398
1941,DNK,Equities,0.11773869962013792
1979,PRT,Equities,0.21752043308093338
1927,ESP,Equities,0.1889986048424
1934,JPN,Equities,0.051451532927466875
1922,JPN,Equities,0.24640352475846028
1891,JPN,Equities,0.03191721851567741
1927,AUS,Equities,0.2364052700069205
1927,CHE,Equities,0.2540742613797911
1955,SWE,Equities,0.2017002010820054
1979,DEU,Equities,0.08933828963278444
1967,GBR,Equities,0.28316156433633505
2017,BEL,Equities,0.1174706701529323
1978,AUS,Equities,0.13572119728808604
1938,DNK,Equities,0.03878043067433281
2012,AUS,Equities,0.14535408035656186
1890,FRA,Equities,0.007243317241416664
1977,NLD,Equities,-0.015517313443664593
1902,ITA,Equities,0.038341929575583376
1961,ITA,Equities,0.18589594265979764
1886,DNK,Equities,0.07810084868314254
1931,FRA,Equities,-0.30405297442435625
1946,PRT,Equities,-0.01167426991223588
1967,DNK,Equities,0.18028228916062394
2002,ITA,Equities,-0.24888343023127413
1942,NLD,Equities,0.17418349015459392
1965,SWE,Equities,0.09344316702667177
1984,ITA,Equities,0.18685667828953503
1887,USA,Equities,0.02254801992983279
2016,PRT,Equities,0.04527841878582032
2012,BEL,Equities,0.17535978397789725
1905,FIN,Equities,0.13752851044473613
1966,CHE,Equities,-0.06973657867080241
1942,CHE,Equities,0.16757345827539652
1971,FIN,Equities,0.15824358921190396
1959,ITA,Equities,0.29073876140830807
1900,CHE,Equities,0.07646231258713032
1905,NOR,Equities,0.13251143548918698
2008,GBR,Equities,-0.2743454709791782
1921,NOR,Equities,-0.015674024369612412
2006,DEU,Equities,0.17063697534327624
2011,JPN,Equities,-0.06617744195264276
2008,DNK,Equities,-0.388084268697071
1994,SWE,Equities,0.005449477512550265
1929,PRT,Equities,-0.07922636777343685
1974,ITA,Equities,-0.21681217807339168
1943,SWE,Equities,0.16452661671593713
1929,FIN,Equities,-0.07867128108097102
1954,BEL,Equities,0.4428771771694484
1958,AUS,Equities,0.30040827910775747
1988,CHE,Equities,0.25433334448466033
1895,SWE,Equities,0.10664037098023718
1875,FRA,Equities,0.059242532638381085
1987,FIN,Equities,0.17713688876006026
1925,FRA,Equities,0.25596627682806183
1886,DEU,Equities,0.07425460087021435
2001,DEU,Equities,-0.13755902601584452
1896,FIN,Equities,0.08846979030084096
1881,DNK,Equities,0.15304997391992792
1917,FIN,Equities,-0.034472467949718935
2010,PRT,Equities,0.12361945036407226
1972,NOR,Equities,0.24484584329822043
1963,FRA,Equities,0.13110214354454566
2012,PRT,Equities,0.1335334526672506
1933,FIN,Equities,0.30936623389590884
1994,ESP,Equities,-0.002553119422603377
1994,AUS,Equities,-0.02777826504197653
1964,BEL,Equities,0.09280620831924907
1928,BEL,Equities,0.26850151707034836
1926,SWE,Equities,0.1534491611979912
1935,AUS,Equities,0.23931326969121797
1916,SWE,Equities,0.12154554238868367
1956,NLD,Equities,0.06334362172258629
1935,FIN,Equities,0.2450829874249533
1985,DNK,Equities,0.23219417495040362
1961,NOR,Equities,0.1895383334421615
1894,BEL,Equities,0.10169692193842624
1923,FRA,Equities,0.23710901800786965
1923,PRT,Equities,0.3157744348925398
1933,FRA,Equities,0.23114547723427958
1974,DNK,Equities,-0.2672666552475672
1912,DEU,Equities,0.05236603811518134
1958,ESP,Equities,0.2550863322584947
1938,PRT,Equities,0.04089116524399719
1958,CHE,Equities,0.30821757949144896
1946,FIN,Equities,0.7418435530801195
1881,DEU,Equities,0.16163323774936697
1931,ITA,Equities,-0.2969924292905793
1921,CHE,Equities,0.00482316876134865
1883,DNK,Equities,0.018449834347205527
2017,DEU,Equities,0.13315038387700143
1886,FRA,Equities,0.07216366667141463
1926,ITA,Equities,0.08959741355708631
1942,DEU,Equities,0.18139094198090425
1982,FIN,Equities,0.2553018121460431
1992,PRT,Equities,0.028487424680378532
1946,ITA,Equities,0.2590561731254106
1908,AUS,Equities,0.14322112709405813
1901,BEL,Equities,0.0352326430254891
1982,BEL,Equities,0.23971641967753524
1912,NOR,Equities,0.04528788311034607
1897,DEU,Equities,0.08801928584809018
1920,BEL,Equities,-0.027751926331307825
1965,NLD,Equities,0.06964143820743146
1964,JPN,Equities,0.0776292197946754
1935,BEL,Equities,0.42352193301454366
1900,ESP,Equities,0.09124817261172072
1971,DEU,Equities,0.09232077782136552
1926,PRT,Equities,0.13231220865485405
1985,PRT,Equities,0.4926550761459501
1988,ESP,Equities,0.17490286211164371
1939,CHE,Equities,-0.0003908990260844507
1997,FRA,Equities,0.3371803715785397
1983,SWE,Equities,0.3788343336979586
1975,NOR,Equities,0.3203582926521874
1899,NOR,Equities,0.058481117349835604
1920,DNK,Equities,-0.04884808406360947
2019,BEL,Equities,0.16075843054103328
1920,DEU,Equities,0.6050583803780132
1912,PRT,Equities,0.06171520152005219
1874,SWE,Equities,0.044221902694855056
1933,PRT,Equities,0.27013161406419745
1953,NLD,Equities,0.09157169207980975
2009,NLD,Equities,0.2870855258014452
1912,AUS,Equities,0.05538712827694609
1951,NOR,Equities,0.1681461433671092
1910,NOR,Equities,0.01826204544386741
1999,CHE,Equities,0.3237517874947446
1879,DNK,Equities,0.2147402158319153
2017,FRA,Equities,0.13515231220346785
1964,NLD,Equities,0.11131452002221928
1982,FRA,Equities,0.19270518291552974
1904,NOR,Equities,0.13343116609957337
2006,SWE,Equities,0.15624312447163116
1917,CHE,Equities,-0.03157822490845223
1933,NOR,Equities,0.1699283193397747
1973,DNK,Equities,0.02687869410065165
1998,NLD,Equities,0.1755839377489668
1998,CHE,Equities,0.17180094910840735
2004,BEL,Equities,0.17181943231517516
1970,AUS,Equities,-0.008009065806220631
1906,FIN,Equities,0.09116419140340389
1923,ESP,Equities,0.1044951980356093
1954,DNK,Equities,0.41518547153090124
2014,SWE,Equities,0.1908718877748907
1954,ESP,Equities,0.4378992385692641
1966,ITA,Equities,-0.05353025149759008
1928,ITA,Equities,0.2552511840833257
2013,BEL,Equities,0.262727143012145
1910,JPN,Equities,0.05332279176653359
1902,ESP,Equities,0.04976540079142086
1929,ITA,Equities,-0.07462570717980568
1977,AUS,Equities,0.00021499993917925217
1914,DNK,Equities,-0.02015356873673929
1987,ITA,Equities,0.12013531093002616
2011,ITA,Equities,-0.05428926529857017
1963,NOR,Equities,0.16931504216013885
2001,DNK,Equities,-0.134393998227962
1934,SWE,Equities,0.17139579624718562
1993,DNK,Equities,0.23933037362915843
1901,CHE,Equities,0.06161772133280908
1916,DNK,Equities,0.1400788224251422
1968,ITA,Equities,0.17502519640133132
2008,ESP,Equities,-0.36899786895400555
1952,DEU,Equities,0.15657294604507047
1983,AUS,Equities,0.3660041985523652
1988,FRA,Equities,0.2839153461649008
1904,FRA,Equities,0.14749055924018709
1906,ESP,Equities,0.031911609502698425
1963,FIN,Equities,0.16002954883136203
1936,PRT,Equities,0.23758377547028783
1973,AUS,Equities,-0.1147428110183846
1979,FIN,Equities,0.13145542755174433
1958,JPN,Equities,0.2781720675067618
1949,ITA,Equities,0.17159293324898642
1996,CHE,Equities,0.30270996750809864
2005,PRT,Equities,0.20274127780517096
1945,ESP,Equities,0.1922794809538902
1956,PRT,Equities,0.04904623091296059
2002,PRT,Equities,-0.2514630025242663
1978,NLD,Equities,0.04713215496214875
2013,GBR,Equities,0.2698463352884283
1934,FRA,Equities,-0.01595384755195364
2000,FIN,Equities,-0.017702801513076124
2008,FIN,Equities,-0.38820549202573357
1897,USA,Equities,0.08208185515713118
2006,PRT,Equities,0.18431836746746647
2019,SWE,Equities,0.1822307133609287
2018,BEL,Equities,0.02395323508091768
1988,SWE,Equities,0.2357791560195475
1958,DEU,Equities,0.3508958424786899
2006,JPN,Equities,0.23401285062692914
1981,BEL,Equities,0.1290331953149321
1986,BEL,Equities,0.2702231368818086
2004,DEU,Equities,0.13148025172884426
1964,SWE,Equities,0.1111743008282858
2013,CHE,Equities,0.2796310218149017
1976,JPN,Equities,0.12506863285977574
1903,BEL,Equities,0.01102350336754689
1986,SWE,Equities,0.3427200305658803
1989,GBR,Equities,0.306357672462568
1908,SWE,Equities,0.12041341410625675
1887,DEU,Equities,0.02058686427976005
1913,AUS,Equities,-0.014431514576938696
2016,DNK,Equities,0.03705330454005021
1902,AUS,Equities,0.07524720374436056
2014,CHE,Equities,0.14389480637174235
1973,SWE,Equities,-0.02891525510968962
2012,FRA,Equities,0.14887314172795102
1893,DEU,Equities,-0.01134961245667035
1963,DEU,Equities,0.16764311563273238
1889,BEL,Equities,0.12646347751533799
2004,ESP,Equities,0.14940825738867664
1968,SWE,Equities,0.22188678106183707
1976,AUS,Equities,0.21049546489062526
1967,JPN,Equities,0.17114095201488763
1981,FRA,Equities,0.12156455734775272
1918,ESP,Equities,0.13675622379940364
2014,PRT,Equities,0.11021738929721972
1904,SWE,Equities,0.14842032697565669
1902,BEL,Equities,0.042809140507783984
1874,FRA,Equities,0.0436340780720934
1902,SWE,Equities,0.05521954783757814
2011,FIN,Equities,-0.061899382897294596
1900,JPN,Equities,0.04956410983329841
1952,GBR,Equities,0.0872644927246331
1965,ITA,Equities,0.11014974376060224
1872,DEU,Equities,0.10673917144861572
1967,FRA,Equities,0.15727637856414042
2019,JPN,Equities,0.12996619049139652
1906,PRT,Equities,0.07188067479554716
1950,AUS,Equities,0.22441168436616502
1951,SWE,Equities,0.2396706311904444
1958,GBR,Equities,0.33573272855804176
2009,ITA,Equities,0.25778105696035897
1944,ITA,Equities,0.8829606875739578
1914,AUS,Equities,-0.011849496328959673
1941,FIN,Equities,0.13391787119757242
1931,AUS,Equities,-0.22778242645019772
2003,FIN,Equities,0.13231681009518778
1964,NOR,Equities,0.09324807484337626
1935,PRT,Equities,0.2395617215662991
1970,CHE,Equities,-0.005323994648934198
1896,SWE,Equities,0.09740663845327001
1911,PRT,Equities,0.03681632176721971
1956,JPN,Equities,0.11136199774217584
2011,BEL,Equities,-0.04349812884415541
1906,AUS,Equities,0.09752562828725114
1878,SWE,Equities,0.04142960286945183
1937,PRT,Equities,-0.11173234669090693
1914,ITA,Equities,-0.049351262726321406
2015,SWE,Equities,0.08881542186330096
1940,AUS,Equities,0.08892021722279045
2003,SWE,Equities,0.1595507245427669
1943,AUS,Equities,0.15881335722803297
2017,NLD,Equities,0.13370779275469702
1964,GBR,Equities,0.0993881322149619
2004,DNK,Equities,0.146522175588718
2013,PRT,Equities,0.2582372193670842
1877,DEU,Equities,0.052605714262475727
1997,PRT,Equities,0.4017340688612193
2003,PRT,Equities,0.1441976237728818
1970,NOR,Equities,0.05683352500987386
1887,DNK,Equities,0.023915824382150588
2000,FRA,Equities,-0.004852842984517555
2013,ITA,Equities,0.26791828343517765
1979,SWE,Equities,0.11139128927549373
1912,BEL,Equities,0.057443875181900875
1984,CHE,Equities,0.17496746187263612
1964,DEU,Equities,0.10236390281262167
1981,PRT,Equities,0.07649705012914806
1901,ESP,Equities,0.09479027149561037
1947,DNK,Equities,0.011334431618167672
1922,FRA,Equities,0.22447241587013467
1952,BEL,Equities,0.09996065882300573
1911,BEL,Equities,0.03719000886335687
1957,FRA,Equities,0.05046549461282942
1960,GBR,Equities,0.039753953342103285
1936,JPN,Equities,0.2379575995986825
1908,JPN,Equities,0.07134919042496365
1896,NOR,Equities,0.09830476876733106
1987,SWE,Equities,0.14828932208573986
1930,DEU,Equities,-0.18051006316583268
1912,DNK,Equities,0.054791628298444514
2014,NLD,Equities,0.15134719035989053
1963,ITA,Equities,0.14053007060252282
1974,CHE,Equities,-0.31975287402920816
1884,PRT,Equities,0.004391770701728105
2004,AUS,Equities,0.174224989150045
1952,ESP,Equities,0.09881817328964032
1944,BEL,Equities,0.33301487262898466
1900,NLD,Equities,0.07703748620295008
1885,SWE,Equities,0.05562890767013979
1951,NLD,Equities,0.22221916699781022
1922,FIN,Equities,0.1070543036092821
1963,GBR,Equities,0.1794944323565803
1976,GBR,Equities,0.23056558425430643
2000,NOR,Equities,0.008956762940333773
1980,GBR,Equities,0.22177066847055646
1996,ITA,Equities,0.18198588031118762
1903,AUS,Equities,0.029686079749550454
1901,DEU,Equities,0.06487259554403942
1896,BEL,Equities,0.10531526957106108
1953,DEU,Equities,0.10936025154618517
1925,CHE,Equities,0.17458570189905967
1932,ESP,Equities,0.057704836724633335
1909,SWE,Equities,0.12600947977924162
1948,ESP,Equities,-0.05335649271806955
1947,NOR,Equities,0.0744563741368756
1965,CHE,Equities,0.0675821571666872
1954,CHE,Equities,0.425635151290969
1909,PRT,Equities,0.12586593307891805
1909,AUS,Equities,0.1329507168337438
1992,DNK,Equities,0.01899439652571041
2013,AUS,Equities,0.387081360735301
2010,ITA,Equities,0.12195496515921798
1917,NOR,Equities,-0.03104989703065103
1924,ITA,Equities,0.2936161404811217
1943,ESP,Equities,0.1391238811016672
1927,JPN,Equities,0.20586425134471936
1941,JPN,Equities,0.06418470196173759
1906,NOR,Equities,0.10921618682934525
1898,DNK,Equities,0.09142748002872189
1941,BEL,Equities,0.21089873469516796
1918,JPN,Equities,0.1588304302353544
1937,NLD,Equities,0.023749509649216294
1987,PRT,Equities,0.3246862454869599
1970,ITA,Equities,-0.01484202525026539
1982,PRT,Equities,0.24942028491116294
1964,AUS,Equities,0.0961593430132047
1982,DEU,Equities,0.14424795984648434
1926,DNK,Equities,0.025010125668774308
1979,CHE,Equities,0.12590654112762856
1940,PRT,Equities,0.05250457126256976
1962,NLD,Equities,-0.06684900899317256
1996,SWE,Equities,0.2628052435251222
1970,SWE,Equities,-0.016382471256536406
2010,JPN,Equities,0.04450044985862742
1890,ITA,Equities,0.0029000107526405312
1964,ITA,Equities,0.06170345450396845
1955,DEU,Equities,0.24808229140807045
1927,PRT,Equities,0.2746070268282426
1994,FRA,Equities,-0.016743967327066834
2000,CHE,Equities,-0.013245412805299353
1946,NLD,Equities,0.5558929767359629
1968,PRT,Equities,0.17350276913761586
1984,NOR,Equities,0.20776351968843973
1939,FIN,Equities,-0.011646454532758161
2004,NLD,Equities,0.13235715845807997
1924,DEU,Equities,3.567475668096047
1916,NLD,Equities,0.10708755922183205
1959,GBR,Equities,0.25949621373685594
2018,NLD,Equities,0.03931376028774618
1886,BEL,Equities,0.06210978130386151
2011,GBR,Equities,-0.03907214296006088
1874,BEL,Equities,0.04008191531414343
1918,FIN,Equities,0.3868740021924157
2005,FRA,Equities,0.21565673957416212
2012,JPN,Equities,0.20203688078354998
1929,FRA,Equities,-0.06177298129090477
1924,FIN,Equities,0.2108840680069987
1981,SWE,Equities,0.2226242448348852
1974,FRA,Equities,-0.2577823661110734
1978,BEL,Equities,0.06276158960136005
1948,NLD,Equities,-0.011405240144403847
1955,BEL,Equities,0.26854882787223555
1924,BEL,Equities,0.21849855750937078
1910,DEU,Equities,0.014976293579735483
1886,ITA,Equities,0.07305600233016356
2018,SWE,Equities,0.0658145632607523
2006,AUS,Equities,0.18993661626482278
1992,BEL,Equities,0.027784004607167324
2010,SWE,Equities,0.10214893525256022
1911,ESP,Equities,0.0448348369932013
1903,SWE,Equities,0.014029574037870822
1918,SWE,Equities,0.2110148017642974
1999,NOR,Equities,0.3153904407279277
1982,GBR,Equities,0.21892277413795339
1984,DEU,Equities,0.1699808872624652
1910,SWE,Equities,0.027249353112467675
1968,FIN,Equities,0.22164424400339738
1904,DEU,Equities,0.15092411766796612
2015,NOR,Equities,0.12506577187564927
1885,NOR,Equities,0.06058091388162901
1991,NLD,Equities,0.10461619205150055
1947,GBR,Equities,0.10824602227846822
1921,AUS,Equities,0.03666283930471468
1945,FRA,Equities,0.1858752280619012
1896,DEU,Equities,0.09357595978504402
1948,FIN,Equities,0.13867653780997719
2015,ESP,Equities,0.0815352995142837
1984,ESP,Equities,0.19483862226118948
1980,PRT,Equities,0.3897914941987134
1986,ESP,Equities,0.39920208674433044
1907,ESP,Equities,-0.05208772762305213
1972,DNK,Equities,0.2754656434433129
1967,NOR,Equities,0.15502118780148447
1969,PRT,Equities,0.02296710736787148
1999,FIN,Equities,0.5304291273885178
1918,PRT,Equities,0.21813943018677343
1993,FIN,Equities,0.3697909716373039
1907,SWE,Equities,-0.07034056781321499
1899,PRT,Equities,0.03010178422535341
1962,CHE,Equities,-0.08313420628858775
1967,ITA,Equities,0.16560399690583286
1988,ITA,Equities,0.2305629186745918
1907,BEL,Equities,-0.06607230675723529
2016,NLD,Equities,0.055686410183083464
1966,FIN,Equities,-0.06373628996725703
1878,DEU,Equities,0.04931837913829049
1985,SWE,Equities,0.29432161125845924
1989,ESP,Equities,0.19552381608481686
1893,SWE,Equities,-0.0029451000100569127
1943,CHE,Equities,0.14629295764455785
1914,CHE,Equities,-0.02142489750531349
1973,NLD,Equities,-0.09098119103920675
2019,PRT,Equities,0.12747195795135707
2007,GBR,Equities,0.0800077297564918
2020,ITA,Equities,0.05285474233562281
1942,ITA,Equities,5.444688456042559
1982,ESP,Equities,0.23447448542182067
1975,CHE,Equities,0.375669106579243
2012,ITA,Equities,0.14071059078819845
1935,NLD,Equities,0.21745357679493066
1969,SWE,Equities,-0.011142917233202728
2001,NOR,Equities,-0.14757115019703612
1897,DNK,Equities,0.08115670255977986
1883,SWE,Equities,0.020160740758307417
1874,DEU,Equities,0.0484617541902714
2003,ITA,Equities,0.1438796813274128
1983,ITA,Equities,0.3910537123682551
2005,ITA,Equities,0.207694907592659
1990,NOR,Equities,-0.1171086098901857
2017,DNK,Equities,0.13762472872274023
1977,GBR,Equities,-0.011733876623784556
1988,NOR,Equities,0.2074179487105797
1974,AUS,Equities,-0.1968715665130859
1905,CHE,Equities,0.12624672616212243
1945,NLD,Equities,0.37057404419806006
1948,DNK,Equities,0.1155497916034532
1991,CHE,Equities,0.11935874705163832
1970,ESP,Equities,0.01964791464152857
1970,DNK,Equities,0.0019960610897585013
2009,PRT,Equities,0.2809829562300656
1987,AUS,Equities,0.1812172540398521
1983,FRA,Equities,0.4421215671154086
1979,DNK,Equities,0.15261971861768614
1977,BEL,Equities,-0.03070603922669648
1913,FRA,Equities,-0.026960592394040608
1958,FRA,Equities,0.28317871564776986
1974,NOR,Equities,-0.27664916535935086
1999,BEL,Equities,0.29756653258226173
1940,DNK,Equities,0.04159168404932365
2018,AUS,Equities,0.07320046625057049
1984,AUS,Equities,0.12537701897066764
1990,AUS,Equities,-0.07227365261632976
1986,FRA,Equities,0.2952321306601201
1923,FIN,Equities,0.011860607572447715
1990,DEU,Equities,-0.12245050222281637
1997,AUS,Equities,0.3553837864975971
2006,CHE,Equities,0.1850960758119532
1985,NOR,Equities,0.2956152920301966
1996,JPN,Equities,0.2975551964974174
1894,USA,Equities,0.0915437480499624
1953,CHE,Equities,0.09089879116124151
1890,BEL,Equities,0.009556445704926092
2020,BEL,Equities,0.04457301689882183
1902,FRA,Equities,0.05832490425298886
1956,ESP,Equities,0.18350142198199954
1991,ITA,Equities,0.08927049170199575
1932,ITA,Equities,0.0018840036345296337
1890,NOR,Equities,0.019667745781377845
1919,JPN,Equities,0.13706181698627928
1921,SWE,Equities,-0.08644404755049964
1917,SWE,Equities,-0.05547241061684816
1911,NLD,Equities,0.057629903234840754
1932,DNK,Equities,0.12002837316858517
1954,JPN,Equities,0.3659044421713059
1909,JPN,Equities,0.16061221017961388
1892,NOR,Equities,0.02212960806743326
1999,SWE,Equities,0.3447557238184189
1892,USA,Equities,0.03157483812699005
1945,CHE,Equities,0.1907650014988948
1916,ESP,Equities,0.10144566152475867
1945,DNK,Equities,0.15941666657980658
1981,FIN,Equities,0.10992087377372216
1981,NLD,Equities,0.08734256350895851
1872,BEL,Equities,0.1312548169070273
1928,CHE,Equities,0.2625630452340278
1879,SWE,Equities,0.1902994680946472
1901,NOR,Equities,0.05999052255896725
1908,NLD,Equities,0.13146180109707833
1978,PRT,Equities,0.15479602258499933
1995,FIN,Equities,0.11085410031296838
1966,JPN,Equities,-0.02447134987904035
1936,NLD,Equities,0.2902425139332533
1888,JPN,Equities,0.10526564966659921
1997,ESP,Equities,0.3663968325633561
1994,DEU,Equities,-0.01236731744412304
1885,PRT,Equities,0.054769436014504555
1937,DNK,Equities,-0.1167570369244177
1897,ITA,Equities,0.06769492662480145
1915,DEU,Equities,0.19076197131232156
2018,DNK,Equities,0.04231892817057219
1925,DEU,Equities,0.14118197048821773
1938,NOR,Equities,0.0632372206282074
1955,CHE,Equities,0.23925244127217815
1900,AUS,Equities,0.08490029754235541
2011,DEU,Equities,-0.04382504955485912
1873,USA,Equities,0.026362925576942777
1989,DNK,Equities,0.23159133781239616
1910,FRA,Equities,0.011337476209463068
1911,SWE,Equities,0.05716895414423631
1884,DEU,Equities,0.01372287721361087
2005,DNK,Equities,0.23839828473742092
1951,DEU,Equities,0.3554827377863299
1931,NLD,Equities,-0.2956283378602556
1969,CHE,Equities,-0.01018501107174315
1971,DNK,Equities,0.10498226232382782
1879,USA,Equities,0.21465522851860094
1996,ESP,Equities,0.2888548459231234
2016,CHE,Equities,0.04088815379699797
1934,FIN,Equities,0.05165051453108728
1955,FIN,Equities,0.31766102658066425
1934,NOR,Equities,0.14601636206398402
1982,AUS,Equities,0.14902430831844332
1996,GBR,Equities,0.1654774959928821
1881,SWE,Equities,0.1534270391389959
1884,SWE,Equities,0.019146805762638622
1934,CHE,Equities,-0.016057153141771807
1923,CHE,Equities,0.08953972905766476
1875,BEL,Equities,0.036906152782897286
1978,DNK,Equities,0.047990056584354755
2007,NOR,Equities,0.03042903602545755
1928,DEU,Equities,0.25321482113937926
1988,GBR,Equities,0.1708942346921847
2014,NOR,Equities,0.1846444953314441
1971,NLD,Equities,0.08047685718749945
1972,ITA,Equities,0.23563996436127732
1935,ITA,Equities,0.24922127604293354
2014,GBR,Equities,0.10824472688350376
1953,GBR,Equities,0.08510809439104935
1984,PRT,Equities,0.225008286027811
1999,JPN,Equities,0.18318729255591834
2013,NOR,Equities,0.3444575986713623
1873,SWE,Equities,0.022251838724809778
2020,DEU,Equities,0.06863141020612434
1960,NOR,Equities,0.048656323071821675
1942,AUS,Equities,0.1841614811089557
1975,JPN,Equities,0.336769895270562
1971,AUS,Equities,0.09498158442968768
1915,NOR,Equities,0.10415531923591133
1993,PRT,Equities,0.370427507031294
1941,PRT,Equities,0.08865497500987551
1997,ITA,Equities,0.3821973209598878
1928,SWE,Equities,0.26796424459298696
1971,BEL,Equities,0.09726320910213049
2013,SWE,Equities,0.2917972208308378
2017,ITA,Equities,0.13598289764675514
1975,NLD,Equities,0.40008206219607045
2006,DNK,Equities,0.16956228307067356
1954,NLD,Equities,0.47944150159149
1942,ESP,Equities,0.1779467720042138
1934,ESP,Equities,0.1091412196814198
1876,BEL,Equities,0.018584212545571792
1905,BEL,Equities,0.13653800574815908
1944,CHE,Equities,0.12040049320853823
1942,FRA,Equities,0.2313486861866681
1991,SWE,Equities,0.07139369517739227
1997,SWE,Equities,0.3381852769356783
1992,ITA,Equities,0.1191308240044336
1957,JPN,Equities,-0.024288017986542593
1992,FRA,Equities,0.036724533283368326
1917,DNK,Equities,-0.008551425465011326
2008,AUS,Equities,-0.31606031072863466
1977,FIN,Equities,0.01802626499490123
1901,DNK,Equities,0.06362093171798888
2014,ESP,Equities,0.1507105558290531
2002,SWE,Equities,-0.2765733736732362
1921,NLD,Equities,0.023466360883811196
1964,DNK,Equities,0.12216268920554252
1877,SWE,Equities,0.05411819803016302
1898,PRT,Equities,0.13283722316324298
1951,BEL,Equities,0.28027749655069945
2014,JPN,Equities,0.16093188593974472
2016,ITA,Equities,0.03906410255702271
1911,DNK,Equities,0.05412628338277915
1992,NLD,Equities,0.04007922324417903
1968,ESP,Equities,0.19872964958158423
1900,DEU,Equities,0.07156723397125833
1898,JPN,Equities,0.04145358289878579
1950,FIN,Equities,0.49618351111904563
1994,CHE,Equities,-0.019097011254186374
2003,GBR,Equities,0.18793825221733804
2009,DEU,Equities,0.26170390377035846
2009,DNK,Equities,0.2840696314230628
1969,NOR,Equities,0.011249621045188295
1955,JPN,Equities,0.22950729065567993
1959,DEU,Equities,0.31875931352330195
1996,NOR,Equities,0.2440667608558139
2006,ITA,Equities,0.1692864597574224
1993,ITA,Equities,0.34357551173506723
2020,PRT,Equities,0.058676401780326445
1908,FRA,Equities,0.12639776360868152
1943,FRA,Equities,0.12515702481053192
1925,BEL,Equities,0.17816309570953492
1886,USA,Equities,0.0725092006537791
1880,USA,Equities,0.1618975771923243
1998,AUS,Equities,0.22448243559433403
1939,DEU,Equities,0.03597943107854502
1962,DNK,Equities,-0.05094193903816149
1896,DNK,Equities,0.09174626428066335
1903,NOR,Equities,-0.004147677241113026
1939,ITA,Equities,0.07439344128763582
1957,ESP,Equities,0.04384556028353209
1981,ITA,Equities,0.15495682612012063
1966,DEU,Equities,-0.0751269459897347
1967,BEL,Equities,0.1886440086427934
1960,AUS,Equities,0.02689076899107818
1919,DNK,Equities,0.2052547759817791
2001,FRA,Equities,-0.13884355057503192
1886,PRT,Equities,0.07755095664154715
1910,AUS,Equities,0.01601883461547842
1973,CHE,Equities,-0.10601832226654624
1909,ESP,Equities,0.11018839914510435
2009,CHE,Equities,0.2605110962704671
1937,JPN,Equities,-0.09408903126024787
2010,DEU,Equities,0.1559459263541991
2005,NOR,Equities,0.21802834874242172
1971,FRA,Equities,0.08811735207672468
1893,JPN,Equities,0.08340305345927326
1981,CHE,Equities,0.012649056017912007
1987,BEL,Equities,0.11925753708153546
1913,SWE,Equities,-0.02548301957589455
1931,FIN,Equities,-0.16209069125202866
1974,PRT,Equities,-0.2502564750957175
1936,DNK,Equities,0.24305525097054698
1983,FIN,Equities,0.3787336244593909
1907,JPN,Equities,-0.07346166277551087
1976,BEL,Equities,0.07838184578893875
2004,ITA,Equities,0.1540501103490699
2011,FRA,Equities,-0.04105812544134377
1980,FRA,Equities,0.2909141305245297
1986,AUS,Equities,0.42135658070849086
1971,PRT,Equities,0.14044362029793372
1999,PRT,Equities,0.32410567884561864
1923,NOR,Equities,0.18148792359190374
1944,DNK,Equities,0.127316305825006
1891,DEU,Equities,0.029928401779351577
1893,ITA,Equities,0.0147907187413746
1969,FIN,Equities,0.016709468239849125
1983,BEL,Equities,0.39391060761089186
1909,NOR,Equities,0.126323644618058
1957,AUS,Equities,-0.02659543697245671
1990,FIN,Equities,-0.14662225004615426
1900,PRT,Equities,0.07576366126952065
1917,AUS,Equities,0.028316343045313174
1961,DNK,Equities,0.18318975224244655
1915,PRT,Equities,0.23746161213524128
1990,CHE,Equities,-0.15551250712509687
1973,JPN,Equities,-0.02792533188506912
1995,ESP,Equities,0.1417330986376517
2000,JPN,Equities,0.02019196470340475
2011,SWE,Equities,-0.04668122981889918
1982,ITA,Equities,0.1537503785082436
1946,FRA,Equities,2.3860557545568613
1948,PRT,Equities,0.032192350060436546
1874,USA,Equities,0.03478770541183959
1904,ESP,Equities,0.14439716576843134
2013,DEU,Equities,0.2732630702189577
1969,GBR,Equities,-0.03091489321064704
1880,BEL,Equities,0.15179501749460286
1907,FIN,Equities,-0.03142092919343409
1987,ESP,Equities,0.1997598338604335
1875,SWE,Equities,0.04721326353495302
1878,USA,Equities,0.027908231907553115
1941,FRA,Equities,0.14224468617676483
1902,DNK,Equities,0.06636808239505257
1882,USA,Equities,-0.011908274366207117
1931,DNK,Equities,-0.2546479273762507
2016,AUS,Equities,0.050368482144149726
1997,NLD,Equities,0.366158755151778
2008,NLD,Equities,-0.3857390550470298
1987,DNK,Equities,0.12129430360833718
2003,JPN,Equities,0.16876592927847736
1995,NOR,Equities,0.1498791730148258
1937,DEU,Equities,-0.12019962686826528
1993,BEL,Equities,0.2841155106932863
1953,PRT,Equities,0.0920901258266103
1965,FRA,Equities,0.07049407071722931
1899,ITA,Equities,0.07792526681063838
1880,DNK,Equities,0.16880630158644683
1879,DEU,Equities,0.22877194881070256
1981,AUS,Equities,0.026260409646075983
1913,BEL,Equities,-0.027826028124825774
1925,SWE,Equities,0.2055003229752035
1931,BEL,Equities,-0.30356914255683726
1932,FRA,Equities,0.0204258167496065
1937,SWE,Equities,-0.12579349922421063
1929,DEU,Equities,-0.09153168347402862
2003,ESP,Equities,0.1639074833522233
1935,JPN,Equities,0.24305112845897175
1883,DEU,Equities,0.014951626477394508
2000,GBR,Equities,-0.008298055783369519
1972,PRT,Equities,0.2782676740593465
1882,NOR,Equities,-0.011767409265608233
2013,FRA,Equities,0.26845376060523884
1924,PRT,Equities,0.276286877862296
1964,CHE,Equities,0.08023358005443552
1978,FIN,Equities,0.12152137334114721
1993,NOR,Equities,0.31591730358279163
1969,BEL,Equities,-0.015535626579793516
1893,FRA,Equities,-0.009579748361157022
1928,NLD,Equities,0.24387634899810495
1925,AUS,Equities,0.17171361515099098
1901,JPN,Equities,0.04712293916030889
1922,CHE,Equities,0.23071645902282026
1983,NOR,Equities,0.4090549244776671
1969,AUS,Equities,-0.007322185147946997
1976,SWE,Equities,0.10486946917989615
2004,CHE,Equities,0.12244465268440556
1916,DEU,Equities,0.17954752656938355
1956,GBR,Equities,0.03695255362884432
1997,BEL,Equities,0.35140083308531594
1882,DNK,Equities,-0.005036260633584665
2016,DEU,Equities,0.05283450656262466
2008,JPN,Equities,-0.44327621094155834
1932,NOR,Equities,0.04046540308233304
1884,DNK,Equities,0.014900539314513843
1900,FIN,Equities,0.06288415209869776
1976,FRA,Equities,0.16625491270143047
1963,AUS,Equities,0.19072290723530547
1966,DNK,Equities,-0.0408671565116853
1923,AUS,Equities,0.050148708238875545
2009,SWE,Equities,0.26621780302344206
1930,BEL,Equities,-0.18677488284195606
1936,ITA,Equities,0.34998157905690974
2004,FRA,Equities,0.13691732731353662
1950,CHE,Equities,0.19479079073167888
1985,DEU,Equities,0.2963190978610134
2017,NOR,Equities,0.17585120866123702
1899,BEL,Equities,0.06130784584306212
1985,BEL,Equities,0.2755748068682557
1892,DNK,Equities,0.03496319422861634
1929,AUS,Equities,-0.04799233451920179
1939,NLD,Equities,0.024587300455161783
1955,AUS,Equities,0.24178066298638276
1993,GBR,Equities,0.23632491392415717
1939,NOR,Equities,0.0318911513978813
1894,FRA,Equities,0.08221979432463497
1930,ESP,Equities,-0.04935733171130325
1954,FRA,Equities,0.5405962784687832
1956,DNK,Equities,0.09755306883950679
1956,ITA,Equities,0.047178362475845385
1967,NLD,Equities,0.20112998485508785
1900,DNK,Equities,0.07543974796782761
1895,JPN,Equities,0.24163073676299185
1963,BEL,Equities,0.1756993289193385
1907,NLD,Equities,-0.06333623416272002
1878,BEL,Equities,0.04048252171638779
1993,ESP,Equities,0.3931636006762001
1979,NLD,Equities,0.12235948719422139
1979,AUS,Equities,0.19498124088041452
1890,JPN,Equities,-0.028783933620177074
1968,NOR,Equities,0.18682876236249607
1981,JPN,Equities,0.06180720379211213
1938,CHE,Equities,0.03371987125295314
1920,PRT,Equities,0.33636949009710077
1907,DNK,Equities,-0.05655659132756527
1915,AUS,Equities,0.12462848601923712
2006,NOR,Equities,0.19895228192247186
1880,SWE,Equities,0.16230798204568422
1933,JPN,Equities,0.4764521687095466
2008,SWE,Equities,-0.3297548182239115
2020,GBR,Equities,0.0762157327270454
1902,NLD,Equities,0.05934479867115475
1897,SWE,Equities,0.101609659868371
2015,NLD,Equities,0.09672846841976528
1965,PRT,Equities,0.08721480216193347
2006,NLD,Equities,0.1667748111537759
1977,NOR,Equities,-0.028843476241207925
2011,NLD,Equities,-0.03822996761213955
1948,JPN,Equities,0.22914905137492952
1947,FRA,Equities,-0.07643449495764
1966,AUS,Equities,-0.044051061920861265
1992,SWE,Equities,0.12329946990063352
1897,NOR,Equities,0.08737280891372073
1948,SWE,Equities,0.09921836057740753
1885,DEU,Equities,0.06165945873377399
1895,DNK,Equities,0.10312581342621224
1997,JPN,Equities,0.30521294838927954
1902,FIN,Equities,0.05537998147220183
1888,DEU,Equities,0.10619477722134858
1927,BEL,Equities,0.3977797624991167
1955,PRT,Equities,0.23190183110588578
1950,NLD,Equities,0.18155819472483417
1969,DNK,Equities,0.008142564848877591
1929,SWE,Equities,-0.06729073503643544
1877,DNK,Equities,0.040431677325372624
1940,NOR,Equities,0.03681309190457921
2005,ESP,Equities,0.21387426676726426
1998,SWE,Equities,0.2095777711861952
2004,JPN,Equities,0.1689858580153249
2015,GBR,Equities,0.059867910419934556
1955,GBR,Equities,0.2535245083621612
1987,GBR,Equities,0.12878576618408244
1971,CHE,Equities,0.10887967280046688
1965,FIN,Equities,0.06888898808765093
1972,BEL,Equities,0.2604516868223212
1942,SWE,Equities,0.17858416061609136
1980,ESP,Equities,0.32027487472262645
1941,ITA,Equities,0.1209989806947763
1972,NLD,Equities,0.2635023604554803
2003,AUS,Equities,0.09963281978482509
1949,AUS,Equities,0.4000465292292477
1931,NOR,Equities,-0.14535626420080974
1939,BEL,Equities,-0.010593117569844927
1898,ITA,Equities,0.12099595928312754
1975,DNK,Equities,0.3700614356371691
1906,ITA,Equities,0.09310249583195317
1959,ESP,Equities,0.21740916995167306
1906,JPN,Equities,0.19770816532950294
1956,DEU,Equities,0.0404238659954441
1913,NLD,Equities,-0.022705145763416413
1992,GBR,Equities,0.12567867695412518
1928,JPN,Equities,0.25878456302970043
1974,SWE,Equities,-0.23881021536162708
1893,USA,Equities,-0.00660102487544071
1931,CHE,Equities,-0.30267355940354584
1933,ITA,Equities,0.2569615003769654
1922,PRT,Equities,0.6090279358880427
1983,ESP,Equities,0.3835962301871659
1994,FIN,Equities,-0.016634745138092988
2005,FIN,Equities,0.2268212337556233
1978,GBR,Equities,0.08748643760475745
1906,NLD,Equities,0.0968204521143658
2010,NLD,Equities,0.14425176976806733
1914,ESP,Equities,-0.041317643209614056
1962,FIN,Equities,-0.040142809588398894
1909,FRA,Equities,0.13086526638058651
1938,BEL,Equities,0.01832577375139463
1916,CHE,Equities,0.09452657186588888
1970,JPN,Equities,0.02464798422145205
1998,JPN,Equities,0.12369335051374128
1998,ITA,Equities,0.20829467041926325
1921,FIN,Equities,0.38686149047370566
1995,FRA,Equities,0.12190682518218199
1944,JPN,Equities,0.12401873738386453
1954,AUS,Equities,0.42217392202045206
1947,CHE,Equities,0.07852107091170907
1956,FRA,Equities,0.06822687011959586
1892,BEL,Equities,0.037600113011337116
1930,DNK,Equities,-0.147644887181945
1929,BEL,Equities,-0.10150003797672517
2005,BEL,Equities,0.2161043301956355
1952,NLD,Equities,0.0871819227554306
1960,PRT,Equities,0.045574376855231545
1912,SWE,Equities,0.06083660085784064
2013,ESP,Equities,0.27722887758910936
1906,DNK,Equities,0.10005376183697456
2001,ITA,Equities,-0.1440890752898269
1872,FRA,Equities,0.10688513205112019
1949,ESP,Equities,0.28711532368098663
1984,JPN,Equities,0.1321605621512264
1875,DEU,Equities,0.05488163291337893
1946,BEL,Equities,0.09987963361897555
1914,PRT,Equities,0.013868973685158301
1888,USA,Equities,0.1096882092258573
2012,SWE,Equities,0.12720940944384024
2005,DEU,Equities,0.21648141046653602
1913,DEU,Equities,-0.02262765784234308
1959,CHE,Equities,0.254439298503274
2012,NLD,Equities,0.14005551475994352
1933,ESP,Equities,0.11454813474283414
1906,CHE,Equities,0.09404875291481514
1914,FIN,Equities,0.03432464541388321
1881,USA,Equities,0.16112189555822085
1924,DNK,Equities,0.2259842071001287
1916,JPN,Equities,0.1938637873779861
1911,NOR,Equities,0.049974587663682415
2007,NLD,Equities,0.04069041531739875
1972,FRA,Equities,0.250621491476714
1934,DEU,Equities,0.09319522866330728
2010,CHE,Equities,0.056175539408344646
2018,FIN,Equities,0.048373913175256966
1971,JPN,Equities,0.0631997372334374
1895,USA,Equities,0.10566891708718355
1889,JPN,Equities,0.12282994453328591
2007,AUS,Equities,0.053982546160795744
2009,GBR,Equities,0.22460080441572003
1898,BEL,Equities,0.11428078996989667
1995,ITA,Equities,0.1466356466687115
1982,JPN,Equities,0.1519153817697065
1904,PRT,Equities,0.13228184911194957
1938,SWE,Equities,0.07314663897440096
1891,BEL,Equities,0.0265516616894437
1970,GBR,Equities,0.008542655035947906
1966,SWE,Equities,-0.08116722433269026
1871,ITA,Equities,0.357322663993103
2019,FIN,Equities,0.1547940823974599
1956,FIN,Equities,0.051823396665278354
1953,SWE,Equities,0.08382603743937983
1992,ESP,Equities,0.07162016398411986
1920,CHE,Equities,-0.17173532345885878
1939,FRA,Equities,0.1000996341349134
1990,SWE,Equities,-0.1367831086505681
2006,GBR,Equities,0.15073594198939855
1919,SWE,Equities,0.20986618151678557
1957,GBR,Equities,-0.06251889641520167
1975,BEL,Equities,0.37965901049592393
1978,SWE,Equities,0.09590756095092506
1913,FIN,Equities,-0.017740294932738515
1887,JPN,Equities,0.00998357425366532
1903,FIN,Equities,0.012754737877006914
1957,DNK,Equities,-0.06416429722009472
1990,ITA,Equities,-0.14560212647415424
1905,JPN,Equities,0.17413987109902537
1872,SWE,Equities,0.1171848122788221
2006,ESP,Equities,0.19134973316469533
1885,FRA,Equities,0.06431731186896524
1915,JPN,Equities,0.16145022148401714
2009,JPN,Equities,0.2637705428732968
2003,DEU,Equities,0.16713419203016594
1988,PRT,Equities,0.16107057490454163
1917,ESP,Equities,-0.035018393492062636
1912,FRA,Equities,0.05155714269059416
1888,PRT,Equities,0.10907514392329512
1904,NLD,Equities,0.1530184415336627
1937,BEL,Equities,-0.12474850300508157
2010,BEL,Equities,0.14719276581457244
1923,SWE,Equities,0.05405184809476656
1962,JPN,Equities,-0.03512858845051599
1955,ITA,Equities,0.23864795229088032
1895,BEL,Equities,0.07024684508900605
1977,PRT,Equities,0.06152452199426159
1941,AUS,Equities,0.053767278241187835
1887,PRT,Equities,0.0329170263669442
2020,FIN,Equities,0.08298238817193589
1983,GBR,Equities,0.3354330186636989
1936,NOR,Equities,0.2793568745993606
1955,ESP,Equities,0.2795116311883661
1981,DNK,Equities,0.21765458606880475
1978,ITA,Equities,0.1255057067344323
1956,CHE,Equities,0.05146685375742071
1887,FRA,Equities,0.02351551195764581
2004,GBR,Equities,0.13513137433374198
1934,ITA,Equities,0.025814541662142983
1927,NOR,Equities,0.1925155699849327
1937,FIN,Equities,-0.11749720970145328
1918,AUS,Equities,0.15885248563352855
1958,BEL,Equities,0.29367704885099866
2005,SWE,Equities,0.2519965370992725
2015,BEL,Equities,0.09920545849027948
2015,JPN,Equities,0.04285630776004069
1997,DEU,Equities,0.35767536402292627
1913,JPN,Equities,-0.024739965002185293
1957,ITA,Equities,-0.04078012994322869
1997,FIN,Equities,0.358917341321853
1937,CHE,Equities,0.00949240063988484
2007,BEL,Equities,0.024355322997839587
1909,ITA,Equities,0.11887439346862126
1971,ESP,Equities,0.11396061645093854
1946,DNK,Equities,0.2770920114864498
1938,AUS,Equities,0.034438781838708535
1925,NLD,Equities,0.17559206317824072
1951,ITA,Equities,0.21176973074813024
1998,GBR,Equities,0.199713391582868
1916,PRT,Equities,0.12997990083861247
1968,CHE,Equities,0.21766080179930314
2020,AUS,Equities,0.062396186396217405
1993,NLD,Equities,0.2913711609572661
1922,AUS,Equities,0.19063569436894284
1988,DEU,Equities,0.23453504072737089
1959,PRT,Equities,0.23129292316850594
1959,FIN,Equities,0.2501442240773841
1897,FIN,Equities,0.0977521173475783
1940,SWE,Equities,0.03200332252307321
1966,BEL,Equities,-0.076402506633381
1912,CHE,Equities,0.045619829340422885
1986,GBR,Equities,0.3661260218206616
1991,PRT,Equities,0.0728491204043414
1973,ITA,Equities,0.02555370803745195
1966,NLD,Equities,-0.07316909107616619
1904,ITA,Equities,0.149878007634991
2006,FIN,Equities,0.1690318670081623
1966,NOR,Equities,-0.06563444506213575
1954,PRT,Equities,0.42709085031813554
1955,DNK,Equities,0.22544905580252692
1915,NLD,Equities,0.1182371162978966
2007,DEU,Equities,0.052786790826370916
1961,GBR,Equities,0.20084956832933615
2009,NOR,Equities,0.23449853807322785
1968,FRA,Equities,0.19111673577830127
2018,FRA,Equities,0.045154850945045774
2013,DNK,Equities,0.27821153885610195
1930,NOR,Equities,-0.1546174704785377
1940,BEL,Equities,0.18407345224681104
1911,FIN,Equities,0.04906385279221644
1983,PRT,Equities,0.48479675901174946
1962,AUS,Equities,-0.05358793220076289
2020,FRA,Equities,0.05736713419525475
1951,GBR,Equities,0.2616425285003147
1932,AUS,Equities,0.15259370669302313
1919,ESP,Equities,0.06530770243289921
1966,GBR,Equities,-0.059184568736939204
1981,NOR,Equities,0.10014200162336112
1961,SWE,Equities,0.1825219787626895
2011,CHE,Equities,-0.048665400305001674
1973,BEL,Equities,-0.03705840025811411
1928,DNK,Equities,0.24836827499561648
2011,DNK,Equities,-0.05138547635911367
1953,FIN,Equities,0.137159458431433
2000,NLD,Equities,-0.00807935471659034
1908,FIN,Equities,0.10871268058587258
1933,DNK,Equities,0.3926494757133838
1986,DEU,Equities,0.22463574973877462
1961,FIN,Equities,0.16486663883976801
2013,JPN,Equities,0.4591858830052449
1983,NLD,Equities,0.4050188368759884
1912,JPN,Equities,0.057322384370338
1949,NLD,Equities,0.05099738867112332
2007,FIN,Equities,0.06330447779391453
2015,PRT,Equities,0.11081950185195738
1999,FRA,Equities,0.3765128028831238
2000,AUS,Equities,0.0421646869867969
2015,DNK,Equities,0.13173186035516857
1963,ESP,Equities,0.16468987547398378
1873,DEU,Equities,0.010894657436173912
2012,ESP,Equities,0.1305320493860384
1910,NLD,Equities,0.00487665093095064
1889,DEU,Equities,0.10513891754860799
1991,DNK,Equities,0.09766412343586184
1872,USA,Equities,0.10636173210400453
1969,DEU,Equities,-0.026671793837712156
1985,FRA,Equities,0.2676810466272955
1942,NOR,Equities,0.18983738370773484
1995,DNK,Equities,0.11723013874985441
1930,FIN,Equities,-0.15574808306181182
1924,NLD,Equities,0.17441074708031767
2018,JPN,Equities,0.0165641610027046
2002,AUS,Equities,-0.21241545795839115
2015,FIN,Equities,0.10579493683262133
2019,DNK,Equities,0.16962180930965026
1964,FRA,Equities,0.0792876309386412
1968,BEL,Equities,0.1948318222150625
1975,GBR,Equities,0.5394529956224596
1971,SWE,Equities,0.1413279660901986
1905,PRT,Equities,0.07030330438611548
2002,FRA,Equities,-0.2621597199064004
2000,PRT,Equities,-0.016258575664244383
1904,JPN,Equities,0.1402782832779998
1889,ITA,Equities,0.08849979551310147
1877,USA,Equities,0.02102525500882986
1985,AUS,Equities,0.5492965222083697
1918,NLD,Equities,0.08945472494499401
1991,FIN,Equities,0.11221855723717888
1956,NOR,Equities,0.06503675379778741
2011,AUS,Equities,-0.05323611586861743
1895,ITA,Equities,0.08661642394063558
2000,SWE,Equities,-0.003991746026590325
2001,BEL,Equities,-0.11763566608732638
1940,JPN,Equities,0.07583435660987743
1910,BEL,Equities,0.02185399177989581
1912,ESP,Equities,0.04428937160940918
1884,NOR,Equities,0.0180329958803258
1998,FRA,Equities,0.18926803289580893
1962,ITA,Equities,-0.07819266987146076
1980,NLD,Equities,0.3002526659793988
1880,DEU,Equities,0.16258285147585172
1975,DEU,Equities,0.3888284535944103
1907,AUS,Equities,-0.048689038684888934
1912,NLD,Equities,0.04938287147642847
1898,FRA,Equities,0.09319764825384572
1923,JPN,Equities,0.0495239206695072
1952,ITA,Equities,0.1417808476334934
1889,SWE,Equities,0.11018196050786196
1931,SWE,Equities,-0.1783505068151535
1934,NLD,Equities,0.0068328694381178615
1920,ESP,Equities,0.001520634246072428
1921,BEL,Equities,0.03115404476825851
1968,JPN,Equities,0.16935509695786546
1980,FIN,Equities,0.2361359230454393
1920,FIN,Equities,-0.16563604254329028
1944,ESP,Equities,0.11642141975563108
1901,NLD,Equities,0.05963951809825731
1898,FIN,Equities,0.07855101967828138
1976,DNK,Equities,0.14447720154809174
1928,ESP,Equities,0.28360774404844485
1941,NOR,Equities,0.11356513560597095
2001,ESP,Equities,-0.11940203845654787
1938,JPN,Equities,0.033635162439708835
1981,ESP,Equities,0.17539016856194492
1891,DNK,Equities,0.03232548481731299
1912,FIN,Equities,0.01950602027005557
1953,NOR,Equities,0.07430433157594392
1986,ITA,Equities,0.3130896469406154
1995,PRT,Equities,0.12367357401686
1896,PRT,Equities,0.11132279543711526
1994,GBR,Equities,0.0170393705232338
1992,FIN,Equities,0.12861828474967918
1959,AUS,Equities,0.2729485965674558
1903,ITA,Equities,0.01724105649052215
1966,PRT,Equities,-0.033522163006811226
1978,JPN,Equities,0.031108921397939387
1900,ITA,Equities,0.07002041306239153
1984,GBR,Equities,0.23826982403374336
1984,FIN,Equities,0.13659467192303096
1916,FIN,Equities,0.22444264721373436
1945,SWE,Equities,0.18288391652650438
1947,BEL,Equities,-0.10133904178356164
1952,DNK,Equities,0.06911524826427846
1888,NOR,Equities,0.10210620371509928
1977,CHE,Equities,-0.06676391182106846
1951,PRT,Equities,0.22473692539363072
1898,DEU,Equities,0.0947714314251703
1947,FIN,Equities,0.011960705861051817
1948,CHE,Equities,0.005647454246059273
1893,NOR,Equities,-0.014275319446695307
1943,FIN,Equities,0.14675904767947026
1903,FRA,Equities,0.003077833515102263
1901,ITA,Equities,0.05481157860305234
2016,FRA,Equities,0.056365768210909904
1962,BEL,Equities,-0.06472864948723141
1999,DEU,Equities,0.3517760188096338
2004,FIN,Equities,0.12946760773175411
1951,DNK,Equities,0.1482885361107471
1913,PRT,Equities,0.0036919978058207754
2012,DNK,Equities,0.16097328304135977
1911,FRA,Equities,0.04591051253479881
1962,ESP,Equities,-0.03185029755840667
1960,JPN,Equities,0.057162829463198075
1899,JPN,Equities,0.09613405762999347
1948,GBR,Equities,-0.058860499435942217
1976,DEU,Equities,0.07730592965829146
2010,FIN,Equities,0.1631889359387595
2002,NLD,Equities,-0.2677136356968629
1992,AUS,Equities,0.04466749926646849
1936,SWE,Equities,0.2861492735152913
1943,ITA,Equities,0.38285359887793335
1950,GBR,Equities,0.17754685380979543
1962,PRT,Equities,-0.0676310895469197
1919,FIN,Equities,1.0558012440746092
1948,ITA,Equities,0.12363965749824028
1882,BEL,Equities,-0.015864772858317267
1999,ITA,Equities,0.34096190498023693
1968,DEU,Equities,0.18946012183984412
1991,FRA,Equities,0.09990205044559579
1960,NLD,Equities,0.045577156690619104
1876,DNK,Equities,0.028192036730691657
1990,PRT,Equities,-0.15134433234053235
1959,FRA,Equities,0.24787565705641068
1876,SWE,Equities,0.03343587908766035
1948,AUS,Equities,0.030221774425509565
1973,FRA,Equities,-0.05772064110322377
1930,SWE,Equities,-0.1557911457690462
1905,DNK,Equities,0.12993581612534427
1883,BEL,Equities,-0.004895528356694049
1936,FRA,Equities,0.2986411293519491
1947,NLD,Equities,-0.012054374434741985
1974,FIN,Equities,-0.2520151984561173
1990,FRA,Equities,-0.13774777685557885
1959,NLD,Equities,0.25653524981478254
1988,NLD,Equities,0.2442723604076283
1979,GBR,Equities,0.09692478336557842
1989,AUS,Equities,0.26062996966329793
1889,PRT,Equities,0.09650715114157928
1996,FIN,Equities,0.291148348025303
1958,ITA,Equities,0.3121604236503834
1889,FRA,Equities,0.09940817967823584
1917,DEU,Equities,0.12092555555794407
2019,GBR,Equities,0.12660806000059865
1977,JPN,Equities,-0.06213519829856622
1883,PRT,Equities,0.014611925179872216
1926,AUS,Equities,0.14807052732868412
1960,FRA,Equities,0.026473103927051878
1990,ESP,Equities,-0.12653163330141487
1943,NOR,Equities,0.15745139699604865
1936,AUS,Equities,0.24966836499149198
1896,USA,Equities,0.09761561722800086
1900,SWE,Equities,0.07493804301569729
1941,CHE,Equities,0.1203849754689024
1903,CHE,Equities,0.009644107743866516
1951,FRA,Equities,0.3070627281264919
2010,FRA,Equities,0.1408279917161681
1918,DEU,Equities,0.07765763106941406
1902,JPN,Equities,0.10746311400184205
1933,BEL,Equities,0.20724633785332552
1873,FRA,Equities,0.018816186792086752
1989,BEL,Equities,0.19327414434745693
1995,NLD,Equities,0.14883545816218458
1950,DNK,Equities,0.23949772845319706
1946,ESP,Equities,0.7039687532450933
1909,NLD,Equities,0.13361196190088642
1892,PRT,Equities,0.11459960419437311
1922,DEU,Equities,12.98639347008133
1885,BEL,Equities,0.0549061710588427
1967,ESP,Equities,0.2527855620944069
1930,CHE,Equities,-0.15706468744327698
2020,CHE,Equities,0.06125907808559003
1919,DEU,Equities,1.1810189051317495
1953,FRA,Equities,0.06490563575791769
1883,NOR,Equities,0.01973631948597941
1972,AUS,Equities,0.2398997180687755
1938,FRA,Equities,0.2190094121794162
1960,ESP,Equities,0.0441999509264621
1976,NLD,Equities,0.09222250603576393
1950,JPN,Equities,-0.004000702745787753
1974,ESP,Equities,-0.2031979588149797
1930,PRT,Equities,-0.17377264450941143
2009,BEL,Equities,0.29768764378667933
1930,NLD,Equities,-0.17593022497084945
1915,ESP,Equities,0.10870578850260584
1894,PRT,Equities,0.12344711800462416
1990,GBR,Equities,-0.14836543207009653
1944,NOR,Equities,0.11077742536657963
1996,NLD,Equities,0.28811746401734023
1913,CHE,Equities,-0.019859491219647925
1956,BEL,Equities,0.047797407817459094
1983,DEU,Equities,0.3649240901671163
1992,NOR,Equities,0.06493759093272726
1995,BEL,Equities,0.13986528816074456
2020,ESP,Equities,0.04524852502313373
1891,FRA,Equities,0.03245875322031342
1907,CHE,Equities,-0.06695881679358368
1955,NOR,Equities,0.22285407906583515
1914,DEU,Equities,-0.02390319666409704
1910,DNK,Equities,0.01514269244527965
2003,CHE,Equities,0.18484432825819416
1920,NLD,Equities,-0.17969896621508769
1948,BEL,Equities,0.07656746803664352
2007,SWE,Equities,0.045383072600928206
1889,USA,Equities,0.10312240699922635
1871,SWE,Equities,0.3101046402280901
2011,ESP,Equities,-0.036915465114516634
1928,FIN,Equities,0.2197507987524632
1959,BEL,Equities,0.2115106078243065
1895,NOR,Equities,0.09675859771102488
1926,CHE,Equities,0.1609811911525342
1895,FRA,Equities,0.09976619846606584
1921,PRT,Equities,0.5352522455267212
1920,JPN,Equities,-0.18910325472280393
2018,ITA,Equities,0.03505966215156564
1930,AUS,Equities,-0.10925898103981496
1930,JPN,Equities,-0.20866219718448287
1941,DEU,Equities,0.09399172399463351
2003,BEL,Equities,0.14592144757311074
1982,NOR,Equities,0.18346926662287613
1887,ITA,Equities,0.028964886896389805
1930,ITA,Equities,-0.1669696432806233
1990,DNK,Equities,-0.09937406614755043
1900,BEL,Equities,0.05196531116595093
1998,PRT,Equities,0.1816617246966033
2000,DEU,Equities,-0.016572592449952975
1923,NLD,Equities,0.046716677653612114
1999,ESP,Equities,0.3336296692312101
1925,NOR,Equities,0.03805465558971096
1947,ITA,Equities,-0.09019802222488874
1929,NOR,Equities,-0.0527558876333379
1985,JPN,Equities,0.26174495504177675
2000,DNK,Equities,0.019224646045843598
1925,ITA,Equities,0.22572979171359614
1888,DNK,Equities,0.10742380667397448
1994,BEL,Equities,-0.015252580407424401
1891,ITA,Equities,0.009771383871686107
2014,FRA,Equities,0.14492928494041168
2019,NOR,Equities,0.14269340700641225
1944,PRT,Equities,0.13213272840382143
1949,CHE,Equities,0.2142801603037458
1924,AUS,Equities,0.18640503271522538
1882,DEU,Equities,-0.013291474759988915
1896,ITA,Equities,0.08910983886490159
1973,PRT,Equities,0.05842494388823619
2002,FIN,Equities,-0.2677063108899616
1933,DEU,Equities,0.14585748956201025
2006,BEL,Equities,0.17075490696232615
1932,PRT,Equities,0.14504249550772194
1890,DEU,Equities,0.001804980160793457
1883,USA,Equities,0.009873850659705958
1882,FRA,Equities,-0.014089062131199277
1977,SWE,Equities,0.04545754552199717
1980,AUS,Equities,0.24570933913324505
1909,CHE,Equities,0.13165803202204698
1980,SWE,Equities,0.2792755738755649
2010,AUS,Equities,0.042408473540881765
1942,JPN,Equities,0.19486899235030283
1969,NLD,Equities,-0.019718975293474765
1881,BEL,Equities,0.13922161282360446
2015,CHE,Equities,0.039954611519360306
1957,CHE,Equities,-0.059122540100768714
1937,NOR,Equities,-0.10861491691173239
1998,FIN,Equities,0.24448209981683866
2012,DEU,Equities,0.15963071548395194
1989,SWE,Equities,0.2377742172151126
1957,SWE,Equities,-0.037480493300088055
2018,DEU,Equities,0.032397990800374143
1999,GBR,Equities,0.2705396896082351
1877,FRA,Equities,0.053477144611031285
1979,ESP,Equities,0.08625447282731113
1926,NLD,Equities,0.1500835602471887
1957,PRT,Equities,-0.0522285887526688
2019,CHE,Equities,0.14754654089804103
1949,FRA,Equities,0.006161287720345805
1885,DNK,Equities,0.04580463469741009
1991,GBR,Equities,0.10911505776368761
1926,FRA,Equities,0.399847467889441
1895,PRT,Equities,0.09970789657868256
1960,DNK,Equities,0.05690137241749086
1927,DEU,Equities,0.20909429657872902
1950,BEL,Equities,0.21780910160247333
2014,DNK,Equities,0.1626335213462642
1932,NLD,Equities,-0.042985241661176704
1933,CHE,Equities,0.23511404153258128
1970,BEL,Equities,0.01600850470041992
1977,ITA,Equities,-0.031350055761037256
1896,FRA,Equities,0.09314208030954482
1904,FIN,Equities,0.13303656309077894
1914,NLD,Equities,-0.02700403244957479
1875,DNK,Equities,0.0601917582852489
1932,BEL,Equities,0.0013247707422131974
2002,BEL,Equities,-0.25952924818342626
1894,DNK,Equities,0.08775577838667292
1940,FIN,Equities,0.09832325288976063
2001,JPN,Equities,-0.10280854846216164
1916,AUS,Equities,0.08707369513161348
2012,CHE,Equities,0.1432113877152677
1907,PRT,Equities,-0.05000950714495996
2003,NLD,Equities,0.13323562892952268
1906,BEL,Equities,0.10389551767441385
1972,CHE,Equities,0.2357440623905544
2010,NOR,Equities,0.12545210419985955
1940,NLD,Equities,0.19222083755451633
1916,NOR,Equities,0.13001620966058558
1950,ESP,Equities,0.23296034994632814
1950,NOR,Equities,0.2358407306628298
1925,FIN,Equities,0.19928043259859624
1884,USA,Equities,0.014927241922997068
1923,BEL,Equities,0.32729614284151337
1976,CHE,Equities,0.10597524999044562
2017,JPN,Equities,0.18464266102147514
1942,BEL,Equities,0.17070925731827885
1972,DEU,Equities,0.2387047498938956
1917,PRT,Equities,0.07147102714626144
1989,CHE,Equities,0.24050820415653312
1942,PRT,Equities,0.2560635318569796
1972,JPN,Equities,0.2738579096696213
1990,NLD,Equities,-0.12871318074654028
1985,FIN,Equities,0.2661304377219514
1927,NLD,Equities,0.2376420919790213
1960,FIN,Equities,0.029498591521372682
1912,ITA,Equities,0.04522444965449938
1927,DNK,Equities,0.22343042916675313
2000,ESP,Equities,-0.019182865787858838
1905,ITA,Equities,0.13358634811183134
1965,AUS,Equities,0.06376136848698755
1919,PRT,Equities,0.14691102637788497
1986,CHE,Equities,0.21181229821607617
1994,ITA,Equities,0.03659283171165413
1989,NOR,Equities,0.27920310022694617
1993,DEU,Equities,0.28761246825291975
1954,SWE,Equities,0.434160848511377
1909,DEU,Equities,0.1337341160949309
1894,SWE,Equities,0.09210248047469313
1940,ITA,Equities,0.053765188470860925
1979,NOR,Equities,0.19548228561751652
1882,PRT,Equities,-0.010728061975305576
1976,PRT,Equities,0.14147596434759668
2003,FRA,Equities,0.14741761659638036
1900,NOR,Equities,0.0655528771773126
1923,ITA,Equities,0.11115758592868683
2020,SWE,Equities,0.06318273544700061
1996,AUS,Equities,0.1746859704962802
1959,JPN,Equities,0.2994284208352827
1978,ESP,Equities,0.02325642799928166
1997,GBR,Equities,0.27176736264840556
1924,FRA,Equities,0.2506964732285952
1984,NLD,Equities,0.19370353534798151
2007,PRT,Equities,0.05432592763616427
1962,FRA,Equities,-0.07381905161652746
1944,AUS,Equities,0.12424052261252608
2010,GBR,Equities,0.1291091052783845
1898,USA,Equities,0.08037308934313085
1994,NLD,Equities,-0.0024296163652371425
1922,DNK,Equities,0.1478361220462641
1871,BEL,Equities,0.26283245650695064
1993,FRA,Equities,0.2757828997422433
1996,BEL,Equities,0.2697270722454116
1928,FRA,Equities,0.2970708115729711
1949,BEL,Equities,0.14884767866076568
2002,ESP,Equities,-0.25133111175212586
2008,NOR,Equities,-0.32939753502155883
1891,USA,Equities,0.023102184366263583
1909,FIN,Equities,0.12755385379185058
1890,USA,Equities,0.008087042992361513
2007,ESP,Equities,0.041018521088692146
1990,BEL,Equities,-0.14407573308165772
1950,FRA,Equities,0.16017443016987748
1958,DNK,Equities,0.28247913470402997
1890,DNK,Equities,0.00532029877845385
1979,JPN,Equities,0.27421969403852764
1956,AUS,Equities,0.06153540955697709
1945,BEL,Equities,0.16721008975903326
1981,GBR,Equities,0.1458312404699171
1886,SWE,Equities,0.06751176978137963
1891,PRT,Equities,0.04038360074324472
1913,ITA,Equities,-0.029546141903416076
1980,NOR,Equities,0.2335477807638806
1887,BEL,Equities,0.03268704088307937
1974,NLD,Equities,-0.2664930523590738
2005,AUS,Equities,0.16420759328497428
1892,DEU,Equities,0.0337878600478555
2001,SWE,Equities,-0.11170396288360905
1977,ESP,Equities,0.047290344019799854
1980,BEL,Equities,0.26365340855670016
2016,ESP,Equities,0.04832855522667941
1876,DEU,Equities,0.03789696611356972
1960,CHE,Equities,0.09264880582419187
1878,FRA,Equities,0.049462889165610244
1991,ESP,Equities,0.08002460416943884
1887,SWE,Equities,0.02180533520666568
1882,SWE,Equities,-0.00696335938683342
2016,FIN,Equities,0.05958016542821837
1974,BEL,Equities,-0.278123098404164
1933,AUS,Equities,0.286931847834609
1951,FIN,Equities,0.14997025812126905
1884,BEL,Equities,0.003685072769180957
1876,USA,Equities,0.022309980329143823
1915,FIN,Equities,0.2504723239775028
1933,NLD,Equities,0.2434475992478762
1972,GBR,Equities,0.305693916872587
1954,DEU,Equities,0.510728638294063
1987,NLD,Equities,0.10425184911074256
1981,DEU,Equities,0.08890515905930105
1955,FRA,Equities,0.2511161068674335
1902,DEU,Equities,0.06517735417417818
1970,DEU,Equities,-0.023198015501018562
1996,DNK,Equities,0.2693430270171331
2005,GBR,Equities,0.19155155652779815
1899,SWE,Equities,0.061726434007896076
2002,DEU,Equities,-0.27557899726036095
1914,FRA,Equities,-0.041677486385312774
1972,FIN,Equities,0.3250768917443551
2012,FIN,Equities,0.1420927798179848
1943,DEU,Equities,0.16054304564376967
1913,NOR,Equities,-0.02105378943556508
1953,ITA,Equities,0.08300477841285356
1973,NOR,Equities,-0.021594556272653317
1930,FRA,Equities,-0.18304659104563134
1892,JPN,Equities,0.16915912236484398
1963,SWE,Equities,0.19296468925957788
1901,FIN,Equities,0.05795946472896913
1902,CHE,Equities,0.06632636731802358
1936,FIN,Equities,0.2828622358377977
1938,NLD,Equities,0.024424297905272254
1984,FRA,Equities,0.17131504587052868
1927,FRA,Equities,0.15602274250410758
1984,DNK,Equities,0.16079657817038634
2012,NOR,Equities,0.11835870523162009
1941,SWE,Equities,0.11725264083557829
2015,DEU,Equities,0.10078880872638867
1893,BEL,Equities,0.00965682612866047
2019,ITA,Equities,0.16519795657056427
1966,ESP,Equities,-0.045876207123022116
1955,NLD,Equities,0.2719442248697854
2018,CHE,Equities,0.023932300977185097
1986,NOR,Equities,0.31344642388788135
2008,PRT,Equities,-0.3860810092013309
1987,CHE,Equities,0.07715898851627906
1993,AUS,Equities,0.25441997591270565
1937,FRA,Equities,0.06234622686017467
1911,AUS,Equities,0.051537346071631025
1875,USA,Equities,0.07200155628914065
1968,GBR,Equities,0.22244744626335894
1898,SWE,Equities,0.09607913437158148
1973,GBR,Equities,-0.03951129343945454
2013,NLD,Equities,0.26217462819929904
1962,NOR,Equities,-0.08431533650421083
1929,NLD,Equities,-0.054303341870494876
1952,AUS,Equities,0.10660664647750884
1992,CHE,Equities,0.058824477115198934
1971,ITA,Equities,0.09432648838800302
1918,NOR,Equities,0.22665216274022312
1978,NOR,Equities,0.10860579053457564
1920,NOR,Equities,-0.08979542829160664
1901,AUS,Equities,0.054850953431502245
1911,JPN,Equities,0.020866659094443074
1954,GBR,Equities,0.4564102471147741
2020,JPN,Equities,0.08650702060088261
1889,NOR,Equities,0.115146639816977
2019,NLD,Equities,0.17222833298257342
1943,DNK,Equities,0.16443737865351493
1961,PRT,Equities,0.17504131170719597
1922,SWE,Equities,0.18446518389378982
1963,NLD,Equities,0.17180257680147037
1952,FIN,Equities,0.05311407524342286
1908,DEU,Equities,0.12444795565398918
1958,FIN,Equities,0.2581533029848993
1905,NLD,Equities,0.13393580616796266
1932,FIN,Equities,0.10255728111315535
1904,DNK,Equities,0.1429562807623974
1914,SWE,Equities,-0.03710418931110023
1901,PRT,Equities,0.07635465217567908
1950,PRT,Equities,0.1936857596377105
1910,ESP,Equities,-0.0024326863188429827
1932,SWE,Equities,-0.01512044348116149
1945,ITA,Equities,0.12061620306393245
1979,ITA,Equities,0.12142422045816723
1952,FRA,Equities,0.12966868078527619
1975,FIN,Equities,0.3471937439059913
1929,CHE,Equities,-0.07032756528693959
1970,PRT,Equities,0.023806227252848235
1961,JPN,Equities,0.1962051983860056
2013,FIN,Equities,0.28048512937672565
1949,SWE,Equities,0.30664290077770995
1956,SWE,Equities,0.06084899473157215
2004,SWE,Equities,0.14414977111318433
1908,CHE,Equities,0.12697927490915578
2016,SWE,Equities,0.07646841380818876
1992,DEU,Equities,0.02901325718992564
2020,NLD,Equities,0.08056406971098228
1957,NLD,Equities,-0.06000817082169594
1888,SWE,Equities,0.10989390076256439
2001,AUS,Equities,-0.09045353886907084
1957,BEL,Equities,-0.07083692666633289
1904,CHE,Equities,0.15406752573642252
1950,SWE,Equities,0.18970248361160405
1965,NOR,Equities,0.07191793542963086
1939,AUS,Equities,0.06618792966130088
1907,DEU,Equities,-0.06040143642267182
2007,JPN,Equities,0.06765831281024728
1994,DNK,Equities,0.024025268489467667
1940,DEU,Equities,0.04833078103736163
1903,DNK,Equities,0.011442697649827919
1952,SWE,Equities,0.07695515430918749
1985,GBR,Equities,0.2559135613296639
1891,NOR,Equities,0.02774372216344253
1938,FIN,Equities,0.03741643270494707
2002,CHE,Equities,-0.2634984684654145
1954,ITA,Equities,0.44831556624220165
1934,AUS,Equities,0.06294431238211266
1929,DNK,Equities,-0.050947828236606166
1975,AUS,Equities,0.39999723597733905
1996,PRT,Equities,0.25702945215389184
1919,NOR,Equities,0.22582080831863688
1925,JPN,Equities,0.20020091116139727
1968,DNK,Equities,0.1816423163569118
1943,NLD,Equities,0.17694635599766814
1949,JPN,Equities,0.8013843875278339
1952,PRT,Equities,0.14631042289380072
2014,AUS,Equities,0.12118369917521979
1873,BEL,Equities,0.03842016521226486
1886,JPN,Equities,0.2484050223039342
1974,JPN,Equities,-0.19846164802014812
2020,NOR,Equities,0.09059496877489757
1922,BEL,Equities,0.2657926853485607
1901,SWE,Equities,0.05912090375482792
1934,PRT,Equities,0.07178677203502959
1903,JPN,Equities,0.02603232278162182
1932,JPN,Equities,0.31440233115178146
1946,CHE,Equities,-0.06718682385603782
1919,CHE,Equities,0.15765991598481768
1881,PRT,Equities,0.17459681009769717
1944,FRA,Equities,0.09882300646119474
1959,DNK,Equities,0.2540519035220003
1951,JPN,Equities,0.269208869344545
1957,FIN,Equities,-0.040384988383959146
1983,CHE,Equities,0.32027137214205637
1920,AUS,Equities,-0.10892415627527285
1953,AUS,Equities,0.0931566683510344
1991,DEU,Equities,0.09755507674560937
1987,DEU,Equities,0.08952506876654959
1964,FIN,Equities,0.10112482213652058
1998,NOR,Equities,0.1642516968527413
1989,ITA,Equities,0.19839477738887001
1947,PRT,Equities,-0.011127441555811088
1967,DEU,Equities,0.21200241315570104
1965,DNK,Equities,0.0839583787338019
1936,CHE,Equities,0.3413528749250637
1894,ITA,Equities,0.07713525039821058
1931,ESP,Equities,-0.23102204807034477
1941,NLD,Equities,0.04769244149842371
1911,DEU,Equities,0.04232590097869468
1935,NOR,Equities,0.25664851967540875
2018,GBR,Equities,0.0464271272210816
2003,NOR,Equities,0.2580097949702215
1879,BEL,Equities,0.23742816834775887
1935,DNK,Equities,0.23894308718462762
1929,ESP,Equities,-0.005648346397429888
1935,SWE,Equities,0.2280796393404386
1980,DNK,Equities,0.2754046015318869
1986,NLD,Equities,0.21712761315446266
1903,DEU,Equities,0.007691585213365498
1881,NOR,Equities,0.15121455965829128
1985,NLD,Equities,0.25761735698689203
1905,AUS,Equities,0.13631929427412115
1961,NLD,Equities,0.1623128666405623
1969,ESP,Equities,0.053572552302951784
1944,SWE,Equities,0.13417370730960929
1939,JPN,Equities,0.06524136817245102
1949,NOR,Equities,0.1462070271067513
2019,FRA,Equities,0.1654678371957572
1964,ESP,Equities,0.09173545720205592
1876,FRA,Equities,0.038579429491673485
1908,DNK,Equities,0.10742926116072775
1935,CHE,Equities,0.196465675078374
1961,AUS,Equities,0.1934618063029478
1943,JPN,Equities,0.17881638940945402
1962,SWE,Equities,-0.06638842796933031
1958,NLD,Equities,0.3251955073917202
1924,NOR,Equities,0.18367174921246066
2017,GBR,Equities,0.14748329138779173
1961,FRA,Equities,0.18582173388016007
1888,ITA,Equities,0.09601645178504399
1922,NLD,Equities,0.1431054737088973
2007,ITA,Equities,0.02463776588698348
1985,ITA,Equities,0.40248483826791376
1949,FIN,Equities,0.032840018524378276
1976,ITA,Equities,0.25649627622182586
1902,NOR,Equities,0.0574617569516636
1935,DEU,Equities,0.23595288099120923
1948,FRA,Equities,0.3376181874852045
2015,ITA,Equities,0.1094624345680155
1939,PRT,Equities,0.04638693542213834
2001,GBR,Equities,-0.1426401492327699
2011,NOR,Equities,-0.04680015710480019
1921,ESP,Equities,0.09982318042028188
2004,PRT,Equities,0.14340001739681912
2009,AUS,Equities,0.16622086317254267
1904,BEL,Equities,0.1530218372275582
1969,JPN,Equities,0.025169732379125426
1978,CHE,Equities,0.012201189386191927
1932,DEU,Equities,0.004451333827892371
1986,FIN,Equities,0.35219930118422543
2014,BEL,Equities,0.16245730866904418
1971,NOR,Equities,0.07997763073079102
1931,PRT,Equities,-0.28182801358395193
1976,ESP,Equities,0.18357411443919405
1945,PRT,Equities,0.1796199786215078
1905,FRA,Equities,0.12798775562241896
2001,CHE,Equities,-0.15504932341814923
1940,FRA,Equities,0.1679160773125702
1997,CHE,Equities,0.3380163974380076
2017,ESP,Equities,0.12488093049519516
1975,PRT,Equities,0.30155620487326296
1903,ESP,Equities,0.006664838437557548
1961,DEU,Equities,0.14910199213240208
1880,FRA,Equities,0.16603667190220428
1908,ITA,Equities,0.11137061751600735
1984,BEL,Equities,0.17783891287493464
1903,PRT,Equities,0.002925265661891281
1896,JPN,Equities,0.12542256444969163
1980,ITA,Equities,0.40857824952564586
2015,AUS,Equities,0.09315997049567552
1927,SWE,Equities,0.24785475298895118
1913,ESP,Equities,-0.020693459958273413
1894,NOR,Equities,0.0800093472132021
1909,DNK,Equities,0.1307689518612654
2018,NOR,Equities,0.05666979943818297
1885,USA,Equities,0.05904847220429178
1948,NOR,Equities,0.11428206228800288
1994,PRT,Equities,0.008511396453709267
1917,JPN,Equities,-0.003992529575190982
1950,ITA,Equities,0.22398369187778505
1980,CHE,Equities,0.2827793647233034
1923,DNK,Equities,0.13168389837372044
1944,NLD,Equities,0.12222111880881222
1924,ESP,Equities,0.2124131170810044
1957,NOR,Equities,-0.0649027221266439
1899,FRA,Equities,0.06397346936435347
1958,SWE,Equities,0.2920505616535545
1927,FIN,Equities,0.3202404768736867
1905,SWE,Equities,0.1371631411545734
1917,NLD,Equities,0.027791581635766102
1998,DEU,Equities,0.16561266598798072
1939,DNK,Equities,0.05691823820275138
1907,NOR,Equities,-0.047551756940881554
1943,BEL,Equities,0.13712054838345666
1908,ESP,Equities,0.12926503413569299
2004,NOR,Equities,0.1587259917947401
2009,ESP,Equities,0.2731334751860769
2014,ITA,Equities,0.14310817962891761
1970,FIN,Equities,0.04017371361535417
1975,FRA,Equities,0.34324358068727073
1971,GBR,Equities,0.14556233428949517
2008,FRA,Equities,-0.37285567757374893
1892,SWE,Equities,0.041078549032711756
2000,ITA,Equities,0.0060261878088129954
1871,FRA,Equities,0.29303174281612704
1963,DNK,Equities,0.1543766251333274
1926,BEL,Equities,0.44445568238740296
1960,BEL,Equities,0.015308838208871012
1978,FRA,Equities,0.12887759603095833
1937,ITA,Equities,0.041203205444782745
2016,BEL,Equities,0.042031412885321556
1976,FIN,Equities,0.09885359215759444
1975,ITA,Equities,0.3219405480358669
1988,DNK,Equities,0.21905024672858256
1938,ITA,Equities,0.028007627164309254
1886,NOR,Equities,0.06360193091409912
1989,FIN,Equities,0.16124997063264931
1991,AUS,Equities,0.11904112820675275
1967,PRT,Equities,0.15193319216280088
1960,DEU,Equities,0.08436452735792277
1945,FIN,Equities,1.2324516061616604
2009,FIN,Equities,0.2626282510001865
1983,JPN,Equities,0.2630548101357363
1979,FRA,Equities,0.11690470364066224
1962,DEU,Equities,-0.08745077015469202
1932,CHE,Equities,0.004047445779374116
1957,DEU,Equities,-0.03517377526036688
2016,NOR,Equities,0.04544612288162315
2002,DNK,Equities,-0.25025424165120624
1910,FIN,Equities,0.012857900459229656
2019,DEU,Equities,0.1564824092116889
1965,DEU,Equities,0.06525080058912064
1890,PRT,Equities,-0.014272169966609731
1970,FRA,Equities,-0.00237914791020059
1953,ESP,Equities,0.03721529982944912
1961,BEL,Equities,0.2017984717641373
1915,SWE,Equities,0.09604773654387688
2007,CHE,Equities,0.04367841387962851
2008,DEU,Equities,-0.37526762866012603
1891,SWE,Equities,0.03338353137333872
1940,CHE,Equities,0.0183905735547443
1893,PRT,Equities,-0.020648525739784155
1942,DNK,Equities,0.1399091347899142
1903,NLD,Equities,0.0028746691901160824
1893,DNK,Equities,-0.0009100022055869711
1884,FRA,Equities,0.010825882917429384
1924,CHE,Equities,0.17201169338539665
1952,NOR,Equities,0.06726826432252113
1980,JPN,Equities,0.14942589882649143
1973,DEU,Equities,-0.10618448884008269
2010,DNK,Equities,0.17713605722908704
1974,DEU,Equities,-0.2376986931146594
1951,ESP,Equities,0.23279826162093517
2005,JPN,Equities,0.19473232208325356
2001,NLD,Equities,-0.14022128320042854
1888,FRA,Equities,0.10263726123485653
1901,FRA,Equities,0.05845648340295361
1995,CHE,Equities,0.12804172480483697
1922,ITA,Equities,0.2272289122247841
1942,FIN,Equities,0.2004534497853535
1954,NOR,Equities,0.4426734542553829
2017,PRT,Equities,0.1120718158806488
1919,AUS,Equities,0.13447699587246353
1906,DEU,Equities,0.09760721747019079
1945,JPN,Equities,0.47968739807197813
1907,FRA,Equities,-0.0584244462244587
1975,ESP,Equities,0.32035505866767994
1939,SWE,Equities,-0.007468334487020379
1959,NOR,Equities,0.23177215795940959
1928,PRT,Equities,0.33666232946139685
1910,PRT,Equities,-0.02417453775962553
1977,DNK,Equities,0.013603338572814191
1994,NOR,Equities,0.012350177402227332
1998,DNK,Equities,0.14041251653834264
2002,JPN,Equities,-0.22574615063417805
1898,NOR,Equities,0.08900079780908263
1951,AUS,Equities,0.19936039133063088
1954,FIN,Equities,0.334171031107749
1895,DEU,Equities,0.10208444980505776
2001,FIN,Equities,-0.1555191868175548
1925,PRT,Equities,0.007736563792495635
1926,ESP,Equities,0.13740355582716146
1899,DEU,Equities,0.06577132402772887
2018,PRT,Equities,0.05169200317230665
2008,CHE,Equities,-0.3958310133004714
1978,DEU,Equities,0.055298940631905644
1871,DEU,Equities,0.28037339330081984
1985,ESP,Equities,0.3289236339886609
1894,JPN,Equities,0.08586021742602931
1995,SWE,Equities,0.1331962921076611
1963,PRT,Equities,0.176224769469955
1907,ITA,Equities,-0.05039708406225424
1946,SWE,Equities,-0.020881965179672064
2009,FRA,Equities,0.2653901801772838
1972,ESP,Equities,0.2535490683390653
1885,ITA,Equities,0.0732177592799428
1979,BEL,Equities,0.12410324987909988
1936,BEL,Equities,0.3153288128347266
2002,GBR,Equities,-0.23272411201603344
1946,NOR,Equities,0.18363632758014567
1925,DNK,Equities,0.07290065654957101
1997,NOR,Equities,0.3442370297113901
1937,AUS,Equities,-0.11298086498226677
1908,NOR,Equities,0.11658308046625739
1908,PRT,Equities,0.1746933027958342
1987,NOR,Equities,0.1325419370675602
2012,GBR,Equities,0.14032867935477392
1976,NOR,Equities,0.10834813922588211
2016,GBR,Equities,0.14262480797726568
2008,BEL,Equities,-0.39455504913202016
1967,CHE,Equities,0.22215384872508367
1996,DEU,Equities,0.26362135363714195
1968,NLD,Equities,0.21538096411426727
1967,FIN,Equities,0.31304305596771936
2000,BEL,Equities,-0.00211801808353918
2020,DNK,Equities,0.09583490380418155
1938,DEU,Equities,0.02234810044170725
1985,CHE,Equities,0.30981767136963767
1904,AUS,Equities,0.14361629796441278
1975,SWE,Equities,0.3835991701056848
1945,NOR,Equities,0.1953768247040545
1987,FRA,Equities,0.10653317575124847
1888,BEL,Equities,0.11210935689621132
2014,FIN,Equities,0.15284206729227665
1899,FIN,Equities,0.05938111728033365
1968,AUS,Equities,0.2193145119447173
2017,CHE,Equities,0.18156472977347932
1899,DNK,Equities,0.055096427269460006
1966,FRA,Equities,-0.0771294851991724
1989,DEU,Equities,0.21242382424783918
1905,DEU,Equities,0.13156618490141272
1900,FRA,Equities,0.0753000939250475
1972,SWE,Equities,0.23364147573742616
2017,SWE,Equities,0.1406273887686525
1877,BEL,Equities,0.046878762817277486
1947,ESP,Equities,0.24312576678098835
1931,JPN,Equities,-0.24254968044343309
2006,FRA,Equities,0.16774494376038124
1995,DEU,Equities,0.13320510095517993
1908,BEL,Equities,0.1142257736768446
1935,FRA,Equities,0.2126592114021318
1977,DEU,Equities,-0.03218979591547498
1980,DEU,Equities,0.2899962074572692
1934,BEL,Equities,-0.030405200284363238
1988,BEL,Equities,0.26796597068109423
2016,JPN,Equities,0.018825530450933943
1929,JPN,Equities,-0.07235865774225227
1993,SWE,Equities,0.3613829536299785
1967,AUS,Equities,0.21299665612601687
1950,DEU,Equities,0.010895652379435747
1924,JPN,Equities,0.2609136390885812
1983,DNK,Equities,0.43879067066890554
1997,DNK,Equities,0.36032779656933267
1960,ITA,Equities,0.06617220688403339
1918,CHE,Equities,0.1142693637487106
1961,ESP,Equities,0.21345546183889397
2019,AUS,Equities,0.15274470444911203
1924,SWE,Equities,0.17325820318610113
1921,DNK,Equities,-0.045203793605761204
1914,JPN,Equities,-0.025709297101947103
1963,JPN,Equities,0.14631035596653275
1989,PRT,Equities,0.2503345151131253
1892,FRA,Equities,0.029372311771841568
1977,FRA,Equities,-0.04185586879793305
1933,SWE,Equities,0.1799783510346928
1970,NLD,Equities,-0.0000768407060313574
1949,PRT,Equities,0.19817444066151663
2002,NOR,Equities,-0.28984488923951746
1925,ESP,Equities,0.14986153450836923
2005,NLD,Equities,0.22028920153138426
1892,ITA,Equities,0.030174332822787232
1952,CHE,Equities,0.12972915289602505
1928,NOR,Equities,0.24697311120619025
2015,FRA,Equities,0.10134426038935393
1922,ESP,Equities,0.20183119343109576
1934,DNK,Equities,0.06585645793241292
2019,ESP,Equities,0.14908611863598017
1999,DNK,Equities,0.3368154930449329
1989,FRA,Equities,0.21274411629429943
2017,AUS,Equities,0.15453993232890262
1951,CHE,Equities,0.23578795020513413
1962,GBR,Equities,-0.06645410784732543
1981,AUS,Bonds,0.025476690599195453
2005,CHE,Bonds,0.06151222991940483
1970,FIN,Bonds,0.08213265813606166
1928,AUS,Bonds,0.06253099537863845
1986,GBR,Bonds,0.14677654160130876
1991,DEU,Bonds,0.14015252915403803
1933,SWE,Bonds,0.07808762935889386
1955,AUS,Bonds,-0.05892392730250463
1991,ESP,Bonds,0.17209563143442805
1937,FRA,Bonds,-0.02729468382588515
1895,JPN,Bonds,0.06167246036552998
1927,SWE,Bonds,0.08258178466664053
1914,FRA,Bonds,-0.05733146099394385
1925,FRA,Bonds,0.0029035336646441676
1961,FIN,Bonds,0.002820180562061239
1997,PRT,Bonds,0.14215080261826318
1917,FIN,Bonds,-0.0973012070544098
1924,ESP,Bonds,0.05608075320701328
1913,SWE,Bonds,-0.011702612039431575
1903,PRT,Bonds,0.04232150281023524
2020,FRA,Bonds,0.05705205922134989
1877,SWE,Bonds,0.0432223326850806
1907,NOR,Bonds,-0.0016947553948560602
1887,PRT,Bonds,0.05684577866443615
1946,SWE,Bonds,0.025460950411914852
1932,NLD,Bonds,0.23056356950261792
1994,SWE,Bonds,-0.09524524483416405
1917,SWE,Bonds,0.008296973444763288
1931,FIN,Bonds,0.03416431335268023
2004,FRA,Bonds,0.10017960846482424
1999,NOR,Bonds,-0.0172710689222133
2016,ESP,Bonds,0.054571236612046534
1893,ITA,Bonds,0.04611758349864255
2015,SWE,Bonds,0.002696138761673514
1953,ITA,Bonds,0.042523969547460176
1944,ESP,Bonds,0.06213020800537608
1980,CHE,Bonds,0.028890656283174356
1943,AUS,Bonds,0.042471456968465826
1971,FRA,Bonds,0.10590689081757983
1941,PRT,Bonds,0.07775001501134869
1912,JPN,Bonds,-0.0008360495407981833
1935,FRA,Bonds,0.003336866645709072
1956,JPN,Bonds,0.008983410799967909
1887,JPN,Bonds,0.043123619745077654
1937,NLD,Bonds,0.007277657505798911
1875,SWE,Bonds,0.04991950099486997
2015,FRA,Bonds,0.0006594918499268675
1900,NLD,Bonds,0.014512628493034942
1971,CHE,Bonds,0.13307755091742293
1933,ESP,Bonds,0.0703980086651733
1926,FRA,Bonds,0.08707758590105685
1897,DNK,Bonds,0.0437138910337574
2002,DEU,Bonds,0.10071417690229241
1881,BEL,Bonds,0.048655664452398675
1937,AUS,Bonds,-0.014679534099613149
1907,DEU,Bonds,0.01394206154664987
1934,DNK,Bonds,0.12439989023588799
1963,FRA,Bonds,0.019180128299939116
1951,GBR,Bonds,-0.06559206147825217
2010,CHE,Bonds,0.05696079263035714
2011,SWE,Bonds,0.1619239859895815
1962,NOR,Bonds,0.08007463471549825
1966,FIN,Bonds,0.05972730360102811
1986,DNK,Bonds,0.044272782537970706
1903,AUS,Bonds,0.002282295140192251
2016,SWE,Bonds,0.057512686227038874
2008,JPN,Bonds,0.11992519642231048
1924,FIN,Bonds,0.11539178985853141
1983,DNK,Bonds,0.3807779770643364
1896,DNK,Bonds,0.03673857574399117
1901,AUS,Bonds,0.020584226079290308
1913,ITA,Bonds,0.023753863722970024
1993,FIN,Bonds,0.28938243567670013
1945,NOR,Bonds,0.09439266626961032
1923,DNK,Bonds,-0.00025827007521651846
1965,DNK,Bonds,-0.012259272528036604
1992,FIN,Bonds,0.1443070782700187
2010,JPN,Bonds,0.05574232799622926
1976,ESP,Bonds,0.1152940991291965
1966,FRA,Bonds,0.005516341243602152
2013,DNK,Bonds,-0.05545756652261816
1929,SWE,Bonds,0.077005341279403
1901,FIN,Bonds,0.08448419289910292
1999,FIN,Bonds,-0.04673982258577908
2013,DEU,Bonds,-0.02581267474299136
1891,JPN,Bonds,0.09386808964760196
1927,NLD,Bonds,0.05876148633192704
2009,PRT,Bonds,0.00622916963277019
1972,ITA,Bonds,0.05144203530348053
1984,SWE,Bonds,0.14442203156198133
2017,FIN,Bonds,0.0005445335608778891
1932,BEL,Bonds,0.11521545919792589
1875,DNK,Bonds,0.062179412599920714
2007,ITA,Bonds,0.030422740707455397
1926,NOR,Bonds,0.07635048193992636
1902,AUS,Bonds,0.021084551100254673
1934,AUS,Bonds,0.13660425856230307
1968,NOR,Bonds,0.02921545056213735
1954,SWE,Bonds,0.021437389799131082
1919,ESP,Bonds,0.02512340377162631
1932,PRT,Bonds,0.16810071992631878
1897,PRT,Bonds,0.012308007957397615
1922,DEU,Bonds,0.085076792397804
1956,FRA,Bonds,-0.03938944818316076
1877,USA,Bonds,0.018951666598532653
1988,BEL,Bonds,0.07350845793218352
1947,ESP,Bonds,-0.028256141774597024
1947,PRT,Bonds,-0.04232414299378396
1908,ESP,Bonds,0.055082801349525666
1872,SWE,Bonds,0.07448808945942541
1940,CHE,Bonds,0.06162945320460259
1986,FRA,Bonds,0.19202873225555853
2000,PRT,Bonds,0.088521143298735
1957,NOR,Bonds,0.026510458330107876
1990,GBR,Bonds,0.06514820907104325
1993,DNK,Bonds,0.23071293595150183
1881,PRT,Bonds,0.09037422587001201
1877,BEL,Bonds,0.05258821205552607
1901,ESP,Bonds,0.0559294348468202
1929,DNK,Bonds,0.0633261210053995
1885,ITA,Bonds,0.054390234780161376
1896,FRA,Bonds,0.04399792490529508
1937,SWE,Bonds,0.015375680021546923
1897,JPN,Bonds,0.03408341132799918
1997,ITA,Bonds,0.1607207212611508
1910,FIN,Bonds,0.06269802691904171
1934,FRA,Bonds,0.20075278086521797
1954,CHE,Bonds,0.04836785078821676
1948,PRT,Bonds,-0.0024653327103679405
1972,DNK,Bonds,0.07260246664058306
2018,GBR,Bonds,0.01348616007076247
1963,FIN,Bonds,0.08202940263922276
1961,GBR,Bonds,-0.028682477235417093
1963,ITA,Bonds,-0.0002245263315523889
1936,NLD,Bonds,0.07797346084990976
1948,SWE,Bonds,0.02070579449459753
1972,FRA,Bonds,0.06731392369569754
1976,DEU,Bonds,0.11798831187388209
1966,SWE,Bonds,0.04419822101034741
1951,PRT,Bonds,0.03135507379646197
1929,AUS,Bonds,0.024343037146399446
1999,AUS,Bonds,-0.0492683894487275
1949,SWE,Bonds,0.04713228520219012
1912,FRA,Bonds,-0.0023745734773530282
1886,USA,Bonds,0.056080330637568045
2012,DEU,Bonds,0.05768346551560463
2014,DNK,Bonds,0.16265374600638868
1931,ITA,Bonds,0.02664879306736328
1940,JPN,Bonds,0.06933373809652968
2001,ITA,Bonds,0.056333796375253625
2005,FIN,Bonds,0.06447773694817335
1883,DEU,Bonds,0.037667365783455684
1932,ESP,Bonds,0.16119198743131852
1884,USA,Bonds,0.041372047822325654
1996,BEL,Bonds,0.10987449511398674
1959,ESP,Bonds,0.02341488510493262
1944,JPN,Bonds,0.037444529737558
1981,PRT,Bonds,0.07438701617686694
1924,BEL,Bonds,0.06415132258755124
1908,NLD,Bonds,0.04215987679331894
1956,PRT,Bonds,-0.010139791970845101
1906,FRA,Bonds,0.011717366350515571
1993,NOR,Bonds,0.26305208937362234
1950,FIN,Bonds,-0.01079047815507039
1998,JPN,Bonds,0.08594235607753557
1927,DNK,Bonds,0.0843058242252758
1892,FRA,Bonds,0.052137112612223147
1937,BEL,Bonds,0.013420269885292418
1982,FRA,Bonds,0.23741442205227142
1980,NLD,Bonds,0.030253735156598637
1986,ESP,Bonds,0.14556953362703526
1973,NLD,Bonds,-0.056363402074722305
2003,NOR,Bonds,0.08352180726287511
1952,BEL,Bonds,0.04100367425624946
1894,PRT,Bonds,0.10845453177173356
1901,CHE,Bonds,0.06911253993928258
1939,DEU,Bonds,0.0272097404778332
1909,ESP,Bonds,0.052349554333894564
1995,PRT,Bonds,0.23185271332579083
1981,FIN,Bonds,0.09067582243954597
2014,ITA,Bonds,0.18834345897500288
1955,FRA,Bonds,0.02549174478066224
1932,CHE,Bonds,0.13582856725460987
1908,NOR,Bonds,0.05765663886505336
1910,SWE,Bonds,0.0162702750621104
1993,CHE,Bonds,0.1906954159403549
1971,FIN,Bonds,0.12418819551196253
1944,FRA,Bonds,0.05941582879134182
1968,CHE,Bonds,0.033366387100552536
1959,NOR,Bonds,0.026309660726600386
1972,ESP,Bonds,0.07061800314814627
2015,PRT,Bonds,0.027051781547984773
1887,DNK,Bonds,0.02781334817924669
1975,DEU,Bonds,0.12367399291665779
1967,PRT,Bonds,-0.022990500859370405
1907,FIN,Bonds,0.027036459946070283
1902,CHE,Bonds,0.037952250607916634
1988,SWE,Bonds,0.12404756444906029
1946,NLD,Bonds,0.022801069998527157
1930,NOR,Bonds,0.09659595673568849
1954,FRA,Bonds,0.07696849457503427
2013,NLD,Bonds,-0.03681250659994529
1879,FRA,Bonds,0.09265950965148499
1940,DNK,Bonds,0.09511922103558046
1919,DEU,Bonds,0.03009274190922976
1966,PRT,Bonds,0.008758762137609746
1902,FRA,Bonds,0.029526900492322816
1963,SWE,Bonds,0.012249361958776475
1887,NOR,Bonds,0.03596741405252622
1890,DEU,Bonds,0.030494033767892694
1935,AUS,Bonds,0.0123332432815875
2012,SWE,Bonds,0.04589572615944971
1926,ESP,Bonds,0.04926323326722642
1889,ITA,Bonds,0.04469837408128292
1995,ESP,Bonds,0.23282100012142345
1892,ITA,Bonds,0.052587818631787644
1985,DEU,Bonds,0.15694674085711754
1943,BEL,Bonds,0.045456419914291196
1898,SWE,Bonds,0.017595390480029442
1948,CHE,Bonds,0.02540403669236728
1968,FIN,Bonds,0.1664460205643893
1889,PRT,Bonds,0.05007757830909354
1905,NOR,Bonds,0.04871604960106202
2017,DEU,Bonds,0.016037346378108143
1964,ITA,Bonds,0.04432671971002839
1906,CHE,Bonds,0.03019349656507106
2003,JPN,Bonds,0.00290500691261477
1981,SWE,Bonds,0.08743247052168863
1894,FRA,Bonds,0.05927326646770002
2000,AUS,Bonds,0.13503153703415433
1950,SWE,Bonds,-0.01656418672416292
1959,AUS,Bonds,0.035615928709098355
1990,CHE,Bonds,0.026481078551120384
1983,ITA,Bonds,0.12574107590601735
1893,USA,Bonds,0.036293539908676106
1956,DNK,Bonds,-0.00056998234392798
1979,AUS,Bonds,0.0005623814221672008
1981,NOR,Bonds,-0.0035629063880357748
1941,CHE,Bonds,0.06401952993103364
1951,ESP,Bonds,-0.005833254175813502
1872,DEU,Bonds,0.06965348555532436
2019,JPN,Bonds,0.07987844626255634
1985,GBR,Bonds,0.20182107499869065
1996,DNK,Bonds,0.09959400221769796
1984,FRA,Bonds,0.18215584265035023
1996,CHE,Bonds,0.06782519976846592
1885,PRT,Bonds,0.03229032760826854
1991,GBR,Bonds,0.1738198049304967
2018,CHE,Bonds,0.0069986097768009806
1922,JPN,Bonds,0.09184659152589196
1947,CHE,Bonds,-0.01228812983452944
2007,AUS,Bonds,0.03406610110694812
1945,ESP,Bonds,0.08684769448684027
1919,DNK,Bonds,-0.07211493139566533
1951,SWE,Bonds,-0.005919186577387336
1936,NOR,Bonds,0.03662736771093898
1950,DEU,Bonds,0.02264218861275102
1872,BEL,Bonds,0.07324120780594691
1928,NOR,Bonds,0.08184289568920662
1873,BEL,Bonds,-0.020604635792618984
1967,CHE,Bonds,0.022784559938582576
2004,DNK,Bonds,0.07306282435894426
2007,NLD,Bonds,0.026457798891471714
1933,JPN,Bonds,0.06374144191120508
1892,SWE,Bonds,0.039594611969527904
2009,DNK,Bonds,-0.016996120097438856
2006,DEU,Bonds,0.0019218611235602063
1909,SWE,Bonds,0.05489154662212012
1928,PRT,Bonds,0.13041370696946342
1890,FRA,Bonds,0.06838139051997552
1898,PRT,Bonds,0.0009133552392841995
1994,ESP,Bonds,-0.09956481743877275
1951,BEL,Bonds,-0.002509028397061193
1909,AUS,Bonds,0.03549918066952856
1962,ITA,Bonds,0.08547881902745443
1994,DEU,Bonds,-0.0522200009417904
1955,BEL,Bonds,0.009225232276086064
1920,NOR,Bonds,-0.06258548403436265
1976,JPN,Bonds,0.10481637294323891
1984,DEU,Bonds,0.14097837819169362
1905,SWE,Bonds,0.03413741575305385
1971,DNK,Bonds,0.15252440823753466
2002,CHE,Bonds,0.12342159600643801
1921,NOR,Bonds,0.0909400072944626
1920,DNK,Bonds,-0.01643392476356375
2000,ESP,Bonds,0.09241472769486195
2000,ITA,Bonds,0.08820119501872689
1948,FRA,Bonds,-0.014581982479631883
1966,JPN,Bonds,0.05440803012272723
2019,FRA,Bonds,0.08772834008212715
1900,AUS,Bonds,0.027670173208940538
1910,JPN,Bonds,0.05806510132714627
1943,FRA,Bonds,0.026617983309020495
1991,PRT,Bonds,0.19682500596455188
1930,FRA,Bonds,0.09820820673371425
1961,SWE,Bonds,0.01816016772872097
1955,ESP,Bonds,0.010934405102036786
1962,FIN,Bonds,0.30769091264124837
1920,PRT,Bonds,0.026652607080454117
1970,JPN,Bonds,0.08063972723615764
2020,ITA,Bonds,0.09765323837405201
2007,SWE,Bonds,0.014924914235092346
1900,FRA,Bonds,0.03663300461698158
1923,CHE,Bonds,0.011757796877414158
1992,NLD,Bonds,0.13774803291229182
1984,JPN,Bonds,0.14211343492321082
2019,PRT,Bonds,0.07775942369040323
1957,SWE,Bonds,0.030694633650747875
1977,DNK,Bonds,0.06416374888105064
1989,PRT,Bonds,0.10390164447085556
1986,AUS,Bonds,0.19359144218394272
1901,ITA,Bonds,0.045662112050094086
2015,CHE,Bonds,0.021468791133054298
1909,BEL,Bonds,0.028890446593948797
1983,ESP,Bonds,0.09143837700193336
1899,SWE,Bonds,0.0012807899773204729
1984,CHE,Bonds,0.0912536885064828
2009,FRA,Bonds,-0.05093855114550164
1974,SWE,Bonds,0.012658105061931175
1891,DEU,Bonds,0.02795822005388899
1923,SWE,Bonds,0.02913019984138847
1914,DEU,Bonds,0.007500539592946073
2016,PRT,Bonds,0.009432189185789568
1954,JPN,Bonds,0.0640386124668184
1883,SWE,Bonds,0.03847039613797843
1998,BEL,Bonds,0.1397540569209668
1929,ESP,Bonds,0.03853877928206096
1944,SWE,Bonds,0.043235837353996456
1995,ITA,Bonds,0.2145115488444169
1985,SWE,Bonds,0.15784252227895978
1969,FRA,Bonds,-0.03087892526543319
2010,PRT,Bonds,-0.030869552406380063
1977,NOR,Bonds,0.0503567222354281
1996,FRA,Bonds,0.12725493143241517
1889,NOR,Bonds,0.054395186087345296
1978,NLD,Bonds,0.04178611819223961
1954,NOR,Bonds,0.03782822772779536
1954,ITA,Bonds,0.06038534300658841
2005,NLD,Bonds,0.06387474329321574
1961,AUS,Bonds,0.021871683514223465
1933,CHE,Bonds,0.034435782710165175
1977,BEL,Bonds,0.13650900529284113
1978,ITA,Bonds,0.08297367210844724
1945,FRA,Bonds,0.06672546852309644
1966,ESP,Bonds,0.04395125729645779
1967,FIN,Bonds,-0.012531030434217959
2020,PRT,Bonds,0.03563069051703957
1982,NLD,Bonds,0.30715953726719664
1970,FRA,Bonds,0.003081267655280384
1961,BEL,Bonds,0.03216606199671465
1890,USA,Bonds,0.020268233781181248
2002,FRA,Bonds,0.10208502978156288
1894,NOR,Bonds,0.06796441913447224
1940,FIN,Bonds,0.07608563707800463
1960,CHE,Bonds,0.06772729507356538
1908,PRT,Bonds,0.017383914976888078
1996,JPN,Bonds,0.08050278313563904
1978,DNK,Bonds,0.12482326820511115
1924,FRA,Bonds,0.028352379584486977
2000,FRA,Bonds,0.09331590575835005
2007,PRT,Bonds,0.02792798983292912
1917,PRT,Bonds,0.06483542961329224
1945,FIN,Bonds,0.07950640177895288
1946,NOR,Bonds,0.03818375948293909
1973,JPN,Bonds,-0.015933367979499857
1945,DNK,Bonds,0.09285634478502613
1961,CHE,Bonds,0.0196819903927794
1962,GBR,Bonds,0.16151506881287692
1992,SWE,Bonds,0.10744750371471923
1913,FIN,Bonds,0.03541730684081215
1972,JPN,Bonds,0.06588014849967379
1902,DEU,Bonds,0.03809864464472606
1991,CHE,Bonds,0.1263274659244467
1940,ITA,Bonds,0.08966169975968173
1994,AUS,Bonds,-0.09959141081461992
1876,SWE,Bonds,0.023061963927765227
1892,NOR,Bonds,0.048732044331312716
1912,AUS,Bonds,0.005640465641959219
1958,PRT,Bonds,0.04455732130719367
1993,ITA,Bonds,0.2907650707479673
1965,JPN,Bonds,0.04228979434239583
1934,NOR,Bonds,0.1595079618128865
2001,NLD,Bonds,0.04845011496695179
1987,AUS,Bonds,0.09859711081449268
1915,SWE,Bonds,0.025218150930892524
1889,DNK,Bonds,0.04248908676338593
1913,JPN,Bonds,0.02130546657486971
1915,NLD,Bonds,-0.026368186500510073
1998,ITA,Bonds,0.13978345617701576
1878,BEL,Bonds,0.04716103349451271
1996,ITA,Bonds,0.18795332793207775
1965,PRT,Bonds,0.031369018148794
2020,CHE,Bonds,0.03212162975867026
1938,JPN,Bonds,0.04818296118487665
1891,PRT,Bonds,-0.07440747389317717
1954,FIN,Bonds,0.05714577455790311
1937,ITA,Bonds,0.009443960377475176
1997,FRA,Bonds,0.15342359246455622
1901,BEL,Bonds,0.05335194168487499
1926,DEU,Bonds,0.05351265297893247
1905,ITA,Bonds,0.06183089803838543
1971,NLD,Bonds,0.11821647048867813
1880,USA,Bonds,0.09848826903496266
2016,AUS,Bonds,0.03416923206264033
1997,BEL,Bonds,0.11629509835982751
1895,ITA,Bonds,0.12137991353017998
1886,JPN,Bonds,0.12565838846395264
1964,ESP,Bonds,0.034254650634924784
1962,BEL,Bonds,0.10926874742264092
1881,FRA,Bonds,0.04293516676614538
1902,SWE,Bonds,0.04851861113877467
1916,JPN,Bonds,0.006730900849286323
1909,NOR,Bonds,0.05053335137814379
2011,NLD,Bonds,0.12362934223160024
1961,DNK,Bonds,-0.008774899143283603
2015,NLD,Bonds,-0.00017133140099033148
1987,ESP,Bonds,0.07602502660124907
1919,NOR,Bonds,-0.021592731167866214
1937,FIN,Bonds,0.019661309909066865
1872,FRA,Bonds,0.03927497461125549
1910,DNK,Bonds,0.03351602146921778
1906,DNK,Bonds,0.02308944117032016
1953,PRT,Bonds,0.05274236970985864
1944,NLD,Bonds,0.025046430031757275
2014,BEL,Bonds,0.16944598903073066
1991,NLD,Bonds,0.14432054600674055
1980,FRA,Bonds,0.008989089577202479
1948,FIN,Bonds,-0.05086506607074616
1942,BEL,Bonds,0.046493221540061504
1985,BEL,Bonds,0.2399621212641008
1906,FIN,Bonds,-0.029124677975500862
1943,ITA,Bonds,-0.1105457644323373
1888,ITA,Bonds,0.040386338851230434
1963,NLD,Bonds,-0.01236257271218603
1916,DEU,Bonds,-0.0036898113149646285
2020,DEU,Bonds,0.05349625165243216
1904,SWE,Bonds,0.02697586054164061
1994,BEL,Bonds,-0.05444069584365623
1938,BEL,Bonds,-0.03713437354726649
1964,BEL,Bonds,0.02895590239534449
1921,PRT,Bonds,0.17657386007681453
1961,JPN,Bonds,0.0334686006001649
1951,FRA,Bonds,-0.06336477192174228
1983,NOR,Bonds,0.13700890150457123
1892,DNK,Bonds,0.043660351521336856
1906,SWE,Bonds,0.01910863357697663
1951,DEU,Bonds,-0.0053789045615398184
1931,BEL,Bonds,-0.04824544832424904
2015,DEU,Bonds,0.0030029916378202844
1982,PRT,Bonds,0.20958741827786775
1968,FRA,Bonds,0.009400265025340783
1995,DEU,Bonds,0.19292808863420702
1966,AUS,Bonds,0.034678586434783304
1905,FIN,Bonds,0.0795939653922397
1925,AUS,Bonds,0.05198826910263565
1908,DEU,Bonds,0.05104228429536023
1998,SWE,Bonds,0.1606505931166256
1928,JPN,Bonds,0.07372614973613918
1951,NOR,Bonds,-0.01961548455021546
1880,BEL,Bonds,0.07105842148556121
1945,ITA,Bonds,0.1426207703226989
1933,FIN,Bonds,0.09873276510765984
1916,PRT,Bonds,0.012104852497072095
1909,CHE,Bonds,0.04602062068062262
2000,DEU,Bonds,0.08405396897633091
2001,ESP,Bonds,0.05340021254563235
1918,SWE,Bonds,0.0331458794907038
1993,GBR,Bonds,0.21302916489395116
1937,PRT,Bonds,0.009356257518599012
1958,FRA,Bonds,0.06548583943300615
1908,BEL,Bonds,0.03420844444009399
1912,ESP,Bonds,0.02000324850890507
1952,FRA,Bonds,0.14215687788413525
1993,FRA,Bonds,0.26508538539946047
2002,FIN,Bonds,0.11591767663303974
1912,SWE,Bonds,0.007240699535632337
1930,JPN,Bonds,0.07476342779283895
1901,PRT,Bonds,0.09399112971014727
1990,FIN,Bonds,0.08242443457471468
1874,SWE,Bonds,0.046404261784134836
1911,FRA,Bonds,0.011337852491166676
1992,CHE,Bonds,0.1210924845739489
1963,BEL,Bonds,0.02100605431830151
1986,NOR,Bonds,0.15341955407743424
1989,CHE,Bonds,0.003953686656970969
1871,ITA,Bonds,0.14662512744111744
1932,SWE,Bonds,0.23587392722132683
1916,SWE,Bonds,0.011396599864854733
1995,CHE,Bonds,0.1853103928229855
1993,DEU,Bonds,0.17506211583430875
1959,ITA,Bonds,0.03694270487047045
1974,PRT,Bonds,-0.023668108353612743
1980,GBR,Bonds,0.10471155229347837
2020,ESP,Bonds,0.062137066794508596
1919,PRT,Bonds,0.030181940130439164
1976,AUS,Bonds,0.09924652741608922
2019,ITA,Bonds,0.16626968992123745
1924,DNK,Bonds,0.0199899323843528
1959,FRA,Bonds,0.0704721728365035
1969,SWE,Bonds,-0.018630628485071694
2011,GBR,Bonds,0.14955604937105665
1956,ITA,Bonds,-0.00865763773705848
1915,ESP,Bonds,0.009175286754351872
2011,FIN,Bonds,0.11564479158673259
1903,DEU,Bonds,0.024292373296823974
1953,NLD,Bonds,0.07021241836132941
1980,FIN,Bonds,0.033195029747993814
1890,BEL,Bonds,0.07351326918206368
1897,ITA,Bonds,0.059007699146493287
1943,NLD,Bonds,0.049148169245902304
1945,BEL,Bonds,0.04655962369276011
2018,FRA,Bonds,0.007440064240823632
1917,NLD,Bonds,-0.009168359837309278
1944,AUS,Bonds,0.04327345269206674
1934,NLD,Bonds,0.16215738795882084
1987,NOR,Bonds,0.09448339495674786
1900,PRT,Bonds,0.10018469636890945
2013,GBR,Bonds,-0.052023094867310535
1889,DEU,Bonds,0.04408210407612504
1962,FRA,Bonds,0.08820052732527017
2006,FRA,Bonds,0.00977411272699456
1959,FIN,Bonds,0.062254207556953364
1903,CHE,Bonds,0.02369190851333379
1909,JPN,Bonds,0.09726524531835082
1949,CHE,Bonds,0.041802196726125965
1993,PRT,Bonds,0.18051263915496363
1905,JPN,Bonds,0.08572578882951959
1996,DEU,Bonds,0.08030345467366415
1885,USA,Bonds,0.05082984070170915
2002,AUS,Bonds,0.11869884793964353
1906,AUS,Bonds,0.050654843536114984
1976,BEL,Bonds,0.07358941300819699
1947,FRA,Bonds,-0.1303695351258211
2020,GBR,Bonds,0.06558191233995776
1890,SWE,Bonds,0.031221821059890024
2008,NOR,Bonds,0.1327104836559709
1965,FIN,Bonds,0.09978171679940503
1935,ITA,Bonds,-0.05469648859481424
1997,JPN,Bonds,0.1249985819299426
2005,FRA,Bonds,0.09875230749341934
1898,FRA,Bonds,0.019058004026292416
1909,FIN,Bonds,0.08384672263294471
1945,JPN,Bonds,0.07480640231241445
2017,ESP,Bonds,0.026073344020397814
2018,SWE,Bonds,0.017661635429696555
1944,ITA,Bonds,0.18344054025429288
2013,SWE,Bonds,-0.05845427688323723
1928,CHE,Bonds,0.06332927909120029
1926,AUS,Bonds,0.05026141890054506
1948,DNK,Bonds,0.0022300069087963278
1962,DNK,Bonds,0.09518805731554711
1959,CHE,Bonds,0.03191875906050295
1900,BEL,Bonds,0.019350485838082947
2007,NOR,Bonds,0.026169531951872313
1996,NLD,Bonds,0.08486946409573584
1908,DNK,Bonds,0.03528782794529985
2015,BEL,Bonds,0.011747936412579082
1961,NLD,Bonds,0.030838615936749737
2020,NLD,Bonds,0.05559639258185243
1893,SWE,Bonds,0.056046103680762176
1990,DNK,Bonds,0.06453157338761199
2017,BEL,Bonds,0.02590596421047834
1978,ESP,Bonds,-0.002246885391145613
2017,FRA,Bonds,0.027529444601784345
1957,NLD,Bonds,-0.03479099288673267
1982,DEU,Bonds,0.22437027676725124
1944,FIN,Bonds,0.04214106640790498
1929,DEU,Bonds,0.05527099548608936
1981,NLD,Bonds,0.05203919123066163
1984,ITA,Bonds,0.20477494323886025
1938,AUS,Bonds,0.013900135344580788
1992,ITA,Bonds,0.0971557792250708
1963,DEU,Bonds,0.030562685522928196
1931,JPN,Bonds,-0.0045246284158256544
1924,ITA,Bonds,0.16621938163626693
2004,AUS,Bonds,0.07168227084544276
2011,PRT,Bonds,-0.096129474537703
1976,NOR,Bonds,0.10181413190814334
1910,AUS,Bonds,0.030385731274131144
1964,GBR,Bonds,0.011952095964342609
1929,CHE,Bonds,0.05527257516159692
1966,GBR,Bonds,0.03973723204255654
1910,ESP,Bonds,0.033323519425491416
1884,NOR,Bonds,0.06475311021337316
1979,SWE,Bonds,0.01695248995506975
1963,AUS,Bonds,0.02864883069279079
1956,NLD,Bonds,-0.059230421772637015
2005,AUS,Bonds,0.060810201707500594
1964,SWE,Bonds,0.019180306550306933
1938,CHE,Bonds,0.049781243036801745
1918,ESP,Bonds,0.06555583559024578
1953,JPN,Bonds,0.055270897331272426
1895,FRA,Bonds,0.054818842278945616
1982,BEL,Bonds,0.22948284409795192
1958,NLD,Bonds,0.03604989276140882
1921,DNK,Bonds,0.17181070204332247
1971,GBR,Bonds,0.20747979315312873
1903,BEL,Bonds,0.015367679491886506
2009,JPN,Bonds,-0.025838863804070994
1891,DNK,Bonds,0.014506578794126824
1920,FIN,Bonds,-0.06475447573101667
1925,NOR,Bonds,0.05324128326848694
1991,ITA,Bonds,0.1632086857746989
1943,DEU,Bonds,0.040877179798273204
1945,CHE,Bonds,0.06928038623137175
1914,AUS,Bonds,0.009435845224489602
1881,NOR,Bonds,0.04109262572738537
1899,DEU,Bonds,-0.0004275952220463546
1925,PRT,Bonds,0.09329811744339114
1912,NLD,Bonds,0.0012280550819551979
2012,ESP,Bonds,0.06618819511273866
2009,NOR,Bonds,-0.01050105685466056
1983,BEL,Bonds,0.1437061930262303
1913,PRT,Bonds,0.04976520740798876
1876,DNK,Bonds,0.02175377355276289
1922,BEL,Bonds,0.11623067935975678
1973,PRT,Bonds,0.05706933601325914
1904,ESP,Bonds,0.038264799017433085
1947,FIN,Bonds,-0.02921842747618155
1956,BEL,Bonds,-0.01761140897212028
1943,ESP,Bonds,0.03529691974299154
1883,USA,Bonds,0.0398640462405724
2019,DEU,Bonds,0.07865509791552396
2004,ESP,Bonds,0.08131847179768185
1958,BEL,Bonds,0.1104547704443797
1921,JPN,Bonds,0.09159136375587536
1876,FRA,Bonds,0.06683624069525543
1987,PRT,Bonds,0.09372649465839562
1953,AUS,Bonds,0.07131865295371306
1989,NLD,Bonds,0.03355716122101669
1974,FRA,Bonds,-0.01335444205546964
1950,DNK,Bonds,-0.010018025112568605
2011,NOR,Bonds,0.1356561396511304
1941,BEL,Bonds,0.08556255183532427
1878,DNK,Bonds,0.06679097541399992
1892,BEL,Bonds,0.027646636383576794
1978,FIN,Bonds,0.13995344185520994
1929,JPN,Bonds,0.05142069320871585
1931,ESP,Bonds,-0.019042066503321683
1985,NOR,Bonds,0.1378153203831232
2001,DNK,Bonds,0.051470519369284026
1901,FRA,Bonds,0.035641391515530245
1913,DNK,Bonds,0.00222614187718245
1943,SWE,Bonds,0.024249122738978987
1946,ITA,Bonds,0.05025169415469832
1958,DNK,Bonds,0.10068637506057825
1879,SWE,Bonds,0.09201836071416863
2018,BEL,Bonds,0.003991650814690314
1906,PRT,Bonds,0.05640317252312232
2008,GBR,Bonds,0.1499361336853612
1972,AUS,Bonds,0.06708482639737975
1975,CHE,Bonds,0.12797502254740534
2012,NLD,Bonds,0.09000582964364696
1960,JPN,Bonds,0.07060319361273801
2013,FIN,Bonds,-0.03650721768886904
1911,PRT,Bonds,0.030817608783204827
2000,NOR,Bonds,0.0859118783812613
1969,BEL,Bonds,-0.030669240415859354
1963,CHE,Bonds,0.010058764236432122
2000,GBR,Bonds,0.0976995157477336
1905,BEL,Bonds,0.04337041493295824
1905,DNK,Bonds,0.05195786916169071
1995,GBR,Bonds,0.19567973817754822
1990,ESP,Bonds,0.09322057898391134
1911,JPN,Bonds,-0.010179973587473202
1927,BEL,Bonds,0.10604357812445134
1970,PRT,Bonds,0.06204169706425535
1937,DNK,Bonds,0.011412358580965678
1884,DEU,Bonds,0.05425561810834587
1873,FRA,Bonds,0.10382950394171772
1958,CHE,Bonds,0.023151006942621746
1896,BEL,Bonds,0.034899876349943376
1885,BEL,Bonds,0.0796921638364704
1950,BEL,Bonds,0.02337134851036842
1920,SWE,Bonds,-0.07786190258618794
1913,NOR,Bonds,0.018657198485309927
1980,BEL,Bonds,0.010101203145182522
1909,PRT,Bonds,0.06013160787819252
1918,DNK,Bonds,0.06011226522908656
2013,JPN,Bonds,-0.023832283271568
1975,FIN,Bonds,0.08391187398644293
1903,ESP,Bonds,0.04392009349333576
2018,DEU,Bonds,0.014905543553771876
1934,FIN,Bonds,0.13850162527572935
1971,PRT,Bonds,0.07965387391810465
1970,SWE,Bonds,0.08497228359341774
1935,PRT,Bonds,0.037286324266316534
1897,FIN,Bonds,0.03720729329655614
1882,DNK,Bonds,0.03340817332013248
1882,SWE,Bonds,0.02500806062548136
1977,FRA,Bonds,0.10010336486717625
1879,DEU,Bonds,0.07014695826144175
1874,USA,Bonds,0.05356269177519704
1960,ITA,Bonds,0.0690902573288429
1992,BEL,Bonds,0.14996242871804458
1917,NOR,Bonds,0.017676821556341673
1911,DNK,Bonds,0.021650855153528867
1967,DEU,Bonds,0.07048426636048376
2003,FRA,Bonds,0.03129551784422149
1876,DEU,Bonds,0.03467253495503767
2020,SWE,Bonds,0.045483108152814325
2017,ITA,Bonds,0.025493738193977315
2017,NLD,Bonds,0.011036516303743405
1985,AUS,Bonds,0.13081477977629044
1891,ITA,Bonds,0.022777180178664848
2008,ITA,Bonds,0.11062695150149912
1935,DEU,Bonds,0.02298572720062049
2001,JPN,Bonds,0.05028809789706873
1913,CHE,Bonds,0.02177052583194154
1887,SWE,Bonds,0.0341994738624465
1879,DNK,Bonds,0.08059346573812058
1954,ESP,Bonds,0.05868078726079482
1943,PRT,Bonds,0.046475204412938786
1982,DNK,Bonds,0.19024469842202774
1997,DNK,Bonds,0.12740345017077545
1913,DEU,Bonds,0.014717983228097448
1945,NLD,Bonds,0.10821767948681953
1977,AUS,Bonds,0.13535374217492155
1997,NOR,Bonds,0.12260795335870525
1979,PRT,Bonds,0.08458870357955217
1986,ITA,Bonds,0.17178180068055604
2003,FIN,Bonds,0.027706003874737095
1953,GBR,Bonds,0.08741400498790439
1916,CHE,Bonds,-0.0018898839778269012
1977,ITA,Bonds,0.08875082070853575
1985,ESP,Bonds,0.1679701809952096
1972,DEU,Bonds,0.04384096803154096
2010,DNK,Bonds,0.06891939476600076
1916,DNK,Bonds,0.0639743475759014
2015,ESP,Bonds,0.008283356567653985
1982,AUS,Bonds,0.22522403248307027
1900,ESP,Bonds,0.056374399033021695
1877,DNK,Bonds,0.026436059379203708
1975,GBR,Bonds,0.22528939404243908
1875,DEU,Bonds,0.06410960883565314
1985,FRA,Bonds,0.2064314047576598
1979,NLD,Bonds,0.013075622136080284
2016,BEL,Bonds,0.051700856415676955
1978,AUS,Bonds,0.08576321462086692
1921,SWE,Bonds,0.17848979578713975
1950,AUS,Bonds,0.02903267154779674
1895,DNK,Bonds,0.04511400044265131
1960,DNK,Bonds,0.04987240994956484
2007,BEL,Bonds,0.016239855855869574
1982,CHE,Bonds,0.1826987982998613
1948,JPN,Bonds,0.03587080125916663
1947,DNK,Bonds,-0.02207817524311298
1924,NOR,Bonds,0.05106289060067743
1911,DEU,Bonds,0.0179337110904758
1998,GBR,Bonds,0.15812483666084837
1973,FRA,Bonds,-0.021920618834669055
1929,BEL,Bonds,0.07550176086127416
2001,BEL,Bonds,0.062312921898690775
1962,NLD,Bonds,0.06063902789402012
1976,GBR,Bonds,0.1303893093188178
1914,JPN,Bonds,-0.003210380363621897
1947,ITA,Bonds,-0.04279444187010724
2017,JPN,Bonds,0.013048556335131392
2014,DEU,Bonds,0.1301098257960822
1936,DNK,Bonds,0.03277382022381518
1913,NLD,Bonds,0.016991501286010856
1950,PRT,Bonds,0.029383124782244068
1927,PRT,Bonds,0.09601154540350575
1930,NLD,Bonds,0.09854052698436253
1998,DEU,Bonds,0.11044009706190441
1965,FRA,Bonds,0.026010556603887642
1960,GBR,Bonds,0.0198775853277533
1943,NOR,Bonds,0.04404604075586156
1988,GBR,Bonds,0.07301624177735597
2011,ESP,Bonds,0.1065267097968532
1940,NOR,Bonds,0.12172153054107804
1908,JPN,Bonds,0.05546169818796965
1975,FRA,Bonds,0.15919100305866274
1982,ITA,Bonds,0.1938096796098784
1967,DNK,Bonds,0.026974424968392904
1977,NLD,Bonds,0.11087781464219373
1990,DEU,Bonds,0.03327371454075628
1976,NLD,Bonds,0.11403388063702664
1975,BEL,Bonds,0.11866509514248194
1927,AUS,Bonds,0.07152413375054611
1954,PRT,Bonds,0.0958894668270563
1920,ESP,Bonds,-0.01989378273401212
1953,DNK,Bonds,0.07147623274903223
1889,FRA,Bonds,0.06307652480488041
1915,AUS,Bonds,0.009876812514962485
1902,ITA,Bonds,0.0477486303673631
1881,DNK,Bonds,0.04389458006937975
2010,NLD,Bonds,0.06494213565562597
1926,ITA,Bonds,0.02833171215219911
1988,ESP,Bonds,0.10573366425190941
2014,PRT,Bonds,0.2620016499440241
1939,AUS,Bonds,0.017271504479394975
1946,FIN,Bonds,0.03541758143284379
1928,DNK,Bonds,0.08582785079370911
1928,NLD,Bonds,0.07302639719747049
1975,ITA,Bonds,0.11521804191365827
1904,FRA,Bonds,0.005906949345408228
1970,NOR,Bonds,0.0753956478812982
2019,NLD,Bonds,0.08130663398543973
1939,SWE,Bonds,-0.15432840929889655
1961,ESP,Bonds,0.024460572346166536
2014,SWE,Bonds,0.1849194941529683
1991,AUS,Bonds,0.2306353603277365
1942,ESP,Bonds,0.04169427943274236
1955,DNK,Bonds,0.011003814700829676
1999,DNK,Bonds,-0.03643056540435781
2011,FRA,Bonds,0.06372505225224703
1912,BEL,Bonds,-0.027639413181760625
1943,DNK,Bonds,0.03696372131542842
1971,DEU,Bonds,0.12631958541427646
1873,USA,Bonds,0.05290569042314458
1894,ITA,Bonds,0.024210379023887486
1948,BEL,Bonds,0.036700600217502675
2002,GBR,Bonds,0.10604237967871977
1931,FRA,Bonds,-0.011551576410710588
1941,DEU,Bonds,0.06764279072164311
1940,BEL,Bonds,0.20968476334093644
1933,DNK,Bonds,0.05874043117252264
1939,ITA,Bonds,0.008822920378377942
1927,JPN,Bonds,0.09515681680338568
1949,DNK,Bonds,0.049092550153715706
1923,AUS,Bonds,0.03223549525202467
1922,ITA,Bonds,0.11379984500091096
1939,FRA,Bonds,-0.028518649471167744
1911,CHE,Bonds,0.016402251103102315
1977,GBR,Bonds,0.2654234933578979
1920,NLD,Bonds,-0.03629547977423557
1974,BEL,Bonds,-0.01209246963418857
1991,SWE,Bonds,0.22021669789295767
1934,CHE,Bonds,0.11639641728212269
1920,AUS,Bonds,-0.014751707103372716
1994,CHE,Bonds,-0.0490548204258979
1903,SWE,Bonds,0.027493271028637342
2006,NOR,Bonds,-0.0020295248946966293
1900,SWE,Bonds,0.023604377172109885
1949,NOR,Bonds,0.029950495931722422
2018,NOR,Bonds,0.0007052235015902004
1989,ESP,Bonds,0.09459781977744636
1979,NOR,Bonds,-0.026558010653083552
1929,NOR,Bonds,0.05988734962181291
1959,DEU,Bonds,0.04416493921276154
2006,BEL,Bonds,-0.0008020518462467851
1928,BEL,Bonds,0.12346415973898837
1964,DNK,Bonds,-0.0117035617024441
1975,AUS,Bonds,0.08916324429350278
1942,CHE,Bonds,0.03668147287760504
1980,NOR,Bonds,0.06267749819066917
1967,GBR,Bonds,0.004137499177149149
1912,DNK,Bonds,-0.012836981375203131
1954,DNK,Bonds,0.00581068958837096
1939,NLD,Bonds,-0.08254489682590545
1968,AUS,Bonds,0.014688112571874362
1998,NOR,Bonds,0.08701656453937048
1886,SWE,Bonds,0.06980711554734528
1978,CHE,Bonds,0.05436730890487837
1976,SWE,Bonds,0.09131592003752059
1882,BEL,Bonds,0.017069249271100338
2011,DNK,Bonds,0.1304076414838678
2006,AUS,Bonds,0.00524956569129922
1976,DNK,Bonds,0.0518244969068414
1947,NLD,Bonds,-0.013322691054079284
1957,FIN,Bonds,0.09140909842319131
1880,DEU,Bonds,0.071875981502899
1994,FRA,Bonds,-0.09796785713396056
1979,JPN,Bonds,-0.027590762774502346
1935,ESP,Bonds,0.0665162582718529
1874,BEL,Bonds,0.025763278935802356
1922,PRT,Bonds,0.11975665998217232
1902,DNK,Bonds,0.03861433829928747
1989,BEL,Bonds,0.022981550086541062
1903,ITA,Bonds,0.024173629284061606
2017,NOR,Bonds,0.021300887917391494
1915,FIN,Bonds,-0.028422622452971495
1955,GBR,Bonds,-0.0518980343690132
1990,NOR,Bonds,0.08658448654711941
1941,ESP,Bonds,0.0573116619461895
1971,JPN,Bonds,0.11707731173381924
1917,AUS,Bonds,0.030240016429653994
1899,DNK,Bonds,-0.0030211019689632404
1981,DEU,Bonds,0.05233082405817908
1915,NOR,Bonds,-0.045475798091442476
2018,AUS,Bonds,0.017852055797319438
1991,FRA,Bonds,0.1681442008978361
1974,CHE,Bonds,0.009517411274657148
1947,GBR,Bonds,-0.0886435262579208
1961,ITA,Bonds,0.03054594201351641
1893,JPN,Bonds,0.0660727399229555
1995,NOR,Bonds,0.20426014964837255
1899,NOR,Bonds,-0.001054839944425753
1956,GBR,Bonds,-0.03909723763105844
1877,FRA,Bonds,0.062191935830934436
1941,NOR,Bonds,0.1154070577659958
2019,SWE,Bonds,0.07734376703758963
1909,NLD,Bonds,0.038527374190176635
2020,JPN,Bonds,0.04881891559490055
1996,AUS,Bonds,0.1170778714208888
1957,DNK,Bonds,0.07344061843239258
2009,FIN,Bonds,0.006065259033743567
1902,BEL,Bonds,0.04852041955208512
1955,DEU,Bonds,0.03919637865764358
1930,BEL,Bonds,0.1838756731308257
1964,DEU,Bonds,0.051217751954459864
1975,JPN,Bonds,0.09868358267023067
1895,BEL,Bonds,0.03386245810042862
1953,ESP,Bonds,0.05380540729750116
1901,JPN,Bonds,0.021202069279062957
1892,PRT,Bonds,-0.07537055332042837
1911,AUS,Bonds,0.019998925573479404
1958,NOR,Bonds,0.038801031699961575
1966,ITA,Bonds,0.03597926651750368
2014,NLD,Bonds,0.1815245936106099
1983,FRA,Bonds,0.1569006565322109
2005,JPN,Bonds,0.048355450005685405
1942,ITA,Bonds,0.04242112144454846
1944,NOR,Bonds,0.02919377604936396
1914,DNK,Bonds,0.012638834552876264
1991,NOR,Bonds,0.15782122549889174
1995,SWE,Bonds,0.2430160287165506
1941,NLD,Bonds,0.09624668885146742
1891,FRA,Bonds,0.026611765200744035
2002,BEL,Bonds,0.10478435284689186
2019,ESP,Bonds,0.10706468418085968
1957,AUS,Bonds,0.039604935439421465
1925,FIN,Bonds,0.05626685142709368
1988,FIN,Bonds,0.07025320133479213
1972,SWE,Bonds,0.05541007334608576
1938,SWE,Bonds,0.14117002699201864
2010,ITA,Bonds,0.02956040741804298
1958,AUS,Bonds,0.05521249483032942
2000,DNK,Bonds,0.09128375302012709
1975,NLD,Bonds,0.11775621368689705
1952,NOR,Bonds,0.027779363763690508
1914,PRT,Bonds,0.02247077333432183
1908,AUS,Bonds,0.049325697406974525
1961,FRA,Bonds,0.02943957671114105
2006,ITA,Bonds,-0.002558081462670095
1969,DEU,Bonds,-0.011134734767839688
1938,NOR,Bonds,0.05661625675138123
1931,AUS,Bonds,0.010503183648749921
1979,FRA,Bonds,-0.032350082876656576
1966,NOR,Bonds,0.043038622462453956
1951,DNK,Bonds,-0.04095851224255882
1948,GBR,Bonds,0.01974302530054479
1895,PRT,Bonds,0.13695464346397013
2020,FIN,Bonds,0.03580982940629568
1947,BEL,Bonds,-0.04073459559034444
1970,DNK,Bonds,0.0860799033299984
1981,ITA,Bonds,0.04246393517164671
1936,BEL,Bonds,0.08032705825672148
1896,NOR,Bonds,0.04344651067741449
2002,ITA,Bonds,0.11290999648019177
2013,NOR,Bonds,-0.046107024439089844
2016,NOR,Bonds,0.026408158655137015
1910,BEL,Bonds,0.015474289099043456
2007,FIN,Bonds,0.0268847769260935
1952,SWE,Bonds,-0.0008156388047466448
1934,ITA,Bonds,0.30180091439492807
1925,CHE,Bonds,0.047865307079623456
1958,JPN,Bonds,0.04062439470368637
1967,FRA,Bonds,0.02249763789072356
1885,NOR,Bonds,0.05161440101611883
1956,ESP,Bonds,-0.017832150513839372
2012,BEL,Bonds,0.1542426206937836
1957,ITA,Bonds,0.05210012945829455
1999,FRA,Bonds,-0.0596893301452497
1926,JPN,Bonds,0.06075434475622453
1935,CHE,Bonds,0.02032859276907472
1901,NOR,Bonds,0.06287985703398286
2010,BEL,Bonds,0.038390639691901686
2007,GBR,Bonds,0.050641967478512004
1969,NLD,Bonds,-0.029597401784378558
1888,SWE,Bonds,0.06256975449988744
1987,NLD,Bonds,0.05510351266267538
1960,PRT,Bonds,0.04360422240659742
1955,ITA,Bonds,0.008762396034246556
2015,NOR,Bonds,0.013030666676987986
1907,PRT,Bonds,0.046346724935099635
2008,BEL,Bonds,0.08738018066201625
1987,CHE,Bonds,0.041647690763018004
1959,NLD,Bonds,0.0077650943819376
2008,DEU,Bonds,0.12275184613551876
1929,NLD,Bonds,0.03783166000625442
1985,NLD,Bonds,0.1515098405598612
2014,FRA,Bonds,0.24836780933058733
1896,FIN,Bonds,0.0495046640342616
2013,ITA,Bonds,0.017532584453492775
2008,CHE,Bonds,0.1253116514178758
1970,GBR,Bonds,0.06920054272299815
1882,FRA,Bonds,0.005980124178268726
1989,FRA,Bonds,0.07227342893162812
2005,GBR,Bonds,0.07097736479581418
1930,DNK,Bonds,0.08003432832771618
2002,NOR,Bonds,0.10590484711843395
1956,SWE,Bonds,-0.02050489439731637
1875,BEL,Bonds,0.06354822400746976
1960,DEU,Bonds,0.04948445144036953
2003,ESP,Bonds,0.030820673939899207
1998,CHE,Bonds,0.11152985441034517
1994,DNK,Bonds,-0.09257461465899228
2010,SWE,Bonds,0.04649434704322464
2008,FRA,Bonds,0.17845553857545154
1926,PRT,Bonds,0.1938648125589692
1989,NOR,Bonds,0.12111506119836019
1916,FIN,Bonds,0.003121160256793244
1923,NLD,Bonds,0.024882572232797176
1880,FRA,Bonds,0.07707849380012644
1887,ITA,Bonds,0.030122364935261936
2017,AUS,Bonds,0.02805519808365866
1894,USA,Bonds,0.05716613817776674
1995,BEL,Bonds,0.202243578027252
1872,USA,Bonds,0.07766772752882824
1899,FIN,Bonds,-0.01809219641599165
1952,DEU,Bonds,0.041332339682732575
2005,DEU,Bonds,0.050147521428113656
1972,NOR,Bonds,0.0602716316064575
1981,FRA,Bonds,0.03221222198502929
1999,GBR,Bonds,-0.035406718387508654
1959,GBR,Bonds,0.003325641715071239
1924,PRT,Bonds,0.052464942008335465
1876,BEL,Bonds,0.0401279980781509
2016,ITA,Bonds,0.03611075894695048
2016,CHE,Bonds,0.02581725750831884
1928,FRA,Bonds,0.11718913765730223
1904,AUS,Bonds,0.017033168097763243
1962,PRT,Bonds,0.05092350878296156
1913,BEL,Bonds,-0.001034136900457121
1930,PRT,Bonds,0.09997911367206733
1897,DEU,Bonds,0.03213977973611588
1930,CHE,Bonds,0.07678233562828814
1954,BEL,Bonds,0.06626401817887534
1922,CHE,Bonds,0.1698833654712008
1972,GBR,Bonds,0.008751777303228417
2010,ESP,Bonds,0.0019719631332218504
1958,GBR,Bonds,0.07622659369846838
1894,DNK,Bonds,0.0851666992434158
1989,DNK,Bonds,0.05485550000413404
1957,PRT,Bonds,0.022289080845046712
1967,ESP,Bonds,0.025060719118355085
1997,DEU,Bonds,0.1020168230571687
1977,FIN,Bonds,0.11497675885223868
2009,BEL,Bonds,0.03357094855412754
1966,DNK,Bonds,0.022875733083660532
2007,DEU,Bonds,0.03342014092711516
1952,GBR,Bonds,0.010021811311322234
1958,ESP,Bonds,0.03692186397209886
1983,JPN,Bonds,0.09202078621946584
1923,ITA,Bonds,0.0349297655066269
1930,AUS,Bonds,0.02694046290416549
1918,FIN,Bonds,0.20850394262629843
1983,FIN,Bonds,0.08812392178064123
1962,CHE,Bonds,0.06546298404303434
1873,DEU,Bonds,0.05419114256369771
1911,SWE,Bonds,0.021485383152071675
2009,SWE,Bonds,-0.04529042922105514
2003,GBR,Bonds,0.016360776783189205
1962,DEU,Bonds,0.08205459705936398
1946,DNK,Bonds,0.027505112336361992
1976,FRA,Bonds,0.08458571666220588
2004,BEL,Bonds,0.07707633386576332
2014,NOR,Bonds,0.17064836029267977
1979,FIN,Bonds,0.01836562459822206
1884,SWE,Bonds,0.04439731183942228
1895,DEU,Bonds,0.05787403954184843
1992,DEU,Bonds,0.11674265886096256
1965,BEL,Bonds,0.033642502440017374
2017,CHE,Bonds,0.012836987780904831
1939,FIN,Bonds,0.03074509233588507
2011,CHE,Bonds,0.11851461450889927
2020,DNK,Bonds,0.04514630063313182
1903,FRA,Bonds,0.016808750606432474
1935,FIN,Bonds,0.033211135379679284
1919,SWE,Bonds,0.02986823632536322
2012,NOR,Bonds,0.06457181006158313
1926,FIN,Bonds,0.06474476709395725
2001,PRT,Bonds,0.05547261805462969
1977,DEU,Bonds,0.12162376791804641
1934,PRT,Bonds,0.23787021816778303
1987,GBR,Bonds,0.10480968679006193
1888,PRT,Bonds,0.11537707830410969
1978,BEL,Bonds,0.048089918383305424
1907,ITA,Bonds,0.03619225885245466
2004,PRT,Bonds,0.0839874766395674
1917,DNK,Bonds,0.006583274401074046
1976,FIN,Bonds,0.08066492148571856
1925,NLD,Bonds,0.07649176823467659
1938,FRA,Bonds,0.11213407616274029
1989,SWE,Bonds,0.052660020925852966
1936,SWE,Bonds,0.08599351281989139
1911,NLD,Bonds,-0.017251419872033543
1968,SWE,Bonds,0.03443798141361734
1951,NLD,Bonds,-0.06086432478083338
2014,FIN,Bonds,0.17722334632588016
1965,GBR,Bonds,0.024203275019584237
1992,ESP,Bonds,0.06906614101556634
1942,DNK,Bonds,0.07014117958183326
1899,JPN,Bonds,0.032212388011791465
2019,CHE,Bonds,0.06192136256808469
1944,CHE,Bonds,0.03347545214425638
1951,FIN,Bonds,0.11338078678372894
1963,DNK,Bonds,0.07621843436712923
1938,PRT,Bonds,0.04474441526430502
1974,AUS,Bonds,0.0034142094290431843
2005,DNK,Bonds,0.0682881577119421
2004,JPN,Bonds,0.05079863019376957
1940,AUS,Bonds,0.11212358173339095
1890,NOR,Bonds,0.04439712376460406
1949,GBR,Bonds,-0.014097664022902405
1927,FIN,Bonds,0.09558056224451647
1913,AUS,Bonds,0.027823482620297692
1935,BEL,Bonds,0.06308457946960072
1953,BEL,Bonds,0.06036358139165658
1984,PRT,Bonds,0.22640816538573968
2012,JPN,Bonds,0.058480487131235805
1945,SWE,Bonds,0.1108196361898624
1893,PRT,Bonds,0.09685229259426525
1924,CHE,Bonds,0.05043501643110236
1939,BEL,Bonds,-0.030915509880533078
1969,FIN,Bonds,0.025303477920117622
1985,CHE,Bonds,0.1326783930060929
1954,AUS,Bonds,0.07184230291690305
1993,AUS,Bonds,0.22584197105815432
1898,ITA,Bonds,0.03917185310209719
1957,JPN,Bonds,0.0507519924799857
1946,CHE,Bonds,0.028632912686140218
2018,FIN,Bonds,0.00033567196716491245
1885,SWE,Bonds,0.05109282485210547
1933,FRA,Bonds,-0.02138282051176934
2006,NLD,Bonds,-0.0031647934781923004
1921,FIN,Bonds,0.08198510724082553
1940,DEU,Bonds,0.095572031113229
1973,NOR,Bonds,0.005454499565236019
1912,FIN,Bonds,-0.03878150839500677
1882,DEU,Bonds,0.030575784958971283
1914,NLD,Bonds,0.006642477147672278
2008,DNK,Bonds,0.13053317077507648
1942,PRT,Bonds,0.1094875594430965
1964,NOR,Bonds,0.03636352386056334
1984,NOR,Bonds,0.14745466916460248
1911,ESP,Bonds,0.032688562870778363
1981,ESP,Bonds,0.08190601986293815
1959,JPN,Bonds,0.03100084911963682
1975,ESP,Bonds,0.09291447464162214
1890,DNK,Bonds,0.03255171834087516
1953,DEU,Bonds,0.0356961533035871
1891,USA,Bonds,0.02150193956145339
2002,ESP,Bonds,0.11607777577228846
1993,ESP,Bonds,0.31169018448801233
1903,NOR,Bonds,0.01859618692763182
1974,DEU,Bonds,0.03803538623176432
1922,FIN,Bonds,0.32453005806520296
1934,JPN,Bonds,0.12260545420986428
1908,CHE,Bonds,0.03665169794108357
1926,NLD,Bonds,0.0561336511301402
1894,JPN,Bonds,-0.0024075106214840603
1898,JPN,Bonds,0.03812246096196623
1983,GBR,Bonds,0.0798422202259883
1966,DEU,Bonds,0.02041446354759994
1964,JPN,Bonds,0.05159639575394293
1968,NLD,Bonds,-0.003282725946929425
1887,DEU,Bonds,0.030384530299127535
2019,FIN,Bonds,0.06353074015242618
2014,CHE,Bonds,0.13967788304252385
1919,NLD,Bonds,-0.030148240317848254
1957,CHE,Bonds,0.023327599592757722
1903,FIN,Bonds,0.007827503946640875
1878,FRA,Bonds,0.07331446164079702
1998,FRA,Bonds,0.16520314745549441
1992,NOR,Bonds,0.12018025121513704
2020,AUS,Bonds,0.04179632607615964
2001,DEU,Bonds,0.052223940450334315
2016,DEU,Bonds,0.04753486365135555
1999,NLD,Bonds,-0.051684235227623936
2004,ITA,Bonds,0.08110907454023181
1984,NLD,Bonds,0.15579389972335084
1922,ESP,Bonds,0.10961244180920805
1959,DNK,Bonds,0.005044110182659227
1975,NOR,Bonds,0.09081622100878736
1990,BEL,Bonds,0.05227373966396692
1971,NOR,Bonds,0.10689871287028523
1887,BEL,Bonds,0.014345949218902735
2019,NOR,Bonds,0.06023907487414665
2019,BEL,Bonds,0.0937139221005524
1928,FIN,Bonds,0.060108182648303754
1871,FRA,Bonds,0.0970566978636549
1883,NOR,Bonds,0.0441797232844217
1976,CHE,Bonds,0.13178624978166237
1886,NOR,Bonds,0.06018804818776535
2007,CHE,Bonds,0.013404388768623793
1934,ESP,Bonds,0.1394762831493827
2020,NOR,Bonds,0.056445736283570386
2007,JPN,Bonds,0.039860064409271596
1941,ITA,Bonds,0.06604194480769116
1969,DNK,Bonds,-0.059025761018128044
1977,JPN,Bonds,0.15443286540776385
1965,NLD,Bonds,-0.020027195281047284
1933,ITA,Bonds,0.0810557227434503
1915,JPN,Bonds,0.06965126441306746
1931,DEU,Bonds,-0.06683888631862679
1936,DEU,Bonds,0.05532077654307038
1984,DNK,Bonds,0.09503088377507751
2016,NLD,Bonds,0.07644942216464924
2016,DNK,Bonds,0.050488302508965265
1994,ITA,Bonds,-0.09049415732330024
1884,BEL,Bonds,0.059163672448513394
1885,DNK,Bonds,0.04790641108288564
1981,DNK,Bonds,0.11068573955223597
1983,AUS,Bonds,0.11889414835067258
1981,JPN,Bonds,0.08422525708356174
1978,FRA,Bonds,0.09507303648761782
1944,PRT,Bonds,0.017899161963350584
1914,NOR,Bonds,-0.0011001485325045964
1998,AUS,Bonds,0.12217821806711218
1980,SWE,Bonds,0.025750692733693237
1938,DNK,Bonds,0.0616882546013766
1960,FRA,Bonds,0.06136468500218837
1881,SWE,Bonds,0.04515451315466747
2001,SWE,Bonds,0.026219457065541907
2018,NLD,Bonds,0.013563769723319595
1997,ESP,Bonds,0.15047536677202467
1980,ESP,Bonds,0.08452714517511778
1981,BEL,Bonds,0.04711643951753096
1903,DNK,Bonds,0.029555406646477544
1933,PRT,Bonds,0.098342369865038
1976,PRT,Bonds,-0.030038656277273278
1984,ESP,Bonds,0.15847250625320375
1977,PRT,Bonds,-0.023974297140435148
1927,DEU,Bonds,0.06625073173973364
1899,ITA,Bonds,0.02734067386271918
1922,SWE,Bonds,0.16395269366957496
1991,BEL,Bonds,0.16498971180211175
1918,CHE,Bonds,0.03674095314617304
2000,CHE,Bonds,0.07232163820946613
1979,DNK,Bonds,0.02129196700688584
1936,CHE,Bonds,0.04810691715240402
1940,FRA,Bonds,0.1648984823491132
1964,PRT,Bonds,0.04295889534353553
2014,GBR,Bonds,0.1696552966070957
2006,CHE,Bonds,-0.009956079917099908
2013,FRA,Bonds,-0.041445179945272206
1888,JPN,Bonds,0.038918078593490384
1916,NOR,Bonds,0.009254034893793128
1948,AUS,Bonds,0.04214403491653093
1895,SWE,Bonds,0.05361143785599116
1962,AUS,Bonds,0.12379955876427141
1944,DNK,Bonds,0.057786355398100286
1964,NLD,Bonds,0.018039978094544745
1949,AUS,Bonds,0.00015394232000544295
1967,JPN,Bonds,0.026636348022250126
2013,BEL,Bonds,-0.021668946757775854
1972,CHE,Bonds,0.04250259153295041
1953,NOR,Bonds,0.036214329895077974
1887,USA,Bonds,0.021446783346725035
1941,FIN,Bonds,0.05704246845859442
1941,AUS,Bonds,0.03234009338329591
1910,PRT,Bonds,0.03331071348310444
2000,JPN,Bonds,0.08003903866661694
1932,FIN,Bonds,0.15163054173593915
1889,JPN,Bonds,0.06271299396024083
1930,ITA,Bonds,0.08494241649049228
1967,NLD,Bonds,0.013702519783216698
1888,DEU,Bonds,0.05103804239476539
1919,AUS,Bonds,0.016066719442890242
2017,GBR,Bonds,0.02833092474871034
2002,DNK,Bonds,0.10416483153105277
1999,SWE,Bonds,-0.04239141086346148
1933,AUS,Bonds,0.04451234745952361
1942,DEU,Bonds,0.04518934359510467
1987,DEU,Bonds,0.05182233525360794
1951,ITA,Bonds,-0.017454053480565935
1958,ITA,Bonds,0.07103930020387872
2004,NOR,Bonds,0.07790160829348729
2018,DNK,Bonds,0.013027058157804604
1911,ITA,Bonds,0.017955526275474747
1939,PRT,Bonds,-0.0011536595960762739
1949,PRT,Bonds,-0.06935511976729755
1996,NOR,Bonds,0.08991187232779102
1923,ESP,Bonds,0.032942086023715
1956,CHE,Bonds,-0.012247178168441817
2012,AUS,Bonds,0.07320118265202116
1960,FIN,Bonds,0.10275074336630514
1995,FIN,Bonds,0.25127576814332325
1950,GBR,Bonds,0.021144871496394387
1886,PRT,Bonds,0.13719717352932037
1936,JPN,Bonds,0.0356790410058253
1939,DNK,Bonds,0.000842316914149998
2006,DNK,Bonds,-0.005398039011565666
1900,ITA,Bonds,0.034255148740332766
1879,USA,Bonds,0.07013184152597149
1903,JPN,Bonds,0.04142435657910964
2007,ESP,Bonds,0.02563718873907973
1983,CHE,Bonds,0.0572757124607495
1955,JPN,Bonds,0.02088774510757658
1914,ESP,Bonds,-0.01075548214500642
1951,AUS,Bonds,-0.06363191954753876
1925,DEU,Bonds,0.04022622140463042
1965,ESP,Bonds,0.026264751870639265
1918,JPN,Bonds,0.04849040533659411
1924,DEU,Bonds,0.06597997235001343
1899,PRT,Bonds,0.14976817163611866
1980,DNK,Bonds,0.06235601740098898
2013,CHE,Bonds,-0.04215563201641395
1936,FRA,Bonds,0.05516425820292219
1969,GBR,Bonds,-0.018442880496721662
1993,SWE,Bonds,0.24727611904990304
1956,NOR,Bonds,-0.0015473608962668153
2009,ITA,Bonds,0.02193952711121345
1901,DNK,Bonds,0.06928867120170724
1967,NOR,Bonds,0.02478609256532194
2004,GBR,Bonds,0.06361735788044304
1901,DEU,Bonds,0.047866817222078514
1905,ESP,Bonds,0.06528686759272588
1932,DEU,Bonds,0.23228763610189967
1960,BEL,Bonds,0.029621628438954432
1929,ITA,Bonds,0.03966848081641856
1951,JPN,Bonds,0.004601410602072201
1892,JPN,Bonds,0.05540276322910831
1950,FRA,Bonds,-0.007991572451218912
1939,JPN,Bonds,0.028260404006573453
1966,NLD,Bonds,0.023072858591918342
1968,ESP,Bonds,0.02742386576525376
1950,NOR,Bonds,-0.00033781159834275765
1932,JPN,Bonds,0.20235357200751933
1920,DEU,Bonds,0.03499310365032602
1874,FRA,Bonds,0.08516993025409245
1977,CHE,Bonds,0.0965349821544848
1937,DEU,Bonds,0.0329185932047843
1963,GBR,Bonds,0.018991686232066866
2010,FRA,Bonds,0.07673083630420327
2011,DEU,Bonds,0.10191322548885239
1911,NOR,Bonds,0.014623275688157775
1924,NLD,Bonds,0.07557438881272696
1937,NOR,Bonds,0.035428840900170455
1946,ESP,Bonds,0.020319722117269623
2006,PRT,Bonds,-0.0016588293169207792
1971,ITA,Bonds,0.14112824897305143
1988,FRA,Bonds,0.12795719337272876
1894,SWE,Bonds,0.06779349089651938
1953,FRA,Bonds,0.028471003491782304
1956,DEU,Bonds,-0.05057859546052568
2004,FIN,Bonds,0.07872073116777531
1902,NLD,Bonds,0.03223649642479861
1969,CHE,Bonds,-0.013029310265490573
1942,JPN,Bonds,0.03845579392432569
1973,CHE,Bonds,-0.015777316956676224
1970,NLD,Bonds,0.11192430523868646
2006,GBR,Bonds,-0.001718283585439413
1895,NOR,Bonds,0.052052764568378665
1931,CHE,Bonds,0.021733845018480795
1886,DNK,Bonds,0.04748245204490813
1960,NOR,Bonds,0.06048575206633751
1943,CHE,Bonds,0.032256948333281146
1897,BEL,Bonds,0.04291270796895939
1900,JPN,Bonds,0.023795792448842074
1968,DEU,Bonds,0.04646257619839764
1956,AUS,Bonds,-0.026067723276434952
1925,ITA,Bonds,0.01388330494583159
1989,DEU,Bonds,0.0542970375026711
1899,BEL,Bonds,-0.00780085257102257
1918,PRT,Bonds,0.07648390370491359
1876,USA,Bonds,0.014289018385005889
2017,DNK,Bonds,0.025930918319804673
2007,DNK,Bonds,0.021742423657839134
1970,ESP,Bonds,0.053189048272209855
2000,FIN,Bonds,0.09420131817349862
1914,CHE,Bonds,0.0036039513641980686
1978,SWE,Bonds,0.05540200298378582
1892,USA,Bonds,0.031049157420431402
1998,ESP,Bonds,0.14202698847879897
2015,AUS,Bonds,0.011630084045206091
1985,FIN,Bonds,0.17176883234765172
2003,NLD,Bonds,0.028853730153565717
1929,FRA,Bonds,0.15349740490300157
1886,ITA,Bonds,0.07394093772463928
1922,FRA,Bonds,0.12717382424385415
1907,NLD,Bonds,0.011854885257959748
1933,BEL,Bonds,0.042824609388652055
1871,SWE,Bonds,0.08673438359708331
1914,FIN,Bonds,0.00716106092842776
1955,NLD,Bonds,-0.01362194808522713
1971,BEL,Bonds,0.14305176366970698
2003,AUS,Bonds,0.017361669178228116
1953,SWE,Bonds,0.036670575967013785
1970,AUS,Bonds,0.04541052681606526
1985,ITA,Bonds,0.1795756828588555
1913,FRA,Bonds,-0.00018596486282678945
1969,AUS,Bonds,0.0389961010217299
1965,NOR,Bonds,0.02295309343369353
1880,SWE,Bonds,0.09343935956302907
1921,AUS,Bonds,0.09742294381152186
1983,NLD,Bonds,0.05425337986080325
1920,BEL,Bonds,-0.049477533492332214
1969,JPN,Bonds,0.01684602827751551
1947,SWE,Bonds,-0.015216555207625436
1893,FRA,Bonds,0.039823601038128265
1931,SWE,Bonds,-0.06105191207154838
1896,ITA,Bonds,0.04362833169606348
1973,DNK,Bonds,-0.042410306227268824
1949,FRA,Bonds,0.034421426489105074
1955,FIN,Bonds,0.0241096571812544
1991,FIN,Bonds,0.1503261223392124
1928,SWE,Bonds,0.055373264474275694
1966,CHE,Bonds,0.03048615900887834
1907,CHE,Bonds,0.007529459044300725
1939,CHE,Bonds,0.015913978006011503
1925,BEL,Bonds,-0.015262876148548755
1897,FRA,Bonds,0.03855899143578671
1905,DEU,Bonds,0.049036298888901146
1973,BEL,Bonds,-0.006377089051022999
2011,AUS,Bonds,0.15705752055998518
1905,PRT,Bonds,0.09619055655218126
1898,DNK,Bonds,0.01866547702512199
2015,GBR,Bonds,0.004189982293932276
2002,NLD,Bonds,0.11590261753414909
1890,ITA,Bonds,0.04896498213363985
1905,NLD,Bonds,0.034107985077545755
1904,CHE,Bonds,0.02133790572014375
1942,NOR,Bonds,0.031037920094143946
2015,DNK,Bonds,-0.013869533893203011
1969,ESP,Bonds,0.011300621300897491
1955,CHE,Bonds,-0.0032181304543801165
1897,USA,Bonds,0.04443220806518726
1930,DEU,Bonds,0.08223214853274258
1934,SWE,Bonds,0.23674303200936347
2002,PRT,Bonds,0.11424099966032963
2005,ITA,Bonds,0.06119656951934319
1916,NLD,Bonds,0.0329364947033878
1909,DEU,Bonds,0.041093443101490254
1918,NOR,Bonds,0.05277090063078689
1906,JPN,Bonds,0.04312109484706853
1952,FIN,Bonds,0.0303631945705388
1888,USA,Bonds,0.050134740722602614
1957,BEL,Bonds,-0.02036195009227703
1951,CHE,Bonds,-0.01965578437355887
1990,ITA,Bonds,0.0913787040934802
1903,NLD,Bonds,0.011045828008323039
1932,NOR,Bonds,0.1775706435046182
1967,AUS,Bonds,0.01596714454437935
1949,ESP,Bonds,0.034864520351524764
1936,FIN,Bonds,0.05603773006563036
1983,PRT,Bonds,0.12986472215304423
1968,JPN,Bonds,0.036255537155583085
1886,FRA,Bonds,0.07170300500641542
1995,DNK,Bonds,0.2094804227522833
2004,DEU,Bonds,0.06378262938067154
1986,DEU,Bonds,0.12914561472885563
1906,NLD,Bonds,0.021107931678189404
1943,FIN,Bonds,0.038925469212566746
1960,NLD,Bonds,0.0757539083254106
1982,GBR,Bonds,0.3850623524436169
1907,BEL,Bonds,0.011557446337993122
1957,GBR,Bonds,0.0002400883827940875
1930,SWE,Bonds,0.11290561158883919
2009,GBR,Bonds,-0.027954858150628526
1979,ITA,Bonds,0.03692472692221058
2012,DNK,Bonds,0.06428722454504912
1913,ESP,Bonds,0.009317122346262561
1965,DEU,Bonds,0.006858042471386855
1920,JPN,Bonds,-0.01951363600325791
1894,BEL,Bonds,0.060864878236232586
1998,PRT,Bonds,0.14083524292839023
1999,JPN,Bonds,-0.014408102523267928
2018,PRT,Bonds,0.011470294450732804
2008,AUS,Bonds,0.208003953974373
1921,ESP,Bonds,0.06944533064946588
1884,DNK,Bonds,0.053808279846331075
2017,SWE,Bonds,0.01919422732326366
1915,DEU,Bonds,0.027598360198775193
1957,DEU,Bonds,0.018617476697875127
1965,ITA,Bonds,0.03939305091210922
1948,NLD,Bonds,0.02647304200738854
2008,NLD,Bonds,0.13201561280217533
2016,FIN,Bonds,0.04578508870462018
1952,CHE,Bonds,0.021103114789502844
1968,PRT,Bonds,-0.008827540910600555
1968,GBR,Bonds,-0.004958817020237761
1975,PRT,Bonds,-0.04332519894625626
1958,SWE,Bonds,0.036523541506411523
2014,AUS,Bonds,0.18305241165427466
1984,BEL,Bonds,0.14291520714686382
1922,DNK,Bonds,0.14566958721512652
1908,SWE,Bonds,0.06844181006182497
2013,PRT,Bonds,0.038661986457904564
1989,GBR,Bonds,0.08479561683035239
1950,CHE,Bonds,0.03281813845140981
1970,BEL,Bonds,0.07962946760028483
2006,FIN,Bonds,-0.006700231168592066
2015,JPN,Bonds,0.0067676182421843815
1904,PRT,Bonds,0.054237352292143035
2009,ESP,Bonds,0.00417611112213118
1910,CHE,Bonds,0.01770211924967993
1975,DNK,Bonds,0.2050842111397021
1956,FIN,Bonds,0.023112682190409843
1967,SWE,Bonds,0.03923524415423542
1980,AUS,Bonds,-0.0033062720410985645
1888,BEL,Bonds,0.043800088365236994
1983,SWE,Bonds,0.12125105411858972
1902,PRT,Bonds,0.054770841624216596
1934,DEU,Bonds,0.12762674864030515
1994,FIN,Bonds,-0.0965100157870731
1904,NOR,Bonds,0.016147436271974847
1923,PRT,Bonds,-0.01942020861295586
1888,DNK,Bonds,0.04746929606406479
2013,ESP,Bonds,0.05435381045309315
2011,JPN,Bonds,0.09729464491720291
1928,ITA,Bonds,0.09388538534121979
1981,CHE,Bonds,0.036541934126462866
1927,CHE,Bonds,0.06761301196228826
1949,NLD,Bonds,0.03774346248663922
2008,FIN,Bonds,0.12798854829057066
1881,DEU,Bonds,0.04545049806198381
1880,PRT,Bonds,0.06463700593528834
1952,NLD,Bonds,0.06481956717186645
1974,ESP,Bonds,0.005495663055464063
1952,JPN,Bonds,0.037626971816442506
1906,BEL,Bonds,0.02793608710728586
1925,SWE,Bonds,0.05657331569538013
1900,NOR,Bonds,0.030974590563573302
2001,CHE,Bonds,0.04349504754716321
1969,PRT,Bonds,-0.018531017197393404
1896,JPN,Bonds,0.03857347138455565
1995,FRA,Bonds,0.19403464998145198
2017,PRT,Bonds,0.07080761254383885
2008,SWE,Bonds,0.19487605324287646
2010,AUS,Bonds,0.0676350349140557
1952,AUS,Bonds,0.017568101958088913
1989,AUS,Bonds,0.11079980936749978
1940,SWE,Bonds,0.08533943016686237
2001,FRA,Bonds,0.06175104290123198
2012,PRT,Bonds,0.436918139861168
1883,PRT,Bonds,0.04358274250418912
1988,ITA,Bonds,0.08373082910411503
1898,DEU,Bonds,0.015580681620425023
1977,ESP,Bonds,0.006773597024484393
1974,JPN,Bonds,0.02651661566404628
1962,SWE,Bonds,0.10288241412720434
1979,CHE,Bonds,-0.013500488845969409
1908,ITA,Bonds,0.04753640023700487
1917,CHE,Bonds,0.011666677666990996
1936,PRT,Bonds,0.05969896841259621
1999,PRT,Bonds,-0.037070513793219635
1928,ESP,Bonds,0.06934902265926418
1964,CHE,Bonds,0.027739593368811672
1884,FRA,Bonds,0.05905765455608004
1982,FIN,Bonds,0.19049462472677953
1967,BEL,Bonds,0.03555972374740833
1889,SWE,Bonds,0.048211194066336616
2003,CHE,Bonds,0.004776489068751194
1971,AUS,Bonds,0.13988433786872911
1948,NOR,Bonds,0.031135199723060697
2012,CHE,Bonds,0.05473971675994565
1978,PRT,Bonds,0.14883520448071152
2015,FIN,Bonds,0.001114980733609848
1918,AUS,Bonds,0.044516946849016026
1923,BEL,Bonds,-0.057611974748664016
1950,JPN,Bonds,0.03175367394627307
1942,FIN,Bonds,0.04300830120053248
1888,NOR,Bonds,0.044871435545087685
1973,AUS,Bonds,-0.07538197531732885
1990,SWE,Bonds,0.0966004494797977
1943,JPN,Bonds,0.03410230147055899
2002,SWE,Bonds,0.11429111628506321
1924,AUS,Bonds,0.050261018272889146
1932,DNK,Bonds,0.18054272356403178
1987,FIN,Bonds,0.017096843835772403
1906,ITA,Bonds,0.03907560981835632
1992,PRT,Bonds,0.13739901758542822
1882,USA,Bonds,0.04014959702570959
1992,GBR,Bonds,0.14941505365343083
1925,ESP,Bonds,0.02720157287941805
1893,BEL,Bonds,0.05586206302778572
1931,DNK,Bonds,-0.018883450850554317
2001,AUS,Bonds,0.0332925852188396
1931,NOR,Bonds,-0.015058284080543697
1997,NLD,Bonds,0.1103259043647163
1996,GBR,Bonds,0.08112350282019512
2012,ITA,Bonds,0.15056445125574244
2000,SWE,Bonds,0.12064334874419189
1996,ESP,Bonds,0.18484614987928139
1985,PRT,Bonds,0.25258362503053866
1906,NOR,Bonds,0.03099069366332556
1905,FRA,Bonds,0.07714424839525628
1990,FRA,Bonds,0.042944706997835654
1950,NLD,Bonds,0.008038576750636968
1927,ITA,Bonds,0.02509633940174024
1948,ITA,Bonds,0.0617469650429454
1894,DEU,Bonds,0.0693499386640401
1946,BEL,Bonds,-0.01483522639304912
1978,GBR,Bonds,0.006573539874437161
1941,FRA,Bonds,0.10601085950926986
1990,NLD,Bonds,0.025148855450045235
1941,DNK,Bonds,0.06254333896397087
1885,FRA,Bonds,0.05118517908526367
2016,FRA,Bonds,0.045004563879385784
2015,ITA,Bonds,0.022169872539697592
1881,USA,Bonds,0.034590060485195334
1910,DEU,Bonds,0.029572432945946667
2000,NLD,Bonds,0.09528390705682951
1974,GBR,Bonds,-0.06893324183281381
1997,GBR,Bonds,0.14927227930310233
1909,FRA,Bonds,0.046374800256832036
1965,AUS,Bonds,0.03184958438305564
1904,BEL,Bonds,0.0177707551158956
1915,PRT,Bonds,0.0446822846935442
1974,NOR,Bonds,-0.01682407441893599
2016,GBR,Bonds,0.062022887484160114
1949,ITA,Bonds,0.09844085830535954
1997,AUS,Bonds,0.15321113910264617
1986,PRT,Bonds,0.22774063479544449
1890,JPN,Bonds,0.04309353675083741
1929,PRT,Bonds,0.13026639396362544
1900,DEU,Bonds,0.03165954411004754
1959,BEL,Bonds,0.01785654318904073
1931,PRT,Bonds,0.016480266896275048
1963,ESP,Bonds,0.02603756908932132
1999,BEL,Bonds,-0.04140719003307537
1909,ITA,Bonds,0.04504235350226427
1947,NOR,Bonds,-0.017022529284778404
2019,GBR,Bonds,0.07812127163560059
1933,NOR,Bonds,0.0262284115400054
1964,FRA,Bonds,0.03900270364583629
1912,DEU,Bonds,0.004723625824991367
1907,JPN,Bonds,0.015738306684734832
1902,ESP,Bonds,0.054942344796102306
1962,ESP,Bonds,0.088833447406358
2019,AUS,Bonds,0.09876261548608628
2005,BEL,Bonds,0.059346947854565194
2004,CHE,Bonds,0.061013900754579124
1996,PRT,Bonds,0.18301764408416457
1937,JPN,Bonds,0.013839622587952172
1949,JPN,Bonds,0.04751853092348717
1998,NLD,Bonds,0.13513599215498728
2006,SWE,Bonds,-0.0037191902679486848
1887,FRA,Bonds,0.024164492895193422
1896,PRT,Bonds,0.034290674942672364
1938,NLD,Bonds,0.03868849181515745
1930,FIN,Bonds,0.08511817751585293
1944,BEL,Bonds,0.058681154245758385
1938,DEU,Bonds,0.053320717440236864
1992,AUS,Bonds,0.11699891529876877
1999,ESP,Bonds,-0.04712548724569292
1949,FIN,Bonds,0.1273816473680445
1962,JPN,Bonds,0.08578187697154203
1910,FRA,Bonds,0.024713322320640475
1935,DNK,Bonds,0.005364695378219476
1923,FRA,Bonds,0.010623301637708294
1960,AUS,Bonds,0.03215348207921931
2009,NLD,Bonds,0.0021160307570007586
2012,FIN,Bonds,0.08603815497853083
2001,GBR,Bonds,0.03948025637133684
1936,ITA,Bonds,0.015561226834509063
2010,NOR,Bonds,0.07167716400206363
1961,PRT,Bonds,-0.012010408548709025
2003,DNK,Bonds,0.027173965968068987
1912,CHE,Bonds,0.00038007505972588625
1927,FRA,Bonds,0.13833286671657324
1986,FIN,Bonds,0.15766464172625821
1972,NLD,Bonds,0.0321374902773502
2003,BEL,Bonds,0.03106206781001756
1968,BEL,Bonds,0.03442858312062594
1922,NOR,Bonds,0.12155498445716337
2012,GBR,Bonds,0.053757192066304915
1883,BEL,Bonds,0.027633089831638563
1897,NOR,Bonds,0.035578486579660284
1980,DEU,Bonds,0.033157061713547625
2009,CHE,Bonds,0.0011677788278760363
1938,ITA,Bonds,0.04876084332664299
1966,BEL,Bonds,0.03883855663544492
1935,NOR,Bonds,0.01667085053707826
1987,ITA,Bonds,0.07327323801203128
1988,DEU,Bonds,0.0641770804889228
1893,DEU,Bonds,0.03999795361944903
1886,BEL,Bonds,0.08306134935457238
1984,GBR,Bonds,0.09620623790215231
1923,NOR,Bonds,0.014230580018049735
1873,SWE,Bonds,0.04052376199408341
1985,JPN,Bonds,0.1747492232691215
1919,JPN,Bonds,0.007937200577276728
1981,GBR,Bonds,0.07456159289719148
1922,NLD,Bonds,0.12385440959852483
1926,DNK,Bonds,0.07410204013401665
1912,NOR,Bonds,-0.00260095229236572
1875,FRA,Bonds,0.09344358174157091
1990,PRT,Bonds,0.10778700705833075
1997,CHE,Bonds,0.11089945320402043
1988,NLD,Bonds,0.06982517807810452
1974,ITA,Bonds,-0.04355071395476887
1912,ITA,Bonds,0.027848448709583327
1924,JPN,Bonds,0.06443440538145143
1935,NLD,Bonds,-0.008047420761257772
2007,FRA,Bonds,-0.023265796065218627
1987,SWE,Bonds,0.04234587404198147
1927,ESP,Bonds,0.07715057034667651
1904,DNK,Bonds,0.0239357282178949
1934,BEL,Bonds,0.17639546977145257
1891,NOR,Bonds,0.01327992969780678
1926,CHE,Bonds,0.05642394921652201
1906,DEU,Bonds,0.021090662193291577
1929,FIN,Bonds,0.0620577808299362
1907,SWE,Bonds,-0.00456921011837543
1896,DEU,Bonds,0.0357650346339099
1891,BEL,Bonds,0.04136861449990572
2008,PRT,Bonds,0.12017513623497737
1992,FRA,Bonds,0.09278688478264273
2019,DNK,Bonds,0.0832040622049798
1907,AUS,Bonds,-0.005211217906830276
1940,PRT,Bonds,0.0470413160217861
1916,ESP,Bonds,0.021912804118691898
1890,PRT,Bonds,-0.00928811478066055
1875,USA,Bonds,0.07520100862302488
1886,DEU,Bonds,0.06271082895000685
2005,NOR,Bonds,0.06520126975019894
1871,DEU,Bonds,0.11796160438880113
1988,CHE,Bonds,0.05318538590090241
1902,NOR,Bonds,0.05249801039321149
1932,ITA,Bonds,0.1516458704146817
1935,SWE,Bonds,-0.030274528125649892
1989,FIN,Bonds,0.07736377537544412
1973,ITA,Bonds,0.003539425915921518
1954,NLD,Bonds,0.0577441096123552
1892,DEU,Bonds,0.046726535867515254
2001,FIN,Bonds,0.04749936568379483
1978,JPN,Bonds,0.048509552879736816
2016,JPN,Bonds,0.09004199999886957
1893,DNK,Bonds,0.042570850895415104
1937,CHE,Bonds,0.011887036914921389
1895,USA,Bonds,0.038244986422958406
1961,NOR,Bonds,0.01564529175477368
1916,AUS,Bonds,0.00021955293942082718
1926,BEL,Bonds,0.1861287183005533
1988,NOR,Bonds,0.14448776712099393
1942,FRA,Bonds,0.041124225770402555
2005,PRT,Bonds,0.06147701013921849
1946,PRT,Bonds,0.02937601935033813
1942,AUS,Bonds,0.05171114111592105
1958,FIN,Bonds,0.08315592283898172
1880,DNK,Bonds,0.07719307102120174
1918,DEU,Bonds,0.05814803142077302
1900,DNK,Bonds,0.0254651573301049
1898,NOR,Bonds,0.017446039375801296
1969,NOR,Bonds,-0.03891819227915504
1977,SWE,Bonds,0.09395739004601003
1992,DNK,Bonds,0.08948213004223482
1904,NLD,Bonds,0.029359342472243807
1921,NLD,Bonds,0.10167392464789823
1945,PRT,Bonds,0.08849502886334128
1874,DEU,Bonds,0.05494485857625708
1976,ITA,Bonds,0.06418482248321238
1979,DEU,Bonds,-0.0012497170942481783
2004,NLD,Bonds,0.08136742958275293
1889,USA,Bonds,0.03510632210127479
2003,DEU,Bonds,0.025171267889401085
1952,ESP,Bonds,0.03316306036331284
1946,FRA,Bonds,-0.01655048458895625
2010,DEU,Bonds,0.05163843487930219
1909,DNK,Bonds,0.03443669330673871
2009,AUS,Bonds,-0.05748223386975251
1980,PRT,Bonds,0.15469461135085455
1971,ESP,Bonds,0.12019982133931402
2002,JPN,Bonds,0.10012226093162466
1917,ESP,Bonds,0.033636613716580985
1930,ESP,Bonds,0.05491045386345432
1988,AUS,Bonds,0.09769793702998206
1998,DNK,Bonds,0.12662515249575862
1919,CHE,Bonds,-0.0030908689277850173
1964,AUS,Bonds,0.022282412430655704
1878,DEU,Bonds,0.0504519604065194
2005,ESP,Bonds,0.06400237119826538
1982,SWE,Bonds,0.1880983155629323
2000,BEL,Bonds,0.07599177158570455
1904,ITA,Bonds,0.02949737356018351
1980,ITA,Bonds,0.055550547014797294
2003,ITA,Bonds,0.02819303876232014
1963,PRT,Bonds,0.030952420404925664
1910,NLD,Bonds,0.025671918333390217
1925,DNK,Bonds,0.04672608565630205
2018,ITA,Bonds,0.006182572349524058
1982,ESP,Bonds,0.20346414621138648
1908,FIN,Bonds,0.060255805092762904
1900,FIN,Bonds,-0.02202182809849706
1885,DEU,Bonds,0.050929608447437325
1898,USA,Bonds,0.024414969444747678
1954,GBR,Bonds,0.06324010686269156
1898,BEL,Bonds,0.01181392507923171
1912,PRT,Bonds,0.0395903699411458
1907,DNK,Bonds,0.021905166846089254
1971,SWE,Bonds,0.12764288083622088
1968,DNK,Bonds,0.10248682471240214
1969,ITA,Bonds,-0.011859572989127983
2005,SWE,Bonds,0.08113609539897773
1987,DNK,Bonds,0.06435675591861593
1914,SWE,Bonds,-0.029508463266433742
1948,ESP,Bonds,0.02609702512136055
1879,BEL,Bonds,0.09540671897543558
1991,DNK,Bonds,0.1809455235075063
1936,AUS,Bonds,0.03950735371590569
1989,ITA,Bonds,0.09707331419762472
1952,ITA,Bonds,0.052629962023276036
2001,NOR,Bonds,0.04356862090255421
2012,FRA,Bonds,0.12460103589282319
1953,FIN,Bonds,0.08081170420172597
1950,ITA,Bonds,0.019592230853999817
1931,NLD,Bonds,-0.05588991805387319
1960,SWE,Bonds,0.042299372250250114
1999,ITA,Bonds,-0.047121265492494444
1896,SWE,Bonds,0.04515223970770492
1970,ITA,Bonds,0.06300953160814331
2003,SWE,Bonds,0.02553528311417396
1994,GBR,Bonds,-0.08908125666052787
1996,FIN,Bonds,0.12228261881162496
1924,SWE,Bonds,0.03913578638901068
1995,NLD,Bonds,0.21417670486852927
1927,NOR,Bonds,0.04962554874495823
1957,ESP,Bonds,0.02624479013678259
2014,JPN,Bonds,0.13756625000995773
1967,ITA,Bonds,0.018943866382221765
1999,DEU,Bonds,-0.025003191354914665
1918,NLD,Bonds,0.02657595267171811
1919,FIN,Bonds,-0.08780246638993025
1959,SWE,Bonds,0.018715284676539705
1973,FIN,Bonds,-0.029877606855837176
1994,PRT,Bonds,-0.06749204441188633
1933,NLD,Bonds,0.017685784122770838
1883,FRA,Bonds,0.023026631155586362
1978,NOR,Bonds,0.06256844112600368
1904,FIN,Bonds,-0.047530249983895476
1973,GBR,Bonds,-0.054336199192098505
1973,DEU,Bonds,0.0001895524210041022
1996,SWE,Bonds,0.1538647783556853
1993,BEL,Bonds,0.20096729753351147
1964,FIN,Bonds,0.035411878311143806
1938,FIN,Bonds,0.04511958118921727
2006,ESP,Bonds,-0.007238078182239099
1972,PRT,Bonds,0.06022694513151833
1910,NOR,Bonds,0.016097471461775065
1891,SWE,Bonds,0.007833425606830114
1901,NLD,Bonds,0.04956226628328081
1941,SWE,Bonds,0.12106951386316081
1906,ESP,Bonds,0.04360136752399963
1955,NOR,Bonds,-0.051698340372164184
1970,DEU,Bonds,0.0753784351645197
1900,CHE,Bonds,0.0240093516827291
1914,ITA,Bonds,-0.002996704359212069
1949,BEL,Bonds,0.07052648691511888
1972,FIN,Bonds,0.08590860618857973
1933,DEU,Bonds,0.11285628120465455
1963,NOR,Bonds,0.037704327820744156
2010,GBR,Bonds,0.08037456659555732
1923,FIN,Bonds,0.1777214513797621
1952,PRT,Bonds,0.04526748767661404
1901,SWE,Bonds,0.05401245119092593
1986,BEL,Bonds,0.22015907277131228
2008,ESP,Bonds,0.11952651659786268
1955,SWE,Bonds,-0.02908362541388437
1883,DNK,Bonds,0.03693866405076147
1995,AUS,Bonds,0.2242721053973546
1986,NLD,Bonds,0.12300951470690571
1902,FIN,Bonds,0.04117918544315681
1974,FIN,Bonds,0.01543241909294875
1994,NLD,Bonds,-0.07919896772051262
1993,NLD,Bonds,0.1943750311075969
2011,BEL,Bonds,0.06314992337807165
1997,SWE,Bonds,0.13545236510943712
2009,DEU,Bonds,0.0012962918106903566
1973,ESP,Bonds,-0.01000063914953062
1942,NLD,Bonds,0.058660026137763735
1952,DNK,Bonds,0.03467537755036244
1907,FRA,Bonds,0.023920145100076368
1979,BEL,Bonds,-0.044146399339181436
1988,DNK,Bonds,0.20997844062984877
1889,BEL,Bonds,0.046559107517475995
1999,CHE,Bonds,-0.040368148976272424
1935,JPN,Bonds,0.03074883521149618
1987,FRA,Bonds,0.019057426256922368
1908,FRA,Bonds,0.04642789672768591
1968,ITA,Bonds,0.027082276174246717
1998,FIN,Bonds,0.1423951688473663
1932,AUS,Bonds,0.2768170929719645
1979,GBR,Bonds,0.015090775236103663
2004,SWE,Bonds,0.09148741805183465
1928,DEU,Bonds,0.0666114140551343
1961,DEU,Bonds,0.04991741341966479
1975,SWE,Bonds,0.06743215346128865
2018,JPN,Bonds,0.01495279321393081
1921,DEU,Bonds,0.2656362974919375
1911,BEL,Bonds,0.0033784135144646786
1917,JPN,Bonds,0.02694724020470338
1942,SWE,Bonds,0.03278747934674819
1896,USA,Bonds,0.04594538290844208
1959,PRT,Bonds,0.009360819685296099
1893,NOR,Bonds,0.03694013362922838
1973,SWE,Bonds,0.02405668435356778
1925,JPN,Bonds,0.0462878390292308
1997,FIN,Bonds,0.12449932019723975
1960,ESP,Bonds,0.08121813966900576
1979,ESP,Bonds,-0.009371956683736558
1932,FRA,Bonds,0.11246866727082239
1904,JPN,Bonds,0.002425441581528437
1871,BEL,Bonds,0.09906030991000483
1954,DEU,Bonds,0.06799595369713832
1970,CHE,Bonds,0.06566194220179315
1911,FIN,Bonds,0.037381135257841785
1965,CHE,Bonds,0.028605567915914877
2020,BEL,Bonds,0.058738278959177506
1982,NOR,Bonds,0.20217401043589595
1986,CHE,Bonds,0.11938902900475155
1953,CHE,Bonds,0.0471665254561183
1897,SWE,Bonds,0.038164262263151394
1923,JPN,Bonds,0.045988870156919416
1974,NLD,Bonds,0.07855290268612407
1986,SWE,Bonds,0.20661935752329208
1939,NOR,Bonds,-0.05597233770471181
1963,JPN,Bonds,0.03602038519675305
1965,SWE,Bonds,0.018077912490487943
1984,FIN,Bonds,0.12945893709690945
2010,FIN,Bonds,0.06876105592554477
1902,JPN,Bonds,0.06937397888552563
1958,DEU,Bonds,0.07114060826901099
1905,AUS,Bonds,0.0754535204241426
1898,FIN,Bonds,0.040640154615400395
1984,AUS,Bonds,0.14383923823383776
1974,DNK,Bonds,0.0027242146125484494
1941,JPN,Bonds,0.05340724735669457
1899,FRA,Bonds,0.008925929592828634
1920,CHE,Bonds,-0.04743763021574103
1878,SWE,Bonds,0.03675959998842711
1950,ESP,Bonds,0.01693734640146584
1978,DEU,Bonds,0.03499853400268777
1907,ESP,Bonds,0.038572510133019385
2003,PRT,Bonds,0.030559923736362394
1888,FRA,Bonds,0.04795551366949201
1921,BEL,Bonds,0.08117692793197655
1904,DEU,Bonds,0.02308985123333044
1982,JPN,Bonds,0.20108866678404708
2011,ITA,Bonds,0.03267799520037934
1957,FRA,Bonds,0.03558458192563216
1905,CHE,Bonds,0.0483997236632824
2014,ESP,Bonds,0.23468252727462602
1985,DNK,Bonds,0.3232184979410807
1882,PRT,Bonds,0.01385465530277542
1994,NOR,Bonds,-0.08880519661235442
1882,NOR,Bonds,0.029321608094209667
1922,AUS,Bonds,0.09442628992226586
1980,JPN,Bonds,0.04633614979651861
1878,USA,Bonds,0.05215812274602817
1987,BEL,Bonds,0.0335840192602285
1910,ITA,Bonds,0.031117813877343786
1983,DEU,Bonds,0.06636703391377471
1884,PRT,Bonds,0.029733324545398215
2006,JPN,Bonds,0.0021803010741193478
1972,BEL,Bonds,0.056360798673396294
1921,CHE,Bonds,0.15202526261997026
1988,PRT,Bonds,0.09522079021941866
1926,SWE,Bonds,0.058520142176911746
1990,AUS,Bonds,0.11462452084844436
1917,DEU,Bonds,0.01924870184719022
1955,PRT,Bonds,-0.011355574466571476
1940,NLD,Bonds,0.10666621990121244
1877,DEU,Bonds,0.037208510518268546
2013,AUS,Bonds,-0.04643412143449835
1900,AUS,Bills,0.03099999949336052
1901,AUS,Bills,0.02879999950528145
1902,AUS,Bills,0.02879999950528145
1903,AUS,Bills,0.031300000846385956
1904,AUS,Bills,0.032499998807907104
1905,AUS,Bills,0.032499998807907104
1906,AUS,Bills,0.032499998807907104
1907,AUS,Bills,0.03189999982714653
1908,AUS,Bills,0.03189999982714653
1909,AUS,Bills,0.031300000846385956
1910,AUS,Bills,0.031300000846385956
1911,AUS,Bills,0.032499998807907104
1912,AUS,Bills,0.033799998462200165
1913,AUS,Bills,0.032999999821186066
1914,AUS,Bills,0.032999999821186066
1915,AUS,Bills,0.034730080515146255
1916,AUS,Bills,0.03524843975901604
1917,AUS,Bills,0.03680352121591568
1918,AUS,Bills,0.03732188045978546
1919,AUS,Bills,0.03732188045978546
1920,AUS,Bills,0.03939530998468399
1921,AUS,Bills,0.04084672033786774
1922,AUS,Bills,0.04084672033786774
1923,AUS,Bills,0.041468750685453415
1924,AUS,Bills,0.041468750685453415
1925,AUS,Bills,0.04209078103303909
1926,AUS,Bills,0.04209078103303909
1927,AUS,Bills,0.04209078103303909
1928,AUS,Bills,0.04209078103303909
1929,AUS,Bills,0.04343852028250694
1930,AUS,Bills,0.04343852028250694
1931,AUS,Bills,0.042816489934921265
1932,AUS,Bills,0.03286398947238922
1933,AUS,Bills,0.02768038958311081
1934,AUS,Bills,0.02591796964406967
1935,AUS,Bills,0.023326169699430466
1936,AUS,Bills,0.023326169699430466
1937,AUS,Bills,0.023326169699430466
1938,AUS,Bills,0.023326169699430466
1939,AUS,Bills,0.024155549705028534
1940,AUS,Bills,0.023326169699430466
1941,AUS,Bills,0.022496800869703293
1942,AUS,Bills,0.021563749760389328
1943,AUS,Bills,0.021563749760389328
1944,AUS,Bills,0.021563749760389328
1948,AUS,Bills,0.02250000089406967
1949,AUS,Bills,0.019899999722838402
1950,AUS,Bills,0.019500000402331352
1951,AUS,Bills,0.020099999383091927
1952,AUS,Bills,0.024900000542402267
1953,AUS,Bills,0.030700000002980232
1954,AUS,Bills,0.033399999141693115
1955,AUS,Bills,0.03790000081062317
1956,AUS,Bills,0.0471000000834465
1957,AUS,Bills,0.04569999873638153
1958,AUS,Bills,0.042899999767541885
1959,AUS,Bills,0.039900001138448715
1960,AUS,Bills,0.04390000179409981
1961,AUS,Bills,0.04989999905228615
1962,AUS,Bills,0.042899999767541885
1963,AUS,Bills,0.03819999843835831
1964,AUS,Bills,0.041200000792741776
1965,AUS,Bills,0.048500001430511475
1966,AUS,Bills,0.04919999837875366
1967,AUS,Bills,0.045499999076128006
1968,AUS,Bills,0.04809999838471413
1969,AUS,Bills,0.0478999987244606
1970,AUS,Bills,0.05381666496396065
1971,AUS,Bills,0.054116666316986084
1972,AUS,Bills,0.04319166764616966
1973,AUS,Bills,0.0521249994635582
1974,AUS,Bills,0.09069166332483292
1975,AUS,Bills,0.07509999722242355
1976,AUS,Bills,0.07511666417121887
1977,AUS,Bills,0.08524999767541885
1978,AUS,Bills,0.08646667003631592
1979,AUS,Bills,0.0887666642665863
1980,AUS,Bills,0.10667499899864197
1981,AUS,Bills,0.13250833749771118
1982,AUS,Bills,0.14642499387264252
1983,AUS,Bills,0.11060833185911179
1984,AUS,Bills,0.10984999686479568
1985,AUS,Bills,0.1542000025510788
1986,AUS,Bills,0.15386666357517242
1987,AUS,Bills,0.12798333168029785
1988,AUS,Bills,0.12141666561365128
1989,AUS,Bills,0.1679999977350235
1990,AUS,Bills,0.1415083259344101
1991,AUS,Bills,0.09955833107233047
1992,AUS,Bills,0.06265000253915787
1993,AUS,Bills,0.05001666769385338
1994,AUS,Bills,0.05694166570901871
1995,AUS,Bills,0.07643807679414749
1996,AUS,Bills,0.07016424834728241
1997,AUS,Bills,0.05290240794420242
1998,AUS,Bills,0.048368144780397415
1999,AUS,Bills,0.047584500163793564
2000,AUS,Bills,0.059760842472314835
2001,AUS,Bills,0.04800190031528473
2002,AUS,Bills,0.045508332550525665
2003,AUS,Bills,0.04809166491031647
2004,AUS,Bills,0.05249999836087227
2005,AUS,Bills,0.05457499995827675
2006,AUS,Bills,0.0580499991774559
2007,AUS,Bills,0.06387526541948318
2008,AUS,Bills,0.06671666353940964
2009,AUS,Bills,0.03278174623847008
2010,AUS,Bills,0.0434604175388813
2011,AUS,Bills,0.046927083283662796
2012,AUS,Bills,0.03696666657924652
2013,AUS,Bills,0.027374999597668648
2014,AUS,Bills,0.02500000037252903
2015,AUS,Bills,0.02109166607260704
2016,AUS,Bills,0.019867
2017,AUS,Bills,0.0174
2018,AUS,Bills,0.019483
2019,AUS,Bills,0.013442
2020,AUS,Bills,0.002567
1871,BEL,Bills,0.0332646481692791
1872,BEL,Bills,0.030574839562177658
1873,BEL,Bills,0.03345952928066254
1874,BEL,Bills,0.0335787795484066
1875,BEL,Bills,0.03364000841975212
1876,BEL,Bills,0.03374059125781059
1877,BEL,Bills,0.033955398947000504
1878,BEL,Bills,0.033992718905210495
1879,BEL,Bills,0.03402120992541313
1880,BEL,Bills,0.03402163088321686
1881,BEL,Bills,0.03408151865005493
1882,BEL,Bills,0.03360145166516304
1883,BEL,Bills,0.033456820994615555
1884,BEL,Bills,0.03456123173236847
1885,BEL,Bills,0.03459674119949341
1886,BEL,Bills,0.03469594940543175
1887,BEL,Bills,0.034018829464912415
1888,BEL,Bills,0.0338466614484787
1889,BEL,Bills,0.033179640769958496
1890,BEL,Bills,0.03278009966015816
1891,BEL,Bills,0.032783009111881256
1892,BEL,Bills,0.032807111740112305
1893,BEL,Bills,0.032760139554739
1894,BEL,Bills,0.03244104981422424
1895,BEL,Bills,0.03159615024924278
1896,BEL,Bills,0.03174474835395813
1897,BEL,Bills,0.031837739050388336
1898,BEL,Bills,0.030935190618038177
1899,BEL,Bills,0.030915550887584686
1900,BEL,Bills,0.031164009124040604
1901,BEL,Bills,0.03134629875421524
1902,BEL,Bills,0.031370680779218674
1903,BEL,Bills,0.03101206012070179
1904,BEL,Bills,0.03143617883324623
1905,BEL,Bills,0.03146369010210037
1906,BEL,Bills,0.031209399923682213
1907,BEL,Bills,0.03132813051342964
1908,BEL,Bills,0.03135325014591217
1909,BEL,Bills,0.030959440395236015
1910,BEL,Bills,0.0309192705899477
1911,BEL,Bills,0.030939970165491104
1912,BEL,Bills,0.031060589477419853
1913,BEL,Bills,0.03113899938762188
1920,BEL,Bills,0.02845766954123974
1921,BEL,Bills,0.02854277938604355
1922,BEL,Bills,0.028658630326390266
1923,BEL,Bills,0.030416779220104218
1924,BEL,Bills,0.033241111785173416
1925,BEL,Bills,0.03632991015911102
1926,BEL,Bills,0.03634915128350258
1927,BEL,Bills,0.036575619131326675
1928,BEL,Bills,0.03667815029621124
1929,BEL,Bills,0.03989103063941002
1930,BEL,Bills,0.03480000048875809
1931,BEL,Bills,0.023000000044703484
1932,BEL,Bills,0.02449999935925007
1933,BEL,Bills,0.02500000037252903
1934,BEL,Bills,0.02329999953508377
1935,BEL,Bills,0.019700000062584877
1936,BEL,Bills,0.018200000748038292
1937,BEL,Bills,0.01600000075995922
1938,BEL,Bills,0.01600000075995922
1939,BEL,Bills,0.01600000075995922
1940,BEL,Bills,0.01600000075995922
1941,BEL,Bills,0.015200000256299973
1942,BEL,Bills,0.014000000432133675
1943,BEL,Bills,0.014000000432133675
1944,BEL,Bills,0.01269999984651804
1945,BEL,Bills,0.012500000186264515
1946,BEL,Bills,0.01269999984651804
1947,BEL,Bills,0.014000000432133675
1948,BEL,Bills,0.014000000432133675
1949,BEL,Bills,0.014000000432133675
1950,BEL,Bills,0.014000000432133675
1951,BEL,Bills,0.014000000432133675
1952,BEL,Bills,0.014000000432133675
1953,BEL,Bills,0.014000000432133675
1954,BEL,Bills,0.014000000432133675
1955,BEL,Bills,0.014000000432133675
1956,BEL,Bills,0.014000000432133675
1957,BEL,Bills,0.016200000420212746
1958,BEL,Bills,0.021400000900030136
1959,BEL,Bills,0.016499999910593033
1960,BEL,Bills,0.03189999982714653
1961,BEL,Bills,0.033799998462200165
1962,BEL,Bills,0.026900000870227814
1963,BEL,Bills,0.025800000876188278
1964,BEL,Bills,0.03350000083446503
1965,BEL,Bills,0.046300001442432404
1966,BEL,Bills,0.05209999904036522
1967,BEL,Bills,0.05220000073313713
1968,BEL,Bills,0.04010000079870224
1969,BEL,Bills,0.06949999928474426
1970,BEL,Bills,0.07859999686479568
1971,BEL,Bills,0.05090000107884407
1972,BEL,Bills,0.038600001484155655
1973,BEL,Bills,0.06159999966621399
1974,BEL,Bills,0.10209999978542328
1975,BEL,Bills,0.06989999860525131
1976,BEL,Bills,0.09769999980926514
1977,BEL,Bills,0.07079999893903732
1978,BEL,Bills,0.0714000016450882
1979,BEL,Bills,0.10760000348091125
1980,BEL,Bills,0.14079999923706055
1981,BEL,Bills,0.1525000035762787
1982,BEL,Bills,0.14090000092983246
1983,BEL,Bills,0.10540000349283218
1984,BEL,Bills,0.11420000344514847
1985,BEL,Bills,0.0957999974489212
1986,BEL,Bills,0.08100000023841858
1987,BEL,Bills,0.07090000063180923
1988,BEL,Bills,0.06719999760389328
1989,BEL,Bills,0.0868000015616417
1990,BEL,Bills,0.09669999778270721
1991,BEL,Bills,0.09309999644756317
1992,BEL,Bills,0.09359999746084213
1993,BEL,Bills,0.08160000294446945
1994,BEL,Bills,0.0568000003695488
1995,BEL,Bills,0.04780000075697899
1996,BEL,Bills,0.032099999487400055
1997,BEL,Bills,0.034299999475479126
1998,BEL,Bills,0.03550000116229057
1999,BEL,Bills,0.027799999341368675
2000,BEL,Bills,0.042399998754262924
2001,BEL,Bills,0.04149999842047691
2002,BEL,Bills,0.032099999487400055
2003,BEL,Bills,0.022199999541044235
2004,BEL,Bills,0.020099999383091927
2005,BEL,Bills,0.02070000022649765
2006,BEL,Bills,0.028999999165534973
2007,BEL,Bills,0.03889999911189079
2008,BEL,Bills,0.03669999912381172
2009,BEL,Bills,0.006599999964237213
2010,BEL,Bills,0.00430000014603138
2011,BEL,Bills,0.010099999606609344
2012,BEL,Bills,0.0013000000035390258
2013,BEL,Bills,0.0005000000237487257
2014,BEL,Bills,0.0005000000237487257
2015,BEL,Bills,-0.002199999988079071
2016,BEL,Bills,-0.002637
2017,BEL,Bills,-0.003291
2018,BEL,Bills,-0.003221
2019,BEL,Bills,-0.003563
2020,BEL,Bills,-0.004252000000000001
1900,CHE,Bills,0.039000000804662704
1901,CHE,Bills,0.03849999979138374
1902,CHE,Bills,0.03709999844431877
1903,CHE,Bills,0.03669999912381172
1904,CHE,Bills,0.0364999994635582
1905,CHE,Bills,0.0364999994635582
1906,CHE,Bills,0.03700000047683716
1907,CHE,Bills,0.03799999877810478
1908,CHE,Bills,0.039500001817941666
1909,CHE,Bills,0.039500001817941666
1910,CHE,Bills,0.039500001817941666
1911,CHE,Bills,0.039500001817941666
1912,CHE,Bills,0.03999999910593033
1913,CHE,Bills,0.04149999842047691
1914,CHE,Bills,0.04149999842047691
1916,CHE,Bills,0.041999999433755875
1917,CHE,Bills,0.041999999433755875
1918,CHE,Bills,0.041999999433755875
1919,CHE,Bills,0.041999999433755875
1920,CHE,Bills,0.0430000014603138
1921,CHE,Bills,0.045499999076128006
1922,CHE,Bills,0.04349999874830246
1923,CHE,Bills,0.039500001817941666
1924,CHE,Bills,0.04100000113248825
1925,CHE,Bills,0.04349999874830246
1926,CHE,Bills,0.041999999433755875
1927,CHE,Bills,0.041999999433755875
1928,CHE,Bills,0.041999999433755875
1929,CHE,Bills,0.041999999433755875
1930,CHE,Bills,0.04100000113248825
1931,CHE,Bills,0.03550000116229057
1932,CHE,Bills,0.03020000085234642
1933,CHE,Bills,0.029883330687880516
1934,CHE,Bills,0.030391670763492584
1935,CHE,Bills,0.030158329755067825
1936,CHE,Bills,0.030033329501748085
1937,CHE,Bills,0.029758330434560776
1938,CHE,Bills,0.02645833045244217
1939,CHE,Bills,0.024833330884575844
1940,CHE,Bills,0.02592499926686287
1941,CHE,Bills,0.026249999180436134
1942,CHE,Bills,0.02503333054482937
1943,CHE,Bills,0.024900000542402267
1944,CHE,Bills,0.024783330038189888
1945,CHE,Bills,0.02463332936167717
1946,CHE,Bills,0.02419167011976242
1947,CHE,Bills,0.023116670548915863
1948,CHE,Bills,0.023283330723643303
1949,CHE,Bills,0.023683330044150352
1950,CHE,Bills,0.023133330047130585
1951,CHE,Bills,0.023099999874830246
1952,CHE,Bills,0.023116670548915863
1953,CHE,Bills,0.023116670548915863
1954,CHE,Bills,0.023099999874830246
1955,CHE,Bills,0.02318333089351654
1956,CHE,Bills,0.02329999953508377
1957,CHE,Bills,0.0244416706264019
1958,CHE,Bills,0.028483329340815544
1959,CHE,Bills,0.027416670694947243
1960,CHE,Bills,0.02710000053048134
1961,CHE,Bills,0.027283329516649246
1962,CHE,Bills,0.027516670525074005
1963,CHE,Bills,0.02784167043864727
1964,CHE,Bills,0.02970832958817482
1965,CHE,Bills,0.03188332915306091
1966,CHE,Bills,0.03322499990463257
1967,CHE,Bills,0.035716671496629715
1968,CHE,Bills,0.03604166954755783
1969,CHE,Bills,0.0625
1970,CHE,Bills,0.06750000268220901
1971,CHE,Bills,0.011500000022351742
1972,CHE,Bills,0.026900000870227814
1973,CHE,Bills,0.036400001496076584
1974,CHE,Bills,0.059700001031160355
1975,CHE,Bills,0.027499999850988388
1976,CHE,Bills,0.01510000042617321
1977,CHE,Bills,0.024700000882148743
1978,CHE,Bills,0.006599999964237213
1979,CHE,Bills,0.0100166667252779
1980,CHE,Bills,0.02290833368897438
1981,CHE,Bills,0.029341666027903557
1982,CHE,Bills,0.013225000351667404
1983,CHE,Bills,0.018433332443237305
1984,CHE,Bills,0.03340666741132736
1985,CHE,Bills,0.021250000223517418
1986,CHE,Bills,0.028750000521540642
1987,CHE,Bills,0.005625000223517418
1988,CHE,Bills,0.04874999821186066
1989,CHE,Bills,0.09687499701976776
1990,CHE,Bills,0.08749999850988388
1991,CHE,Bills,0.07562500238418579
1992,CHE,Bills,0.0637499988079071
1993,CHE,Bills,0.04125000163912773
1994,CHE,Bills,0.03500000014901161
1995,CHE,Bills,0.017500000074505806
1996,CHE,Bills,0.014999999664723873
1997,CHE,Bills,0.009999999776482582
1998,CHE,Bills,0.008750000037252903
1999,CHE,Bills,0.010937499813735485
2000,CHE,Bills,0.03500000014901161
2001,CHE,Bills,0.016499999910593033
2002,CHE,Bills,0.004399999976158142
2003,CHE,Bills,0.0008999999845400453
2004,CHE,Bills,0.005499999970197678
2005,CHE,Bills,0.006300000008195639
2006,CHE,Bills,0.01940000057220459
2007,CHE,Bills,0.019999999552965164
2008,CHE,Bills,0.00009999999747378752
2009,CHE,Bills,0.0005000000237487257
2010,CHE,Bills,0.00039999998989515007
2011,CHE,Bills,0.000699999975040555
2012,CHE,Bills,-0.00019999999494757503
2013,CHE,Bills,0.00009999999747378752
2014,CHE,Bills,-0.019999999552965164
2015,CHE,Bills,-0.009999999776482582
2016,CHE,Bills,-0.009000000000000001
2017,CHE,Bills,-0.01
2018,CHE,Bills,-0.0095
2019,CHE,Bills,-0.01
2020,CHE,Bills,-0.0085
1871,DEU,Bills,0.04125000163912773
1872,DEU,Bills,0.04125000163912773
1873,DEU,Bills,0.04625000059604645
1874,DEU,Bills,0.03500000014901161
1875,DEU,Bills,0.04749999940395355
1876,DEU,Bills,0.03750000149011612
1877,DEU,Bills,0.03999999910593033
1878,DEU,Bills,0.04500000178813934
1879,DEU,Bills,0.03500000014901161
1880,DEU,Bills,0.03375000134110451
1881,DEU,Bills,0.04125000163912773
1882,DEU,Bills,0.038750000298023224
1883,DEU,Bills,0.03500000014901161
1884,DEU,Bills,0.02889999933540821
1885,DEU,Bills,0.02850000001490116
1886,DEU,Bills,0.02160000056028366
1887,DEU,Bills,0.023000000044703484
1888,DEU,Bills,0.0210999995470047
1889,DEU,Bills,0.02630000002682209
1890,DEU,Bills,0.03779999911785126
1891,DEU,Bills,0.03020000085234642
1892,DEU,Bills,0.017999999225139618
1893,DEU,Bills,0.031700000166893005
1894,DEU,Bills,0.017400000244379044
1895,DEU,Bills,0.020099999383091927
1896,DEU,Bills,0.030400000512599945
1897,DEU,Bills,0.030899999663233757
1898,DEU,Bills,0.03550000116229057
1899,DEU,Bills,0.04450000077486038
1900,DEU,Bills,0.04410000145435333
1901,DEU,Bills,0.03060000017285347
1902,DEU,Bills,0.021900000050663948
1903,DEU,Bills,0.03009999915957451
1904,DEU,Bills,0.03139999881386757
1905,DEU,Bills,0.02850000001490116
1906,DEU,Bills,0.04039999842643738
1907,DEU,Bills,0.05119999870657921
1908,DEU,Bills,0.03519999980926514
1909,DEU,Bills,0.028599999845027924
1910,DEU,Bills,0.03539999946951866
1911,DEU,Bills,0.03539999946951866
1912,DEU,Bills,0.0421999990940094
1913,DEU,Bills,0.049800001084804535
1914,DEU,Bills,0.03629999980330467
1915,DEU,Bills,0.03889999911189079
1916,DEU,Bills,0.04619999974966049
1917,DEU,Bills,0.046300001442432404
1918,DEU,Bills,0.046300001442432404
1919,DEU,Bills,0.046300001442432404
1920,DEU,Bills,0.03590000048279762
1921,DEU,Bills,0.0348999984562397
1922,DEU,Bills,0.05939999967813492
1924,DEU,Bills,0.11110000312328339
1925,DEU,Bills,0.0820000022649765
1926,DEU,Bills,0.06030000001192093
1927,DEU,Bills,0.07259999960660934
1928,DEU,Bills,0.07460000365972519
1929,DEU,Bills,0.08269999921321869
1930,DEU,Bills,0.05660000070929527
1931,DEU,Bills,0.08449999988079071
1932,DEU,Bills,0.05040000006556511
1933,DEU,Bills,0.05050000175833702
1934,DEU,Bills,0.045499999076128006
1935,DEU,Bills,0.034699998795986176
1936,DEU,Bills,0.03310000151395798
1937,DEU,Bills,0.031700000166893005
1938,DEU,Bills,0.03009999915957451
1939,DEU,Bills,0.02500000037252903
1940,DEU,Bills,0.022199999541044235
1941,DEU,Bills,0.021800000220537186
1942,DEU,Bills,0.021299999207258224
1943,DEU,Bills,0.021299999207258224
1950,DEU,Bills,0.04309999942779541
1951,DEU,Bills,0.06019999831914902
1952,DEU,Bills,0.051100000739097595
1953,DEU,Bills,0.03579999879002571
1954,DEU,Bills,0.02889999933540821
1955,DEU,Bills,0.031300000846385956
1956,DEU,Bills,0.04699999839067459
1957,DEU,Bills,0.03959999978542328
1958,DEU,Bills,0.030799999833106995
1959,DEU,Bills,0.027049999684095383
1960,DEU,Bills,0.0456399992108345
1961,DEU,Bills,0.029319999739527702
1962,DEU,Bills,0.02662000060081482
1963,DEU,Bills,0.02996000088751316
1964,DEU,Bills,0.03288000077009201
1965,DEU,Bills,0.041039999574422836
1966,DEU,Bills,0.05339000001549721
1967,DEU,Bills,0.033479999750852585
1968,DEU,Bills,0.025930000469088554
1969,DEU,Bills,0.04806999862194061
1970,DEU,Bills,0.08647000044584274
1971,DEU,Bills,0.0616299994289875
1972,DEU,Bills,0.04301999881863594
1973,DEU,Bills,0.10182999819517136
1974,DEU,Bills,0.08866000175476074
1975,DEU,Bills,0.044039998203516006
1976,DEU,Bills,0.03884999826550484
1977,DEU,Bills,0.04139000177383423
1978,DEU,Bills,0.03359999880194664
1979,DEU,Bills,0.058720000088214874
1980,DEU,Bills,0.09060999751091003
1981,DEU,Bills,0.11263000220060349
1982,DEU,Bills,0.0866599977016449
1983,DEU,Bills,0.053630001842975616
1984,DEU,Bills,0.05544999986886978
1985,DEU,Bills,0.05192999914288521
1986,DEU,Bills,0.045729998499155045
1987,DEU,Bills,0.037220001220703125
1988,DEU,Bills,0.04008999839425087
1989,DEU,Bills,0.06588999927043915
1990,DEU,Bills,0.07923000305891037
1991,DEU,Bills,0.08839999884366989
1992,DEU,Bills,0.09415999799966812
1993,DEU,Bills,0.07489000260829926
1994,DEU,Bills,0.05347000062465668
1995,DEU,Bills,0.04503000155091286
1996,DEU,Bills,0.03272999823093414
1997,DEU,Bills,0.0318400003015995
1998,DEU,Bills,0.03413999825716019
1999,DEU,Bills,0.027319999411702156
2000,DEU,Bills,0.041120000183582306
2001,DEU,Bills,0.0437299981713295
2002,DEU,Bills,0.0327799990773201
2003,DEU,Bills,0.023180000483989716
2004,DEU,Bills,0.02048330008983612
2005,DEU,Bills,0.020899999886751175
2006,DEU,Bills,0.028358299285173416
2007,DEU,Bills,0.03859170153737068
2008,DEU,Bills,0.0381833016872406
2009,DEU,Bills,0.006258329842239618
2010,DEU,Bills,0.0038333300035446882
2011,DEU,Bills,0.008091670460999012
2012,DEU,Bills,0.0025500000920146704
2013,DEU,Bills,0.0008916666847653687
2014,DEU,Bills,0.0009666666737757623
2015,DEU,Bills,-0.001075000036507845
2016,DEU,Bills,-0.002637
2017,DEU,Bills,-0.003291
2018,DEU,Bills,-0.003221
2019,DEU,Bills,-0.003563
2020,DEU,Bills,-0.004252000000000001
1875,DNK,Bills,0.05380000174045563
1876,DNK,Bills,0.0560000017285347
1877,DNK,Bills,0.05620000138878822
1878,DNK,Bills,0.05130000039935112
1879,DNK,Bills,0.03999999910593033
1880,DNK,Bills,0.03480000048875809
1881,DNK,Bills,0.0357000008225441
1882,DNK,Bills,0.04349999874830246
1883,DNK,Bills,0.04670000076293945
1884,DNK,Bills,0.04529999941587448
1885,DNK,Bills,0.04340000078082085
1886,DNK,Bills,0.04050000011920929
1887,DNK,Bills,0.03500000014901161
1888,DNK,Bills,0.033399999141693115
1889,DNK,Bills,0.0357000008225441
1890,DNK,Bills,0.041099999099969864
1891,DNK,Bills,0.04390000179409981
1892,DNK,Bills,0.04280000180006027
1893,DNK,Bills,0.040800001472234726
1894,DNK,Bills,0.03999999910593033
1895,DNK,Bills,0.03920000046491623
1896,DNK,Bills,0.038600001484155655
1897,DNK,Bills,0.04619999974966049
1898,DNK,Bills,0.04580000042915344
1899,DNK,Bills,0.056699998676776886
1900,DNK,Bills,0.062199998646974564
1901,DNK,Bills,0.057500001043081284
1902,DNK,Bills,0.044599998742341995
1903,DNK,Bills,0.04540000110864639
1904,DNK,Bills,0.0478999987244606
1905,DNK,Bills,0.045499999076128006
1906,DNK,Bills,0.054499998688697815
1907,DNK,Bills,0.06419999897480011
1908,DNK,Bills,0.06780000030994415
1909,DNK,Bills,0.05339999869465828
1910,DNK,Bills,0.05350000038743019
1911,DNK,Bills,0.04989999905228615
1912,DNK,Bills,0.05380000174045563
1913,DNK,Bills,0.05979999899864197
1914,DNK,Bills,0.059700001031160355
1916,DNK,Bills,0.052799999713897705
1917,DNK,Bills,0.04769999906420708
1918,DNK,Bills,0.05469999834895134
1919,DNK,Bills,0.06109999865293503
1920,DNK,Bills,0.0731000006198883
1921,DNK,Bills,0.06199999898672104
1922,DNK,Bills,0.05640000104904175
1923,DNK,Bills,0.06109999865293503
1924,DNK,Bills,0.06392499804496765
1925,DNK,Bills,0.06392499804496765
1926,DNK,Bills,0.053325001150369644
1927,DNK,Bills,0.049424998462200165
1928,DNK,Bills,0.04922499880194664
1929,DNK,Bills,0.05152500048279762
1930,DNK,Bills,0.047325000166893005
1931,DNK,Bills,0.046025000512599945
1932,DNK,Bills,0.05252499878406525
1933,DNK,Bills,0.04532499983906746
1934,DNK,Bills,0.038724999874830246
1935,DNK,Bills,0.03682500123977661
1936,DNK,Bills,0.04312499985098839
1937,DNK,Bills,0.04582500085234642
1938,DNK,Bills,0.045524999499320984
1939,DNK,Bills,0.046424999833106995
1940,DNK,Bills,0.048124998807907104
1941,DNK,Bills,0.03999999910593033
1942,DNK,Bills,0.03999999910593033
1943,DNK,Bills,0.03999999910593033
1944,DNK,Bills,0.03999999910593033
1945,DNK,Bills,0.03999999910593033
1946,DNK,Bills,0.035208333283662796
1947,DNK,Bills,0.03500000014901161
1948,DNK,Bills,0.03500000014901161
1949,DNK,Bills,0.03500000014901161
1950,DNK,Bills,0.040833331644535065
1951,DNK,Bills,0.05000000074505806
1952,DNK,Bills,0.05000000074505806
1953,DNK,Bills,0.04874999821186066
1954,DNK,Bills,0.05000000074505806
1955,DNK,Bills,0.05791666731238365
1956,DNK,Bills,0.05999999865889549
1957,DNK,Bills,0.05999999865889549
1958,DNK,Bills,0.056458331644535065
1959,DNK,Bills,0.05145833268761635
1960,DNK,Bills,0.059583332389593124
1961,DNK,Bills,0.06624999642372131
1962,DNK,Bills,0.07000000029802322
1963,DNK,Bills,0.06812500208616257
1964,DNK,Bills,0.06541666388511658
1965,DNK,Bills,0.07000000029802322
1966,DNK,Bills,0.07000000029802322
1967,DNK,Bills,0.07041666656732559
1968,DNK,Bills,0.0716666653752327
1969,DNK,Bills,0.08500000089406967
1970,DNK,Bills,0.0949999988079071
1971,DNK,Bills,0.08187499642372131
1972,DNK,Bills,0.07770833373069763
1973,DNK,Bills,0.08104166388511658
1974,DNK,Bills,0.133366659283638
1975,DNK,Bills,0.06470832973718643
1976,DNK,Bills,0.10279999673366547
1977,DNK,Bills,0.14481666684150696
1978,DNK,Bills,0.1542000025510788
1979,DNK,Bills,0.1263333261013031
1980,DNK,Bills,0.16927500069141388
1981,DNK,Bills,0.14839999377727509
1982,DNK,Bills,0.16918332874774933
1983,DNK,Bills,0.12809999287128448
1984,DNK,Bills,0.11772499978542328
1985,DNK,Bills,0.1033250018954277
1986,DNK,Bills,0.09224999696016312
1987,DNK,Bills,0.10108333081007004
1988,DNK,Bills,0.08527500182390213
1989,DNK,Bills,0.09593600034713745
1990,DNK,Bills,0.10892999917268753
1991,DNK,Bills,0.09699500352144241
1992,DNK,Bills,0.11035100370645523
1993,DNK,Bills,0.10405399650335312
1994,DNK,Bills,0.061344001442193985
1995,DNK,Bills,0.06069299951195717
1996,DNK,Bills,0.03869299963116646
1997,DNK,Bills,0.0365849994122982
1998,DNK,Bills,0.0414620004594326
1999,DNK,Bills,0.03307599946856499
2000,DNK,Bills,0.04907400161027908
2001,DNK,Bills,0.04618600010871887
2002,DNK,Bills,0.03484800085425377
2003,DNK,Bills,0.02375260926783085
2004,DNK,Bills,0.02161666750907898
2005,DNK,Bills,0.021994750946760178
2006,DNK,Bills,0.031814899295568466
2007,DNK,Bills,0.04327499866485596
2008,DNK,Bills,0.04880833253264427
2009,DNK,Bills,0.01809166744351387
2010,DNK,Bills,0.007018666714429855
2011,DNK,Bills,0.008877333253622055
2012,DNK,Bills,0.0008008666918613017
2013,DNK,Bills,-0.00023101666010916233
2014,DNK,Bills,0.0006411583162844181
2015,DNK,Bills,-0.0012600832851603627
2016,DNK,Bills,-0.0044
2017,DNK,Bills,-0.0044
2018,DNK,Bills,-0.0049
2019,DNK,Bills,-0.0055000000000000005
2020,DNK,Bills,-0.0015
1900,ESP,Bills,0.03500000014901161
1901,ESP,Bills,0.03999999910593033
1902,ESP,Bills,0.03999999910593033
1903,ESP,Bills,0.03500000014901161
1904,ESP,Bills,0.029999999329447746
1905,ESP,Bills,0.03999999910593033
1906,ESP,Bills,0.04500000178813934
1907,ESP,Bills,0.04500000178813934
1908,ESP,Bills,0.03999999910593033
1909,ESP,Bills,0.04500000178813934
1910,ESP,Bills,0.03999999910593033
1911,ESP,Bills,0.03999999910593033
1912,ESP,Bills,0.04500000178813934
1913,ESP,Bills,0.04500000178813934
1914,ESP,Bills,0.03999999910593033
1915,ESP,Bills,0.04500000178813934
1916,ESP,Bills,0.04500000178813934
1917,ESP,Bills,0.04500000178813934
1918,ESP,Bills,0.04500000178813934
1919,ESP,Bills,0.05000000074505806
1920,ESP,Bills,0.05999999865889549
1921,ESP,Bills,0.05999999865889549
1922,ESP,Bills,0.03500000014901161
1923,ESP,Bills,0.03500000014901161
1924,ESP,Bills,0.03500000014901161
1925,ESP,Bills,0.03500000014901161
1926,ESP,Bills,0.03500000014901161
1927,ESP,Bills,0.03500000014901161
1928,ESP,Bills,0.03500000014901161
1929,ESP,Bills,0.03500000014901161
1930,ESP,Bills,0.03500000014901161
1931,ESP,Bills,0.03500000014901161
1932,ESP,Bills,0.03500000014901161
1933,ESP,Bills,0.035999998450279236
1934,ESP,Bills,0.035999998450279236
1935,ESP,Bills,0.035999998450279236
1941,ESP,Bills,0.029999999329447746
1942,ESP,Bills,0.029999999329447746
1943,ESP,Bills,0.029999999329447746
1944,ESP,Bills,0.029999999329447746
1945,ESP,Bills,0.029999999329447746
1946,ESP,Bills,0.029999999329447746
1947,ESP,Bills,0.029999999329447746
1948,ESP,Bills,0.029999999329447746
1949,ESP,Bills,0.029999999329447746
1950,ESP,Bills,0.029999999329447746
1951,ESP,Bills,0.029999999329447746
1952,ESP,Bills,0.029999999329447746
1953,ESP,Bills,0.029999999329447746
1954,ESP,Bills,0.029999999329447746
1955,ESP,Bills,0.029999999329447746
1956,ESP,Bills,0.029999999329447746
1957,ESP,Bills,0.029999999329447746
1958,ESP,Bills,0.029999999329447746
1959,ESP,Bills,0.029999999329447746
1960,ESP,Bills,0.029999999329447746
1961,ESP,Bills,0.029999999329447746
1962,ESP,Bills,0.029999999329447746
1963,ESP,Bills,0.029999999329447746
1964,ESP,Bills,0.029999999329447746
1965,ESP,Bills,0.029999999329447746
1966,ESP,Bills,0.029999999329447746
1967,ESP,Bills,0.029999999329447746
1968,ESP,Bills,0.029999999329447746
1969,ESP,Bills,0.04500000178813934
1970,ESP,Bills,0.054999999701976776
1971,ESP,Bills,0.03999999910593033
1972,ESP,Bills,0.03999999910593033
1973,ESP,Bills,0.05000000074505806
1974,ESP,Bills,0.05999999865889549
1975,ESP,Bills,0.06695166975259781
1976,ESP,Bills,0.09965833276510239
1977,ESP,Bills,0.13122832775115967
1978,ESP,Bills,0.2077208310365677
1979,ESP,Bills,0.13134583830833435
1980,ESP,Bills,0.15456749498844147
1981,ESP,Bills,0.1589466631412506
1982,ESP,Bills,0.17172832787036896
1983,ESP,Bills,0.19452832639217377
1984,ESP,Bills,0.1260174959897995
1985,ESP,Bills,0.11610499769449234
1986,ESP,Bills,0.11490833014249802
1987,ESP,Bills,0.16064833104610443
1988,ESP,Bills,0.11292000114917755
1989,ESP,Bills,0.14391666650772095
1990,ESP,Bills,0.14758333563804626
1991,ESP,Bills,0.13201667368412018
1992,ESP,Bills,0.1300666630268097
1993,ESP,Bills,0.12326666712760925
1994,ESP,Bills,0.078125
1995,ESP,Bills,0.0898333340883255
1996,ESP,Bills,0.0764833316206932
1997,ESP,Bills,0.054858334362506866
1998,ESP,Bills,0.04340000078082085
1999,ESP,Bills,0.027233334258198738
2000,ESP,Bills,0.04111666604876518
2001,ESP,Bills,0.04360833391547203
2002,ESP,Bills,0.032749999314546585
2003,ESP,Bills,0.023116666823625565
2004,ESP,Bills,0.020408334210515022
2005,ESP,Bills,0.020866665989160538
2006,ESP,Bills,0.02827499993145466
2007,ESP,Bills,0.038474999368190765
2008,ESP,Bills,0.03849999979138374
2009,ESP,Bills,0.006758333183825016
2010,ESP,Bills,0.004533333238214254
2011,ESP,Bills,0.010174999944865704
2012,ESP,Bills,0.0027000000700354576
2013,ESP,Bills,0.0014916666550561786
2014,ESP,Bills,0.0011500000255182385
2015,ESP,Bills,-0.0007583333062939346
2016,ESP,Bills,-0.0021
2017,ESP,Bills,-0.0029
2019,ESP,Bills,-0.0036
2020,ESP,Bills,-0.0036
1896,FIN,Bills,0.03999999910593033
1897,FIN,Bills,0.03999999910593033
1898,FIN,Bills,0.04500000178813934
1899,FIN,Bills,0.05000000074505806
1900,FIN,Bills,0.05000000074505806
1901,FIN,Bills,0.05000000074505806
1902,FIN,Bills,0.04500000178813934
1903,FIN,Bills,0.04500000178813934
1904,FIN,Bills,0.04500000178813934
1905,FIN,Bills,0.04500000178813934
1906,FIN,Bills,0.04500000178813934
1907,FIN,Bills,0.05000000074505806
1908,FIN,Bills,0.05000000074505806
1909,FIN,Bills,0.05000000074505806
1910,FIN,Bills,0.05000000074505806
1911,FIN,Bills,0.04500000178813934
1912,FIN,Bills,0.05000000074505806
1913,FIN,Bills,0.05000000074505806
1914,FIN,Bills,0.05000000074505806
1915,FIN,Bills,0.03999999910593033
1916,FIN,Bills,0.03999999910593033
1917,FIN,Bills,0.03999999910593033
1918,FIN,Bills,0.03999999910593033
1919,FIN,Bills,0.05000000074505806
1920,FIN,Bills,0.06499999761581421
1921,FIN,Bills,0.06499999761581421
1922,FIN,Bills,0.06499999761581421
1923,FIN,Bills,0.06499999761581421
1924,FIN,Bills,0.07000000029802322
1925,FIN,Bills,0.06499999761581421
1926,FIN,Bills,0.06499999761581421
1927,FIN,Bills,0.05999999865889549
1928,FIN,Bills,0.07000000029802322
1929,FIN,Bills,0.07000000029802322
1930,FIN,Bills,0.05999999865889549
1931,FIN,Bills,0.054999999701976776
1932,FIN,Bills,0.05000000074505806
1933,FIN,Bills,0.04500000178813934
1934,FIN,Bills,0.03999999910593033
1935,FIN,Bills,0.03709999844431877
1936,FIN,Bills,0.03635000064969063
1937,FIN,Bills,0.0340999998152256
1938,FIN,Bills,0.03395000100135803
1939,FIN,Bills,0.033649999648332596
1940,FIN,Bills,0.031599998474121094
1941,FIN,Bills,0.03085000067949295
1942,FIN,Bills,0.03085000067949295
1943,FIN,Bills,0.03135000169277191
1944,FIN,Bills,0.03164999932050705
1945,FIN,Bills,0.031199999153614044
1946,FIN,Bills,0.03085000067949295
1947,FIN,Bills,0.030300000682473183
1948,FIN,Bills,0.05195000022649765
1949,FIN,Bills,0.04309999942779541
1950,FIN,Bills,0.061650000512599945
1951,FIN,Bills,0.059450000524520874
1952,FIN,Bills,0.04809999838471413
1953,FIN,Bills,0.04874999821186066
1954,FIN,Bills,0.04935000091791153
1955,FIN,Bills,0.05485000088810921
1956,FIN,Bills,0.05104999989271164
1957,FIN,Bills,0.049150001257658005
1958,FIN,Bills,0.04194999858736992
1959,FIN,Bills,0.03985000029206276
1960,FIN,Bills,0.0406000018119812
1961,FIN,Bills,0.041600000113248825
1962,FIN,Bills,0.04050000011920929
1963,FIN,Bills,0.041200000792741776
1964,FIN,Bills,0.039250001311302185
1965,FIN,Bills,0.03884999826550484
1966,FIN,Bills,0.039500001817941666
1967,FIN,Bills,0.03739999979734421
1968,FIN,Bills,0.0430000014603138
1969,FIN,Bills,0.04154999926686287
1970,FIN,Bills,0.04170000180602074
1971,FIN,Bills,0.05079999938607216
1972,FIN,Bills,0.04320000112056732
1973,FIN,Bills,0.0568000003695488
1974,FIN,Bills,0.05705000087618828
1975,FIN,Bills,0.05640000104904175
1976,FIN,Bills,0.0575999990105629
1977,FIN,Bills,0.04699999839067459
1978,FIN,Bills,0.11754167079925537
1979,FIN,Bills,0.0926416665315628
1980,FIN,Bills,0.12346667051315308
1981,FIN,Bills,0.11461666971445084
1982,FIN,Bills,0.1166333332657814
1983,FIN,Bills,0.14668333530426025
1984,FIN,Bills,0.165024995803833
1985,FIN,Bills,0.13460832834243774
1986,FIN,Bills,0.11902499943971634
1987,FIN,Bills,0.09965833276510239
1988,FIN,Bills,0.12556666135787964
1989,FIN,Bills,0.1399666666984558
1990,FIN,Bills,0.13079166412353516
1991,FIN,Bills,0.13251666724681854
1992,FIN,Bills,0.07773333042860031
1993,FIN,Bills,0.05350000038743019
1994,FIN,Bills,0.057500001043081284
1995,FIN,Bills,0.036249998956918716
1996,FIN,Bills,0.0323166660964489
1997,FIN,Bills,0.03568333387374878
1998,FIN,Bills,0.029634999111294746
1999,FIN,Bills,0.043917667120695114
2000,FIN,Bills,0.042617835104465485
2001,FIN,Bills,0.033185917884111404
2002,FIN,Bills,0.023334667086601257
2003,FIN,Bills,0.02106333337724209
2004,FIN,Bills,0.0218468327075243
2005,FIN,Bills,0.030792249366641045
2006,FIN,Bills,0.04277608171105385
2007,FIN,Bills,0.046342331916093826
2008,FIN,Bills,0.012283583171665668
2009,FIN,Bills,0.008109583519399166
2010,FIN,Bills,0.013906000182032585
2011,FIN,Bills,0.005731833167374134
2012,FIN,Bills,0.0022066666278988123
2013,FIN,Bills,0.002099333330988884
2014,FIN,Bills,0.0020992739591747522
2015,FIN,Bills,-0.00019277077808510512
2016,FIN,Bills,-0.002637
2017,FIN,Bills,-0.003291
2018,FIN,Bills,-0.003221
2019,FIN,Bills,-0.003563
2020,FIN,Bills,-0.004252000000000001
1871,FRA,Bills,0.054999999701976776
1872,FRA,Bills,0.05000000074505806
1873,FRA,Bills,0.04749999940395355
1874,FRA,Bills,0.03500000014901161
1875,FRA,Bills,0.032499998807907104
1876,FRA,Bills,0.02500000037252903
1877,FRA,Bills,0.019999999552965164
1878,FRA,Bills,0.029999999329447746
1879,FRA,Bills,0.028750000521540642
1880,FRA,Bills,0.025200000032782555
1881,FRA,Bills,0.03680000081658363
1882,FRA,Bills,0.0340999998152256
1883,FRA,Bills,0.02669999934732914
1884,FRA,Bills,0.024800000712275505
1885,FRA,Bills,0.02449999935925007
1886,FRA,Bills,0.02199999988079071
1887,FRA,Bills,0.02419999986886978
1888,FRA,Bills,0.027300000190734863
1889,FRA,Bills,0.02539999969303608
1890,FRA,Bills,0.026200000196695328
1891,FRA,Bills,0.025100000202655792
1892,FRA,Bills,0.01810000091791153
1893,FRA,Bills,0.022199999541044235
1894,FRA,Bills,0.017899999395012856
1895,FRA,Bills,0.016300000250339508
1896,FRA,Bills,0.017100000753998756
1897,FRA,Bills,0.018200000748038292
1898,FRA,Bills,0.019899999722838402
1899,FRA,Bills,0.0284000001847744
1900,FRA,Bills,0.030400000512599945
1901,FRA,Bills,0.02410000003874302
1902,FRA,Bills,0.023900000378489494
1903,FRA,Bills,0.027000000700354576
1904,FRA,Bills,0.021400000900030136
1905,FRA,Bills,0.0210999995470047
1906,FRA,Bills,0.026799999177455902
1907,FRA,Bills,0.03350000083446503
1908,FRA,Bills,0.021400000900030136
1909,FRA,Bills,0.017500000074505806
1910,FRA,Bills,0.023900000378489494
1911,FRA,Bills,0.026100000366568565
1912,FRA,Bills,0.031199999153614044
1913,FRA,Bills,0.03819999843835831
1914,FRA,Bills,0.028699999675154686
1922,FRA,Bills,0.042899999767541885
1923,FRA,Bills,0.04390000179409981
1924,FRA,Bills,0.05209999904036522
1925,FRA,Bills,0.05689999833703041
1926,FRA,Bills,0.05660000070929527
1927,FRA,Bills,0.029100000858306885
1928,FRA,Bills,0.03020000085234642
1929,FRA,Bills,0.034699998795986176
1930,FRA,Bills,0.023499999195337296
1931,FRA,Bills,0.015599999576807022
1932,FRA,Bills,0.013000000268220901
1933,FRA,Bills,0.016300000250339508
1934,FRA,Bills,0.02019999921321869
1935,FRA,Bills,0.03240000084042549
1936,FRA,Bills,0.03680000081658363
1937,FRA,Bills,0.03830000013113022
1938,FRA,Bills,0.02759999968111515
1939,FRA,Bills,0.020500000566244125
1940,FRA,Bills,0.01720000058412552
1941,FRA,Bills,0.016699999570846558
1942,FRA,Bills,0.016200000420212746
1943,FRA,Bills,0.016499999910593033
1944,FRA,Bills,0.01640000008046627
1945,FRA,Bills,0.013700000010430813
1946,FRA,Bills,0.013100000098347664
1947,FRA,Bills,0.015699999406933784
1948,FRA,Bills,0.020899999886751175
1949,FRA,Bills,0.025200000032782555
1950,FRA,Bills,0.024299999698996544
1951,FRA,Bills,0.027000000700354576
1952,FRA,Bills,0.03709999844431877
1953,FRA,Bills,0.04039999842643738
1954,FRA,Bills,0.03590000048279762
1955,FRA,Bills,0.031599998474121094
1956,FRA,Bills,0.03189999982714653
1957,FRA,Bills,0.05350000038743019
1958,FRA,Bills,0.0649000033736229
1959,FRA,Bills,0.040699999779462814
1960,FRA,Bills,0.040800001472234726
1961,FRA,Bills,0.0364999994635582
1962,FRA,Bills,0.03610000014305115
1963,FRA,Bills,0.039799999445676804
1964,FRA,Bills,0.04740000143647194
1965,FRA,Bills,0.042100001126527786
1966,FRA,Bills,0.04780000075697899
1967,FRA,Bills,0.04800000041723251
1968,FRA,Bills,0.061500001698732376
1969,FRA,Bills,0.08959999680519104
1970,FRA,Bills,0.0868000015616417
1971,FRA,Bills,0.058400001376867294
1972,FRA,Bills,0.0494999997317791
1973,FRA,Bills,0.08910000324249268
1974,FRA,Bills,0.1290999948978424
1975,FRA,Bills,0.07919999957084656
1976,FRA,Bills,0.08560000360012054
1977,FRA,Bills,0.09070000052452087
1978,FRA,Bills,0.07980000227689743
1979,FRA,Bills,0.09040000289678574
1980,FRA,Bills,0.1185000017285347
1981,FRA,Bills,0.15299999713897705
1982,FRA,Bills,0.14869999885559082
1983,FRA,Bills,0.12533333897590637
1984,FRA,Bills,0.11740833520889282
1985,FRA,Bills,0.09934166818857193
1986,FRA,Bills,0.07742500305175781
1987,FRA,Bills,0.07975833117961884
1988,FRA,Bills,0.0752333328127861
1989,FRA,Bills,0.09071666747331619
1990,FRA,Bills,0.0984666645526886
1991,FRA,Bills,0.09490666538476944
1992,FRA,Bills,0.10351666808128357
1993,FRA,Bills,0.08749166876077652
1994,FRA,Bills,0.05692499876022339
1995,FRA,Bills,0.06354166567325592
1996,FRA,Bills,0.037283334881067276
1997,FRA,Bills,0.03240833431482315
1998,FRA,Bills,0.033925000578165054
1999,FRA,Bills,0.027305249124765396
2000,FRA,Bills,0.042405251413583755
2001,FRA,Bills,0.04257899895310402
2002,FRA,Bills,0.03295133262872696
2003,FRA,Bills,0.022755416110157967
2004,FRA,Bills,0.020249083638191223
2005,FRA,Bills,0.02071041613817215
2006,FRA,Bills,0.02889150008559227
2007,FRA,Bills,0.038640499114990234
2008,FRA,Bills,0.036189332604408264
2009,FRA,Bills,0.006472249981015921
2010,FRA,Bills,0.0037625832483172417
2011,FRA,Bills,0.006933583412319422
2012,FRA,Bills,0.0004933333257213235
2013,FRA,Bills,0.0004306666669435799
2014,FRA,Bills,0.0005729166441597044
2015,FRA,Bills,-0.001990749966353178
2016,FRA,Bills,-0.0031940000000000002
2017,FRA,Bills,-0.003534
2018,FRA,Bills,-0.003629
2019,FRA,Bills,-0.003917
2020,FRA,Bills,-0.004963
1947,GBR,Bills,0.005100000184029341
1948,GBR,Bills,0.005100000184029341
1949,GBR,Bills,0.005200000014156103
1950,GBR,Bills,0.005200000014156103
1951,GBR,Bills,0.00559999980032444
1952,GBR,Bills,0.02199999988079071
1953,GBR,Bills,0.023000000044703484
1954,GBR,Bills,0.017899999395012856
1955,GBR,Bills,0.03750000149011612
1956,GBR,Bills,0.0494999997317791
1957,GBR,Bills,0.04809999838471413
1958,GBR,Bills,0.04560000076889992
1959,GBR,Bills,0.033799998462200165
1960,GBR,Bills,0.048900000751018524
1961,GBR,Bills,0.05139999836683273
1962,GBR,Bills,0.04170000180602074
1963,GBR,Bills,0.03669999912381172
1964,GBR,Bills,0.045899998396635056
1965,GBR,Bills,0.05909999832510948
1966,GBR,Bills,0.06120000034570694
1967,GBR,Bills,0.05810000002384186
1968,GBR,Bills,0.07029999792575836
1969,GBR,Bills,0.0763000026345253
1970,GBR,Bills,0.07020000368356705
1971,GBR,Bills,0.055799998342990875
1972,GBR,Bills,0.0551999993622303
1973,GBR,Bills,0.09380000084638596
1974,GBR,Bills,0.11379999667406082
1975,GBR,Bills,0.10180000215768814
1976,GBR,Bills,0.11150000244379044
1977,GBR,Bills,0.07660000026226044
1978,GBR,Bills,0.08510000258684158
1979,GBR,Bills,0.12999999523162842
1980,GBR,Bills,0.15119999647140503
1981,GBR,Bills,0.1298000067472458
1982,GBR,Bills,0.11379999667406082
1983,GBR,Bills,0.09589999914169312
1984,GBR,Bills,0.09300000220537186
1985,GBR,Bills,0.11599999666213989
1986,GBR,Bills,0.10339999943971634
1987,GBR,Bills,0.09229999780654907
1988,GBR,Bills,0.09799999743700027
1989,GBR,Bills,0.13279999792575836
1990,GBR,Bills,0.14090000092983246
1991,GBR,Bills,0.10819999873638153
1992,GBR,Bills,0.08940000087022781
1993,GBR,Bills,0.05209999904036522
1994,GBR,Bills,0.051500000059604645
1995,GBR,Bills,0.0632999986410141
1996,GBR,Bills,0.05779999867081642
1997,GBR,Bills,0.06480000168085098
1998,GBR,Bills,0.0681999996304512
1999,GBR,Bills,0.05040000006556511
2000,GBR,Bills,0.057999998331069946
2001,GBR,Bills,0.047600001096725464
2002,GBR,Bills,0.038600001484155655
2003,GBR,Bills,0.035599999129772186
2004,GBR,Bills,0.04439999908208847
2005,GBR,Bills,0.045499999076128006
2006,GBR,Bills,0.04650000110268593
2007,GBR,Bills,0.05530000105500221
2008,GBR,Bills,0.04320000112056732
2009,GBR,Bills,0.0052999998442828655
2010,GBR,Bills,0.004999999888241291
2011,GBR,Bills,0.004800000227987766
2012,GBR,Bills,0.0031300000846385956
2013,GBR,Bills,0.003019999945536256
2014,GBR,Bills,0.003800000064074993
2015,GBR,Bills,0.004399999976158142
2016,GBR,Bills,0.0020239999999999998
2017,GBR,Bills,0.004123
2018,GBR,Bills,0.006998
2019,GBR,Bills,0.007098
2020,GBR,Bills,0.000394
1871,ITA,Bills,0.05999999865889549
1885,ITA,Bills,0.03999999910593033
1886,ITA,Bills,0.04500000178813934
1887,ITA,Bills,0.05249999836087227
1888,ITA,Bills,0.04749999940395355
1889,ITA,Bills,0.05249999836087227
1890,ITA,Bills,0.05249999836087227
1891,ITA,Bills,0.042500000447034836
1892,ITA,Bills,0.03500000014901161
1893,ITA,Bills,0.05999999865889549
1894,ITA,Bills,0.03999999910593033
1895,ITA,Bills,0.029999999329447746
1896,ITA,Bills,0.03999999910593033
1897,ITA,Bills,0.029999999329447746
1898,ITA,Bills,0.03500000014901161
1899,ITA,Bills,0.05000000074505806
1900,ITA,Bills,0.04500000178813934
1901,ITA,Bills,0.03999999910593033
1902,ITA,Bills,0.04500000178813934
1903,ITA,Bills,0.03999999910593033
1904,ITA,Bills,0.03375000134110451
1905,ITA,Bills,0.05000000074505806
1906,ITA,Bills,0.05000000074505806
1907,ITA,Bills,0.054999999701976776
1908,ITA,Bills,0.03750000149011612
1909,ITA,Bills,0.042500000447034836
1910,ITA,Bills,0.05000000074505806
1911,ITA,Bills,0.054999999701976776
1912,ITA,Bills,0.057500001043081284
1913,ITA,Bills,0.05375000089406967
1914,ITA,Bills,0.042500000447034836
1922,ITA,Bills,0.057999998331069946
1923,ITA,Bills,0.05380000174045563
1924,ITA,Bills,0.05350000038743019
1925,ITA,Bills,0.07150000333786011
1926,ITA,Bills,0.0843999981880188
1927,ITA,Bills,0.07720000296831131
1928,ITA,Bills,0.05460000038146973
1929,ITA,Bills,0.06689999997615814
1930,ITA,Bills,0.05999999865889549
1931,ITA,Bills,0.05999999865889549
1932,ITA,Bills,0.058800000697374344
1933,ITA,Bills,0.03880000114440918
1934,ITA,Bills,0.03750000149011612
1935,ITA,Bills,0.04500000178813934
1936,ITA,Bills,0.05000000074505806
1937,ITA,Bills,0.05040000006556511
1938,ITA,Bills,0.05249999836087227
1939,ITA,Bills,0.05260000005364418
1940,ITA,Bills,0.05260000005364418
1941,ITA,Bills,0.05260000005364418
1942,ITA,Bills,0.04919999837875366
1943,ITA,Bills,0.0502999983727932
1944,ITA,Bills,0.050999999046325684
1945,ITA,Bills,0.0471000000834465
1946,ITA,Bills,0.0471000000834465
1947,ITA,Bills,0.04859999939799309
1948,ITA,Bills,0.05260000005364418
1949,ITA,Bills,0.04859999939799309
1950,ITA,Bills,0.0471000000834465
1951,ITA,Bills,0.0471000000834465
1952,ITA,Bills,0.04360000044107437
1953,ITA,Bills,0.04170000180602074
1954,ITA,Bills,0.04170000180602074
1955,ITA,Bills,0.04170000180602074
1956,ITA,Bills,0.04170000180602074
1957,ITA,Bills,0.04170000180602074
1958,ITA,Bills,0.038600001484155655
1959,ITA,Bills,0.03629999980330467
1960,ITA,Bills,0.03629999980330467
1961,ITA,Bills,0.03629999980330467
1962,ITA,Bills,0.034699998795986176
1963,ITA,Bills,0.03590000048279762
1964,ITA,Bills,0.03629999980330467
1965,ITA,Bills,0.03629999980330467
1966,ITA,Bills,0.03579999879002571
1967,ITA,Bills,0.03579999879002571
1968,ITA,Bills,0.035599999129772186
1969,ITA,Bills,0.05000000074505806
1970,ITA,Bills,0.0737999975681305
1971,ITA,Bills,0.05758333206176758
1972,ITA,Bills,0.051750000566244125
1973,ITA,Bills,0.06925000250339508
1974,ITA,Bills,0.14569999277591705
1975,ITA,Bills,0.10634999722242355
1976,ITA,Bills,0.15676666796207428
1977,ITA,Bills,0.14034999907016754
1978,ITA,Bills,0.11989166587591171
1979,ITA,Bills,0.12511666119098663
1980,ITA,Bills,0.15915000438690186
1981,ITA,Bills,0.19702500104904175
1982,ITA,Bills,0.19437666237354279
1983,ITA,Bills,0.17894808948040009
1984,ITA,Bills,0.1536725014448166
1985,ITA,Bills,0.13711674511432648
1986,ITA,Bills,0.11404166370630264
1987,ITA,Bills,0.1072937473654747
1988,ITA,Bills,0.11186400055885315
1989,ITA,Bills,0.1257963329553604
1990,ITA,Bills,0.12378616631031036
1991,ITA,Bills,0.12536565959453583
1992,ITA,Bills,0.14317916333675385
1993,ITA,Bills,0.10580574721097946
1994,ITA,Bills,0.09165050089359283
1995,ITA,Bills,0.10849591344594955
1996,ITA,Bills,0.08462508022785187
1997,ITA,Bills,0.06333349645137787
1998,ITA,Bills,0.04592150077223778
1999,ITA,Bills,0.030064333230257034
2000,ITA,Bills,0.045278917998075485
2001,ITA,Bills,0.04051608219742775
2002,ITA,Bills,0.03264300152659416
2003,ITA,Bills,0.021879833191633224
2004,ITA,Bills,0.020795000717043877
2005,ITA,Bills,0.021724000573158264
2006,ITA,Bills,0.0318271666765213
2007,ITA,Bills,0.04035716503858566
2008,ITA,Bills,0.03757699951529503
2009,ITA,Bills,0.009549999609589577
2010,ITA,Bills,0.01133333332836628
2011,ITA,Bills,0.02785833366215229
2012,ITA,Bills,0.018950000405311584
2013,ITA,Bills,0.008552500046789646
2014,ITA,Bills,0.0042409999296069145
2015,ITA,Bills,0.0004866666567977518
2016,ITA,Bills,-0.0017000000000000001
2017,ITA,Bills,-0.0034000000000000002
2018,ITA,Bills,0.0012
2019,ITA,Bills,-0.0006
2020,ITA,Bills,-0.002
1886,JPN,Bills,0.04800000041723251
1887,JPN,Bills,0.03759999945759773
1888,JPN,Bills,0.036400001496076584
1889,JPN,Bills,0.0384799987077713
1890,JPN,Bills,0.041600000113248825
1891,JPN,Bills,0.04047999903559685
1892,JPN,Bills,0.035999998450279236
1893,JPN,Bills,0.03351999819278717
1894,JPN,Bills,0.041600000113248825
1895,JPN,Bills,0.04368000105023384
1896,JPN,Bills,0.04487999901175499
1897,JPN,Bills,0.05000000074505806
1898,JPN,Bills,0.0568000003695488
1899,JPN,Bills,0.04839999973773956
1900,JPN,Bills,0.05920000001788139
1901,JPN,Bills,0.05920000001788139
1902,JPN,Bills,0.052000001072883606
1903,JPN,Bills,0.04376000165939331
1904,JPN,Bills,0.04343999922275543
1905,JPN,Bills,0.047040000557899475
1906,JPN,Bills,0.04408000037074089
1907,JPN,Bills,0.04368000105023384
1908,JPN,Bills,0.04960000142455101
1909,JPN,Bills,0.041760001331567764
1910,JPN,Bills,0.03432000055909157
1911,JPN,Bills,0.036079999059438705
1912,JPN,Bills,0.048239998519420624
1913,JPN,Bills,0.04879999905824661
1914,JPN,Bills,0.04896000027656555
1915,JPN,Bills,0.03471999987959862
1916,JPN,Bills,0.03359999880194664
1917,JPN,Bills,0.04024000093340874
1918,JPN,Bills,0.04391999915242195
1919,JPN,Bills,0.04543999955058098
1920,JPN,Bills,0.052719999104738235
1921,JPN,Bills,0.04520000144839287
1922,JPN,Bills,0.05071999877691269
1923,JPN,Bills,0.05104000121355057
1924,JPN,Bills,0.05031999945640564
1925,JPN,Bills,0.05087999999523163
1926,JPN,Bills,0.0509600006043911
1927,JPN,Bills,0.04495999962091446
1928,JPN,Bills,0.04464000090956688
1929,JPN,Bills,0.03872000053524971
1930,JPN,Bills,0.03872000053524971
1931,JPN,Bills,0.03936000168323517
1932,JPN,Bills,0.036079999059438705
1933,JPN,Bills,0.03215999901294708
1934,JPN,Bills,0.030959999188780785
1935,JPN,Bills,0.030959999188780785
1936,JPN,Bills,0.02751999907195568
1937,JPN,Bills,0.02727999910712242
1938,JPN,Bills,0.02727999910712242
1939,JPN,Bills,0.0272000003606081
1940,JPN,Bills,0.026799999177455902
1941,JPN,Bills,0.026799999177455902
1942,JPN,Bills,0.026799999177455902
1943,JPN,Bills,0.026799999177455902
1944,JPN,Bills,0.026399999856948853
1945,JPN,Bills,0.026399999856948853
1948,JPN,Bills,0.03359999880194664
1949,JPN,Bills,0.03519999980926514
1950,JPN,Bills,0.03519999980926514
1951,JPN,Bills,0.03999999910593033
1952,JPN,Bills,0.03999999910593033
1953,JPN,Bills,0.03999999910593033
1954,JPN,Bills,0.03999999910593033
1955,JPN,Bills,0.03999999910593033
1956,JPN,Bills,0.03999999910593033
1957,JPN,Bills,0.11774200201034546
1958,JPN,Bills,0.09688329696655273
1959,JPN,Bills,0.08353330194950104
1960,JPN,Bills,0.08399999886751175
1961,JPN,Bills,0.08290830254554749
1962,JPN,Bills,0.08837500214576721
1963,JPN,Bills,0.07544170320034027
1964,JPN,Bills,0.1002419963479042
1965,JPN,Bills,0.06967499852180481
1966,JPN,Bills,0.058400001376867294
1967,JPN,Bills,0.06390000134706497
1968,JPN,Bills,0.07880000025033951
1969,JPN,Bills,0.07699999958276749
1970,JPN,Bills,0.08284170180559158
1971,JPN,Bills,0.06414169818162918
1972,JPN,Bills,0.04722829908132553
1973,JPN,Bills,0.07160750031471252
1974,JPN,Bills,0.12539100646972656
1975,JPN,Bills,0.10671299695968628
1976,JPN,Bills,0.06977000087499619
1977,JPN,Bills,0.05679750069975853
1978,JPN,Bills,0.04357000067830086
1979,JPN,Bills,0.05857190117239952
1980,JPN,Bills,0.10929799824953079
1981,JPN,Bills,0.07434120029211044
1982,JPN,Bills,0.06935250014066696
1983,JPN,Bills,0.06392259895801544
1984,JPN,Bills,0.0609997995197773
1985,JPN,Bills,0.07314830273389816
1996,JPN,Bills,0.004698200151324272
1997,JPN,Bills,0.004840400069952011
1998,JPN,Bills,0.003714800113812089
1999,JPN,Bills,0.0005855999770574272
2000,JPN,Bills,0.0010837999871000648
2001,JPN,Bills,0.0005796999903395772
2002,JPN,Bills,0.00010940000356640667
2003,JPN,Bills,0.00001359999987471383
2004,JPN,Bills,8.508330211043358e-6
2005,JPN,Bills,0.00001238329969055485
2006,JPN,Bills,0.0012452700175344944
2007,JPN,Bills,0.00472651980817318
2008,JPN,Bills,0.004614170175045729
2009,JPN,Bills,0.001052499981597066
2010,JPN,Bills,0.0009350000182166696
2011,JPN,Bills,0.000777499983087182
2012,JPN,Bills,0.0008258330053649843
2013,JPN,Bills,0.000750000006519258
2014,JPN,Bills,0.0006791666382923722
2015,JPN,Bills,0.0007283333106897771
2016,JPN,Bills,-0.00058
2017,JPN,Bills,-0.00062
2018,JPN,Bills,-0.00055
2019,JPN,Bills,-0.00068
2020,JPN,Bills,-0.00033
1900,NLD,Bills,0.03440000116825104
1901,NLD,Bills,0.029999999329447746
1902,NLD,Bills,0.024700000882148743
1903,NLD,Bills,0.03189999982714653
1904,NLD,Bills,0.027699999511241913
1905,NLD,Bills,0.023900000378489494
1906,NLD,Bills,0.037700001150369644
1907,NLD,Bills,0.04859999939799309
1908,NLD,Bills,0.03009999915957451
1909,NLD,Bills,0.02070000022649765
1910,NLD,Bills,0.036400001496076584
1911,NLD,Bills,0.031700000166893005
1912,NLD,Bills,0.03909999877214432
1913,NLD,Bills,0.04879999905824661
1914,NLD,Bills,0.029999999329447746
1915,NLD,Bills,0.02759999968111515
1916,NLD,Bills,0.018400000408291817
1917,NLD,Bills,0.026799999177455902
1918,NLD,Bills,0.029899999499320984
1919,NLD,Bills,0.03869999945163727
1920,NLD,Bills,0.0364999994635582
1921,NLD,Bills,0.039900001138448715
1922,NLD,Bills,0.03550000116229057
1923,NLD,Bills,0.026200000196695328
1924,NLD,Bills,0.04190000146627426
1925,NLD,Bills,0.03099999949336052
1926,NLD,Bills,0.0284000001847744
1927,NLD,Bills,0.03669999912381172
1928,NLD,Bills,0.04230000078678131
1929,NLD,Bills,0.04820000007748604
1930,NLD,Bills,0.020800000056624413
1931,NLD,Bills,0.014700000174343586
1932,NLD,Bills,0.008100000210106373
1933,NLD,Bills,0.010999999940395355
1934,NLD,Bills,0.008899999782443047
1935,NLD,Bills,0.03180000185966492
1936,NLD,Bills,0.01640000008046627
1937,NLD,Bills,0.0019000000320374966
1938,NLD,Bills,0.001500000013038516
1939,NLD,Bills,0.010999999940395355
1940,NLD,Bills,0.019600000232458115
1941,NLD,Bills,0.019999999552965164
1942,NLD,Bills,0.017500000074505806
1943,NLD,Bills,0.011699999682605267
1944,NLD,Bills,0.009700000286102295
1945,NLD,Bills,0.017100000753998756
1946,NLD,Bills,0.012000000104308128
1947,NLD,Bills,0.013500000350177288
1948,NLD,Bills,0.013000000268220901
1949,NLD,Bills,0.01269999984651804
1950,NLD,Bills,0.028218740597367287
1951,NLD,Bills,0.029117299243807793
1952,NLD,Bills,0.029804479330778122
1953,NLD,Bills,0.030113309621810913
1954,NLD,Bills,0.029743710532784462
1955,NLD,Bills,0.029681449756026268
1956,NLD,Bills,0.030939320102334023
1957,NLD,Bills,0.03480437025427818
1958,NLD,Bills,0.03703587129712105
1959,NLD,Bills,0.037385229021310806
1960,NLD,Bills,0.037385229021310806
1961,NLD,Bills,0.037385229021310806
1962,NLD,Bills,0.037385229021310806
1963,NLD,Bills,0.037385229021310806
1964,NLD,Bills,0.04026101157069206
1965,NLD,Bills,0.047325000166893005
1966,NLD,Bills,0.06424999982118607
1967,NLD,Bills,0.056716665625572205
1968,NLD,Bills,0.051908332854509354
1969,NLD,Bills,0.0775500014424324
1970,NLD,Bills,0.07954999804496765
1971,NLD,Bills,0.048500001430511475
1972,NLD,Bills,0.01926666684448719
1973,NLD,Bills,0.06435833126306534
1974,NLD,Bills,0.09204166382551193
1975,NLD,Bills,0.04167500138282776
1976,NLD,Bills,0.07280833274126053
1977,NLD,Bills,0.037941668182611465
1978,NLD,Bills,0.06238333508372307
1979,NLD,Bills,0.09031666815280914
1980,NLD,Bills,0.10125000029802322
1981,NLD,Bills,0.11011666804552078
1982,NLD,Bills,0.08061666786670685
1983,NLD,Bills,0.052841667085886
1984,NLD,Bills,0.0578249990940094
1985,NLD,Bills,0.06304166465997696
1986,NLD,Bills,0.056816671043634415
1987,NLD,Bills,0.05359166860580444
1988,NLD,Bills,0.0481666699051857
1989,NLD,Bills,0.07388333231210709
1990,NLD,Bills,0.08682499825954437
1991,NLD,Bills,0.09281667321920395
1992,NLD,Bills,0.0935249999165535
1993,NLD,Bills,0.06854166835546494
1994,NLD,Bills,0.05176667124032974
1995,NLD,Bills,0.04372499883174896
1996,NLD,Bills,0.029975000768899918
1997,NLD,Bills,0.0333416685461998
1998,NLD,Bills,0.03454999998211861
1999,NLD,Bills,0.029634999111294746
2000,NLD,Bills,0.04391767084598541
2001,NLD,Bills,0.042617831379175186
2002,NLD,Bills,0.0331859216094017
2003,NLD,Bills,0.023334670811891556
2004,NLD,Bills,0.02106332965195179
2005,NLD,Bills,0.02184683084487915
2006,NLD,Bills,0.030792249366641045
2007,NLD,Bills,0.04277608171105385
2008,NLD,Bills,0.04634232819080353
2009,NLD,Bills,0.012283580377697945
2010,NLD,Bills,0.008109582588076591
2011,NLD,Bills,0.013906000182032585
2012,NLD,Bills,0.005731834098696709
2013,NLD,Bills,0.0022066670935600996
2014,NLD,Bills,0.0020993330981582403
2015,NLD,Bills,-0.00019366669584996998
2016,NLD,Bills,-0.002637
2017,NLD,Bills,-0.003291
2018,NLD,Bills,-0.003221
2019,NLD,Bills,-0.003563
2020,NLD,Bills,-0.004252000000000001
1881,NOR,Bills,0.03500000014901161
1882,NOR,Bills,0.03959999978542328
1883,NOR,Bills,0.03500000014901161
1884,NOR,Bills,0.03500000014901161
1885,NOR,Bills,0.03500000014901161
1886,NOR,Bills,0.03500000014901161
1887,NOR,Bills,0.030799999833106995
1888,NOR,Bills,0.029999999329447746
1889,NOR,Bills,0.02539999969303608
1890,NOR,Bills,0.029600000008940697
1891,NOR,Bills,0.03880000114440918
1892,NOR,Bills,0.043299999088048935
1893,NOR,Bills,0.03999999910593033
1894,NOR,Bills,0.033799998462200165
1895,NOR,Bills,0.028300000354647636
1896,NOR,Bills,0.029999999329447746
1897,NOR,Bills,0.03629999980330467
1898,NOR,Bills,0.03290000185370445
1899,NOR,Bills,0.05000000074505806
1900,NOR,Bills,0.05380000174045563
1901,NOR,Bills,0.046300001442432404
1902,NOR,Bills,0.03579999879002571
1903,NOR,Bills,0.042100001126527786
1904,NOR,Bills,0.03750000149011612
1905,NOR,Bills,0.0333000011742115
1906,NOR,Bills,0.03669999912381172
1907,NOR,Bills,0.03629999980330467
1908,NOR,Bills,0.03790000081062317
1909,NOR,Bills,0.03500000014901161
1910,NOR,Bills,0.03500000014901161
1911,NOR,Bills,0.03629999980330467
1912,NOR,Bills,0.043800000101327896
1913,NOR,Bills,0.04500000178813934
1914,NOR,Bills,0.03790000081062317
1915,NOR,Bills,0.04170000180602074
1916,NOR,Bills,0.04039999842643738
1917,NOR,Bills,0.04540000110864639
1918,NOR,Bills,0.05000000074505806
1919,NOR,Bills,0.04670000076293945
1920,NOR,Bills,0.055799998342990875
1921,NOR,Bills,0.054999999701976776
1922,NOR,Bills,0.03959999978542328
1923,NOR,Bills,0.043299999088048935
1924,NOR,Bills,0.05130000039935112
1925,NOR,Bills,0.03999999910593033
1926,NOR,Bills,0.03830000013113022
1927,NOR,Bills,0.030799999833106995
1928,NOR,Bills,0.03999999910593033
1929,NOR,Bills,0.03920000046491623
1930,NOR,Bills,0.032499998807907104
1931,NOR,Bills,0.0333000011742115
1932,NOR,Bills,0.032099999487400055
1933,NOR,Bills,0.02669999934732914
1934,NOR,Bills,0.02500000037252903
1935,NOR,Bills,0.02500000037252903
1936,NOR,Bills,0.02539999969303608
1937,NOR,Bills,0.029999999329447746
1938,NOR,Bills,0.02500000037252903
1939,NOR,Bills,0.02630000002682209
1940,NOR,Bills,0.02329999953508377
1941,NOR,Bills,0.019999999552965164
1942,NOR,Bills,0.019999999552965164
1943,NOR,Bills,0.019999999552965164
1944,NOR,Bills,0.019999999552965164
1945,NOR,Bills,0.019999999552965164
1946,NOR,Bills,0.014999999664723873
1947,NOR,Bills,0.014999999664723873
1948,NOR,Bills,0.014999999664723873
1949,NOR,Bills,0.014999999664723873
1950,NOR,Bills,0.014999999664723873
1951,NOR,Bills,0.014999999664723873
1952,NOR,Bills,0.014999999664723873
1953,NOR,Bills,0.014999999664723873
1954,NOR,Bills,0.014999999664723873
1955,NOR,Bills,0.01899999938905239
1956,NOR,Bills,0.021400000900030136
1957,NOR,Bills,0.02160000056028366
1958,NOR,Bills,0.0215000007301569
1959,NOR,Bills,0.0215000007301569
1960,NOR,Bills,0.021900000050663948
1961,NOR,Bills,0.022700000554323196
1962,NOR,Bills,0.023900000378489494
1963,NOR,Bills,0.024399999529123306
1964,NOR,Bills,0.024900000542402267
1965,NOR,Bills,0.02590000070631504
1966,NOR,Bills,0.02630000002682209
1967,NOR,Bills,0.027499999850988388
1968,NOR,Bills,0.02810000069439411
1969,NOR,Bills,0.03480000048875809
1970,NOR,Bills,0.03840000182390213
1971,NOR,Bills,0.03819999843835831
1972,NOR,Bills,0.038100000470876694
1973,NOR,Bills,0.040300000458955765
1974,NOR,Bills,0.04439999908208847
1975,NOR,Bills,0.04670000076293945
1976,NOR,Bills,0.04859999939799309
1977,NOR,Bills,0.05090000107884407
1978,NOR,Bills,0.0632999986410141
1979,NOR,Bills,0.06870000064373016
1980,NOR,Bills,0.07129999995231628
1981,NOR,Bills,0.07590000331401825
1982,NOR,Bills,0.08060000091791153
1983,NOR,Bills,0.08380000293254852
1984,NOR,Bills,0.08720000088214874
1985,NOR,Bills,0.08980000019073486
1986,NOR,Bills,0.094200000166893
1987,NOR,Bills,0.10890000313520432
1988,NOR,Bills,0.11140000075101852
1989,NOR,Bills,0.09300000220537186
1990,NOR,Bills,0.08950000256299973
1991,NOR,Bills,0.08699999749660492
1992,NOR,Bills,0.08649999648332596
1993,NOR,Bills,0.06419999897480011
1994,NOR,Bills,0.04039999842643738
1995,NOR,Bills,0.04019999876618385
1996,NOR,Bills,0.03709999844431877
1997,NOR,Bills,0.027699999511241913
1998,NOR,Bills,0.040699999779462814
1999,NOR,Bills,0.050599999725818634
2000,NOR,Bills,0.048900000751018524
2001,NOR,Bills,0.05810000002384186
2002,NOR,Bills,0.05559999868273735
2003,NOR,Bills,0.03709999844431877
2004,NOR,Bills,0.013799999840557575
2005,NOR,Bills,0.013799999840557575
2006,NOR,Bills,0.02019999921321869
2007,NOR,Bills,0.034699998795986176
2008,NOR,Bills,0.049800001084804535
2009,NOR,Bills,0.024299999698996544
2010,NOR,Bills,0.020899999886751175
2011,NOR,Bills,0.023600000888109207
2012,NOR,Bills,0.024000000208616257
2013,NOR,Bills,0.022600000724196434
2014,NOR,Bills,0.021299999207258224
2015,NOR,Bills,0.014100000262260437
2016,NOR,Bills,0.0076
2017,NOR,Bills,0.0072
2018,NOR,Bills,0.0073
2019,NOR,Bills,0.009300000000000001
2020,NOR,Bills,0.006
1880,PRT,Bills,0.05770000070333481
1881,PRT,Bills,0.05040000006556511
1882,PRT,Bills,0.056299999356269836
1883,PRT,Bills,0.057999998331069946
1884,PRT,Bills,0.05900000035762787
1885,PRT,Bills,0.05999999865889549
1886,PRT,Bills,0.04500000178813934
1887,PRT,Bills,0.04774999991059303
1888,PRT,Bills,0.04500000178813934
1889,PRT,Bills,0.04500000178813934
1890,PRT,Bills,0.07000000029802322
1891,PRT,Bills,0.07000000029802322
1892,PRT,Bills,0.05999999865889549
1893,PRT,Bills,0.05999999865889549
1894,PRT,Bills,0.05000000074505806
1895,PRT,Bills,0.05999999865889549
1896,PRT,Bills,0.05999999865889549
1897,PRT,Bills,0.05999999865889549
1898,PRT,Bills,0.05999999865889549
1899,PRT,Bills,0.05000000074505806
1900,PRT,Bills,0.05000000074505806
1901,PRT,Bills,0.05000000074505806
1902,PRT,Bills,0.05000000074505806
1903,PRT,Bills,0.05000000074505806
1904,PRT,Bills,0.05000000074505806
1905,PRT,Bills,0.05000000074505806
1906,PRT,Bills,0.05000000074505806
1907,PRT,Bills,0.054999999701976776
1908,PRT,Bills,0.03999999910593033
1909,PRT,Bills,0.05000000074505806
1910,PRT,Bills,0.054999999701976776
1911,PRT,Bills,0.054999999701976776
1912,PRT,Bills,0.054999999701976776
1913,PRT,Bills,0.054999999701976776
1914,PRT,Bills,0.054999999701976776
1915,PRT,Bills,0.054999999701976776
1916,PRT,Bills,0.054999999701976776
1917,PRT,Bills,0.054999999701976776
1918,PRT,Bills,0.054999999701976776
1919,PRT,Bills,0.054999999701976776
1920,PRT,Bills,0.07000000029802322
1921,PRT,Bills,0.07000000029802322
1922,PRT,Bills,0.07000000029802322
1923,PRT,Bills,0.09000000357627869
1924,PRT,Bills,0.09000000357627869
1925,PRT,Bills,0.09000000357627869
1926,PRT,Bills,0.07999999821186066
1927,PRT,Bills,0.07999999821186066
1928,PRT,Bills,0.07999999821186066
1929,PRT,Bills,0.07999999821186066
1930,PRT,Bills,0.07500000298023224
1931,PRT,Bills,0.07000000029802322
1932,PRT,Bills,0.06499999761581421
1933,PRT,Bills,0.054999999701976776
1934,PRT,Bills,0.05000000074505806
1935,PRT,Bills,0.05000000074505806
1936,PRT,Bills,0.04500000178813934
1937,PRT,Bills,0.03999999910593033
1938,PRT,Bills,0.03999999910593033
1939,PRT,Bills,0.03999999910593033
1940,PRT,Bills,0.03999999910593033
1941,PRT,Bills,0.03500000014901161
1942,PRT,Bills,0.03500000014901161
1943,PRT,Bills,0.02500000037252903
1944,PRT,Bills,0.019999999552965164
1945,PRT,Bills,0.019999999552965164
1946,PRT,Bills,0.019999999552965164
1947,PRT,Bills,0.012500000186264515
1948,PRT,Bills,0.013749999925494194
1949,PRT,Bills,0.013749999925494194
1950,PRT,Bills,0.013749999925494194
1951,PRT,Bills,0.013749999925494194
1952,PRT,Bills,0.017500000074505806
1953,PRT,Bills,0.017500000074505806
1954,PRT,Bills,0.017500000074505806
1955,PRT,Bills,0.017500000074505806
1956,PRT,Bills,0.019999999552965164
1957,PRT,Bills,0.019999999552965164
1958,PRT,Bills,0.021250000223517418
1959,PRT,Bills,0.019999999552965164
1960,PRT,Bills,0.019999999552965164
1961,PRT,Bills,0.02250000089406967
1962,PRT,Bills,0.026249999180436134
1963,PRT,Bills,0.026249999180436134
1964,PRT,Bills,0.026249999180436134
1965,PRT,Bills,0.029999999329447746
1966,PRT,Bills,0.027499999850988388
1967,PRT,Bills,0.032499998807907104
1968,PRT,Bills,0.03500000014901161
1969,PRT,Bills,0.03500000014901161
1970,PRT,Bills,0.04500000178813934
1971,PRT,Bills,0.04749999940395355
1972,PRT,Bills,0.04749999940395355
1973,PRT,Bills,0.05249999836087227
1974,PRT,Bills,0.07750000059604645
1975,PRT,Bills,0.08500000089406967
1976,PRT,Bills,0.0949999988079071
1977,PRT,Bills,0.12540000677108765
1978,PRT,Bills,0.1842000037431717
1979,PRT,Bills,0.14869999885559082
1980,PRT,Bills,0.09950000047683716
1981,PRT,Bills,0.09239999949932098
1982,PRT,Bills,0.12417499721050262
1983,PRT,Bills,0.18244199454784393
1984,PRT,Bills,0.21273300051689148
1985,PRT,Bills,0.20166699588298798
1986,PRT,Bills,0.14522500336170197
1987,PRT,Bills,0.13692499697208405
1988,PRT,Bills,0.12968333065509796
1989,PRT,Bills,0.14827272295951843
1990,PRT,Bills,0.1690250039100647
1991,PRT,Bills,0.17737500369548798
1992,PRT,Bills,0.16705749928951263
1993,PRT,Bills,0.13245083391666412
1994,PRT,Bills,0.11106666922569275
1995,PRT,Bills,0.09786666929721832
1996,PRT,Bills,0.07366666942834854
1997,PRT,Bills,0.05741666629910469
1998,PRT,Bills,0.04308333247900009
1999,PRT,Bills,0.029634999111294746
2000,PRT,Bills,0.043917667120695114
2001,PRT,Bills,0.042617835104465485
2002,PRT,Bills,0.033185917884111404
2003,PRT,Bills,0.023334667086601257
2004,PRT,Bills,0.02106333337724209
2005,PRT,Bills,0.0218468327075243
2006,PRT,Bills,0.030792249366641045
2007,PRT,Bills,0.04277608171105385
2008,PRT,Bills,0.046342331916093826
2009,PRT,Bills,0.012283583171665668
2010,PRT,Bills,0.008109583519399166
2011,PRT,Bills,0.013906000182032585
2012,PRT,Bills,0.005731833167374134
2013,PRT,Bills,0.0022066666278988123
2014,PRT,Bills,0.002099333330988884
2015,PRT,Bills,-0.00019999999494757503
2016,PRT,Bills,-0.002637
2017,PRT,Bills,-0.003291
2018,PRT,Bills,-0.003221
2019,PRT,Bills,-0.003563
2020,PRT,Bills,-0.004252000000000001
1871,SWE,Bills,0.04500000178813934
1872,SWE,Bills,0.04500000178813934
1873,SWE,Bills,0.04600000008940697
1874,SWE,Bills,0.05000000074505806
1875,SWE,Bills,0.05000000074505806
1876,SWE,Bills,0.05000000074505806
1877,SWE,Bills,0.05000000074505806
1878,SWE,Bills,0.05000000074505806
1879,SWE,Bills,0.04800000041723251
1880,SWE,Bills,0.04100000113248825
1881,SWE,Bills,0.03999999910593033
1882,SWE,Bills,0.04500000178813934
1883,SWE,Bills,0.04500000178813934
1884,SWE,Bills,0.04100000113248825
1885,SWE,Bills,0.04500000178813934
1886,SWE,Bills,0.04100000113248825
1887,SWE,Bills,0.039000000804662704
1888,SWE,Bills,0.03099999949336052
1889,SWE,Bills,0.03099999949336052
1890,SWE,Bills,0.039000000804662704
1891,SWE,Bills,0.04100000113248825
1892,SWE,Bills,0.0430000014603138
1893,SWE,Bills,0.03700000047683716
1894,SWE,Bills,0.03500000014901161
1895,SWE,Bills,0.03500000014901161
1896,SWE,Bills,0.02800000086426735
1897,SWE,Bills,0.035999998450279236
1898,SWE,Bills,0.04100000113248825
1899,SWE,Bills,0.04899999871850014
1900,SWE,Bills,0.05000000074505806
1901,SWE,Bills,0.04800000041723251
1902,SWE,Bills,0.04100000113248825
1903,SWE,Bills,0.03999999910593033
1904,SWE,Bills,0.04100000113248825
1905,SWE,Bills,0.041999999433755875
1906,SWE,Bills,0.04600000008940697
1907,SWE,Bills,0.050999999046325684
1908,SWE,Bills,0.054999999701976776
1909,SWE,Bills,0.041999999433755875
1910,SWE,Bills,0.04100000113248825
1911,SWE,Bills,0.041999999433755875
1912,SWE,Bills,0.04100000113248825
1913,SWE,Bills,0.04500000178813934
1914,SWE,Bills,0.04500000178813934
1915,SWE,Bills,0.04500000178813934
1916,SWE,Bills,0.041999999433755875
1917,SWE,Bills,0.04699999839067459
1918,SWE,Bills,0.05400000140070915
1919,SWE,Bills,0.04899999871850014
1920,SWE,Bills,0.05400000140070915
1921,SWE,Bills,0.05000000074505806
1922,SWE,Bills,0.032999999821186066
1923,SWE,Bills,0.03200000151991844
1924,SWE,Bills,0.03999999910593033
1925,SWE,Bills,0.039000000804662704
1926,SWE,Bills,0.039000000804662704
1927,SWE,Bills,0.03999999910593033
1928,SWE,Bills,0.03799999877810478
1929,SWE,Bills,0.04100000113248825
1930,SWE,Bills,0.035999998450279236
1931,SWE,Bills,0.03700000047683716
1932,SWE,Bills,0.038600001484155655
1933,SWE,Bills,0.027899999171495438
1934,SWE,Bills,0.019999999552965164
1935,SWE,Bills,0.019999999552965164
1936,SWE,Bills,0.019999999552965164
1937,SWE,Bills,0.019999999552965164
1938,SWE,Bills,0.019999999552965164
1939,SWE,Bills,0.019999999552965164
1940,SWE,Bills,0.028300000354647636
1941,SWE,Bills,0.027499999850988388
1942,SWE,Bills,0.02500000037252903
1943,SWE,Bills,0.02500000037252903
1944,SWE,Bills,0.02500000037252903
1945,SWE,Bills,0.020500000566244125
1946,SWE,Bills,0.019999999552965164
1947,SWE,Bills,0.019999999552965164
1948,SWE,Bills,0.019999999552965164
1949,SWE,Bills,0.019999999552965164
1950,SWE,Bills,0.02539999969303608
1951,SWE,Bills,0.029999999329447746
1952,SWE,Bills,0.029999999329447746
1953,SWE,Bills,0.029999999329447746
1954,SWE,Bills,0.029999999329447746
1955,SWE,Bills,0.03689999878406525
1956,SWE,Bills,0.040300000458955765
1957,SWE,Bills,0.04600000008940697
1958,SWE,Bills,0.04670000076293945
1959,SWE,Bills,0.04500000178813934
1960,SWE,Bills,0.04740000143647194
1961,SWE,Bills,0.04749999940395355
1962,SWE,Bills,0.042500000447034836
1963,SWE,Bills,0.04749999940395355
1964,SWE,Bills,0.057500001043081284
1965,SWE,Bills,0.0625
1966,SWE,Bills,0.06750000268220901
1967,SWE,Bills,0.06499999761581421
1968,SWE,Bills,0.054999999701976776
1969,SWE,Bills,0.07500000298023224
1970,SWE,Bills,0.07500000298023224
1971,SWE,Bills,0.054999999701976776
1972,SWE,Bills,0.054999999701976776
1973,SWE,Bills,0.054999999701976776
1974,SWE,Bills,0.07500000298023224
1975,SWE,Bills,0.06499999761581421
1976,SWE,Bills,0.08500000089406967
1977,SWE,Bills,0.08500000089406967
1978,SWE,Bills,0.07000000029802322
1979,SWE,Bills,0.0949999988079071
1980,SWE,Bills,0.11249999701976776
1981,SWE,Bills,0.11749999970197678
1982,SWE,Bills,0.11249999701976776
1983,SWE,Bills,0.09749999642372131
1984,SWE,Bills,0.10750000178813934
1985,SWE,Bills,0.11999999731779099
1986,SWE,Bills,0.09000000357627869
1987,SWE,Bills,0.08749999850988388
1988,SWE,Bills,0.0949999988079071
1989,SWE,Bills,0.09160000085830688
1990,SWE,Bills,0.09929999709129333
1991,SWE,Bills,0.07959999889135361
1992,SWE,Bills,0.07800000160932541
1993,SWE,Bills,0.049508001655340195
1994,SWE,Bills,0.04740700125694275
1995,SWE,Bills,0.06010099872946739
1996,SWE,Bills,0.023631000891327858
1997,SWE,Bills,0.023711999878287315
1998,SWE,Bills,0.018244000151753426
1999,SWE,Bills,0.03072916716337204
2000,SWE,Bills,0.03954608365893364
2001,SWE,Bills,0.03995641693472862
2002,SWE,Bills,0.040665749460458755
2003,SWE,Bills,0.030328333377838135
2004,SWE,Bills,0.02109166607260704
2005,SWE,Bills,0.01716666668653488
2006,SWE,Bills,0.02331666648387909
2007,SWE,Bills,0.03552500158548355
2008,SWE,Bills,0.03905000165104866
2009,SWE,Bills,0.003991666715592146
2010,SWE,Bills,0.0050416667945683
2011,SWE,Bills,0.01654166728258133
2012,SWE,Bills,0.012533333152532578
2013,SWE,Bills,0.00925000011920929
2014,SWE,Bills,0.004208333324640989
2015,SWE,Bills,-0.0028916667215526104
2016,SWE,Bills,-0.00655
2017,SWE,Bills,-0.00695
2018,SWE,Bills,-0.0068579999999999995
2019,SWE,Bills,-0.004208
2020,SWE,Bills,-0.00135
1872,USA,Bills,0.05999999865889549
1873,USA,Bills,0.05999999865889549
1874,USA,Bills,0.05999999865889549
1875,USA,Bills,0.05999999865889549
1876,USA,Bills,0.05999999865889549
1877,USA,Bills,0.05999999865889549
1878,USA,Bills,0.05000000074505806
1879,USA,Bills,0.05000000074505806
1880,USA,Bills,0.05000000074505806
1881,USA,Bills,0.03999999910593033
1882,USA,Bills,0.03999999910593033
1883,USA,Bills,0.03999999910593033
1884,USA,Bills,0.03999999910593033
1885,USA,Bills,0.03999999910593033
1886,USA,Bills,0.03999999910593033
1887,USA,Bills,0.03999999910593033
1888,USA,Bills,0.03999999910593033
1889,USA,Bills,0.03999999910593033
1890,USA,Bills,0.03999999910593033
1891,USA,Bills,0.03999999910593033
1892,USA,Bills,0.03999999910593033
1893,USA,Bills,0.03999999910593033
1894,USA,Bills,0.03999999910593033
1895,USA,Bills,0.03999999910593033
1896,USA,Bills,0.03999999910593033
1897,USA,Bills,0.03999999910593033
1898,USA,Bills,0.03999999910593033
1900,AUS,CPI,0.01754399999999996
1901,AUS,CPI,0.01724110107019304
1902,AUS,CPI,0.06779675495549216
1903,AUS,CPI,0.01587314285714282
1904,AUS,CPI,-0.046874994140625736
1905,AUS,CPI,0.0
1906,AUS,CPI,0.016393178177943925
1907,AUS,CPI,0.0
1908,AUS,CPI,0.032258326743009824
1909,AUS,CPI,0.015624748046906571
1910,AUS,CPI,0.015384740355044928
1911,AUS,CPI,0.07575745454545459
1912,AUS,CPI,0.08450705177544245
1913,AUS,CPI,-0.01298680654408386
1914,AUS,CPI,0.052631362880909235
1915,AUS,CPI,0.11250001125000113
1916,AUS,CPI,0.02247209190760371
1917,AUS,CPI,0.06593406013766516
1918,AUS,CPI,0.07216477755342023
1919,AUS,CPI,0.12500008653846828
1920,AUS,CPI,0.017093948717948646
1921,AUS,CPI,-0.09243691377727145
1922,AUS,CPI,-0.01851844444444437
1923,AUS,CPI,0.0
1924,AUS,CPI,0.009433810608768856
1925,AUS,CPI,0.009345869857635207
1926,AUS,CPI,0.0
1927,AUS,CPI,0.01851844444444437
1928,AUS,CPI,0.009090982479344256
1929,AUS,CPI,0.0
1930,AUS,CPI,-0.08108108108108109
1931,AUS,CPI,-0.039215764705882436
1932,AUS,CPI,-0.04081616659723803
1933,AUS,CPI,0.0
1934,AUS,CPI,0.0
1935,AUS,CPI,0.01063812675420203
1936,AUS,CPI,0.03157895002770094
1937,AUS,CPI,0.02040832819659839
1938,AUS,CPI,0.019999918400006443
1939,AUS,CPI,0.029411764705882353
1940,AUS,CPI,0.05714285714285714
1941,AUS,CPI,0.05405405405405406
1942,AUS,CPI,0.05982912820512828
1943,AUS,CPI,0.008064386576491056
1944,AUS,CPI,0.008000064512004195
1948,AUS,CPI,0.08450703749256126
1949,AUS,CPI,0.08604950202340239
1950,AUS,CPI,0.0919036772089614
1951,AUS,CPI,0.19839674670842616
1952,AUS,CPI,0.17224118520870987
1953,AUS,CPI,0.04279584156174361
1954,AUS,CPI,0.006839471573670574
1955,AUS,CPI,0.020380814911835216
1956,AUS,CPI,0.06258360955777303
1957,AUS,CPI,0.024748638931689878
1958,AUS,CPI,0.013146045159908836
1959,AUS,CPI,0.01840691349581771
1960,AUS,CPI,0.03792594503975077
1961,AUS,CPI,0.025121383578097373
1962,AUS,CPI,-0.002784546787982989
1963,AUS,CPI,0.005305558566979155
1964,AUS,CPI,0.023610934010485175
1965,AUS,CPI,0.03962005069692252
1966,AUS,CPI,0.029757380802723467
1967,AUS,CPI,0.031938816626749245
1968,AUS,CPI,0.026529473469882214
1969,AUS,CPI,0.02919382730385504
1970,AUS,CPI,0.039060046168248666
1971,AUS,CPI,0.06064037095732817
1972,AUS,CPI,0.05864982709034204
1973,AUS,CPI,0.09465894822461542
1974,AUS,CPI,0.15110148819813599
1975,AUS,CPI,0.15071972798936648
1976,AUS,CPI,0.1352392365283332
1977,AUS,CPI,0.12300241669392466
1978,AUS,CPI,0.07923662766496531
1979,AUS,CPI,0.09090001538075766
1980,AUS,CPI,0.10126572853309089
1981,AUS,CPI,0.09691754380607981
1982,AUS,CPI,0.11145507019303708
1983,AUS,CPI,0.10113560353860214
1984,AUS,CPI,0.03950186735568526
1985,AUS,CPI,0.0673904342214603
1986,AUS,CPI,0.09084538389003102
1987,AUS,CPI,0.08488745091606792
1988,AUS,CPI,0.0723177074150578
1989,AUS,CPI,0.07559422012884419
1990,AUS,CPI,0.07272265806943812
1991,AUS,CPI,0.03222700000000003
1992,AUS,CPI,0.009859265452269615
1993,AUS,CPI,0.018131166035433487
1994,AUS,CPI,0.01894933025787144
1995,AUS,CPI,0.04638182381416952
1996,AUS,CPI,0.02612381172049874
1997,AUS,CPI,0.0022471910112359986
1998,AUS,CPI,0.00859491778774266
1999,AUS,CPI,0.014079288625416816
2000,AUS,CPI,0.04457435147972232
2001,AUS,CPI,0.04407135362014697
2002,AUS,CPI,0.030485762144053796
2003,AUS,CPI,0.027308192457737215
2004,AUS,CPI,0.023417721518987248
2005,AUS,CPI,0.02659245516388392
2006,AUS,CPI,0.03554216867469883
2007,AUS,CPI,0.023560209424083562
2008,AUS,CPI,0.04347826086956524
2009,AUS,CPI,0.017701525054466368
2010,AUS,CPI,0.02863259298902846
2011,AUS,CPI,0.033558792924037524
2012,AUS,CPI,0.016863830858293346
2013,AUS,CPI,0.0247524752475247
2014,AUS,CPI,0.024879227053140142
2015,AUS,CPI,0.014847984916332845
2016,AUS,CPI,0.012772875058058495
2017,AUS,CPI,0.019949552854849673
2018,AUS,CPI,0.019334532374100565
2019,AUS,CPI,0.015659461843846638
2020,AUS,CPI,0.008903365906623387
1871,BEL,CPI,0.019801980198019844
1872,BEL,CPI,0.03883495145631076
1873,BEL,CPI,0.07476635514018692
1874,BEL,CPI,-0.043478260869565306
1875,BEL,CPI,-0.0363636363636363
1876,BEL,CPI,0.05660377358490563
1877,BEL,CPI,0.0
1878,BEL,CPI,-0.044642857142857234
1879,BEL,CPI,-0.028037383177570156
1880,BEL,CPI,-0.04807692307692304
1881,BEL,CPI,0.0
1882,BEL,CPI,-0.010101010101010123
1883,BEL,CPI,0.010204081632653085
1884,BEL,CPI,-0.07070707070707055
1885,BEL,CPI,-0.03260869565217398
1886,BEL,CPI,-0.07865168539325841
1887,BEL,CPI,0.0609756097560975
1888,BEL,CPI,-0.022988505747126485
1889,BEL,CPI,0.023529411764705934
1890,BEL,CPI,0.03448275862068973
1891,BEL,CPI,0.0
1892,BEL,CPI,-0.0333333333333334
1893,BEL,CPI,-0.03448275862068973
1894,BEL,CPI,-0.023809523809523864
1895,BEL,CPI,-0.02439024390243908
1896,BEL,CPI,-0.03750000000000009
1897,BEL,CPI,0.012987012987013019
1898,BEL,CPI,0.0
1899,BEL,CPI,0.012820512820512851
1900,BEL,CPI,0.12658227848101275
1901,BEL,CPI,0.022471910112359425
1902,BEL,CPI,-0.021978021978022032
1903,BEL,CPI,0.0
1904,BEL,CPI,-0.12359550561797748
1905,BEL,CPI,0.0256410256410255
1906,BEL,CPI,0.10000000000000006
1907,BEL,CPI,0.022727272727272606
1908,BEL,CPI,0.011111111111111141
1909,BEL,CPI,-0.010989010989011018
1910,BEL,CPI,0.022222222222222282
1911,BEL,CPI,0.06521739130434782
1912,BEL,CPI,0.07142857142857129
1913,BEL,CPI,-0.04761904761904775
1920,BEL,CPI,0.20007792713812594
1921,BEL,CPI,-0.12307692307692314
1922,BEL,CPI,-0.06516290726817038
1923,BEL,CPI,0.14745308310991978
1924,BEL,CPI,0.1705607476635513
1925,BEL,CPI,0.033932135728542916
1926,BEL,CPI,0.19305019305019297
1927,BEL,CPI,0.2718446601941749
1928,BEL,CPI,0.043256997455470896
1929,BEL,CPI,0.06707317073170739
1930,BEL,CPI,-0.0011428571428570918
1931,BEL,CPI,-0.08695652173913043
1932,BEL,CPI,-0.09774436090225568
1933,BEL,CPI,-0.020833333333333277
1934,BEL,CPI,-0.05531914893617023
1935,BEL,CPI,-0.016516516516516533
1936,BEL,CPI,0.045801526717557314
1937,BEL,CPI,0.07299270072992704
1938,BEL,CPI,0.035374149659864074
1939,BEL,CPI,0.011826544021025096
1940,BEL,CPI,0.48173820314582816
1941,BEL,CPI,0.9354084202950699
1942,BEL,CPI,0.5089337175792507
1943,BEL,CPI,0.13135026737967914
1944,BEL,CPI,-0.03972634688641856
1945,BEL,CPI,-0.2349956822107081
1946,BEL,CPI,-0.11528150134048253
1947,BEL,CPI,0.0179591836734694
1948,BEL,CPI,0.1475541299117883
1949,BEL,CPI,-0.03284416491963663
1950,BEL,CPI,-0.008670520231213846
1951,BEL,CPI,0.09365889212827982
1952,BEL,CPI,0.00933022325891361
1953,BEL,CPI,-0.0033014196104325867
1954,BEL,CPI,0.012918184829413676
1955,BEL,CPI,-0.0049051667756703585
1956,BEL,CPI,0.028261583963194187
1957,BEL,CPI,0.031639501438159065
1958,BEL,CPI,0.013011152416356841
1959,BEL,CPI,0.012232415902140588
1960,BEL,CPI,0.0030211480362537175
1961,BEL,CPI,0.009939759036144552
1962,BEL,CPI,0.01401729794214123
1963,BEL,CPI,0.021470588235294016
1964,BEL,CPI,0.0417506478548805
1965,BEL,CPI,0.04063018242122724
1966,BEL,CPI,0.041699867197875155
1967,BEL,CPI,0.028556858745538007
1968,BEL,CPI,0.027516113039167137
1969,BEL,CPI,0.03763570566948121
1970,BEL,CPI,0.03906068356196236
1971,BEL,CPI,0.043410158872230854
1972,BEL,CPI,0.05447137036242764
1973,BEL,CPI,0.06955460646735818
1974,BEL,CPI,0.12683019585472527
1975,BEL,CPI,0.1275734053324334
1976,BEL,CPI,0.09173900029931163
1977,BEL,CPI,0.07100753941055522
1978,BEL,CPI,0.04466914117496493
1979,BEL,CPI,0.044719431511884365
1980,BEL,CPI,0.06649466400844377
1981,BEL,CPI,0.0763140532219046
1982,BEL,CPI,0.08724969350224779
1983,BEL,CPI,0.07667731629392988
1984,BEL,CPI,0.06344911851981146
1985,BEL,CPI,0.048666393106278245
1986,BEL,CPI,0.012991078416027535
1987,BEL,CPI,0.015528430160692283
1988,BEL,CPI,0.011639406618486042
1989,BEL,CPI,0.03105730184990231
1990,BEL,CPI,0.03449784844285615
1991,BEL,CPI,0.032078398195149446
1992,BEL,CPI,0.024318600997335856
1993,BEL,CPI,0.027475825275091702
1994,BEL,CPI,0.023820341403258307
1995,BEL,CPI,0.014707746925320186
1996,BEL,CPI,0.020617268524303383
1997,BEL,CPI,0.015030000000000116
1998,BEL,CPI,0.009069999999999955
1999,BEL,CPI,0.01135000000000002
2000,BEL,CPI,0.026790000000000046
2001,BEL,CPI,0.02435000000000007
2002,BEL,CPI,0.01547999999999989
2003,BEL,CPI,0.015169999999999953
2004,BEL,CPI,0.018569999999999896
2005,BEL,CPI,0.025369999999999813
2006,BEL,CPI,0.02328000000000003
2007,BEL,CPI,0.018159999999999923
2008,BEL,CPI,0.04488459573677612
2009,BEL,CPI,-0.00005555679015100232
2010,BEL,CPI,0.02333514828931144
2011,BEL,CPI,0.03352046301021791
2012,BEL,CPI,0.02625551586467729
2013,BEL,CPI,0.012479652740097718
2014,BEL,CPI,0.004904042548888624
2015,BEL,CPI,0.006198243160299008
2016,BEL,CPI,0.017700177001770137
2017,BEL,CPI,0.022246460120468797
2018,BEL,CPI,0.023108052252650488
2019,BEL,CPI,0.012486259477437495
2020,BEL,CPI,0.004277787057142186
1900,CHE,CPI,-0.03662950679827144
1901,CHE,CPI,0.01267418342033644
1902,CHE,CPI,0.0062578806699455525
1903,CHE,CPI,0.019900299864776743
1904,CHE,CPI,0.0
1905,CHE,CPI,0.034146625275622594
1906,CHE,CPI,0.0283018418129198
1907,CHE,CPI,0.028669989567636486
1908,CHE,CPI,0.013377902301648308
1909,CHE,CPI,0.016501620806097444
1910,CHE,CPI,0.04220771833283454
1911,CHE,CPI,0.023883376773430817
1912,CHE,CPI,0.03651110628159968
1913,CHE,CPI,-0.021526654139056422
1914,CHE,CPI,0.018000789217477893
1916,CHE,CPI,0.16521707897950508
1917,CHE,CPI,0.27611970379925116
1918,CHE,CPI,0.19298224425483843
1919,CHE,CPI,0.08823524830874682
1920,CHE,CPI,0.009009163735351915
1921,CHE,CPI,-0.1071429078014184
1922,CHE,CPI,-0.17999989673758288
1923,CHE,CPI,0.0
1924,CHE,CPI,0.0304875951920018
1925,CHE,CPI,-0.005917026267761387
1926,CHE,CPI,-0.03571442080378249
1927,CHE,CPI,-0.012345400556224583
1928,CHE,CPI,0.0062498572695238825
1929,CHE,CPI,0.0
1930,CHE,CPI,-0.01863361085414747
1931,CHE,CPI,-0.0506327713893722
1932,CHE,CPI,-0.08000029654844089
1933,CHE,CPI,-0.05072465019417836
1934,CHE,CPI,-0.015266833050771414
1935,CHE,CPI,-0.007751761372102913
1936,CHE,CPI,0.015624641234581238
1937,CHE,CPI,0.0538461585463094
1938,CHE,CPI,0.0
1939,CHE,CPI,0.007299105020374287
1940,CHE,CPI,0.09420308624600755
1941,CHE,CPI,0.15231811768864725
1942,CHE,CPI,0.10919519240952887
1943,CHE,CPI,0.05181353334441821
1944,CHE,CPI,0.02463037417461489
1945,CHE,CPI,0.009615549855245466
1946,CHE,CPI,-0.009523971631205663
1947,CHE,CPI,0.04326940151708703
1948,CHE,CPI,0.03215849919926782
1949,CHE,CPI,-0.007980556989894071
1950,CHE,CPI,-0.015470332204238095
1951,CHE,CPI,0.04776882377355294
1952,CHE,CPI,0.025194905292108428
1953,CHE,CPI,-0.00643633772383515
1954,CHE,CPI,0.007066975507321207
1955,CHE,CPI,0.009356624385332765
1956,CHE,CPI,0.015063779651429425
1957,CHE,CPI,0.019596819267732414
1958,CHE,CPI,0.018380273377176844
1959,CHE,CPI,-0.006459085051341847
1960,CHE,CPI,0.014385216964103952
1961,CHE,CPI,0.0184537006343657
1962,CHE,CPI,0.043156087877707854
1963,CHE,CPI,0.03439717595193279
1964,CHE,CPI,0.030813272668675173
1965,CHE,CPI,0.03414498594178893
1966,CHE,CPI,0.04776124621920725
1967,CHE,CPI,0.040214901169901215
1968,CHE,CPI,0.024123499762094103
1969,CHE,CPI,0.02489003615378494
1970,CHE,CPI,0.03616030901038098
1971,CHE,CPI,0.06573012532979872
1972,CHE,CPI,0.06660192363871442
1973,CHE,CPI,0.08755052838582857
1974,CHE,CPI,0.09766733157350534
1975,CHE,CPI,0.06696465077280607
1976,CHE,CPI,0.017158623266509427
1977,CHE,CPI,0.0128526140520804
1978,CHE,CPI,0.01055801821247121
1979,CHE,CPI,0.036476438267035644
1980,CHE,CPI,0.04022032821781729
1981,CHE,CPI,0.06490230689600195
1982,CHE,CPI,0.056552056362722584
1983,CHE,CPI,0.02967690326109872
1984,CHE,CPI,0.02915180068816075
1985,CHE,CPI,0.03442472110828967
1986,CHE,CPI,0.0075246048294684295
1987,CHE,CPI,0.014474879282367625
1988,CHE,CPI,0.01859440741153431
1989,CHE,CPI,0.031592241214886685
1990,CHE,CPI,0.05410621806716983
1991,CHE,CPI,0.05844099999999997
1992,CHE,CPI,0.040526585799302975
1993,CHE,CPI,0.03317788576783104
1994,CHE,CPI,0.008424468043969678
1995,CHE,CPI,0.018113889610287794
1996,CHE,CPI,0.008124138131747713
1997,CHE,CPI,0.005188606957549762
1998,CHE,CPI,0.0001851287189091346
1999,CHE,CPI,0.008078828460994038
2000,CHE,CPI,0.015617743311696002
2001,CHE,CPI,0.009900779513575054
2002,CHE,CPI,0.006412956488774713
2003,CHE,CPI,0.006361629330459547
2004,CHE,CPI,0.008005739179255802
2005,CHE,CPI,0.011727573722808391
2006,CHE,CPI,0.01063330886550864
2007,CHE,CPI,0.007343817776477427
2008,CHE,CPI,0.024284240779499106
2009,CHE,CPI,-0.004790583082398112
2010,CHE,CPI,0.006876633200385211
2011,CHE,CPI,0.002283060471832482
2012,CHE,CPI,-0.006930924382836213
2013,CHE,CPI,-0.0021565244667503818
2014,CHE,CPI,-0.00011788282447234027
2015,CHE,CPI,-0.011416332625953152
2016,CHE,CPI,-0.004342986623203736
2017,CHE,CPI,0.005330139242401436
2018,CHE,CPI,0.009343080312437432
2019,CHE,CPI,0.00361136190013183
2020,CHE,CPI,-0.00725604753007699
1871,DEU,CPI,0.04504504526029721
1872,DEU,CPI,0.06034483366616353
1873,DEU,CPI,0.056910563733241486
1874,DEU,CPI,0.00769230492561958
1875,DEU,CPI,-0.053435107313600655
1876,DEU,CPI,0.008064514418080312
1877,DEU,CPI,-0.015999998100996848
1878,DEU,CPI,-0.03252033269068532
1879,DEU,CPI,-0.025210082078998393
1880,DEU,CPI,0.04310345402296838
1881,DEU,CPI,-0.01652893301041131
1882,DEU,CPI,0.008403361676790174
1883,DEU,CPI,-0.03333333171350754
1884,DEU,CPI,-0.008620686935703784
1885,DEU,CPI,-0.026086959377101662
1886,DEU,CPI,-0.008928571445658765
1887,DEU,CPI,0.0
1888,DEU,CPI,0.009009009026405472
1889,DEU,CPI,0.03571428590975533
1890,DEU,CPI,0.025862066908494078
1891,DEU,CPI,0.016806730330162487
1892,DEU,CPI,-0.008264469935839062
1893,DEU,CPI,-0.05833332950102685
1894,DEU,CPI,-0.017699117598224758
1895,DEU,CPI,0.018018020664859347
1896,DEU,CPI,0.008849557842780978
1897,DEU,CPI,0.01754385688967772
1898,DEU,CPI,0.0
1899,DEU,CPI,0.02586206690849408
1900,DEU,CPI,0.025210092623102615
1901,DEU,CPI,0.0
1902,DEU,CPI,0.008196720667075833
1903,DEU,CPI,0.0
1904,DEU,CPI,0.0
1905,DEU,CPI,0.032520324081757715
1906,DEU,CPI,0.055118106551408155
1907,DEU,CPI,-0.007462684850910033
1908,DEU,CPI,0.0
1909,DEU,CPI,0.03007519043554318
1910,DEU,CPI,0.03649634852711415
1911,DEU,CPI,0.0
1912,DEU,CPI,0.014084505039701736
1913,DEU,CPI,0.0069444415801149795
1914,DEU,CPI,0.027586213550290575
1915,DEU,CPI,0.25503355590599514
1916,DEU,CPI,0.3155080226035666
1917,DEU,CPI,0.5000000028377557
1918,DEU,CPI,0.23035229860061526
1919,DEU,CPI,0.3281938343445795
1920,DEU,CPI,1.454394693124639
1921,DEU,CPI,0.3108108038645452
1922,DEU,CPI,10.237113438921776
1924,DEU,CPI,7.291766537270919
1925,DEU,CPI,0.09374999815190475
1926,DEU,CPI,0.007142858382786727
1927,DEU,CPI,0.04964538966581501
1928,DEU,CPI,0.02702702694264511
1929,DEU,CPI,0.013157895175181853
1930,DEU,CPI,-0.03896103929786936
1931,DEU,CPI,-0.08108108105529381
1932,DEU,CPI,-0.1102941175231129
1933,DEU,CPI,-0.024793388301925626
1934,DEU,CPI,0.025423728679150805
1935,DEU,CPI,0.016528924831336986
1936,DEU,CPI,0.008130082074432788
1937,DEU,CPI,0.008064516434208932
1938,DEU,CPI,0.00799999934563
1939,DEU,CPI,0.0
1940,DEU,CPI,0.031746032257670004
1941,DEU,CPI,0.023076923316147722
1942,DEU,CPI,0.030075188375392185
1943,DEU,CPI,0.0072992697415110485
1950,DEU,CPI,-0.06220097781855669
1951,DEU,CPI,0.07653061305708726
1952,DEU,CPI,0.021327015170155814
1953,DEU,CPI,-0.01856147504800519
1954,DEU,CPI,0.0023640770337392913
1955,DEU,CPI,0.016509412745893064
1956,DEU,CPI,0.025522062300496685
1957,DEU,CPI,0.02111611147242681
1958,DEU,CPI,0.02086411784053734
1959,DEU,CPI,0.009766684780961698
1960,DEU,CPI,0.014866561146005012
1961,DEU,CPI,0.022767379914976075
1962,DEU,CPI,0.028817957345064763
1963,DEU,CPI,0.029855737754868737
1964,DEU,CPI,0.023452769513275643
1965,DEU,CPI,0.032304275290237564
1966,DEU,CPI,0.03622630593032927
1967,DEU,CPI,0.016066646547020464
1968,DEU,CPI,0.016251826324959463
1969,DEU,CPI,0.018729291495549635
1970,DEU,CPI,0.034365707647772956
1971,DEU,CPI,0.05236533642603898
1972,DEU,CPI,0.05495646534418338
1973,DEU,CPI,0.06995075494626575
1974,DEU,CPI,0.06963626240181837
1975,DEU,CPI,0.05939955491618378
1976,DEU,CPI,0.04296597996139886
1977,DEU,CPI,0.03691078010176332
1978,DEU,CPI,0.026862033926962202
1979,DEU,CPI,0.0411597915708216
1980,DEU,CPI,0.05420362809988227
1981,DEU,CPI,0.06325001153455476
1982,DEU,CPI,0.05266870024658209
1983,DEU,CPI,0.03276003497611431
1984,DEU,CPI,0.024079011183937873
1985,DEU,CPI,0.021823303523831952
1986,DEU,CPI,-0.0012501119582181532
1987,DEU,CPI,0.0024198992411527172
1988,DEU,CPI,0.012736203298781047
1989,DEU,CPI,0.02778234503902985
1990,DEU,CPI,0.026964692401965307
1991,DEU,CPI,0.036362068759030704
1992,DEU,CPI,0.050579100057154644
1993,DEU,CPI,0.04457484422474602
1994,DEU,CPI,0.02733485355169598
1995,DEU,CPI,0.018403574324409037
1996,DEU,CPI,0.014877703427147225
1997,DEU,CPI,0.015186530207989398
1998,DEU,CPI,0.0058536585365853615
1999,DEU,CPI,0.0067895247332687625
2000,DEU,CPI,0.014026974951830438
2001,DEU,CPI,0.019001292087862033
2002,DEU,CPI,0.013052882822406157
2003,DEU,CPI,0.010933588573111469
2004,DEU,CPI,0.01750361118191858
2005,DEU,CPI,0.019290187891440474
2006,DEU,CPI,0.017848364972730124
2007,DEU,CPI,0.022893741304172856
2008,DEU,CPI,0.02745115672564589
2009,DEU,CPI,0.0024617067833698496
2010,DEU,CPI,0.011186903137789835
2011,DEU,CPI,0.02482460874257973
2012,DEU,CPI,0.021506055818852062
2013,DEU,CPI,0.01598069943912891
2014,DEU,CPI,0.007692151569888839
2015,DEU,CPI,0.0067975830815709464
2016,DEU,CPI,0.0037509377344336205
2017,DEU,CPI,0.017110114598903912
2018,DEU,CPI,0.019350034781075328
2019,DEU,CPI,0.013532996289959786
2020,DEU,CPI,0.003717401612138474
1875,DNK,CPI,-0.08653824986933364
1876,DNK,CPI,-0.05000008606814886
1877,DNK,CPI,-0.05940587242126203
1878,DNK,CPI,-0.06862763984320637
1879,DNK,CPI,0.010638333078237175
1880,DNK,CPI,0.07954543128892845
1881,DNK,CPI,0.021052571712395832
1882,DNK,CPI,-0.01030906397026334
1883,DNK,CPI,-0.05208336460043639
1884,DNK,CPI,-0.02197795673281487
1885,DNK,CPI,-0.03370796521063432
1886,DNK,CPI,-0.046511491542489465
1887,DNK,CPI,0.0
1888,DNK,CPI,-0.024390608170673622
1889,DNK,CPI,0.03750012381776548
1890,DNK,CPI,0.012048375771494332
1891,DNK,CPI,0.09523780936743836
1892,DNK,CPI,-0.054347872898964256
1893,DNK,CPI,-0.05747090269543392
1894,DNK,CPI,-0.024390608170673622
1895,DNK,CPI,-0.02499993246303694
1896,DNK,CPI,-0.025640954596230704
1897,DNK,CPI,0.0
1898,DNK,CPI,0.052631429280989794
1899,DNK,CPI,0.02500038270945687
1900,DNK,CPI,0.024390168906037703
1901,DNK,CPI,0.03571396410979678
1902,DNK,CPI,0.0
1903,DNK,CPI,-0.03448245881332031
1904,DNK,CPI,0.0
1905,DNK,CPI,0.023809452341859685
1906,DNK,CPI,0.011627663468731153
1907,DNK,CPI,0.05747131671513451
1908,DNK,CPI,0.021739462374474227
1909,DNK,CPI,-0.03191498737586137
1910,DNK,CPI,0.010988780455946147
1911,DNK,CPI,-0.010869339668626504
1912,DNK,CPI,0.05494508974249864
1913,DNK,CPI,0.04166654159825428
1914,DNK,CPI,0.03000009365123848
1916,DNK,CPI,0.16901403039663154
1917,DNK,CPI,0.1566264420627929
1918,DNK,CPI,0.17708342212584907
1919,DNK,CPI,0.18584069974847178
1920,DNK,CPI,0.1865670975721695
1921,DNK,CPI,-0.15094336136787007
1922,DNK,CPI,-0.14814815966109926
1923,DNK,CPI,0.043478173608359066
1924,DNK,CPI,0.058333395988977944
1925,DNK,CPI,-0.03149600054851502
1926,DNK,CPI,-0.1463415050215206
1927,DNK,CPI,-0.03809516196878417
1928,DNK,CPI,0.0
1929,DNK,CPI,-0.009900969530093022
1930,DNK,CPI,-0.050000104911758735
1931,DNK,CPI,-0.05263147432621242
1932,DNK,CPI,-0.011111087797386824
1933,DNK,CPI,0.033707793646826766
1934,DNK,CPI,0.03260862871886547
1935,DNK,CPI,0.04210517946097005
1936,DNK,CPI,0.010101202776453048
1937,DNK,CPI,0.039999916070593125
1938,DNK,CPI,0.00961536521601927
1939,DNK,CPI,0.02857137147658822
1940,DNK,CPI,0.24074085587026073
1941,DNK,CPI,0.14925358410690098
1942,DNK,CPI,0.03246760678520336
1943,DNK,CPI,0.006289295726620174
1944,DNK,CPI,0.02500008196232233
1945,DNK,CPI,0.012195096987087638
1946,DNK,CPI,-0.006024084202436776
1947,DNK,CPI,0.027272735365094943
1948,DNK,CPI,0.026548680234759703
1949,DNK,CPI,0.027274646818164806
1950,DNK,CPI,0.0614524496989798
1951,DNK,CPI,0.10526313461252637
1952,DNK,CPI,0.03809551063437222
1953,DNK,CPI,0.009174037800736886
1954,DNK,CPI,0.0
1955,DNK,CPI,0.054545749758120925
1956,DNK,CPI,0.0603448353939469
1957,DNK,CPI,0.027438844705397956
1958,DNK,CPI,0.007314155359709624
1959,DNK,CPI,0.017275316484425225
1960,DNK,CPI,0.012552297860706252
1961,DNK,CPI,0.03451635518698796
1962,DNK,CPI,0.07377818602583416
1963,DNK,CPI,0.06105035079734542
1964,DNK,CPI,0.030928164431761135
1965,DNK,CPI,0.05449998054796709
1966,DNK,CPI,0.07064956731571927
1967,DNK,CPI,0.08207869939364057
1968,DNK,CPI,0.0795360335074916
1969,DNK,CPI,0.03487913971355122
1970,DNK,CPI,0.06514854536995385
1971,DNK,CPI,0.05869860832789792
1972,DNK,CPI,0.0656236370537998
1973,DNK,CPI,0.09303372774166055
1974,DNK,CPI,0.1527518970673161
1975,DNK,CPI,0.09605635312857372
1976,DNK,CPI,0.09000002328974659
1977,DNK,CPI,0.11139122313099117
1978,DNK,CPI,0.10008961355147242
1979,DNK,CPI,0.09611039969032438
1980,DNK,CPI,0.12305342452594414
1981,DNK,CPI,0.11744374277075577
1982,DNK,CPI,0.1012081332019459
1983,DNK,CPI,0.06908248864361209
1984,DNK,CPI,0.06290775889338458
1985,DNK,CPI,0.0467874894426547
1986,DNK,CPI,0.03678185836003281
1987,DNK,CPI,0.03992522133481577
1988,DNK,CPI,0.045627361461399764
1989,DNK,CPI,0.04772729472417497
1990,DNK,CPI,0.026416048712884596
1991,DNK,CPI,0.023950999999999993
1992,DNK,CPI,0.020960963952376593
1993,DNK,CPI,0.012578748706254151
1994,DNK,CPI,0.01992038270713923
1995,DNK,CPI,0.020835436636468613
1996,DNK,CPI,0.021245824055978062
1997,DNK,CPI,0.019802118561167186
1998,DNK,CPI,0.013127783487495642
1999,DNK,CPI,0.020518577631098336
2000,DNK,CPI,0.02717031146454612
2001,DNK,CPI,0.023122580645161383
2002,DNK,CPI,0.02364677394945255
2003,DNK,CPI,0.02002045166138952
2004,DNK,CPI,0.008853512416658552
2005,DNK,CPI,0.016761448668063388
2006,DNK,CPI,0.0188401530762437
2007,DNK,CPI,0.016561687373591358
2008,DNK,CPI,0.036381000022738044
2009,DNK,CPI,0.010421466026020702
2010,DNK,CPI,0.02198506101532991
2011,DNK,CPI,0.026558167698894266
2012,DNK,CPI,0.023542682106526804
2013,DNK,CPI,0.005227079710437919
2014,DNK,CPI,0.003520241387980967
2015,DNK,CPI,0.0022550739163116084
2016,DNK,CPI,0.00016999999999998256
2017,DNK,CPI,0.010578201705710166
2018,DNK,CPI,0.007093742270591279
2019,DNK,CPI,0.007279550455831356
2020,DNK,CPI,0.0033355114938605026
1900,ESP,CPI,0.049945707825783094
1901,ESP,CPI,0.0020682709277041068
1902,ESP,CPI,-0.02270383820398382
1903,ESP,CPI,0.03167898951531114
1904,ESP,CPI,0.018423758264860875
1905,ESP,CPI,0.005025110730106507
1906,ESP,CPI,-0.02700000506336359
1907,ESP,CPI,0.04213773198084783
1908,ESP,CPI,-0.027613428226021468
1909,ESP,CPI,-0.013184580806915413
1910,ESP,CPI,0.009249768123917484
1911,ESP,CPI,-0.0356415669862899
1912,ESP,CPI,0.049630418680387804
1913,ESP,CPI,0.006036210940077485
1914,ESP,CPI,-0.002999998982762204
1915,ESP,CPI,0.09528584733944914
1916,ESP,CPI,0.1794871884991121
1917,ESP,CPI,0.1653726790009986
1918,ESP,CPI,0.45303131744492176
1919,ESP,CPI,0.02109123942910156
1920,ESP,CPI,0.022002692174839782
1921,ESP,CPI,-0.19420035759390408
1922,ESP,CPI,-0.12540893399046876
1923,ESP,CPI,0.007481291061220237
1924,ESP,CPI,0.10891089280366813
1925,ESP,CPI,0.01562500961191037
1926,ESP,CPI,-0.08406593835246244
1927,ESP,CPI,-0.018596288017915918
1928,ESP,CPI,0.025061133242857005
1929,ESP,CPI,0.028026240000989446
1930,ESP,CPI,0.0034802771496739143
1931,ESP,CPI,0.00635836612939295
1932,ESP,CPI,-0.007466970617784558
1933,ESP,CPI,-0.044560170429494006
1934,ESP,CPI,0.02059356447621279
1935,ESP,CPI,0.022551937228161106
1941,ESP,CPI,0.19821978523992673
1942,ESP,CPI,0.14114285885656214
1943,ESP,CPI,0.1449674584103322
1944,ESP,CPI,0.07675486481908442
1945,ESP,CPI,0.08793663407738976
1946,ESP,CPI,0.1907784179464649
1947,ESP,CPI,0.20379370037274355
1948,ESP,CPI,0.07258934101893298
1949,ESP,CPI,0.054083872099280374
1950,ESP,CPI,0.10848169097442323
1951,ESP,CPI,0.09427544369956262
1952,ESP,CPI,-0.01985495581631068
1953,ESP,CPI,0.01620572917138006
1954,ESP,CPI,0.012307163442219101
1955,ESP,CPI,0.040239727705848494
1956,ESP,CPI,0.05860082312348328
1957,ESP,CPI,0.10775929506128386
1958,ESP,CPI,0.13367070098885073
1959,ESP,CPI,0.07303137213671036
1960,ESP,CPI,0.012092292672554156
1961,ESP,CPI,0.0200591960955643
1962,ESP,CPI,0.05697050705874877
1963,ESP,CPI,0.08734940583639268
1964,ESP,CPI,0.06983525036770398
1965,ESP,CPI,0.11842464365920251
1966,ESP,CPI,0.07554525613620906
1967,ESP,CPI,0.06378157692424496
1968,ESP,CPI,0.0496272666449736
1969,ESP,CPI,0.02150973874595919
1970,ESP,CPI,0.05740961411567076
1971,ESP,CPI,0.08219045371078945
1972,ESP,CPI,0.08254500273961789
1973,ESP,CPI,0.114416225243349
1974,ESP,CPI,0.14972306231934732
1975,ESP,CPI,0.17665830380033587
1976,ESP,CPI,0.17635483334470814
1977,ESP,CPI,0.24539985247463925
1978,ESP,CPI,0.1977347853405786
1979,ESP,CPI,0.15660424618481913
1980,ESP,CPI,0.15555146626995592
1981,ESP,CPI,0.14552011754912883
1982,ESP,CPI,0.1441382527937742
1983,ESP,CPI,0.12175794664653743
1984,ESP,CPI,0.11278380150326633
1985,ESP,CPI,0.08814315492914486
1986,ESP,CPI,0.0879584234904957
1987,ESP,CPI,0.05247752244546694
1988,ESP,CPI,0.04837022956656708
1989,ESP,CPI,0.0679237640344799
1990,ESP,CPI,0.06721052885587131
1991,ESP,CPI,0.05934660003417135
1992,ESP,CPI,0.0592474646621742
1993,ESP,CPI,0.04568606548949358
1994,ESP,CPI,0.04717357988197316
1995,ESP,CPI,0.046760985785657426
1996,ESP,CPI,0.03557259849500756
1997,ESP,CPI,0.01877169805523981
1998,ESP,CPI,0.017626658624849165
1999,ESP,CPI,0.022359199276919244
2000,ESP,CPI,0.034841589611293106
2001,ESP,CPI,0.035895353071342555
2002,ESP,CPI,0.03104170891637955
2003,ESP,CPI,0.030395615058811092
2004,ESP,CPI,0.030389798801206444
2005,ESP,CPI,0.03368038830634708
2006,ESP,CPI,0.035151862738069514
2007,ESP,CPI,0.027875248164735352
2008,ESP,CPI,0.040751928670087915
2009,ESP,CPI,-0.002870090634441064
2010,ESP,CPI,0.01799510896617379
2011,ESP,CPI,0.03196317909797288
2012,ESP,CPI,0.024453050966173562
2013,ESP,CPI,0.01408634800619344
2014,ESP,CPI,-0.001507054402680998
2015,ESP,CPI,-0.005004617355297996
2016,ESP,CPI,-0.0020258874484795886
2017,ESP,CPI,0.019560000000000077
2019,ESP,CPI,0.006993749035344853
2020,ESP,CPI,-0.003228309496211246
1896,FIN,CPI,0.015624999999999905
1897,FIN,CPI,0.04807692307692312
1898,FIN,CPI,0.029357798165137564
1899,FIN,CPI,0.044563279857397546
1900,FIN,CPI,0.013651877133105839
1901,FIN,CPI,-0.013468013468013504
1902,FIN,CPI,0.0
1903,FIN,CPI,0.0
1904,FIN,CPI,0.0
1905,FIN,CPI,0.0
1906,FIN,CPI,0.04266211604095567
1907,FIN,CPI,0.026186579378068807
1908,FIN,CPI,0.052631578947368376
1909,FIN,CPI,-0.012121212121212258
1910,FIN,CPI,0.0
1911,FIN,CPI,0.038343558282208624
1912,FIN,CPI,0.023633677991137435
1913,FIN,CPI,0.0
1914,FIN,CPI,0.0
1915,FIN,CPI,0.20346320346320348
1916,FIN,CPI,0.3261390887290168
1917,FIN,CPI,0.9475587703435805
1918,FIN,CPI,2.4141132776230267
1919,FIN,CPI,-0.11340766929562146
1920,FIN,CPI,0.0
1921,FIN,CPI,0.2443251533742331
1922,FIN,CPI,-0.02539134722051037
1923,FIN,CPI,0.008347034273428672
1924,FIN,CPI,0.017559262510974553
1925,FIN,CPI,0.0427708615801799
1926,FIN,CPI,-0.02446808510638291
1927,FIN,CPI,0.017084696474009453
1928,FIN,CPI,0.02454133905170354
1929,FIN,CPI,-0.007674418604651092
1930,FIN,CPI,-0.08120459339114135
1931,FIN,CPI,-0.08009182502231854
1932,FIN,CPI,-0.009150145570497781
1933,FIN,CPI,-0.0299426332727018
1934,FIN,CPI,-0.009519688446560003
1935,FIN,CPI,0.009611183923110602
1936,FIN,CPI,0.0
1937,FIN,CPI,0.05005048319630744
1938,FIN,CPI,0.02939560439560436
1939,FIN,CPI,0.0176140912730184
1940,FIN,CPI,0.19053238919485982
1941,FIN,CPI,0.18173807688071364
1942,FIN,CPI,0.17699692422406557
1943,FIN,CPI,0.13066202090592338
1944,FIN,CPI,0.06359434094410982
1945,FIN,CPI,0.402212564203872
1946,FIN,CPI,0.5930309007232084
1947,FIN,CPI,0.29924532751606636
1948,FIN,CPI,0.3464479386472442
1949,FIN,CPI,0.013514879849010902
1950,FIN,CPI,0.14666467145517414
1951,FIN,CPI,0.16276372072790554
1952,FIN,CPI,0.009976306272602578
1953,FIN,CPI,0.019878997407087245
1954,FIN,CPI,0.0
1955,FIN,CPI,-0.02917675544794185
1956,FIN,CPI,0.10998877665544328
1957,FIN,CPI,0.11279631502078413
1958,FIN,CPI,0.06602725896012114
1959,FIN,CPI,0.015437067904157616
1960,FIN,CPI,0.03227009886215259
1961,FIN,CPI,0.01807011203469471
1962,FIN,CPI,0.04463968761093363
1963,FIN,CPI,0.04867895675813428
1964,FIN,CPI,0.10353208036292941
1965,FIN,CPI,0.048157392453384275
1966,FIN,CPI,0.039361255077741936
1967,FIN,CPI,0.05633423180592994
1968,FIN,CPI,0.09186016841030872
1969,FIN,CPI,0.022084599205421836
1970,FIN,CPI,0.027323653824168376
1971,FIN,CPI,0.06482305809036273
1972,FIN,CPI,0.07143230391388414
1973,FIN,CPI,0.10983222785797887
1974,FIN,CPI,0.16672525927227985
1975,FIN,CPI,0.1781167608286252
1976,FIN,CPI,0.14341890725406825
1977,FIN,CPI,0.12660422200475321
1978,FIN,CPI,0.0779788052515326
1979,FIN,CPI,0.0746863128813169
1980,FIN,CPI,0.11594078707770086
1981,FIN,CPI,0.12007832447063783
1982,FIN,CPI,0.09567065437219348
1983,FIN,CPI,0.08365661369040168
1984,FIN,CPI,0.07067382643339687
1985,FIN,CPI,0.05867443240036677
1986,FIN,CPI,0.028997503947837615
1987,FIN,CPI,0.04081632653061227
1988,FIN,CPI,0.05096374510992998
1989,FIN,CPI,0.06633478531425015
1990,FIN,CPI,0.06103047279517863
1991,FIN,CPI,0.041159999999999995
1992,FIN,CPI,0.026019055668677276
1993,FIN,CPI,0.021006318745611978
1994,FIN,CPI,0.010864681990299739
1995,FIN,CPI,0.009849982767065127
1996,FIN,CPI,0.0057661217891143875
1997,FIN,CPI,0.012163856764664941
1998,FIN,CPI,0.013490632270143132
1999,FIN,CPI,0.013107317006913529
2000,FIN,CPI,0.029508768166461145
2001,FIN,CPI,0.026657463959681722
2002,FIN,CPI,0.02006697447866452
2003,FIN,CPI,0.01290755800940096
2004,FIN,CPI,0.0014731879787861157
2005,FIN,CPI,0.0077473766794155735
2006,FIN,CPI,0.0127481510315297
2007,FIN,CPI,0.01583069088113775
2008,FIN,CPI,0.03916097145694898
2009,FIN,CPI,0.01633934870172713
2010,FIN,CPI,0.016860347954591275
2011,FIN,CPI,0.03323864887479631
2012,FIN,CPI,0.03161528871460987
2013,FIN,CPI,0.02215588654533447
2014,FIN,CPI,0.012095918511706863
2015,FIN,CPI,-0.0015575701905028304
2016,FIN,CPI,0.003889999999999913
2017,FIN,CPI,0.008397334369303275
2018,FIN,CPI,0.011686028133396639
2019,FIN,CPI,0.01136552262852113
2020,FIN,CPI,0.0038328232556792347
1871,FRA,CPI,0.04395604395604399
1872,FRA,CPI,-0.010526315789473691
1873,FRA,CPI,0.0
1874,FRA,CPI,0.0
1875,FRA,CPI,-0.021276595744680864
1876,FRA,CPI,0.03260869565217393
1877,FRA,CPI,0.0
1878,FRA,CPI,-0.021052631578947382
1879,FRA,CPI,0.0
1880,FRA,CPI,0.010752688172043019
1881,FRA,CPI,-0.010638297872340432
1882,FRA,CPI,0.0
1883,FRA,CPI,0.021505376344086037
1884,FRA,CPI,0.0
1885,FRA,CPI,-0.021052631578947382
1886,FRA,CPI,0.0
1887,FRA,CPI,-0.010752688172043019
1888,FRA,CPI,0.010869565217391311
1889,FRA,CPI,-0.010752688172043019
1890,FRA,CPI,0.0
1891,FRA,CPI,0.010869565217391311
1892,FRA,CPI,-0.010752688172043019
1893,FRA,CPI,-0.010869565217391311
1894,FRA,CPI,0.010989010989010997
1895,FRA,CPI,-0.0108695652173912
1896,FRA,CPI,0.0
1897,FRA,CPI,-0.02197802197802188
1898,FRA,CPI,0.01123595505617978
1899,FRA,CPI,0.0
1900,FRA,CPI,0.011111111111111117
1901,FRA,CPI,0.0
1902,FRA,CPI,0.0
1903,FRA,CPI,-0.010989010989010993
1904,FRA,CPI,0.0
1905,FRA,CPI,0.0
1906,FRA,CPI,0.011111111111111117
1907,FRA,CPI,0.010989010989010993
1908,FRA,CPI,0.01086956521739131
1909,FRA,CPI,0.0
1910,FRA,CPI,0.010752688172043015
1911,FRA,CPI,0.04255319148936172
1912,FRA,CPI,0.0
1913,FRA,CPI,0.0
1914,FRA,CPI,0.02040816326530613
1922,FRA,CPI,-0.03773584905660379
1923,FRA,CPI,0.11764705882352948
1924,FRA,CPI,0.14035087719298253
1925,FRA,CPI,0.06153846153846157
1926,FRA,CPI,0.3043478260869566
1927,FRA,CPI,0.04444444444444446
1928,FRA,CPI,0.0
1929,FRA,CPI,0.06382978723404265
1930,FRA,CPI,0.009999999999999967
1931,FRA,CPI,-0.03960396039603948
1932,FRA,CPI,-0.09278350515463915
1933,FRA,CPI,-0.03409090909090914
1934,FRA,CPI,-0.03529411764705887
1935,FRA,CPI,-0.08536585365853665
1936,FRA,CPI,0.06666666666666664
1937,FRA,CPI,0.26250000000000007
1938,FRA,CPI,0.1386138613861386
1939,FRA,CPI,0.060869565217391355
1940,FRA,CPI,0.1885245901639345
1941,FRA,CPI,0.1724137931034483
1942,FRA,CPI,0.20588235294117646
1943,FRA,CPI,0.23902439024390248
1944,FRA,CPI,0.22440944881889777
1945,FRA,CPI,0.4823151125401927
1946,FRA,CPI,0.5249457700650759
1947,FRA,CPI,0.492176386913229
1948,FRA,CPI,0.5862726406101049
1949,FRA,CPI,0.12698412698412698
1950,FRA,CPI,0.09859154929577468
1951,FRA,CPI,0.16666666666666677
1952,FRA,CPI,0.12087912087912085
1953,FRA,CPI,-0.019607843137254836
1954,FRA,CPI,0.0
1955,FRA,CPI,0.009999999999999966
1956,FRA,CPI,0.029702970297029604
1957,FRA,CPI,0.04807692307692309
1958,FRA,CPI,0.14678899082568822
1959,FRA,CPI,0.06399999999999992
1960,FRA,CPI,0.03759398496240602
1961,FRA,CPI,0.02898550724637696
1962,FRA,CPI,0.04929577464788727
1963,FRA,CPI,0.046979865771812145
1964,FRA,CPI,0.03205128205128216
1965,FRA,CPI,0.031055900621118113
1966,FRA,CPI,0.029661726167345522
1967,FRA,CPI,0.027917770943512603
1968,FRA,CPI,0.045432048640203074
1969,FRA,CPI,0.06045962841738929
1970,FRA,CPI,0.05299641245626655
1971,FRA,CPI,0.05397518655950899
1972,FRA,CPI,0.06063003097182106
1973,FRA,CPI,0.0738060106398905
1974,FRA,CPI,0.1364931747281381
1975,FRA,CPI,0.11685927249322645
1976,FRA,CPI,0.09625495781555381
1977,FRA,CPI,0.09494554671904289
1978,FRA,CPI,0.09250558467244276
1979,FRA,CPI,0.10646734171666469
1980,FRA,CPI,0.1356257884830154
1981,FRA,CPI,0.13314405568007134
1982,FRA,CPI,0.11978471952380558
1983,FRA,CPI,0.09459548472353202
1984,FRA,CPI,0.07673802622473197
1985,FRA,CPI,0.05831099738545144
1986,FRA,CPI,0.025385259178140735
1987,FRA,CPI,0.032888982140015136
1988,FRA,CPI,0.02700815275081063
1989,FRA,CPI,0.03498302207007398
1990,FRA,CPI,0.031942833802948115
1991,FRA,CPI,0.03213407324096934
1992,FRA,CPI,0.023637604626935805
1993,FRA,CPI,0.02104462771246292
1994,FRA,CPI,0.016555153292699947
1995,FRA,CPI,0.017964814209560268
1996,FRA,CPI,0.01982883650897291
1997,FRA,CPI,0.012039429402697132
1998,FRA,CPI,0.0065112686783297385
1999,FRA,CPI,0.005371416391346066
2000,FRA,CPI,0.016759598872093915
2001,FRA,CPI,0.016347807954959548
2002,FRA,CPI,0.019234122872706254
2003,FRA,CPI,0.020984721914692132
2004,FRA,CPI,0.021420896464023786
2005,FRA,CPI,0.01745869363804856
2006,FRA,CPI,0.016751244960872477
2007,FRA,CPI,0.014879980595385488
2008,FRA,CPI,0.02812861949147935
2009,FRA,CPI,0.0008762047815750009
2010,FRA,CPI,0.015311227042091893
2011,FRA,CPI,0.021115979517499998
2012,FRA,CPI,0.019541953161352925
2013,FRA,CPI,0.008637154978613214
2014,FRA,CPI,0.005077588229380936
2015,FRA,CPI,0.00037514380512228496
2016,FRA,CPI,0.0018333486112471513
2017,FRA,CPI,0.010322827506460349
2018,FRA,CPI,0.018508150831551284
2019,FRA,CPI,0.011082549228827605
2020,FRA,CPI,0.0047649885272516845
1947,GBR,CPI,0.06999999999999998
1948,GBR,CPI,0.07699999999999999
1949,GBR,CPI,0.02799999999999973
1950,GBR,CPI,0.03918495297805643
1951,GBR,CPI,0.09049773755656115
1952,GBR,CPI,0.1065006915629324
1953,GBR,CPI,0.03625000000000003
1954,GBR,CPI,0.022919179734620095
1955,GBR,CPI,0.05070754716981108
1956,GBR,CPI,0.05162738496071834
1957,GBR,CPI,0.03842049092849511
1958,GBR,CPI,0.028776978417266192
1959,GBR,CPI,0.005994005994006158
1960,GBR,CPI,0.007944389275074544
1961,GBR,CPI,0.032512315270935795
1962,GBR,CPI,0.04198473282442747
1963,GBR,CPI,0.021062271062270942
1964,GBR,CPI,0.03228699551569527
1965,GBR,CPI,0.042571676802779894
1966,GBR,CPI,0.040000000000000084
1967,GBR,CPI,0.022435897435897443
1968,GBR,CPI,0.039968652037617576
1969,GBR,CPI,0.051996985681989384
1970,GBR,CPI,0.06518624641833837
1971,GBR,CPI,0.0941492938802958
1972,GBR,CPI,0.07191149354640451
1973,GBR,CPI,0.0934633027522935
1974,GBR,CPI,0.15731515469323543
1975,GBR,CPI,0.2270049841413685
1976,GBR,CPI,0.15657311669128485
1977,GBR,CPI,0.14942528735632185
1978,GBR,CPI,0.07472222222222241
1979,GBR,CPI,0.11372447660894298
1980,GBR,CPI,0.15154328150382906
1981,GBR,CPI,0.11809754131398607
1982,GBR,CPI,0.08111031002162966
1983,GBR,CPI,0.04934978326108715
1984,GBR,CPI,0.04258023514458213
1985,GBR,CPI,0.0492227979274609
1986,GBR,CPI,0.03326071169208418
1987,GBR,CPI,0.03204947989879131
1988,GBR,CPI,0.037591936801961344
1989,GBR,CPI,0.05237595169335774
1990,GBR,CPI,0.06972683048521891
1991,GBR,CPI,0.07532649253731336
1992,GBR,CPI,0.04261548471047539
1993,GBR,CPI,0.025065002600103983
1994,GBR,CPI,0.01978490259740245
1995,GBR,CPI,0.0265645209431893
1996,GBR,CPI,0.02400308427305828
1997,GBR,CPI,0.018246062710850275
1998,GBR,CPI,0.015573975192950422
1999,GBR,CPI,0.013287103067263356
2000,GBR,CPI,0.007964563930879834
2001,GBR,CPI,0.01233511995184702
2002,GBR,CPI,0.012589129587851872
2003,GBR,CPI,0.013615926630131019
2004,GBR,CPI,0.013435230404932854
2005,GBR,CPI,0.020569437639501194
2006,GBR,CPI,0.02328712465674262
2007,GBR,CPI,0.023228416234869473
2008,GBR,CPI,0.036019155331397476
2009,GBR,CPI,0.021653204511010403
2010,GBR,CPI,0.032981715757716946
2011,GBR,CPI,0.044636932940694
2012,GBR,CPI,0.028282420990937106
2013,GBR,CPI,0.025647988215320647
2014,GBR,CPI,0.01461031408834174
2015,GBR,CPI,0.0004009937308258287
2016,GBR,CPI,0.006596661169451762
2017,GBR,CPI,0.02699999999999985
2018,GBR,CPI,0.024999999999999963
2019,GBR,CPI,0.01800000000000007
2020,GBR,CPI,0.00899999999999991
1871,ITA,CPI,0.035713955402643285
1885,ITA,CPI,0.022143245201014093
1886,ITA,CPI,-0.0011383215736299184
1887,ITA,CPI,-0.0022836719671505746
1888,ITA,CPI,0.01258672260765607
1889,ITA,CPI,0.016946771949383547
1890,ITA,CPI,0.03555582411132018
1891,ITA,CPI,-0.003217605134830971
1892,ITA,CPI,-0.008613552546851927
1893,ITA,CPI,-0.02171254080591145
1894,ITA,CPI,-0.004440612200905321
1895,ITA,CPI,-0.005573358738957319
1896,ITA,CPI,-0.00448541803660619
1897,ITA,CPI,-0.0022528138300896955
1898,ITA,CPI,0.0067737013784152774
1899,ITA,CPI,-0.01569460835332902
1900,ITA,CPI,0.004552513173088541
1901,ITA,CPI,0.0011362735512511972
1902,ITA,CPI,-0.006796705907195351
1903,ITA,CPI,0.02964951211625942
1904,ITA,CPI,0.012178177360032754
1905,ITA,CPI,0.0010964912280701513
1906,ITA,CPI,0.018577481172045468
1907,ITA,CPI,0.04720960280081692
1908,ITA,CPI,-0.01024449070075665
1909,ITA,CPI,-0.027951247170092067
1910,ITA,CPI,0.02769182400344185
1911,ITA,CPI,0.024868572532665733
1912,ITA,CPI,0.009100406906411443
1913,ITA,CPI,0.002004507222064349
1914,ITA,CPI,0.0
1922,ITA,CPI,-0.005998180787927535
1923,ITA,CPI,-0.005792475969381839
1924,ITA,CPI,0.035202540980669106
1925,ITA,CPI,0.12335907793161378
1926,ITA,CPI,0.07870536315259367
1927,ITA,CPI,-0.08573634517667274
1928,ITA,CPI,-0.07324317279363098
1929,ITA,CPI,0.015989473441379038
1930,ITA,CPI,-0.031700106979892076
1931,ITA,CPI,-0.09658668658051765
1932,ITA,CPI,-0.02621488035636025
1933,ITA,CPI,-0.059117881044550964
1934,ITA,CPI,-0.05161376788459703
1935,ITA,CPI,0.014197084065763534
1936,ITA,CPI,0.07553240056324174
1937,ITA,CPI,0.09463116018887269
1938,ITA,CPI,0.0767896250052922
1939,ITA,CPI,0.044168700343945363
1940,ITA,CPI,0.1669968617913036
1941,ITA,CPI,0.15707039336714965
1942,ITA,CPI,0.15581649157320462
1943,ITA,CPI,0.6770186573813866
1944,ITA,CPI,3.4439412661194635
1945,ITA,CPI,0.9695410295142323
1946,ITA,CPI,0.18018863448640698
1947,ITA,CPI,0.6206120698960382
1948,ITA,CPI,0.05880066526620908
1949,ITA,CPI,0.0069657615112161415
1950,ITA,CPI,-0.0069175753312229705
1951,ITA,CPI,0.14285714285714285
1952,ITA,CPI,0.01859504132231401
1953,ITA,CPI,0.014198782961460573
1954,ITA,CPI,0.03124999999999989
1955,ITA,CPI,0.03030303030303033
1956,ITA,CPI,0.02941176470588238
1957,ITA,CPI,0.014285714285714235
1958,ITA,CPI,0.028169014084507067
1959,ITA,CPI,0.0
1960,ITA,CPI,0.013698630136986375
1961,ITA,CPI,0.02702702702702693
1962,ITA,CPI,0.03947368421052641
1963,ITA,CPI,0.07594936708860754
1964,ITA,CPI,0.058823529411764705
1965,ITA,CPI,0.04444444444444448
1966,ITA,CPI,0.03191489361702116
1967,ITA,CPI,0.030927835051546466
1968,ITA,CPI,0.019999999999999928
1969,ITA,CPI,0.01960784313725501
1970,ITA,CPI,0.04807692307692307
1971,ITA,CPI,0.055045871559632996
1972,ITA,CPI,0.05217391304347823
1973,ITA,CPI,0.10743801652892568
1974,ITA,CPI,0.19402985074626863
1975,ITA,CPI,0.16874999999999996
1976,ITA,CPI,0.1657754010695188
1977,ITA,CPI,0.17431192660550462
1978,ITA,CPI,0.12109374999999992
1979,ITA,CPI,0.14634146341463414
1980,ITA,CPI,0.2127659574468085
1981,ITA,CPI,0.17794486215538852
1982,ITA,CPI,0.16382978723404262
1983,ITA,CPI,0.14625228519195613
1984,ITA,CPI,0.10845295055821366
1985,ITA,CPI,0.09208633093525188
1986,ITA,CPI,0.057971014492753506
1987,ITA,CPI,0.04732254047322537
1988,ITA,CPI,0.05112960760998825
1989,ITA,CPI,0.06221719457013574
1990,ITA,CPI,0.06496272630457928
1991,ITA,CPI,0.06299999999999997
1992,ITA,CPI,0.05079962370649112
1993,ITA,CPI,0.044762757385854966
1994,ITA,CPI,0.04027420736932307
1995,ITA,CPI,0.052443986820428286
1996,ITA,CPI,0.039590127944135585
1997,ITA,CPI,0.01848391052969672
1998,ITA,CPI,0.020313082370480913
1999,ITA,CPI,0.01650860554970151
2000,ITA,CPI,0.025805114029025543
2001,ITA,CPI,0.02324265330045668
2002,ITA,CPI,0.02611203286718825
2003,ITA,CPI,0.028129611806224007
2004,ITA,CPI,0.022566995768688276
2005,ITA,CPI,0.02206896551724154
2006,ITA,CPI,0.022297063284487394
2007,ITA,CPI,0.02024532710280374
2008,ITA,CPI,0.03492379741907406
2009,ITA,CPI,0.007656307048892024
2010,ITA,CPI,0.01619544331594838
2011,ITA,CPI,0.029357104267963206
2012,ITA,CPI,0.033148939296923384
2013,ITA,CPI,0.012446024892049972
2014,ITA,CPI,0.002338183642749645
2015,ITA,CPI,0.0010912767938489327
2016,ITA,CPI,-0.000500040003200392
2017,ITA,CPI,0.013257689459886748
2018,ITA,CPI,0.012422605587210147
2019,ITA,CPI,0.006339917093391722
2020,ITA,CPI,-0.0014538405621516534
1886,JPN,CPI,-0.11813643926788675
1887,JPN,CPI,0.06344339622641519
1888,JPN,CPI,-0.017076957196717656
1889,JPN,CPI,0.05888989169675093
1890,JPN,CPI,0.06626891114425737
1891,JPN,CPI,-0.04196642685851319
1892,JPN,CPI,-0.06758448060075078
1893,JPN,CPI,0.012080536912751547
1894,JPN,CPI,0.03183023872679038
1895,JPN,CPI,0.09447300771208221
1896,JPN,CPI,0.10041103934233697
1897,JPN,CPI,0.11419423692636074
1898,JPN,CPI,0.08461047254150697
1899,JPN,CPI,-0.056373270532823046
1900,JPN,CPI,0.12353766963032292
1901,JPN,CPI,-0.02179647369151756
1902,JPN,CPI,0.03874538745387456
1903,JPN,CPI,0.050006831534362584
1904,JPN,CPI,0.023162003903708497
1905,JPN,CPI,0.03853491033956501
1906,JPN,CPI,0.019715895175116308
1907,JPN,CPI,0.10459949561666891
1908,JPN,CPI,-0.03446401391606875
1909,JPN,CPI,-0.038846976691813986
1910,JPN,CPI,0.002577319587628986
1911,JPN,CPI,0.07455012853470441
1912,JPN,CPI,0.05545889517181396
1913,JPN,CPI,0.030290541932825033
1914,JPN,CPI,-0.07879999999999986
1915,JPN,CPI,-0.06404689535388626
1916,JPN,CPI,0.08037578288100208
1917,JPN,CPI,0.226731078904992
1918,JPN,CPI,0.34602257810448944
1919,JPN,CPI,0.33047266107535267
1920,JPN,CPI,0.04603205629397985
1921,JPN,CPI,-0.0835746986826125
1922,JPN,CPI,-0.015190905846969343
1923,JPN,CPI,-0.009006677364252903
1924,JPN,CPI,0.00893183598850893
1925,JPN,CPI,0.01211430938082432
1926,JPN,CPI,-0.045370843989769816
1927,JPN,CPI,-0.015324438729036076
1928,JPN,CPI,-0.037982260434238586
1929,JPN,CPI,-0.022908535550653242
1930,JPN,CPI,-0.10159777700590489
1931,JPN,CPI,-0.1152780462658676
1932,JPN,CPI,0.011143481427530974
1933,JPN,CPI,0.030540949362529542
1934,JPN,CPI,0.014118962745509294
1935,JPN,CPI,0.024743262802398608
1936,JPN,CPI,0.02313693839117582
1937,JPN,CPI,0.07803050223507768
1938,JPN,CPI,0.09598146228428545
1939,JPN,CPI,0.1181772658988482
1940,JPN,CPI,0.16261133502512812
1941,JPN,CPI,0.013995292103573575
1942,JPN,CPI,0.027562046260340936
1943,JPN,CPI,0.06042308482234552
1944,JPN,CPI,0.35292066935233934
1945,JPN,CPI,9.756406218684685
1948,JPN,CPI,0.7592742864646956
1949,JPN,CPI,0.3188738404877301
1950,JPN,CPI,-0.06866704380751704
1951,JPN,CPI,0.1796776798406428
1952,JPN,CPI,0.04989492939566439
1953,JPN,CPI,0.0655327817820509
1954,JPN,CPI,0.06431937741960089
1955,JPN,CPI,-0.011910192021463184
1956,JPN,CPI,0.00446446828523522
1957,JPN,CPI,0.031110938384517114
1958,JPN,CPI,-0.0043103216189132945
1959,JPN,CPI,0.008658162123880526
1960,JPN,CPI,0.03862659324992208
1961,JPN,CPI,0.05371890161332785
1962,JPN,CPI,0.06666666666666664
1963,JPN,CPI,0.07720597240365769
1964,JPN,CPI,0.03754261253506844
1965,JPN,CPI,0.06578941761385265
1966,JPN,CPI,0.05246913668392885
1967,JPN,CPI,0.03812323161222692
1968,JPN,CPI,0.05367228315662071
1969,JPN,CPI,0.053619258388606435
1970,JPN,CPI,0.07633593537726507
1971,JPN,CPI,0.06069362770940804
1972,JPN,CPI,0.04632149132576043
1973,JPN,CPI,0.11458337337022724
1974,JPN,CPI,0.24532713751096857
1975,JPN,CPI,0.11819884512297793
1976,JPN,CPI,0.09395973196977737
1977,JPN,CPI,0.07975458911984368
1978,JPN,CPI,0.03835231075341257
1979,JPN,CPI,0.035567709155187116
1980,JPN,CPI,0.08058124141352567
1981,JPN,CPI,0.04889971511903805
1982,JPN,CPI,0.02680654870597861
1983,JPN,CPI,0.01816117438197381
1984,JPN,CPI,0.022296547233997027
1985,JPN,CPI,0.019629244998181618
1996,JPN,CPI,0.0009345724978062941
1997,JPN,CPI,0.017740439205020803
1998,JPN,CPI,0.006422005352753238
1999,JPN,CPI,-0.002734710801193384
2000,JPN,CPI,-0.007312629057815685
2001,JPN,CPI,-0.00739709162100254
2002,JPN,CPI,-0.009241561610410804
2003,JPN,CPI,-0.0025859149726528688
2004,JPN,CPI,-0.00010288171689007446
2005,JPN,CPI,-0.0028295383222379797
2006,JPN,CPI,0.002517696101698345
2007,JPN,CPI,0.0006278433067785322
2008,JPN,CPI,0.013845030292432716
2009,JPN,CPI,-0.01349363364277381
2010,JPN,CPI,-0.007219622563891583
2011,JPN,CPI,-0.002724456921467317
2012,JPN,CPI,-0.0005609224057338616
2013,JPN,CPI,0.00342978298827662
2014,JPN,CPI,0.027613779959811954
2015,JPN,CPI,0.007922428738459105
2016,JPN,CPI,-0.0011400228004560277
2017,JPN,CPI,0.0048622861919225754
2018,JPN,CPI,0.009890544639324898
2019,JPN,CPI,0.0046808767101271945
2020,JPN,CPI,-0.00026994601079785075
1900,NLD,CPI,0.06548249687331337
1901,NLD,CPI,-0.017421178162756873
1902,NLD,CPI,0.008297280952814876
1903,NLD,CPI,0.02576093681307157
1904,NLD,CPI,0.03749903803300364
1905,NLD,CPI,-0.02959159436152773
1906,NLD,CPI,0.062042087466291695
1907,NLD,CPI,0.021989397116199162
1908,NLD,CPI,-0.0212709447120121
1909,NLD,CPI,0.002154678221540351
1910,NLD,CPI,0.028179404536004447
1911,NLD,CPI,0.028081465394856987
1912,NLD,CPI,0.010718627227492792
1913,NLD,CPI,0.03951291640886615
1914,NLD,CPI,0.0
1915,NLD,CPI,0.15000004262612152
1916,NLD,CPI,0.11304348148401666
1917,NLD,CPI,0.06249999306215491
1918,NLD,CPI,0.19117647673386975
1919,NLD,CPI,0.08641963397670124
1920,NLD,CPI,0.10227282818684778
1921,NLD,CPI,-0.1288656471553291
1922,NLD,CPI,-0.11834334948697332
1923,NLD,CPI,-0.0335573349811616
1924,NLD,CPI,0.006944506114184742
1925,NLD,CPI,-0.006896612546190559
1926,NLD,CPI,-0.041666543327186
1927,NLD,CPI,0.0
1928,NLD,CPI,0.00724633726835552
1929,NLD,CPI,-0.007194205627997151
1930,NLD,CPI,-0.03623199522669839
1931,NLD,CPI,-0.060150375136598676
1932,NLD,CPI,-0.07199995635084896
1933,NLD,CPI,-0.008620643193882324
1934,NLD,CPI,0.0
1935,NLD,CPI,-0.034782666712299286
1936,NLD,CPI,-0.045044930877198235
1937,NLD,CPI,0.05660373058953396
1938,NLD,CPI,0.017857172307586645
1939,NLD,CPI,0.008771881718754752
1940,NLD,CPI,0.14782602464234515
1941,NLD,CPI,0.14393980330412737
1942,NLD,CPI,0.07284735807529481
1943,NLD,CPI,0.03086446823476998
1944,NLD,CPI,0.029939523676633672
1945,NLD,CPI,0.15116333822101977
1946,NLD,CPI,0.09090915614648461
1947,NLD,CPI,0.03703669595019057
1948,NLD,CPI,0.03571460287294999
1949,NLD,CPI,0.060344732551773084
1950,NLD,CPI,0.09000001732768909
1951,NLD,CPI,0.11926589947926855
1952,NLD,CPI,0.0
1953,NLD,CPI,0.0
1954,NLD,CPI,0.03999998106263248
1955,NLD,CPI,0.019230988089033004
1956,NLD,CPI,0.018867688569692988
1957,NLD,CPI,0.06095684559557151
1958,NLD,CPI,0.021818326055186653
1959,NLD,CPI,0.010675821298671834
1960,NLD,CPI,0.023239754715705423
1961,NLD,CPI,0.01307616574273705
1962,NLD,CPI,0.02286069802473709
1963,NLD,CPI,0.03343182796656448
1964,NLD,CPI,0.05790864788663476
1965,NLD,CPI,0.05794888095773055
1966,NLD,CPI,0.05796884909191043
1967,NLD,CPI,0.034868009238273906
1968,NLD,CPI,0.03675596852067932
1969,NLD,CPI,0.0742823968627362
1970,NLD,CPI,0.03679953171917706
1971,NLD,CPI,0.07477573112196106
1972,NLD,CPI,0.07791756316631272
1973,NLD,CPI,0.08013524812342222
1974,NLD,CPI,0.09609360743069296
1975,NLD,CPI,0.1021272729188176
1976,NLD,CPI,0.09057484480250322
1977,NLD,CPI,0.06474114809889792
1978,NLD,CPI,0.04080010866152277
1979,NLD,CPI,0.042104534675643804
1980,NLD,CPI,0.06541501162033624
1981,NLD,CPI,0.0674845330268453
1982,NLD,CPI,0.05862070773563315
1983,NLD,CPI,0.02823021929345656
1984,NLD,CPI,0.03273491583494941
1985,NLD,CPI,0.02223924226081467
1986,NLD,CPI,0.0010002991771848964
1987,NLD,CPI,-0.007078078489667306
1988,NLD,CPI,0.007463974413523215
1989,NLD,CPI,0.010821588620352908
1990,NLD,CPI,0.024540931383522605
1991,NLD,CPI,0.031333000000000055
1992,NLD,CPI,0.03183646794973108
1993,NLD,CPI,0.025841808663489847
1994,NLD,CPI,0.028014953277876755
1995,NLD,CPI,0.019231900200490187
1996,NLD,CPI,0.020763520548891315
1997,NLD,CPI,0.018552417480241813
1998,NLD,CPI,0.01784364346945485
1999,NLD,CPI,0.020361547085201825
2000,NLD,CPI,0.023484817271640857
2001,NLD,CPI,0.05112515599210967
2002,NLD,CPI,0.03851505751088309
2003,NLD,CPI,0.02227412415488655
2004,NLD,CPI,0.01382843125465949
2005,NLD,CPI,0.01490890976373477
2006,NLD,CPI,0.016524675992473987
2007,NLD,CPI,0.01586516905602222
2008,NLD,CPI,0.022135961884499112
2009,NLD,CPI,0.009721099657879363
2010,NLD,CPI,0.009298551487439284
2011,NLD,CPI,0.024694442935520654
2012,NLD,CPI,0.028191861574672954
2013,NLD,CPI,0.02555245058106563
2014,NLD,CPI,0.003207480770197628
2015,NLD,CPI,0.002194960610980786
2016,NLD,CPI,0.001100077005390366
2017,NLD,CPI,0.01298662377750938
2018,NLD,CPI,0.01597664648217907
2019,NLD,CPI,0.02669436409171213
2020,NLD,CPI,0.011165948112850837
1881,NOR,CPI,0.0017301038062297919
1882,NOR,CPI,0.0034542314335087045
1883,NOR,CPI,0.008605851979346144
1884,NOR,CPI,-0.038395904436861396
1885,NOR,CPI,-0.042590949423247815
1886,NOR,CPI,-0.039851714550509905
1887,NOR,CPI,-0.022200772200771563
1888,NOR,CPI,0.00789733464955458
1889,NOR,CPI,0.014691478942214058
1890,NOR,CPI,0.014478764478765005
1891,NOR,CPI,0.04757373929591049
1892,NOR,CPI,-0.015440508628521473
1893,NOR,CPI,-0.05166051660516521
1894,NOR,CPI,-0.02723735408560274
1895,NOR,CPI,0.0
1896,NOR,CPI,0.020000000000000632
1897,NOR,CPI,-0.01764705882352861
1898,NOR,CPI,0.02794411177644648
1899,NOR,CPI,0.0533980582524221
1900,NOR,CPI,0.04239631336406097
1901,NOR,CPI,-0.019451812555262803
1902,NOR,CPI,0.009017132551848888
1903,NOR,CPI,0.02323503127792509
1904,NOR,CPI,-0.004366812227074508
1905,NOR,CPI,0.02982456140350599
1906,NOR,CPI,-0.006814310051106319
1907,NOR,CPI,0.024871355060037834
1908,NOR,CPI,-0.0025104602510449144
1909,NOR,CPI,-0.027684563758389
1910,NOR,CPI,0.03623813632441405
1911,NOR,CPI,0.020536761401906006
1912,NOR,CPI,0.061919846747323405
1913,NOR,CPI,0.037900926044723775
1914,NOR,CPI,0.011235597183227414
1915,NOR,CPI,0.14444468876487343
1916,NOR,CPI,0.19174762370696397
1917,NOR,CPI,0.24236248555697795
1918,NOR,CPI,0.4049178170355117
1919,NOR,CPI,0.06942838373977886
1920,NOR,CPI,0.16530268405463275
1921,NOR,CPI,-0.07613145218103305
1922,NOR,CPI,-0.16677829872739333
1923,NOR,CPI,-0.0547242146920619
1924,NOR,CPI,0.09400143913128917
1925,NOR,CPI,0.018416646735230677
1926,NOR,CPI,-0.15324095819633762
1927,NOR,CPI,-0.09554846761891535
1928,NOR,CPI,-0.06800061330879843
1929,NOR,CPI,-0.044254339063915696
1930,NOR,CPI,-0.027799294259401912
1931,NOR,CPI,-0.05338172804532729
1932,NOR,CPI,-0.021135322173383892
1933,NOR,CPI,-0.014426292156299978
1934,NOR,CPI,0.0024234199302056313
1935,NOR,CPI,0.02204815781839375
1936,NOR,CPI,0.02601949096414097
1937,NOR,CPI,0.07119144227222154
1938,NOR,CPI,0.033057851239671684
1939,NOR,CPI,0.012666666666665131
1940,NOR,CPI,0.1668861092824234
1941,NOR,CPI,0.1721438645980249
1942,NOR,CPI,0.06004452199025351
1943,NOR,CPI,0.024462228276291624
1944,NOR,CPI,0.01229916897506912
1945,NOR,CPI,0.01806042031523782
1946,NOR,CPI,0.024943554456508744
1947,NOR,CPI,0.00498269170250808
1948,NOR,CPI,-0.006784614581703605
1949,NOR,CPI,0.001245947722561488
1950,NOR,CPI,0.05235958112335087
1951,NOR,CPI,0.15843887309382226
1952,NOR,CPI,0.09002677376171325
1953,NOR,CPI,0.020161702998670435
1954,NOR,CPI,0.044341894060994515
1955,NOR,CPI,0.00854947166186321
1956,NOR,CPI,0.03771787789313292
1957,NOR,CPI,0.02753556677374892
1958,NOR,CPI,0.048771773112997005
1959,NOR,CPI,0.021889106549697963
1960,NOR,CPI,0.0031671945324225357
1961,NOR,CPI,0.02575606513791897
1962,NOR,CPI,0.052405637453426517
1963,NOR,CPI,0.02624490110059278
1964,NOR,CPI,0.05632218389080523
1965,NOR,CPI,0.04252751153709398
1966,NOR,CPI,0.033029147371287385
1967,NOR,CPI,0.043905333245435434
1968,NOR,CPI,0.03530154720555623
1969,NOR,CPI,0.030737059246210934
1970,NOR,CPI,0.10589977783263334
1971,NOR,CPI,0.06238839285714159
1972,NOR,CPI,0.07217144658051972
1973,NOR,CPI,0.07446600039192834
1974,NOR,CPI,0.0942002553346695
1975,NOR,CPI,0.11684307025585407
1976,NOR,CPI,0.09170957391239562
1977,NOR,CPI,0.090635680109366
1978,NOR,CPI,0.08153672599648736
1979,NOR,CPI,0.04772806022393864
1980,NOR,CPI,0.1089620675281393
1981,NOR,CPI,0.13667117726657524
1982,NOR,CPI,0.11342592592592567
1983,NOR,CPI,0.08411048411048379
1984,NOR,CPI,0.06279107994082694
1985,NOR,CPI,0.056658246120532926
1986,NOR,CPI,0.07186768149883019
1987,NOR,CPI,0.08725931995083877
1988,NOR,CPI,0.06698484467889158
1989,NOR,CPI,0.04555442203562701
1990,NOR,CPI,0.04113033362104603
1991,NOR,CPI,0.034206826947339265
1992,NOR,CPI,0.023421162693432206
1993,NOR,CPI,0.02271488897970373
1994,NOR,CPI,0.013985548266791228
1995,NOR,CPI,0.02456405372565705
1996,NOR,CPI,0.012596557581974036
1997,NOR,CPI,0.025797670296277282
1998,NOR,CPI,0.024881242596017008
1999,NOR,CPI,0.023331389050912366
2000,NOR,CPI,0.030860679097793657
2001,NOR,CPI,0.030173775671406604
2002,NOR,CPI,0.012881459898788049
2003,NOR,CPI,0.024753974261922496
2004,NOR,CPI,0.004653911501810921
2005,NOR,CPI,0.01522058823529331
2006,NOR,CPI,0.02332150358513765
2007,NOR,CPI,0.007289970981669491
2008,NOR,CPI,0.03766160764474358
2009,NOR,CPI,0.02166847237269803
2010,NOR,CPI,0.023992576882290798
2011,NOR,CPI,0.013009708737863989
2012,NOR,CPI,0.0070921985815605455
2013,NOR,CPI,0.021317091739626523
2014,NOR,CPI,0.02025096285252795
2015,NOR,CPI,0.02173648319532445
2016,NOR,CPI,0.03545676658124989
2017,NOR,CPI,0.01849999999999997
2018,NOR,CPI,0.027666666667000087
2019,NOR,CPI,0.021749999999999988
2020,NOR,CPI,0.0127500000000001
1880,PRT,CPI,-0.06976744186046503
1881,PRT,CPI,0.024999999999999967
1882,PRT,CPI,0.012195121951219568
1883,PRT,CPI,-0.04819277108433743
1884,PRT,CPI,-0.0759493670886075
1885,PRT,CPI,-0.04109589041095893
1886,PRT,CPI,0.0285714285714287
1887,PRT,CPI,-0.027777777777777898
1888,PRT,CPI,0.0
1889,PRT,CPI,0.08571428571428577
1890,PRT,CPI,0.13157894736842102
1891,PRT,CPI,-0.03488372093023258
1892,PRT,CPI,0.024096385542168784
1893,PRT,CPI,0.023529411764705847
1894,PRT,CPI,0.022988505747126537
1895,PRT,CPI,-0.056179775280898854
1896,PRT,CPI,0.011904761904761956
1897,PRT,CPI,0.08235294117647067
1898,PRT,CPI,0.04347826086956515
1899,PRT,CPI,-0.0208333333333333
1900,PRT,CPI,-0.03191489361702129
1901,PRT,CPI,-0.010989010989011035
1902,PRT,CPI,-0.03333333333333335
1903,PRT,CPI,0.03448275862068967
1904,PRT,CPI,0.0666666666666667
1905,PRT,CPI,-0.010416666666666711
1906,PRT,CPI,0.0
1907,PRT,CPI,-1.2250726748830893e-16
1908,PRT,CPI,0.010526315789473608
1909,PRT,CPI,0.010416666666666713
1910,PRT,CPI,-0.04123711340206192
1911,PRT,CPI,0.06451612903225798
1912,PRT,CPI,-0.010101010101010147
1913,PRT,CPI,0.030612244897959207
1914,PRT,CPI,-0.009900990099009832
1915,PRT,CPI,0.11999999999999997
1916,PRT,CPI,0.2232142857142857
1917,PRT,CPI,0.18248175182481752
1918,PRT,CPI,0.8086419753086419
1919,PRT,CPI,0.14334470989761094
1920,PRT,CPI,0.7313432835820894
1921,PRT,CPI,0.5672413793103448
1922,PRT,CPI,0.20902090209020907
1923,PRT,CPI,0.5705186533212011
1924,PRT,CPI,0.3899188876013905
1925,PRT,CPI,-0.0387661525635682
1926,PRT,CPI,-0.04249783174327832
1927,PRT,CPI,0.07382246376811592
1928,PRT,CPI,-0.043019822859552935
1929,PRT,CPI,0.040546496253856264
1930,PRT,CPI,-0.04997882253282511
1931,PRT,CPI,-0.11279536335265275
1932,PRT,CPI,-0.020603015075376912
1933,PRT,CPI,-0.0005130836326322409
1934,PRT,CPI,0.010266940451745525
1935,PRT,CPI,0.002032520325203167
1936,PRT,CPI,0.02535496957403649
1937,PRT,CPI,0.039564787339268055
1938,PRT,CPI,-0.030922930542340535
1939,PRT,CPI,-0.058419243986254275
1940,PRT,CPI,0.047445255474452365
1941,PRT,CPI,0.12394225983076174
1942,PRT,CPI,0.22143489813994682
1943,PRT,CPI,0.13052936910804927
1944,PRT,CPI,0.028864656831302047
1945,PRT,CPI,0.09008728179551115
1946,PRT,CPI,0.1381183871890192
1947,PRT,CPI,0.030904522613065186
1948,PRT,CPI,-0.17596880331464773
1949,PRT,CPI,0.15942028985507248
1950,PRT,CPI,-0.025765306122449025
1951,PRT,CPI,0.013877978528410563
1952,PRT,CPI,0.001549586776859488
1953,PRT,CPI,0.009025270758122777
1954,PRT,CPI,0.007922310247891813
1955,PRT,CPI,0.03372210953346864
1956,PRT,CPI,0.043904831984302194
1957,PRT,CPI,0.00023496240601491837
1958,PRT,CPI,0.014329339910735164
1959,PRT,CPI,0.013200555812876364
1960,PRT,CPI,0.022171428571428564
1961,PRT,CPI,-0.002459749552772727
1962,PRT,CPI,-0.0004483299708586584
1963,PRT,CPI,0.02601480152500561
1964,PRT,CPI,0.04896174863387986
1965,PRT,CPI,0.03250677224421751
1966,PRT,CPI,0.025428859737638778
1967,PRT,CPI,0.04172407006494779
1968,PRT,CPI,0.01983752125448713
1969,PRT,CPI,0.026861800666913706
1970,PRT,CPI,0.05033375428468338
1971,PRT,CPI,0.07402954311233259
1972,PRT,CPI,0.08395969934431466
1973,PRT,CPI,0.0768663322514015
1974,PRT,CPI,0.3788190163036034
1975,PRT,CPI,0.18531399046104927
1976,PRT,CPI,0.20638779445049873
1977,PRT,CPI,0.32971996386630537
1978,PRT,CPI,0.2676107859531771
1979,PRT,CPI,0.24100259718844055
1980,PRT,CPI,0.1839683752449921
1981,PRT,CPI,0.1607979574086024
1982,PRT,CPI,0.2239920719327081
1983,PRT,CPI,0.2550010861193941
1984,PRT,CPI,0.28800037764350445
1985,PRT,CPI,0.19600513102437228
1986,PRT,CPI,0.11799916240206738
1987,PRT,CPI,0.09153867940905053
1988,PRT,CPI,0.09947267096342174
1989,PRT,CPI,0.1260030147540235
1990,PRT,CPI,0.13399817450390455
1991,PRT,CPI,0.11400276644964351
1992,PRT,CPI,0.08899890283389972
1993,PRT,CPI,0.06500093378023734
1994,PRT,CPI,0.05199815413013381
1995,PRT,CPI,0.04100136861313867
1996,PRT,CPI,0.03100099024503588
1997,PRT,CPI,0.022000882814540535
1998,PRT,CPI,0.022152780834176964
1999,PRT,CPI,0.021687023667704673
2000,PRT,CPI,0.028054057091481375
2001,PRT,CPI,0.04409614517429383
2002,PRT,CPI,0.03701183122186164
2003,PRT,CPI,0.03237164925034078
2004,PRT,CPI,0.02509749269568845
2005,PRT,CPI,0.02129892432084349
2006,PRT,CPI,0.030453059318075643
2007,PRT,CPI,0.02422717795304137
2008,PRT,CPI,0.026519593742393866
2009,PRT,CPI,-0.00903182695105792
2010,PRT,CPI,0.013910489966828143
2011,PRT,CPI,0.03554878572041533
2012,PRT,CPI,0.027761088897636347
2013,PRT,CPI,0.004394363925900532
2014,PRT,CPI,-0.0015955205009331964
2015,PRT,CPI,0.00507563194130349
2016,PRT,CPI,0.006359999999999871
2017,PRT,CPI,0.01556103183751346
2018,PRT,CPI,0.011672961390187996
2019,PRT,CPI,0.0029982107452004177
2020,PRT,CPI,-0.0012149848126898595
1871,SWE,CPI,0.026184538653366528
1872,SWE,CPI,0.04009720534629408
1873,SWE,CPI,0.0794392523364487
1874,SWE,CPI,0.035714285714285594
1875,SWE,CPI,-0.006269592476489136
1876,SWE,CPI,0.00315457413249231
1877,SWE,CPI,-0.005241090146750614
1878,SWE,CPI,-0.06533192834562697
1879,SWE,CPI,-0.06200676437429538
1880,SWE,CPI,0.05168269230769222
1881,SWE,CPI,0.025142857142857116
1882,SWE,CPI,-0.026755852842809527
1883,SWE,CPI,-0.005727376861397426
1884,SWE,CPI,-0.03686635944700463
1885,SWE,CPI,-0.04665071770334913
1886,SWE,CPI,-0.04893350062735274
1887,SWE,CPI,-0.035620052770448635
1888,SWE,CPI,0.03556771545827659
1889,SWE,CPI,0.04491413474240393
1890,SWE,CPI,0.021491782553729494
1891,SWE,CPI,0.030940594059405815
1892,SWE,CPI,-0.018007202881152456
1893,SWE,CPI,-0.04034229828850861
1894,SWE,CPI,-0.0509554140127389
1895,SWE,CPI,0.018791946308724983
1896,SWE,CPI,-0.007905138339921087
1897,SWE,CPI,0.03187250996015939
1898,SWE,CPI,0.047619047619047596
1899,SWE,CPI,0.04422604422604418
1900,SWE,CPI,0.011764705882352833
1901,SWE,CPI,-0.024418604651162756
1902,SWE,CPI,0.008343265792610077
1903,SWE,CPI,0.016548463356974134
1904,SWE,CPI,-0.011627906976744238
1905,SWE,CPI,0.021176470588235356
1906,SWE,CPI,0.02073732718894015
1907,SWE,CPI,0.05191873589164802
1908,SWE,CPI,0.015021459227467787
1909,SWE,CPI,-0.00951374207188149
1910,SWE,CPI,0.0
1911,SWE,CPI,0.029882604055496215
1912,SWE,CPI,0.020725388601036353
1913,SWE,CPI,0.0030456852791878705
1914,SWE,CPI,0.013157894736842063
1915,SWE,CPI,0.14885114885114875
1916,SWE,CPI,0.1304347826086956
1917,SWE,CPI,0.2615384615384616
1918,SWE,CPI,0.4695121951219511
1919,SWE,CPI,0.10373443983402494
1920,SWE,CPI,0.018796992481203135
1921,SWE,CPI,-0.18450184501845013
1922,SWE,CPI,-0.167420814479638
1923,SWE,CPI,-0.05434782608695659
1924,SWE,CPI,0.0
1925,SWE,CPI,0.01724137931034482
1926,SWE,CPI,-0.03389830508474575
1927,SWE,CPI,-0.011695906432748584
1928,SWE,CPI,0.011834319526627267
1929,SWE,CPI,-0.0175438596491228
1930,SWE,CPI,-0.0357142857142857
1931,SWE,CPI,-0.030864197530864237
1932,SWE,CPI,-0.012738853503184764
1933,SWE,CPI,-0.025806451612903156
1934,SWE,CPI,0.006622516556291507
1935,SWE,CPI,0.01973684210526297
1936,SWE,CPI,0.012903225806451665
1937,SWE,CPI,0.031847133757961825
1938,SWE,CPI,0.018518518518518677
1939,SWE,CPI,0.03030303030303034
1940,SWE,CPI,0.1352941176470588
1941,SWE,CPI,0.13471502590673584
1942,SWE,CPI,0.06849315068493159
1943,SWE,CPI,0.004273504273504231
1944,SWE,CPI,-0.004255319148936129
1945,SWE,CPI,-0.004273504273504231
1946,SWE,CPI,0.0042918454935623055
1947,SWE,CPI,0.02991452991452985
1948,SWE,CPI,0.05809128630705393
1949,SWE,CPI,0.003921568627451048
1950,SWE,CPI,0.015625000000000056
1951,SWE,CPI,0.1692307692307692
1952,SWE,CPI,0.07236842105263157
1953,SWE,CPI,0.006134969325153314
1954,SWE,CPI,0.006097560975609696
1955,SWE,CPI,0.027272727272727414
1956,SWE,CPI,0.050147492625368634
1957,SWE,CPI,0.044943820224719266
1958,SWE,CPI,0.043010752688172046
1959,SWE,CPI,0.00773195876288659
1960,SWE,CPI,0.04092071611253197
1961,SWE,CPI,0.02211302211302209
1962,SWE,CPI,0.048076923076923114
1963,SWE,CPI,0.029816513761467902
1964,SWE,CPI,0.031180400890868525
1965,SWE,CPI,0.05183585313174953
1966,SWE,CPI,0.06570841889117043
1967,SWE,CPI,0.0404624277456647
1968,SWE,CPI,0.020370370370370417
1969,SWE,CPI,0.02722323049001812
1970,SWE,CPI,0.06890459363957609
1971,SWE,CPI,0.07438016528925612
1972,SWE,CPI,0.0600000000000001
1973,SWE,CPI,0.06676342525399132
1974,SWE,CPI,0.09931972789115645
1975,SWE,CPI,0.09777227722772275
1976,SWE,CPI,0.10372040586245765
1977,SWE,CPI,0.11338100102145045
1978,SWE,CPI,0.10091743119266057
1979,SWE,CPI,0.07166666666666671
1980,SWE,CPI,0.13608087091757387
1981,SWE,CPI,0.12114989733059557
1982,SWE,CPI,0.08547008547008546
1983,SWE,CPI,0.08942632170978636
1984,SWE,CPI,0.08002065049044929
1985,SWE,CPI,0.07361376673040146
1986,SWE,CPI,0.04229741763134467
1987,SWE,CPI,0.04228961982058948
1988,SWE,CPI,0.05819672131147536
1989,SWE,CPI,0.06429124709527492
1990,SWE,CPI,0.10480349344978168
1991,SWE,CPI,0.09321475625823467
1992,SWE,CPI,0.02289846339258818
1993,SWE,CPI,0.04653902798232699
1994,SWE,CPI,0.021953278919223218
1995,SWE,CPI,0.025337372624621317
1996,SWE,CPI,0.0045662100456619874
1997,SWE,CPI,0.0053475935828877314
1998,SWE,CPI,-0.0015957446808511188
1999,SWE,CPI,0.004794885455514169
2000,SWE,CPI,0.00980911983032877
2001,SWE,CPI,0.02441585718036235
2002,SWE,CPI,0.02152742183495629
2003,SWE,CPI,0.019317611640742582
2004,SWE,CPI,0.003691853310361823
2005,SWE,CPI,0.00465914664051025
2006,SWE,CPI,0.013668537954600836
2007,SWE,CPI,0.02191187093667245
2008,SWE,CPI,0.03440150801131011
2009,SWE,CPI,-0.002733485193621765
2010,SWE,CPI,0.01279122887163099
2011,SWE,CPI,0.026161479476770392
2012,SWE,CPI,0.008791208791208838
2013,SWE,CPI,-0.0004357298474944429
2014,SWE,CPI,-0.0017436791630339355
2015,SWE,CPI,-0.00043668122270750117
2016,SWE,CPI,0.009829619921363091
2017,SWE,CPI,0.017953709712307857
2018,SWE,CPI,0.019549511262218437
2019,SWE,CPI,0.017924135056273577
2020,SWE,CPI,0.004914004914004904
1872,USA,CPI,0.0
1873,USA,CPI,-0.0204415372035978
1874,USA,CPI,-0.0485809682804675
1875,USA,CPI,-0.03649763116336198
1876,USA,CPI,-0.022764523766162715
1877,USA,CPI,-0.023201639955273863
1878,USA,CPI,-0.04769627015167414
1879,USA,CPI,0.0
1880,USA,CPI,0.025042572373034047
1881,USA,CPI,0.0
1882,USA,CPI,0.0
1883,USA,CPI,-0.01622202677611657
1884,USA,CPI,-0.02483361478096752
1885,USA,CPI,-0.016909442803300374
1886,USA,CPI,-0.02590405139363808
1887,USA,CPI,0.008828847994894208
1888,USA,CPI,0.0
1889,USA,CPI,-0.026254744833403766
1890,USA,CPI,-0.01808337845154312
1891,USA,CPI,0.0
1892,USA,CPI,0.0
1893,USA,CPI,-0.009153065725628514
1894,USA,CPI,-0.04629938786866975
1895,USA,CPI,-0.01937215544404245
1896,USA,CPI,0.0
1897,USA,CPI,-0.009996429846483428
1898,USA,CPI,0.0
