year,iso_domestic,weights_sum_check,foreign_tr_hedged,foreign_tr_unhedged,domestic_tr,asset_class
1921,JPN,true,0.03099768311763023,0.09845758044564118,-0.1263897567987442,Equities
1889,DNK,true,0.10208957769528033,0.10487548452595266,0.09005042165517807,Equities
1995,AUS,true,0.17693143817147441,0.24669524816306787,0.20723018050193787,Equities
1905,ESP,true,0.13643917085352567,0.08266279755849751,-0.05744031071662903,Equities
1914,NOR,true,-0.02734333688680765,0.02047104295092399,0.021543974056839943,Equities
1988,AUS,true,0.17342959042016112,-0.042962026778136785,0.21100001037120816,Equities
1894,DEU,true,0.0747133423967591,0.07504953844209585,0.16976386308670044,Equities
1897,JPN,true,0.09774798902026016,0.12980974802572906,-0.3439725637435913,Equities
1969,ITA,true,-0.02455907985206935,-0.021435893153972138,0.18874378502368927,Equities
1931,DEU,true,-0.28191440116259725,-0.31252219199501247,-0.34182441234588623,Equities
1982,SWE,true,0.14234202496619458,0.4167269149646599,0.4028656780719757,Equities
1906,SWE,true,0.09525994390363611,0.10565832227444416,0.13513512909412384,Equities
1991,NOR,true,0.08479285065304897,0.10577217007071403,-0.11708487570285797,Equities
1991,BEL,true,0.08016621951304657,0.09913795177803297,0.12569156289100647,Equities
2007,FRA,true,0.06984163531049922,-0.00033493382142573205,0.03062916733324528,Equities
1967,SWE,true,0.19769158110365487,0.17163615723762166,0.08164708316326143,Equities
1935,ESP,true,0.2475973494370435,0.2196654412490377,0.5931804776191711,Equities
1910,ITA,true,0.007153949325912387,0.010807324806343634,0.03790000081062317,Equities
1897,FRA,true,0.08737746443318237,0.08450633425261217,0.10292354226112364,Equities
1921,DEU,true,0.027660336979223522,0.7435324016297624,1.2381927967071533,Equities
1897,PRT,true,0.09030735329014097,0.22638801630603206,0.02155468426644802,Equities
1989,NLD,true,0.25561767882797004,0.14307983131788538,0.2749638259410858,Equities
2010,ESP,true,0.11586525233742227,0.2083197009616162,-0.14669620990753174,Equities
2014,DEU,true,0.11864500405396883,0.21049698890478868,0.03094451129436493,Equities
1910,CHE,true,0.006733088513877529,0.011532740248754739,0.06308232992887497,Equities
1926,NOR,true,0.15863533262090626,-0.07695778238141973,-0.04403366893529892,Equities
2005,CHE,true,0.15919400813310206,0.2554225916733457,0.35608187317848206,Equities
1969,FRA,true,-0.02613763712911763,0.09894057902810449,0.23662078380584717,Equities
1911,ITA,true,0.04300082280790013,0.044368902754984854,0.0005999999702908099,Equities
1965,JPN,true,0.09059615405165478,0.10821831584224526,0.004955881740897894,Equities
1926,DEU,true,0.11631960271837745,0.10979362501805157,1.3776044845581055,Equities
1986,DNK,true,0.31519179651632306,0.20651417176741543,0.02779509499669075,Equities
1995,GBR,true,0.17283562889295884,0.20232109773397872,0.23020999133586884,Equities
1913,DNK,true,-0.030402681527456475,-0.03375850895361239,0.0367041751742363,Equities
1949,DNK,true,0.1277256402834866,0.1974434257411381,-0.027696968987584114,Equities
1965,ESP,true,0.08807498834100262,0.0895157887739693,0.09911638498306274,Equities
1959,SWE,true,0.24167487967211432,0.24406309875232313,0.48297393321990967,Equities
1941,ESP,true,0.08344745548865007,0.12896439351327577,0.30140000581741333,Equities
1919,NLD,true,0.12220128921742338,0.2622300009399609,0.16226699948310852,Equities
1911,CHE,true,0.04237289255519216,0.042684427124231455,0.037536170333623886,Equities
1909,BEL,true,0.13294058349118001,0.13887193898545078,0.17260278761386874,Equities
1890,SWE,true,0.004047149492013305,0.006175491742735094,0.01794871874153614,Equities
2008,ITA,true,-0.382394055018935,-0.35132773630943437,-0.468401163816452,Equities
1920,SWE,true,-0.1802901900502788,-0.18971073529837978,-0.18631954491138458,Equities
1881,FRA,true,0.140102559842542,0.1410884544745416,0.2659670412540436,Equities
1986,PRT,true,0.29794685652738295,0.3527617793235576,0.9267147779464722,Equities
1949,GBR,true,0.15828390644480114,0.6842998180242911,-0.05700637027621269,Equities
1887,NOR,true,0.02271191708541994,0.02248454174456274,-0.008618170395493507,Equities
1958,PRT,true,0.32430765217535235,0.3236224322216718,-0.04943866655230522,Equities
2007,DNK,true,0.06734784766715332,0.0023055175176922016,0.07134317606687546,Equities
1988,FIN,true,0.17083861229377093,0.2004124191357017,0.34797030687332153,Equities
1974,GBR,true,-0.22256934905460476,-0.2148952527761979,-0.5019515156745911,Equities
1926,FIN,true,0.15134659590279642,0.1373435121684718,0.38301604986190796,Equities
1982,DNK,true,0.1433657848279774,0.23610650906943986,0.34867653250694275,Equities
1993,CHE,true,0.21986721849480906,0.22961230269872376,0.5081000328063965,Equities
1883,FRA,true,0.018593658303174637,0.02229513097940979,-0.03652653470635414,Equities
1973,ESP,true,-0.04956861336915046,-0.11551879178351615,0.2975999414920807,Equities
1928,AUS,true,0.27369180935099824,0.27318631765407125,0.1770000010728836,Equities
1926,JPN,true,0.15510589330469216,-0.0050441631137446334,0.16275745630264282,Equities
2011,PRT,true,-0.04062311915090643,-0.012242146184656674,-0.20372962951660156,Equities
1953,BEL,true,0.08338094901260376,0.07718077901012627,0.09432537108659744,Equities
1936,DEU,true,0.26951696219706317,0.2598040988869068,0.2989019751548767,Equities
1918,DNK,true,0.17264062920185347,0.15955086433906684,0.24182665348052979,Equities
2003,DNK,true,0.1982264171087176,0.0880180648876954,0.33083227276802063,Equities
1922,NOR,true,0.23965921788386368,0.06963304664960128,0.05757308006286621,Equities
1953,DNK,true,0.083405225035691,0.04142207070294969,0.09309585392475128,Equities
1973,FIN,true,-0.05293917619009595,-0.09438747401278716,0.4416668713092804,Equities
2017,FIN,true,0.18100309838038342,0.07805767236478198,0.10989999771118164,Equities
1996,FRA,true,0.2316811032878195,0.28476779478753156,0.30595406889915466,Equities
1965,BEL,true,0.09100009662726131,0.09118843927042478,-0.04563142731785774,Equities
1952,JPN,true,0.11493969642176731,0.09506869801399642,0.8101934790611267,Equities
1984,SWE,true,0.13869903657552918,0.1949737634218635,-0.09382207691669464,Equities
1879,FRA,true,0.23781436091083452,0.2437614925810747,0.1176941841840744,Equities
1943,PRT,true,0.17769678398616698,0.17154249149970352,0.02153950184583664,Equities
1906,FRA,true,0.10125419248797578,0.10629263791329151,0.028873179107904434,Equities
1998,ESP,true,0.1896357728520227,0.1435858748490649,0.39500001072883606,Equities
1944,FIN,true,0.13803391145159905,0.13136210073014903,-0.04062843695282936,Equities
1897,BEL,true,0.08809256468343404,0.061456304814581884,0.13035796582698822,Equities
1963,CHE,true,0.18077911396386903,0.1807614951513309,-0.0015776043292135,Equities
1999,AUS,true,0.2719494014499547,0.1627789696460506,0.19295363128185272,Equities
1982,NLD,true,0.14539936913738974,0.14844358908504768,0.24103586375713348,Equities
1965,GBR,true,0.08550749932410485,0.07995173187866154,0.11174321174621582,Equities
1998,BEL,true,0.18930457200943282,0.13880365468918693,0.41247206926345825,Equities
2001,PRT,true,-0.14248089239362643,-0.11976817437234671,-0.1903584599494934,Equities
1880,PRT,true,0.1651529170834565,0.1655833895772324,0.14316761493682864,Equities
1947,SWE,true,0.024322874348701895,0.12166727480340812,-0.03505987673997879,Equities
1878,DNK,true,0.04225696590406972,0.04877104248906578,0.14749807119369507,Equities
1999,NLD,true,0.2696547587606887,0.44183636933804704,0.30649200081825256,Equities
1961,CHE,true,0.19849353482834936,0.20528717867489193,0.4939022660255432,Equities
1953,JPN,true,0.07399352078833475,0.13558604967829274,0.5697740912437439,Equities
1982,CHE,true,0.14744880881256286,0.20095702342139188,0.13255594670772552,Equities
1958,NOR,true,0.32398739978620067,0.26918353619800134,-0.03446025028824806,Equities
1902,PRT,true,0.0596385692903583,-0.048468254989496924,0.11989510804414749,Equities
1960,SWE,true,0.03932383813206081,0.042896434223385085,0.037926752120256424,Equities
1927,ITA,true,0.24236211862894091,-0.056727902789282234,0.32327574491500854,Equities
1964,PRT,true,0.10136515400539595,0.10367540135130747,0.19378666579723358,Equities
1941,DNK,true,0.08438909998556438,0.10320784102078355,0.2533999979496002,Equities
1979,PRT,true,0.1493482591105563,0.21915255072896794,0.40605059266090393,Equities
1927,ESP,true,0.24266886026238743,0.09426170811566709,0.3053540885448456,Equities
1934,JPN,true,0.06823827738505557,0.03165128680727093,0.05998978763818741,Equities
1922,JPN,true,0.24155309357566224,0.351782984848516,-0.03842872381210327,Equities
1891,JPN,true,0.03302626832215437,0.028591075914460647,0.03819898143410683,Equities
1927,AUS,true,0.2457728618582829,0.2667101271085505,0.12399999797344208,Equities
1927,CHE,true,0.24342816479583107,0.26227914307711137,0.26099103689193726,Equities
1955,SWE,true,0.2704786212330601,0.2133991193722014,-0.026318924501538277,Equities
1979,DEU,true,0.16544024527156226,0.07784326595192018,-0.09371468424797058,Equities
1967,GBR,true,0.18373470902318562,0.3618563897858589,0.34190231561660767,Equities
2017,BEL,true,0.1822617368170585,0.07931631080145662,0.041999999433755875,Equities
1978,AUS,true,0.09663420971194292,0.13694508303152028,0.24299998581409452,Equities
1938,DNK,true,0.04294979114739422,0.038276869049359896,0.02839400060474872,Equities
2012,AUS,true,0.15036176830369538,0.12515082219205867,0.18840819597244263,Equities
1890,FRA,true,-0.009242194066743722,-0.008906903401720578,0.09971122443675995,Equities
1977,NLD,true,-0.012497183616502545,-0.05684370992332792,0.0930171087384224,Equities
1902,ITA,true,0.062291103485744154,0.03371343672049895,-0.01640000008046627,Equities
1961,ITA,true,0.20739246311576465,0.21103726514358,0.05375538766384125,Equities
1886,DNK,true,0.07466802956239496,0.06790323240318813,0.11672041565179825,Equities
1931,FRA,true,-0.2837312276195249,-0.31908192191120854,-0.31904923915863037,Equities
1946,PRT,true,0.03263744247179305,-0.03932087857239975,-0.05889206379652023,Equities
1967,DNK,true,0.20244726699883114,0.2743900340762413,-0.14915709197521212,Equities
2002,ITA,true,-0.2212489157900231,-0.2988328995524616,-0.18565772473812103,Equities
1942,NLD,true,0.18499769280875408,0.1867479111814495,0.107944056391716,Equities
1965,SWE,true,0.08795419611486845,0.09482017103254217,0.10509373992681503,Equities
1984,ITA,true,0.1329741080287327,0.23565213101944532,0.2012701779603958,Equities
1887,USA,true,0.031625955452651386,0.028937595583763933,-0.021276595070958138,Equities
2016,PRT,true,0.040612408582239204,0.06593100334805262,-0.000016875230357982218,Equities
2012,BEL,true,0.14712513160468044,0.127780840807446,0.39016497135162354,Equities
1905,FIN,true,0.13269479639932968,0.137724569944897,0.15066853165626526,Equities
1966,CHE,true,-0.06148537300039224,-0.05991357202418858,-0.12094684690237045,Equities
1942,CHE,true,0.1858750008980049,0.1857291417963723,0.06427798420190811,Equities
1971,FIN,true,0.13577496916571047,0.16682996583849333,0.1975766122341156,Equities
1959,ITA,true,0.23908537481607203,0.2318282316760895,0.6040031909942628,Equities
1900,CHE,true,0.07924205502141159,0.07695932464713331,0.06717817485332489,Equities
1905,NOR,true,0.13345794074521328,0.1401264909341976,0.10825368016958237,Equities
2008,GBR,true,-0.39098322280169784,-0.1495317617834758,-0.29751068353652954,Equities
1921,NOR,true,0.03345015832730968,0.02461966790562134,-0.26902467012405396,Equities
2006,DEU,true,0.19492476450956325,0.12156020294950107,0.24087242782115936,Equities
2011,JPN,true,-0.043233924397437666,-0.09545104352950626,-0.04824220389127731,Equities
2008,DNK,true,-0.382321391767066,-0.36156383814765525,-0.4795536398887634,Equities
1994,SWE,true,0.014675541827495059,-0.02495466626763234,0.06545403599739073,Equities
1929,PRT,true,-0.06813105561460565,-0.07273270797446646,-0.12906178832054138,Equities
1974,ITA,true,-0.24095536960644084,-0.17104858833379485,-0.27806997299194336,Equities
1943,SWE,true,0.17582804913035785,0.1696737566438944,0.1179223284125328,Equities
1929,FIN,true,-0.06767519827542198,-0.06372168449592476,-0.15218403935432434,Equities
1954,BEL,true,0.45188412970903036,0.44113091316285236,0.42230522632598877,Equities
1958,AUS,true,0.3192096131122907,0.32092751575681294,0.1889999955892563,Equities
1988,CHE,true,0.17295478931598213,0.3421471808267128,0.23610004782676697,Equities
1895,SWE,true,0.10200707890294634,0.10040596300503327,0.13743218779563904,Equities
1875,FRA,true,0.044743614275578256,0.03884210963800289,0.15812399983406067,Equities
1987,FIN,true,0.1675106682302879,0.13951276504767007,0.311012864112854,Equities
1925,FRA,true,0.1835029605595327,0.365377900885528,0.15127940475940704,Equities
1886,DEU,true,0.0727333941174384,0.06805512372841302,0.09612987190485,Equities
2001,DEU,true,-0.14184312243529518,-0.11859991702649185,-0.17913822829723358,Equities
1896,FIN,true,0.09468004518690938,0.09433627025603332,0.05425237491726875,Equities
1881,DNK,true,0.16106604694953428,0.1672178620135285,0.0901954174041748,Equities
1917,FIN,true,0.007133194768796022,-0.12897568476103757,0.11540393531322479,Equities
2010,PRT,true,0.11077411351875258,0.20201765015636486,-0.06211366131901741,Equities
1972,NOR,true,0.2623381871246073,0.25394127183525217,0.16951382160186768,Equities
1963,FRA,true,0.18590645729321262,0.18700624313685082,-0.18257169425487518,Equities
2012,PRT,true,0.15319453707721986,0.1338502462799852,0.07692946493625641,Equities
1933,FIN,true,0.31068257923774567,0.2631247625592112,0.4366540908813476,Equities
1994,ESP,true,0.017679433591537796,0.00878381488897682,-0.09200000017881393,Equities
1994,AUS,true,0.017605065209214597,-0.05187091598662877,-0.08810185641050337,Equities
1964,BEL,true,0.10446109683229071,0.10003062233130083,0.03931485116481781,Equities
1928,BEL,true,0.27218457526857226,0.2680236449632304,0.25942015647888184,Equities
1926,SWE,true,0.15520141249039573,0.1503868658505494,0.1571609526872635,Equities
1935,AUS,true,0.2592079297995128,0.2682350564680564,0.10100000351667404,Equities
1916,SWE,true,0.10694762581017565,0.06390705395553996,0.32621535658836365,Equities
1956,NLD,true,0.05650097552527751,0.05342865430016338,0.11082352697849275,Equities
1935,FIN,true,0.25852984532231627,0.27234384151775864,0.12974447011947632,Equities
1985,DNK,true,0.33777662267712916,0.18516650266685433,0.06628897786140442,Equities
1961,NOR,true,0.20669855520411196,0.20818815928789589,0.08807653188705444,Equities
1894,BEL,true,0.0858182199451352,0.10786932958928602,0.1291980892419815,Equities
1923,FRA,true,0.051797267022615744,0.4132174200759883,0.26318517327308655,Equities
1923,PRT,true,0.062034778826221465,0.635065268182921,0.13004609942436218,Equities
1933,FRA,true,0.3310376787627249,0.20868816951341226,0.011746611446142197,Equities
1974,DNK,true,-0.2421712155656366,-0.3068909933092859,-0.22610144317150116,Equities
1912,DEU,true,0.0505245597806602,0.05173093467684136,0.05938301980495453,Equities
1958,ESP,true,0.3257771452919228,0.316132283255282,-0.11816783249378204,Equities
1938,PRT,true,0.04261575381260296,0.038625728408808783,0.04242356866598129,Equities
1958,CHE,true,0.318383423441382,0.32649037531117964,0.22764143347740173,Equities
1946,FIN,true,0.030650848117043557,1.781033012231578,-0.18748058378696444,Equities
1881,DEU,true,0.15837654650820704,0.1601241430404655,0.17513629794120789,Equities
1931,ITA,true,-0.28555839830118246,-0.3168335054600607,-0.2731724679470062,Equities
1921,CHE,true,0.030775577406198434,0.027151555174165846,-0.13197241723537445,Equities
1883,DNK,true,0.009110787807512757,0.009919714772300543,0.06907913833856583,Equities
2017,DEU,true,0.1803667637465562,0.07511649203071452,0.16380000114440918,Equities
1886,FRA,true,0.08008444024209156,0.07516294800836096,0.04122351109981537,Equities
1926,ITA,true,0.1645467997991497,0.1840548794822765,-0.3903886675834656,Equities
1942,DEU,true,0.18702811586744106,0.18944479927106989,0.1425996869802475,Equities
1982,FIN,true,0.14209217507598731,0.3117624625700691,0.41609060764312744,Equities
1992,PRT,true,0.03156276878419121,0.07503743983437139,-0.11211775988340378,Equities
1946,ITA,true,-0.004210302462008306,0.04835391928677672,1.6019675731658936,Equities
1908,AUS,true,0.13422146098140686,0.14171060525167636,0.17299999296665192,Equities
1901,BEL,true,0.07160340451953573,0.04883309292185763,-0.10635245591402054,Equities
1982,BEL,true,0.14466057204032368,0.32050459098253936,0.2801415026187897,Equities
1912,NOR,true,0.052034281509607885,0.05134060523543517,0.009023708291351795,Equities
1897,DEU,true,0.09059354124544428,0.08910338622335377,0.07765394449234009,Equities
1920,BEL,true,-0.18042289040751572,0.14500980224340512,-0.08467575907707214,Equities
1965,NLD,true,0.091508991208833,0.09734634760398532,-0.0708138719201088,Equities
1964,JPN,true,0.10852159341773315,0.10551872554211235,-0.08891943842172623,Equities
1935,BEL,true,0.24917312645340178,0.5615671131559422,0.5263822078704834,Equities
1900,ESP,true,0.07974723049458793,0.12014921576318881,0.04194788634777069,Equities
1971,DEU,true,0.1386246757828133,0.05307002732589836,0.07233686000108719,Equities
1926,PRT,true,0.1567028612952504,0.13019979747435095,0.06919052451848984,Equities
1985,PRT,true,0.3131074612041454,0.36296752413129624,1.368821382522583,Equities
1988,ESP,true,0.1747001485742616,0.18607147368595303,0.14383281767368317,Equities
1939,CHE,true,0.03070021931991328,0.02660409675271783,-0.16496822237968448,Equities
1997,FRA,true,0.29073350685603205,0.40462762701861166,0.2776792645454407,Equities
1983,SWE,true,0.29114293873836905,0.3553567784504562,0.6938130259513855,Equities
1975,NOR,true,0.37133075682490546,0.4240858732912993,-0.11795850098133087,Equities
1899,NOR,true,0.0670092975722414,0.07367557915627782,-0.008733035065233707,Equities
1920,DNK,true,-0.1826433720296224,0.09656101415720164,-0.08175387978553772,Equities
2019,BEL,true,0.13515761447559302,0.15528575341346246,0.24879999458789828,Equities
1920,DEU,true,-0.18042289040751572,1.3623151578327288,0.6850277781486511,Equities
1912,PRT,true,0.050709040986999236,0.06865600919358236,0.0732337012887001,Equities
1874,SWE,true,0.04569917318043057,0.06035771022551646,-0.005681818351149559,Equities
1933,PRT,true,0.31628547282169306,0.25361155126055784,0.18616919219493866,Equities
1953,NLD,true,0.08077633193313148,0.05483620599904813,0.22624242305755612,Equities
2009,NLD,true,0.25693891628002763,0.26137432007497124,0.4453493356704712,Equities
1912,AUS,true,0.05044555520454208,0.04952415735746252,0.0860000029206276,Equities
1951,NOR,true,0.23700588244643211,0.11494614854003946,0.12377686798572542,Equities
1910,NOR,true,0.0063550969400419065,0.006367516207185918,0.08569956570863724,Equities
1999,CHE,true,0.2737666037524065,0.4467413923559051,0.11690592765808105,Equities
1879,DNK,true,0.22305612751138815,0.22201452277145242,0.17056792974472046,Equities
2017,FRA,true,0.17943578846546182,0.07324023880965397,0.1851000040769577,Equities
1964,NLD,true,0.10179319746725636,0.09926585945278087,0.17242947220802307,Equities
1982,FRA,true,0.1479879745777079,0.26872406977260094,0.10401709377765656,Equities
1904,NOR,true,0.15752789618326057,0.1537885065908308,0.007477966137230396,Equities
2006,SWE,true,0.19551933544913708,0.08106758952107493,0.2579578757286072,Equities
1917,CHE,true,0.010075682848240841,-0.0765692052501043,-0.0221231859177351,Equities
1933,NOR,true,0.3154979602455765,0.006200672847468961,0.22137600183486938,Equities
1973,DNK,true,-0.057212535617155814,-0.09989233429205235,0.6243217587471008,Equities
1998,NLD,true,0.19271748777318115,0.1417573054428748,0.2228810042142868,Equities
1998,CHE,true,0.19460212053891937,0.15540425396000296,0.15365493297576904,Equities
2004,BEL,true,0.15626022556210134,0.1094591992675323,0.3925911784172058,Equities
1970,AUS,true,0.013430840231197113,0.01607723828935646,-0.13699999451637268,Equities
1906,FIN,true,0.09731134330801958,0.10729565531828975,0.028041446581482887,Equities
1923,ESP,true,0.06001552058969203,0.12402640317254432,0.17518253624439237,Equities
1954,DNK,true,0.45728058661640125,0.4657249116716666,0.15272089838981628,Equities
2014,SWE,true,0.11476369268977743,0.2790275852134849,0.1567372977733612,Equities
1954,ESP,true,0.4551245826033859,0.4833115766023418,0.2604258060455322,Equities
1966,ITA,true,-0.06417155464011463,-0.06497556689407756,0.009048501029610634,Equities
1928,ITA,true,0.2726167576049051,0.2447552842827312,0.23578710854053497,Equities
2013,BEL,true,0.31313666675552865,0.23812785979084405,0.18959812819957733,Equities
1910,JPN,true,0.0021600537040180126,0.00446609230258797,0.33671119809150696,Equities
1902,ESP,true,0.06111873946927765,0.040503537016283085,0.043839555233716965,Equities
1929,ITA,true,-0.0684912603758871,-0.06799583385930183,-0.11079128086566925,Equities
1977,AUS,true,-0.013266891988192014,-0.03281546084364889,0.13199999928474426,Equities
1914,DNK,true,-0.026950821559141584,-0.02157278214489506,0.003126418916508556,Equities
1987,ITA,true,0.17887817018969604,0.20437879613474688,-0.28499266505241394,Equities
2011,ITA,true,-0.0404389524275423,-0.012057979461292754,-0.21318712830543518,Equities
1963,NOR,true,0.17864811753940005,0.18184351981951175,0.10737397521734236,Equities
2001,DNK,true,-0.14365444095950508,-0.12715611227904605,-0.12866342067718506,Equities
1934,SWE,true,0.06265790470827234,0.2361101872131164,0.296129047870636,Equities
1993,DNK,true,0.22958310763413547,0.32170171728936514,0.033562153577804565,Equities
1901,CHE,true,0.06891456915570836,0.06484198184751576,0.03180791437625885,Equities
1916,DNK,true,0.09987770839144364,-0.00838650552479762,0.6746337413787842,Equities
1968,ITA,true,0.19668162866917394,0.1956952456960097,0.05510016530752182,Equities
2008,ESP,true,-0.3847166690202675,-0.3531122554927423,-0.3694705069065094,Equities
1952,DEU,true,0.12831105428873707,0.16318396007787467,0.21791709959506989,Equities
1983,AUS,true,0.2922181884218457,0.3441446231182977,0.6370000243186951,Equities
1988,FRA,true,0.16360731679346457,0.2843699720029199,0.6234999895095825,Equities
1904,FRA,true,0.16211606244827054,0.1627085356794613,0.0629340335726738,Equities
1906,ESP,true,0.09584210243709992,-0.05772423395271167,0.10474343597888947,Equities
1963,FIN,true,0.17980921254447008,0.17978598379046815,0.048010602593421936,Equities
1936,PRT,true,0.27536617224323506,0.2502041529294866,0.09477591514587402,Equities
1973,AUS,true,-0.03656990184886336,-0.14235436416728597,-0.257999986410141,Equities
1979,FIN,true,0.15225613590624262,0.06440100510717855,0.2625076174736023,Equities
1958,JPN,true,0.32062106853309286,0.28968932983904194,0.1252676546573639,Equities
1949,ITA,true,0.1247390491590405,0.2433523314640234,0.10102730989456177,Equities
1996,CHE,true,0.23518752107878974,0.4125184227491694,0.182899609208107,Equities
2005,PRT,true,0.1642075758590078,0.25217014873989907,0.1718716323375702,Equities
1945,ESP,true,0.20061459647621074,0.1911203029228316,0.1719476580619812,Equities
1956,PRT,true,0.058967599776273,0.05963237721915547,-0.009058395400643349,Equities
2002,PRT,true,-0.22072776248742307,-0.2980585412092318,-0.20652548968791962,Equities
1978,NLD,true,0.10033918891744793,-0.009825125875334375,0.05775785446166992,Equities
2013,GBR,true,0.3202511484178271,0.24219357583935924,0.20538218319416046,Equities
1934,FRA,true,0.07398359046586492,-0.08547582302840652,-0.07379765808582306,Equities
2000,FIN,true,-0.020459544502673614,0.01160841869575225,-0.09294048696756363,Equities
2008,FIN,true,-0.3816786896706066,-0.35066337710853146,-0.5130674242973328,Equities
1897,USA,true,0.06841365009000722,0.06533902744206316,0.16824644804000852,Equities
2006,PRT,true,0.19407417329616816,0.12218631021685859,0.33271774649620056,Equities
2019,SWE,true,0.13356834569067544,0.1757392175988528,0.3384999930858612,Equities
2018,BEL,true,0.04621801457089588,0.08309547874420245,-0.20669999718666077,Equities
1988,SWE,true,0.16693814984035943,0.19224847547727703,0.5541656017303467,Equities
1958,DEU,true,0.3092043988359356,0.3007511704267031,0.6110981702804565,Equities
2006,JPN,true,0.1875237574010425,0.26720514282730723,0.2716871201992035,Equities
1981,BEL,true,0.05973442818619728,0.2048048436128908,0.11069336533546448,Equities
1986,BEL,true,0.30734831726622647,0.17435948156028142,0.43664881587028503,Equities
2004,DEU,true,0.1635588455182134,0.11592480350972231,0.08466467261314392,Equities
1964,SWE,true,0.10125366225681574,0.08997426763616322,0.1993495374917984,Equities
2013,CHE,true,0.31295815309409936,0.2581729873608825,0.24600191414356232,Equities
1976,JPN,true,0.14735044983447645,0.0952536786823877,0.14641252160072327,Equities
1903,BEL,true,-0.0021849853289126198,-0.013939532683518246,0.11917615681886673,Equities
1986,SWE,true,0.3054396661719212,0.3117344305428807,0.5361402630805969,Equities
1989,GBR,true,0.24847483003922882,0.3471849966267835,0.3546816408634186,Equities
1908,SWE,true,0.13631483636380892,0.12346490901273821,0.06671348214149475,Equities
1887,DEU,true,0.024351097774114948,0.021884334969451052,0.006245369091629982,Equities
1913,AUS,true,-0.03151721113491363,-0.03385105637522688,0.08899999409914017,Equities
2016,DNK,true,0.04173373623921362,0.06683874551323853,-0.060600001364946365,Equities
1902,AUS,true,0.05893590673416714,0.06305751270480446,0.15600000321865082,Equities
2014,CHE,true,0.11509739577055927,0.17759221309463136,0.13001148402690887,Equities
1973,SWE,true,-0.0433903060702219,-0.036477042361669154,0.03352245315909386,Equities
2012,FRA,true,0.14916049444069793,0.1292397223446836,0.20368699729442596,Equities
1893,DEU,true,-0.018838737300896725,-0.023848917152527987,0.045284271240234375,Equities
1963,DEU,true,0.178865386106957,0.17306190124489365,0.12049345672130586,Equities
1889,BEL,true,0.09830971073986369,0.0943766721970023,0.2971450984477997,Equities
2004,ESP,true,0.1586708866366856,0.11141207712355347,0.23081998527050018,Equities
1968,SWE,true,0.18976036042707617,0.1930137511550558,0.39471855759620667,Equities
1976,AUS,true,0.14919429514037877,0.3333832698551116,0.035999998450279236,Equities
1967,JPN,true,0.19968163207001985,0.18316113696015918,0.056218501180410385,Equities
1981,FRA,true,0.06370594854832615,0.26172087965622637,-0.11161229759454727,Equities
1918,ESP,true,0.1749620020533782,0.0999991898570479,0.13265144824981687,Equities
2014,PRT,true,0.12178891161737287,0.2120913003664121,-0.21121133863925934,Equities
1904,SWE,true,0.15562165018663218,0.153174842833316,0.11454544961452486,Equities
1902,BEL,true,0.06162473890797368,0.03280625163699645,0.017839796841144562,Equities
1874,FRA,true,0.0377292433334708,0.03112106921875333,0.09581796824932098,Equities
1902,SWE,true,0.061933008244234145,0.0672894572224221,0.0020000000949949026,Equities
2011,FIN,true,-0.03932846262007687,-0.010947489653827323,-0.2702140212059021,Equities
1900,JPN,true,0.08382656385281245,0.08989678691344963,-0.16178876161575317,Equities
1952,GBR,true,0.1485336503812157,0.057292837547484,-0.001411764300428331,Equities
1965,ITA,true,0.08495463855866262,0.08474158986365324,0.25352564454078674,Equities
1872,DEU,true,0.10328582904018072,0.10075902981580435,0.13346737623214722,Equities
1967,FRA,true,0.20021314872393897,0.17758559261225998,-0.021920576691627502,Equities
2019,JPN,true,0.1312728742454436,0.10930639785243927,0.18479999899864197,Equities
1906,PRT,true,0.09671816439773365,0.051586319653472976,0.059008460491895676,Equities
1950,AUS,true,0.20349606399717174,0.21370789551483393,0.3140000104904175,Equities
1951,SWE,true,0.23456329019722422,0.2476211757634499,0.231614887714386,Equities
1958,GBR,true,0.2960529471964051,0.32540369064718067,0.47742438316345215,Equities
2009,ITA,true,0.2612320581337648,0.26567038234857754,0.2256501317024231,Equities
1944,ITA,true,0.13449675190332608,1.4082546129360045,1.5152757167816162,Equities
1914,AUS,true,-0.02931376152461644,-0.03880269781729716,0.11399999260902405,Equities
1941,FIN,true,0.08040408106364885,0.07356679879148627,0.4565349817276001,Equities
1931,AUS,true,-0.2956725212583653,-0.30275671782664704,0.1770000010728836,Equities
2003,FIN,true,0.20296729855891849,0.07835089138433143,0.08504386246204376,Equities
1964,NOR,true,0.10465144155892171,0.10423192869595807,0.029817616567015648,Equities
1935,PRT,true,0.26014212932859093,0.2818624000037745,0.061398644000291824,Equities
1970,CHE,true,0.012831564125427936,0.012228767596717535,-0.10649757087230682,Equities
1896,SWE,true,0.09346320624483143,0.09532862109226765,0.11446741223335266,Equities
1911,PRT,true,0.04290155633646925,0.041452473220607626,0.0064390613697469234,Equities
1956,JPN,true,0.049222107179540696,0.048833787098816785,0.46458828449249273,Equities
2011,BEL,true,-0.04201362547143913,-0.013632652505189587,-0.13232307136058807,Equities
1906,AUS,true,0.09589465349999876,0.09757741373142112,0.10199999809265137,Equities
1878,SWE,true,0.0452185556558032,0.05226286286055405,0.0,Equities
1937,PRT,true,-0.12893158487862103,-0.14379204658509329,0.02783464454114437,Equities
1914,ITA,true,-0.023459223492153295,-0.03594166205226503,-0.16070590913295746,Equities
2015,SWE,true,0.0560655548592882,0.11694273338839847,0.10191266238689423,Equities
1940,AUS,true,0.047046519033569906,0.14982458026158002,0.03500000014901161,Equities
2003,SWE,true,0.19776148218709563,0.05238025676207722,0.3549365699291229,Equities
1943,AUS,true,0.1763888147373449,0.1658779102348008,0.08899999409914017,Equities
2017,NLD,true,0.18003406394157373,0.07697250516749968,0.1632000058889389,Equities
1964,GBR,true,0.12502574417975204,0.12792280198540212,-0.054099999368190765,Equities
2004,DNK,true,0.15918729219763209,0.10075424380001798,0.24031348526477814,Equities
2013,PRT,true,0.3137813755701011,0.23877256860541646,0.15601195394992828,Equities
1877,DEU,true,0.05483577906114966,0.06634649508893942,0.007354984991252422,Equities
1997,PRT,true,0.28327443209157477,0.4316971380136344,0.6524743437767029,Equities
2003,PRT,true,0.2012520707605146,0.07663566358592748,0.17396891117095947,Equities
1970,NOR,true,0.003609929583826386,0.002043402696172158,0.3628723919391632,Equities
1887,DNK,true,0.021920746736258004,0.02220951436271687,0.03440308943390846,Equities
2000,FRA,true,-0.02317483234133444,0.009873061913288989,0.005336062982678413,Equities
2013,ITA,true,0.31239127011786105,0.23738246315317646,0.2284296452999115,Equities
1979,SWE,true,0.15681829434345143,0.09211291181536074,0.037303511053323746,Equities
1912,BEL,true,0.050620865735559475,0.05718615895425379,0.0775059312582016,Equities
1984,CHE,true,0.13600193086638673,0.25973305477043385,0.04520061984658241,Equities
1964,DEU,true,0.10340220291569428,0.10388844938608864,0.09510250389575958,Equities
1981,PRT,true,0.06726859960003928,0.22250029024501572,-0.3110315203666687,Equities
1901,ESP,true,0.06910023061631876,0.14607638155124977,0.022268075495958328,Equities
1947,DNK,true,0.022667901642173027,-0.014696450781079649,0.052977100014686584,Equities
1922,FRA,true,0.23657752337832455,0.20924312825037686,0.23332425951957705,Equities
1952,BEL,true,0.13339136180495356,0.10432034616409108,-0.007112113758921623,Equities
1911,BEL,true,0.04300569034205802,0.0443895017715198,0.00031368143390864134,Equities
1957,FRA,true,-0.0557695029494067,0.1240639672523498,0.142935648560524,Equities
1960,GBR,true,0.04222005213643032,0.04482764873842964,0.018391203135252,Equities
1936,JPN,true,0.2757070530261272,0.2553074127068133,0.08184301108121872,Equities
1908,JPN,true,0.1443443069859154,0.14387678287992994,-0.3409651517868042,Equities
1896,NOR,true,0.09340621016981929,0.09650341568152676,0.11728785187005997,Equities
1987,SWE,true,0.17457972548952028,0.19537953024804083,-0.05962241068482399,Equities
1930,DEU,true,-0.16321566868485043,-0.16553066344261108,-0.27195248007774353,Equities
1912,DNK,true,0.05064316262156626,0.051304570325547125,0.07642561197280884,Equities
2014,NLD,true,0.1159185172237787,0.20622090597281773,0.09625290334224701,Equities
1963,ITA,true,0.18295322905108666,0.1874941303486774,-0.11273371428251265,Equities
1974,CHE,true,-0.2397081366108042,-0.39569389548527545,-0.33138006925582886,Equities
1884,PRT,true,0.011962894486119969,0.012078516452362315,-0.038838859647512436,Equities
2004,AUS,true,0.15796143602480284,0.15468061594797367,0.2756807804107666,Equities
1952,ESP,true,0.13105679133323872,0.06746962712207119,0.09629630297422409,Equities
1944,BEL,true,0.13426027734174106,0.5977024927849612,0.1462046355009079,Equities
1900,NLD,true,0.07923155320772382,0.0781380590195917,0.06770267337560654,Equities
1885,SWE,true,0.06583176689198969,0.0612234633601559,0.010869565419852734,Equities
1951,NLD,true,0.23892775505646902,0.27020154280829534,0.03892810270190239,Equities
1922,FIN,true,0.23812399506869555,-0.036230968677146536,0.14166511595249176,Equities
1963,GBR,true,0.17416791141364107,0.1782606931532327,0.198081836104393,Equities
1976,GBR,true,0.1532795555557969,0.38101654921379735,0.0232649315148592,Equities
2000,NOR,true,-0.02304098293534299,0.02903334242079738,0.04273340106010437,Equities
1980,GBR,true,0.23934357541259393,0.15952944975157768,0.34833088517189026,Equities
1996,ITA,true,0.2370484358148964,0.16322523669302674,0.07913046330213547,Equities
1903,AUS,true,-0.004033193254434526,-0.0034113238459229367,0.21899999678134918,Equities
1901,DEU,true,0.07112036135977003,0.06790901718733561,0.038567397743463516,Equities
1896,BEL,true,0.09361725041107098,0.11647353678115013,0.10684456676244736,Equities
1953,DEU,true,0.08022707848077039,0.08818571378179536,0.25189876556396484,Equities
1925,CHE,true,0.1826669054096302,0.16632068358110502,0.17510651051998138,Equities
1932,ESP,true,0.04942892088929902,0.11972617593948509,-0.09457386285066605,Equities
1909,SWE,true,0.13477110426958264,0.13639553033267923,0.0717577338218689,Equities
1948,ESP,true,0.02931665593901469,-0.052268964079584264,-0.2906784117221832,Equities
1947,NOR,true,0.021953503889969035,0.12112744978114634,0.09097979217767715,Equities
1965,CHE,true,0.09149247407826255,0.092229023370695,-0.06999652832746506,Equities
1954,CHE,true,0.455104521019444,0.4541212472383236,0.26142799854278564,Equities
1909,PRT,true,0.13450322900864176,0.1311171221876127,0.08651522547006608,Equities
1909,AUS,true,0.13362314224488292,0.13155501311766082,0.13500000536441803,Equities
1992,DNK,true,0.03075366739313612,0.038416341231374516,-0.06935238093137741,Equities
2013,AUS,true,0.31415501778970956,0.5272515535326283,0.19655711948871613,Equities
2010,ITA,true,0.11101785972329394,0.20226139636090623,-0.07459145784378052,Equities
1917,NOR,true,0.004794701253516845,-0.15715963429001126,0.22470133006572726,Equities
1924,ITA,true,0.1923463983540506,0.22459751077746548,0.7760998606681824,Equities
1943,ESP,true,0.1795168345717355,0.17336254208527202,-0.07233235985040665,Equities
1927,JPN,true,0.24901368193124415,0.2584367337345293,-0.0653478354215622,Equities
1941,JPN,true,0.09611459791361587,0.11815353021607608,-0.17919501662254333,Equities
1906,NOR,true,0.0947505945768182,0.10514897294762623,0.16172580420970917,Equities
1898,DNK,true,0.09587152491816253,0.09588190717023407,0.0662151426076889,Equities
1941,BEL,true,0.07445934831649448,0.15369095295869253,0.7595657110214233,Equities
1918,JPN,true,0.17368819430082097,0.13206839535470055,0.19255919754505155,Equities
1937,NLD,true,-0.14340848142002852,-0.014860053958513697,0.6067575812339783,Equities
1987,PRT,true,0.1521044696998857,0.21700320764255043,1.118769884109497,Equities
1970,ITA,true,0.014006362907593555,0.009763012107951824,-0.16629339754581451,Equities
1982,PRT,true,0.15287379395243839,0.48856099050708546,-0.15459665656089783,Equities
1964,AUS,true,0.10436719651639423,0.1063606694811763,0.04399999976158142,Equities
1982,DEU,true,0.14714819462794884,0.13997944988341351,0.14812473952770233,Equities
1926,DNK,true,0.15911833034598874,-0.07474179457521189,-0.07233268022537231,Equities
1979,CHE,true,0.15552158103312863,0.10215647438807066,0.10928911715745926,Equities
1940,PRT,true,0.04794827905420635,0.07999873896917593,-0.012486075982451439,Equities
1962,NLD,true,-0.06842310009834796,-0.07036833184607821,-0.05241766944527626,Equities
1996,SWE,true,0.2303262480413905,0.23758020059684903,0.4263000190258026,Equities
1970,SWE,true,0.014491341150821731,0.014365737978579263,-0.19097819924354553,Equities
2010,JPN,true,0.11560187808670672,-0.024220021462838113,0.03775440528988838,Equities
1890,ITA,true,0.004982534852158577,0.013593960136026626,-0.033299997448921204,Equities
1964,ITA,true,0.10971171764401418,0.11406033259073153,-0.22266444563865662,Equities
1955,DEU,true,0.26783112684358373,0.27692344072039077,0.1104106679558754,Equities
1927,PRT,true,0.2419698587843102,0.28197824674940486,0.3461938798427582,Equities
1994,FRA,true,0.02106178088296927,-0.009943909730756643,-0.14312708377838135,Equities
2000,CHE,true,-0.025598922236015748,-0.04760537710082062,0.11910942941904068,Equities
1946,NLD,true,0.030650848117043557,1.3143430087593053,-0.1048627495765686,Equities
1968,PRT,true,0.1967134170912841,0.19263180019203707,0.053540345281362534,Equities
1984,NOR,true,0.130615673096239,0.2442975350705014,0.3228360414505005,Equities
1939,FIN,true,0.028242635223862063,-0.03601155268700518,-0.05563109740614892,Equities
2004,NLD,true,0.1619353118639022,0.11513428556933314,0.09735053032636642,Equities
1924,DEU,true,0.20204297837923457,8.177376029643199,0.04148393124341965,Equities
1916,NLD,true,0.1091163992220005,0.06544223672492801,0.21933425962924957,Equities
1959,GBR,true,0.20802308116719515,0.20892465235362112,0.5486228466033936,Equities
2018,NLD,true,0.04415392758449484,0.0810313917578014,-0.09260000288486481,Equities
1886,BEL,true,0.07680448125204785,0.06805780161127581,0.003622073912993073,Equities
2011,GBR,true,-0.044661840455131246,-0.03517639524202891,-0.03427261859178543,Equities
1874,BEL,true,0.04514825703591153,0.04196246301043932,0.02039906196296215,Equities
1918,FIN,true,0.17056101722889105,0.6198607280667221,0.3396317362785339,Equities
2005,FRA,true,0.15815976893537975,0.248915632916536,0.2843312919139862,Equities
2012,JPN,true,0.1713496879319655,0.31943465581162067,-0.043643102049827576,Equities
1929,FRA,true,-0.07152146508161691,-0.07414360627978321,0.0008978269179351628,Equities
1924,FIN,true,0.20605579898202292,0.30267989289314134,-0.03552400693297386,Equities
1981,SWE,true,0.05038197440523166,0.249605712317433,0.6341965198516846,Equities
1974,FRA,true,-0.2411126202940598,-0.2696640098882848,-0.27134865522384644,Equities
1978,BEL,true,0.09879118134627907,0.0011812483843847074,0.13515537977218628,Equities
1948,NLD,true,0.021012667895098678,-0.09443676210007629,0.13199999928474426,Equities
1955,BEL,true,0.2642072519144034,0.26751041198509073,0.2837921380996704,Equities
1924,BEL,true,0.2059769177057709,0.319027009849122,-0.030854078009724617,Equities
1910,DEU,true,0.002137766864678054,0.005535803441010945,0.07810017466545106,Equities
1886,ITA,true,0.07527074661220129,0.0666913407090321,0.08481410145759583,Equities
2018,SWE,true,0.04320962122802186,0.12590699765366734,-0.04039999842643738,Equities
2006,AUS,true,0.19529525832470956,0.16350074739891338,0.24965542554855347,Equities
1992,BEL,true,0.029706533900979062,0.04061078976908442,-0.014005719684064388,Equities
2010,SWE,true,0.10438727786171997,0.04249033014332929,0.26483967900276184,Equities
1911,ESP,true,0.04265114056965337,0.05537116752537108,0.021169040352106094,Equities
1903,SWE,true,-0.0017892937260094166,0.0002808571052622111,0.09780439734458923,Equities
1918,SWE,true,0.18200757148651353,0.3846289639892733,-0.19870483875274655,Equities
1999,NOR,true,0.2664659215067576,0.30740090491919325,0.47664692997932434,Equities
1982,GBR,true,0.1365942444859329,0.27795802604314906,0.2849203944206238,Equities
1984,DEU,true,0.1348634271863729,0.22630630972125337,0.10989166051149368,Equities
1910,SWE,true,0.005190135001666998,0.004077024492304217,0.15540540218353271,Equities
1968,FIN,true,0.18956671715841672,0.18928312676460546,0.4042204022407532,Equities
1904,DEU,true,0.15749618840341936,0.15359944681784937,0.1247231513261795,Equities
2015,NOR,true,0.05685033900287435,0.2164553847995369,0.05940559506416321,Equities
1885,NOR,true,0.06511860610868375,0.06116624645137196,0.04606567695736885,Equities
1991,NLD,true,0.07899247579834404,0.10106365805331147,0.1872822344303131,Equities
1947,GBR,true,0.03569521533307381,0.22809633133518553,-0.02576923370361328,Equities
1921,AUS,true,0.024316635678173763,-0.008286425886024268,0.19900000095367432,Equities
1945,FRA,true,0.2126338080798431,0.2954921370035195,-0.20052199065685272,Equities
1896,DEU,true,0.09459726943548272,0.0941794632436315,0.08897232264280319,Equities
1948,FIN,true,0.02857619657993802,0.38701161488590796,-0.2529885470867157,Equities
2015,ESP,true,0.05853773567158788,0.14460082749868147,-0.031990598887205124,Equities
1984,ESP,true,0.12781718346993357,0.16577325010216026,0.4670845866203308,Equities
1980,PRT,true,0.22498160177231158,0.3143376880991514,1.0705386400222778,Equities
1986,ESP,true,0.29399714283722067,0.24556076810445987,1.1325998306274414,Equities
1907,ESP,true,-0.06954741016771751,-0.08021377677998054,0.07707184553146362,Equities
1972,DNK,true,0.25535138189253975,0.22107428346183056,0.48656490445137024,Equities
1967,NOR,true,0.20007238219173035,0.17664755486240874,-0.03389856964349747,Equities
1969,PRT,true,-0.027133453809657607,-0.031380650892398367,0.31890401244163513,Equities
1999,FIN,true,0.2433924090274526,0.415130918139256,1.6703780889511108,Equities
1918,PRT,true,0.16849892528059462,0.19067167122928536,0.43661284446716303,Equities
1993,FIN,true,0.21259351821461053,0.3297540470448913,0.9286217093467712,Equities
1907,SWE,true,-0.06576594968885316,-0.06170500202467459,-0.1077694222331047,Equities
1899,PRT,true,0.06405598869675358,-0.03961606676591499,0.13143211603164673,Equities
1962,CHE,true,-0.06590137206122897,-0.06718711124321483,-0.17714400589466095,Equities
1967,ITA,true,0.1984070206368042,0.17468761192601398,0.046925187110900886,Equities
1988,ITA,true,0.17212738637579766,0.27160648996389886,0.2798401415348053,Equities
1907,BEL,true,-0.0665197481429728,-0.06391283475213727,-0.07092306017875671,Equities
2016,NLD,true,0.039177655668477404,0.06449625043429083,0.07750000059604645,Equities
1966,FIN,true,-0.0625537525093499,-0.06297507796551821,-0.06924358010292053,Equities
1878,DEU,true,0.038204830103543516,0.04478337854421159,0.09365593641996382,Equities
1985,SWE,true,0.3335937452982525,0.2575823922825074,0.2871450185775757,Equities
1989,ESP,true,0.2584440075159844,0.15703430027803217,0.126303568482399,Equities
1893,SWE,true,-0.012404442160444246,-0.016008580229434282,0.06086956337094307,Equities
1943,CHE,true,0.17842450166274193,0.17143903560591045,-0.015993637964129448,Equities
1914,CHE,true,-0.02817056436558447,-0.043544149204295834,0.06035903841257095,Equities
1973,NLD,true,-0.039394732688169135,-0.1262342659423035,-0.1372591108083725,Equities
2019,PRT,true,0.13952812188400315,0.15965626082187262,0.0021239686757326126,Equities
2007,GBR,true,0.06899765720339057,0.10132107753631835,0.05081511661410332,Equities
2020,ITA,true,0.10187924151424245,0.03723779919551794,-0.04179999977350235,Equities
1942,ITA,true,0.18348007609194109,12.55857818066497,0.1954246461391449,Equities
1982,ESP,true,0.14995296319124118,0.4017491325775756,7.298133823496755e-6,Equities
1975,CHE,true,0.36092391797636514,0.3579799350203181,0.46756646037101746,Equities
2012,ITA,true,0.1521530648748189,0.1328087740775844,0.13067872822284698,Equities
1935,NLD,true,0.2603638442238407,0.2329386903474338,0.05199999734759331,Equities
1969,SWE,true,-0.021926859951956167,-0.023936075695105766,0.055658869445323944,Equities
2001,NOR,true,-0.1433222726825424,-0.15233009576819984,-0.14612595736980438,Equities
1897,DNK,true,0.09000443348135369,0.08809279670667663,0.03643586486577988,Equities
1883,SWE,true,0.00892174762650813,0.01080503049113839,0.07851240038871764,Equities
1874,DEU,true,0.054647582749197676,0.07201214789405908,-0.03579087555408478,Equities
2003,ITA,true,0.20136562923772927,0.07641272861043406,0.1721591949462891,Equities
1983,ITA,true,0.2981123596824423,0.5071071363158404,0.3255695104598999,Equities
2005,ITA,true,0.16333579520167607,0.2516034367805663,0.2089715600013733,Equities
1990,NOR,true,-0.10359768481843183,-0.14442257580833048,-0.07799999415874481,Equities
2017,DNK,true,0.179570215462677,0.07818208920670555,0.18719999492168427,Equities
1977,GBR,true,-0.05637130689417584,-0.14262672116463132,0.48560190200805664,Equities
1988,NOR,true,0.17103563149022238,0.1978695345178738,0.3375550210475921,Equities
1974,AUS,true,-0.24133133980343108,-0.1294252892215807,-0.2619999945163727,Equities
1905,CHE,true,0.13407157042379692,0.13680941541329505,0.07414871454238892,Equities
1945,NLD,true,0.20606029041660995,0.6953821263501178,-0.0835932195186615,Equities
1948,DNK,true,0.022708127429219613,0.23304432253360965,0.04570000246167183,Equities
1991,CHE,true,0.07919413220872894,0.13928506892223616,0.17670057713985443,Equities
1970,ESP,true,0.00886770898866922,0.0037422691739402427,0.09525782614946365,Equities
1970,DNK,true,0.011756726057292189,0.011218578655266131,-0.051789622753858566,Equities
2009,PRT,true,0.25782743375416983,0.26226283754911317,0.399630606174469,Equities
1987,AUS,true,0.17546358037926704,0.2848123117737255,-0.09600000083446503,Equities
1983,FRA,true,0.2931703900152512,0.5400491143065915,0.5866885185241699,Equities
1979,DNK,true,0.15716139385782227,0.19475550231474917,0.020366918295621872,Equities
1977,BEL,true,-0.011065625300298445,-0.06842409966686708,0.020513959228992462,Equities
1913,FRA,true,-0.031013688003252236,-0.03326168532521984,0.002376275137066841,Equities
1958,FRA,true,0.3260309071926119,0.3703407284653177,-0.08519486337900162,Equities
1974,NOR,true,-0.23984746589362615,-0.2962359488648243,-0.32542476058006287,Equities
1999,BEL,true,0.27709047667176884,0.44883960633711545,-0.07302501797676086,Equities
1940,DNK,true,0.047412411979079194,0.04489778916608698,0.01573232375085354,Equities
2018,AUS,true,0.043700388309351,0.14170070939664872,-0.037300001829862595,Equities
1984,AUS,true,0.1367818418026947,0.15645820287361456,0.004999999888241291,Equities
1990,AUS,true,-0.10216659977106758,-0.013889054453598802,-0.15299999713897705,Equities
1986,FRA,true,0.3080498822435314,0.25164515490054856,0.3824115991592407,Equities
1923,FIN,true,0.06230370399280547,-0.050972535806254354,0.046965740621089935,Equities
1990,DEU,true,-0.10441420922113119,-0.15907332089824167,-0.06978867948055267,Equities
1997,AUS,true,0.2937404507783664,0.5021536845240189,0.11419185996055603,Equities
2006,CHE,true,0.19640940289598868,0.16616927413411384,0.20666758716106415,Equities
1985,NOR,true,0.33225356152313446,0.2369917989766524,0.3579067587852478,Equities
1996,JPN,true,0.24667870001462983,0.39351991164588085,0.16980524361133575,Equities
1894,USA,true,0.10242840060837129,0.10496545272943525,0.022675735875964165,Equities
1953,CHE,true,0.08317501537768238,0.0937320090691192,0.10475537180900574,Equities
1890,BEL,true,0.004094118924524576,0.012965053507171208,0.015375316143035889,Equities
2020,BEL,true,0.10295368253656109,0.03831224021783657,-0.1031000018119812,Equities
1902,FRA,true,0.06537036689010582,0.06925038897086977,0.007407220080494881,Equities
1956,ESP,true,0.048614876219200014,0.20876469671915168,0.49410068988800054,Equities
1991,ITA,true,0.08161035793870047,0.11082175853620711,0.04991228133440018,Equities
1932,ITA,true,0.047619065421567464,-0.037672514249915634,-0.015621870756149292,Equities
1890,NOR,true,0.0023366684939223996,0.0045295368347475495,0.1116640567779541,Equities
1919,JPN,true,0.11746137762181978,0.07535540703090088,0.3674312233924866,Equities
1921,SWE,true,0.03248511471483871,-0.15838637658710275,-0.21957340836524963,Equities
1917,SWE,true,0.009492394919546954,-0.1418293890758136,0.0051387459971010685,Equities
1911,NLD,true,0.040393147265378765,0.04085759178032843,0.15398892760276794,Equities
1932,DNK,true,0.04965261626420222,0.2695902177677945,-0.10433220863342285,Equities
1954,JPN,true,0.4619178648768629,0.42689425272322856,-0.07893805205821991,Equities
1909,JPN,true,0.12992355386759602,0.12840622573220817,0.3388136923313141,Equities
1892,NOR,true,0.0371515456168648,0.028032932605431056,-0.03715863451361656,Equities
1999,SWE,true,0.26219568378857894,0.30279239580670053,0.6975719332695007,Equities
1892,USA,true,0.029336459220730707,0.022776132140083373,0.0628465786576271,Equities
1945,CHE,true,0.20085930955515702,0.19136501600177788,0.16046442091464996,Equities
1916,ESP,true,0.11173225129901088,0.09505037116648263,0.09042031317949295,Equities
1945,DNK,true,0.20604833939915773,0.1983552576064334,-0.08303241431713104,Equities
1981,FIN,true,0.05743788801780381,0.11676107670568112,0.2392420917749405,Equities
1981,NLD,true,0.06181810945316691,0.1457904850072349,-0.005940594244748354,Equities
1872,BEL,true,0.10351721233227268,0.11405191296797332,0.25858625769615173,Equities
1928,CHE,true,0.27306741656880984,0.27020667729880826,0.21114370226860046,Equities
1879,SWE,true,0.22678278829900522,0.2267040366091818,-0.01621621660888195,Equities
1901,NOR,true,0.06919541703201598,0.06582565466316681,0.017377113923430443,Equities
1908,NLD,true,0.1353057317552102,0.1323872568655367,0.11794853955507278,Equities
1978,PRT,true,0.10591650218459166,0.33634385528639926,-0.22109752893447876,Equities
1995,FIN,true,0.18209297976793312,0.10113876744368283,-0.06346261501312256,Equities
1966,JPN,true,-0.07171598691964637,-0.07713116496738254,0.25859126448631287,Equities
1936,NLD,true,0.2715911241395954,0.3273324413801302,0.23799999058246613,Equities
1888,JPN,true,0.1054249480705612,0.11638255080338265,0.07331641763448715,Equities
1997,ESP,true,0.2871334397561264,0.4147414617393106,0.45399999618530273,Equities
1994,DEU,true,0.018895735858545464,-0.023066387659124672,-0.07063193619251251,Equities
1885,PRT,true,0.06631512061049329,0.06713709703340189,-0.012985043227672577,Equities
1937,DNK,true,-0.12810803303130786,-0.1448148550755441,-0.005098729860037565,Equities
1897,ITA,true,0.09037156971602991,0.06241649278645874,0.018400000408291817,Equities
1915,DEU,true,0.1487352883205301,0.26547205058657464,0.09815901517868042,Equities
2018,DNK,true,0.04391694640474722,0.08371582477256911,-0.0794999971985817,Equities
1925,DEU,true,0.19942423178460233,0.25552812940451824,-0.3478185534477234,Equities
1938,NOR,true,0.0432175854587956,0.09952411971608406,0.01714663952589035,Equities
1955,CHE,true,0.2687352156806421,0.27307398224667134,0.05989021435379982,Equities
1900,AUS,true,0.07814438060737092,0.07856220136138059,0.12200000137090683,Equities
2011,DEU,true,-0.03985075217272277,-0.010975369268694163,-0.14815965294837952,Equities
1873,USA,true,0.03258217369415931,0.05172460588627862,-0.06311637163162231,Equities
1989,DNK,true,0.2528872143361876,0.1442988333030334,0.4185817837715149,Equities
1910,FRA,true,0.005846969212572169,0.00901131035026901,0.03348471596837044,Equities
1911,SWE,true,0.04048039221094123,0.04149703019081627,0.1488569974899292,Equities
1884,DEU,true,0.004813778802990439,0.004349387888877686,0.06552354246377945,Equities
2005,DNK,true,0.1592097501577268,0.24941846704423737,0.43154194951057434,Equities
1951,DEU,true,0.21313899356918903,0.2077111117322498,1.1774762868881226,Equities
1931,NLD,true,-0.2861014864514279,-0.32161225040560576,-0.24899999797344208,Equities
1969,CHE,true,-0.021712944095942772,-0.018078832682197905,0.044843293726444244,Equities
1971,DNK,true,0.1399611276456637,0.11123933715002694,-0.011852901428937912,Equities
1879,USA,true,0.17174706595684927,0.1624800730653507,0.48405796289443975,Equities
1996,ESP,true,0.23027396893717833,0.2979727308025808,0.42899999022483826,Equities
2016,CHE,true,0.04132901793225477,0.05766663792604526,-0.007899999618530273,Equities
1934,FIN,true,0.06602659460886301,0.0013244575630671357,0.15350878238677979,Equities
1955,FIN,true,0.25774257559193287,0.2767085525438529,0.6034619808197021,Equities
1934,NOR,true,0.06689752934019674,0.23550473150768955,0.1166360080242157,Equities
1982,AUS,true,0.15284362931684475,0.25180180101089616,-0.15299999713897705,Equities
1996,GBR,true,0.24184582508625213,0.09171322777542684,0.15809932351112366,Equities
1881,SWE,true,0.16097417281116327,0.1664171791586943,0.095238097012043,Equities
1884,SWE,true,0.009965463990059886,0.014801868103071367,0.05747126415371895,Equities
1934,CHE,true,0.07136416827722253,-0.08356871476449561,-0.07246813923120499,Equities
1923,CHE,true,0.06059715455097373,0.09975829942856305,0.14259107410907743,Equities
1875,BEL,true,0.06062727834099721,0.05444314752250285,-0.07999185472726823,Equities
1978,DNK,true,0.1015130476389761,0.011733997731879837,-0.0009329179883934557,Equities
2007,NOR,true,0.06650337087718336,-0.03535650127794159,0.11461077630519867,Equities
1928,DEU,true,0.27697534938585217,0.2794256480995235,0.11162931472063065,Equities
1988,GBR,true,0.17879733219268878,0.18277514483041857,0.11483954638242722,Equities
2014,NOR,true,0.11681076971528792,0.3001689284394461,0.0495208241045475,Equities
1971,NLD,true,0.1407941233608036,0.06745502840350942,-0.0535268820822239,Equities
1972,ITA,true,0.2630598687098016,0.24311712090466436,0.13676495850086212,Equities
1935,ITA,true,0.25879196406692756,0.2857405407816539,0.11863307654857635,Equities
2014,GBR,true,0.12364590783249427,0.12682841164803002,0.011954274028539658,Equities
1953,GBR,true,0.06179892918016233,0.052229921956861984,0.2443055510520935,Equities
1984,PRT,true,0.1355112521861707,0.3690402247872462,0.07049272209405899,Equities
1999,JPN,true,0.28097616016815596,0.07764062501673714,0.2051677256822586,Equities
2013,NOR,true,0.31224747527849156,0.41497487944924755,0.23592065274715424,Equities
1873,SWE,true,0.019809932828306124,0.03053052789404189,0.005714286118745804,Equities
2020,DEU,true,0.10023400427671021,0.03446343033275239,0.07590000331401825,Equities
1960,NOR,true,0.03800200701431325,0.04066407756158326,0.10148824751377106,Equities
1942,AUS,true,0.18346963013833886,0.1849103252859235,0.18400000035762787,Equities
1975,JPN,true,0.4018586212925841,0.3725823071597951,0.05088333785533905,Equities
1971,AUS,true,0.14094349895866198,0.10407199405899847,-0.061000000685453415,Equities
1915,NOR,true,0.14455102944656806,0.036586639411264374,0.18114539980888367,Equities
1993,PRT,true,0.22011321516815185,0.46355285950128494,0.5324628353118896,Equities
1941,PRT,true,0.08370698619238601,0.023185713892873022,0.2881705164909362,Equities
1997,ITA,true,0.2843496914218964,0.40417146353791766,0.597172200679779,Equities
1928,SWE,true,0.27293525189255596,0.280496781353621,0.21837086975574493,Equities
1971,BEL,true,0.13790180395488086,0.05877406540615639,0.09117309749126434,Equities
2013,SWE,true,0.31144645175711194,0.2771411061026826,0.27765005826950073,Equities
2017,ITA,true,0.17970553280519783,0.07676010678959594,0.17990000545978546,Equities
1975,NLD,true,0.3607965863436112,0.4130210019841485,0.47473058104515076,Equities
2006,DNK,true,0.19616737259577383,0.12359064096539545,0.22443418204784396,Equities
1954,NLD,true,0.4457364127771618,0.4249191142766671,0.7294193506240845,Equities
1942,ESP,true,0.18444158343725892,0.18638970177540484,0.13562317192554474,Equities
1934,ESP,true,0.07007704978963673,0.19307007467068618,-0.01797538809478283,Equities
1876,BEL,true,0.03778329384784979,0.04312097580072568,-0.10533401370048523,Equities
1905,BEL,true,0.13245531452970682,0.1309357422528062,0.163978710770607,Equities
1944,CHE,true,0.13608787239255052,0.12754145713684412,0.05572018772363663,Equities
1942,FRA,true,0.17639042496701368,0.17865878960223897,0.5363517999649048,Equities
1991,SWE,true,0.08092557897386154,0.05676129263600418,0.08584516495466232,Equities
1997,SWE,true,0.29053245169333375,0.40666211954502873,0.27918389439582825,Equities
1992,ITA,true,0.02979331937839303,0.25707666684793673,-0.018592800945043564,Equities
1957,JPN,true,-0.05585669917959241,-0.06353111315044463,0.1763453483581543,Equities
1992,FRA,true,0.028296963435207337,0.041312311659590636,0.04760394245386124,Equities
1917,DNK,true,0.008424904133209926,-0.04796879968065537,0.055031534284353256,Equities
2008,AUS,true,-0.38360942617872995,-0.21752736021502758,-0.4038478434085846,Equities
1977,FIN,true,-0.008387619280169425,0.09143194982698284,-0.11511716991662979,Equities
1901,DNK,true,0.06855188981346462,0.06334084623985499,0.050443459302186966,Equities
2014,ESP,true,0.11605821233508323,0.20649141545622096,0.09084642678499222,Equities
2002,SWE,true,-0.21776798425458538,-0.30627634782398333,-0.35903021693229675,Equities
1921,NLD,true,0.03130739014843338,0.0801042259219285,-0.15922383964061737,Equities
1964,DNK,true,0.10042251626524239,0.10202398813723457,0.24081949889659882,Equities
1877,SWE,true,0.049680545525538154,0.061704247417016585,0.045197740197181695,Equities
1898,PRT,true,0.09519205878723638,0.1823685528394351,0.09915975481271744,Equities
1951,BEL,true,0.23028489261961638,0.28077913886497907,0.4205018877983093,Equities
2014,JPN,true,0.11669084197636015,0.2253180527684653,0.10385403782129288,Equities
2016,ITA,true,0.041469058821078666,0.06678765358689209,-0.046300001442432404,Equities
1911,DNK,true,0.040781195480065854,0.0402818994430232,0.1311631202697754,Equities
1992,NLD,true,0.027942424771547167,0.03839563810804499,0.07923697680234909,Equities
1968,ESP,true,0.19322333249591933,0.19503655788294136,0.2247946411371231,Equities
1900,DEU,true,0.09511966211346745,0.09701155817934462,-0.06725689768791199,Equities
1898,JPN,true,0.10262208021498068,0.08706603985099384,-0.2610924541950226,Equities
1950,FIN,true,0.19165212162864506,0.6806643989616645,0.8363265991210938,Equities
1994,CHE,true,0.017581360521607355,-0.035621447150846,-0.07619982957839966,Equities
2003,GBR,true,0.20064077835611965,0.1703584109243285,0.2017573118209839,Equities
2009,DEU,true,0.26079303108853324,0.26531968266894224,0.254040002822876,Equities
2009,DNK,true,0.25870004779729594,0.28450019478170313,0.35473018884658813,Equities
1969,NOR,true,-0.025130457093116225,-0.02521134929152158,0.21763259172439575,Equities
1955,JPN,true,0.2656747887787581,0.19979259605120117,0.2112243473529816,Equities
1959,DEU,true,0.23168155239113294,0.2290630466415718,0.8196190595626831,Equities
1996,NOR,true,0.23210517041845793,0.22413650250389175,0.33442699909210205,Equities
2006,ITA,true,0.196066314410421,0.12378790493164013,0.22232277691364288,Equities
1993,ITA,true,0.2204638330257938,0.40654044295388736,0.5139912962913513,Equities
2020,PRT,true,0.10112396053166323,0.036482518212938644,0.00129098875913769,Equities
1908,FRA,true,0.1397824025709516,0.13536993806274777,0.06305345892906189,Equities
1943,FRA,true,0.1815449915754092,0.17539069908894572,-0.17693762481212616,Equities
1925,BEL,true,0.18444638110654368,0.20975629600277362,0.07084638625383377,Equities
1886,USA,true,0.0643399763859441,0.0614735300848754,0.126923069357872,Equities
1880,USA,true,0.14908262227357053,0.1472043617679097,0.2398373931646347,Equities
1998,AUS,true,0.19551611764839266,0.3027518718499464,0.08479026705026627,Equities
1939,DEU,true,0.01976356481319944,0.017716472085282098,0.1336694359779358,Equities
1962,DNK,true,-0.07070197107664321,-0.0704426371057124,0.06029679626226425,Equities
1896,DNK,true,0.09433634095114002,0.09638645316507281,0.07126051187515259,Equities
1903,NOR,true,0.0007173349683293612,0.002787485799600989,-0.03758150711655617,Equities
1939,ITA,true,0.017634550814536052,0.01047266574924754,0.4163191616535187,Equities
1957,ESP,true,-0.05409664408901849,0.1247326585390131,0.0921683609485626,Equities
1981,ITA,true,0.06023186397795012,0.275131460796302,0.08284942060709,Equities
1966,DEU,true,-0.06071491052063836,-0.0679355023600506,-0.1363368034362793,Equities
1967,BEL,true,0.19422647530097245,0.1614712536703422,0.24981649219989782,Equities
1960,AUS,true,0.04140192468888047,0.04375282552073444,-0.06199999898672104,Equities
1919,DNK,true,0.12647574493909827,0.3704320948258783,-0.0395403727889061,Equities
2001,FRA,true,-0.1410649022106992,-0.1177257258865313,-0.1923835575580597,Equities
1886,PRT,true,0.07410245206996627,0.05660780270887766,0.14666065573692322,Equities
1910,AUS,true,0.006667614248091265,0.007376701905176763,0.06700000166893005,Equities
1973,CHE,true,-0.03792712700451384,-0.14094356218049625,-0.19998852908611298,Equities
1909,ESP,true,0.13519408070730513,0.10697077233633957,0.04845557734370232,Equities
2009,CHE,true,0.26147991856435915,0.2696704042412728,0.23181472718715668,Equities
1937,JPN,true,-0.13373342507182603,-0.15018096049711965,0.17716388404369354,Equities
2010,DEU,true,0.10432730903892115,0.19746011515582026,0.1845751404762268,Equities
2005,NOR,true,0.15972494821945682,0.21042152633479272,0.4047739803791046,Equities
1971,FRA,true,0.14125346853495693,0.08612350208074679,-0.05678573623299599,Equities
1893,JPN,true,-0.012657762192998856,0.18291629375582855,0.07362118363380432,Equities
1981,CHE,true,0.06383886435727093,0.007942062860241992,-0.11905225366353989,Equities
1987,BEL,true,0.1755297415151909,0.1436994173133383,-0.10943236947059631,Equities
1913,SWE,true,-0.029638011042460364,-0.03061300052237142,0.0008244022610597312,Equities
1931,FIN,true,-0.29349919509493916,-0.11622012147520186,0.0802667886018753,Equities
1974,PRT,true,-0.24199739369694506,-0.26441864493958134,-0.23353105783462524,Equities
1936,DNK,true,0.2740667278059229,0.24697748378746326,0.144076406955719,Equities
1983,FIN,true,0.29125117958923974,0.35703008948678294,0.688093900680542,Equities
1907,JPN,true,-0.06550091444900003,-0.0647413784465843,-0.1207245886325836,Equities
1976,BEL,true,0.15044357701847982,0.04634102724759094,-0.03501074016094208,Equities
2004,ITA,true,0.158203608649723,0.11116537663157353,0.2637886106967926,Equities
2011,FRA,true,-0.03928335957633601,-0.010068699238851522,-0.13389000296592712,Equities
1980,FRA,true,0.24496634996231256,0.40846995128481123,0.08802468329668045,Equities
1986,AUS,true,0.3059219592208294,0.5051523562384479,0.5109999775886536,Equities
1971,PRT,true,0.13582903463595827,0.12584827135140242,0.19487176835536957,Equities
1999,PRT,true,0.27325002008559157,0.4449992841836906,0.1256648302078247,Equities
1923,NOR,true,0.06098487373828905,0.3233871250616612,0.12086549401283264,Equities
1944,DNK,true,0.1351574247179143,0.12848561399646427,0.1017867624759674,Equities
1891,DEU,true,0.043564619561972655,0.041821807263686145,-0.04240553081035613,Equities
1893,ITA,true,-0.012091168604428045,0.030975211473223133,0.045100003480911255,Equities
1969,FIN,true,-0.025941246053305292,-0.02602213825171064,0.2586260437965393,Equities
1983,BEL,true,0.2957737725045505,0.4725570046888523,0.4491335153579712,Equities
1909,NOR,true,0.13465597312786023,0.13501128017908914,0.07810041308403015,Equities
1957,AUS,true,-0.05566129768348762,-0.06585738129039642,0.16700001060962674,Equities
1990,FIN,true,-0.09925491342543163,-0.13788154304033717,-0.3055950403213501,Equities
1900,PRT,true,0.07846804523123199,0.06244585638805962,0.10583502054214478,Equities
1917,AUS,true,0.006286009495094155,0.005634797249609941,0.1550000011920929,Equities
1961,DNK,true,0.20757352396326706,0.20764942305333814,0.04479999840259552,Equities
1915,PRT,true,0.14583157925057688,0.36920472527254955,0.1238078847527504,Equities
1990,CHE,true,-0.10140054797031497,-0.19634167650409962,-0.19314707815647125,Equities
1973,JPN,true,-0.06945040427834982,-0.10530690452839095,0.30897682905197144,Equities
1995,ESP,true,0.17788922184093522,0.10018865545523037,0.15700000524520874,Equities
2000,JPN,true,-0.03838231650346912,0.04334621544880033,0.12054871767759323,Equities
2011,SWE,true,-0.0419204649925911,-0.01952696968763412,-0.13710713386535645,Equities
1982,ITA,true,0.151612251321516,0.24114910243271842,-0.08782131224870682,Equities
1946,FRA,true,0.030650848117043557,5.487173392489411,0.2732030153274536,Equities
1948,PRT,true,0.025404531088811484,0.08265348209253229,-0.09154870361089706,Equities
1874,USA,true,0.0347982132813181,0.011122285522998942,0.10180995613336563,Equities
1904,ESP,true,0.1576843593375178,0.18253604753886793,-0.0013100476935505867,Equities
2013,DEU,true,0.3126311421003276,0.23594314479343576,0.2674599885940552,Equities
1969,GBR,true,-0.01175638377940795,-0.01907941176504232,-0.11873120069503784,Equities
1880,BEL,true,0.16675165266699254,0.1687402486158132,0.061406396329402924,Equities
1907,FIN,true,-0.07175873073642533,-0.06752459549656188,0.1851632297039032,Equities
1987,ESP,true,0.16430112017762458,0.13656029187080043,0.47929155826568604,Equities
1875,SWE,true,0.059241873317275366,0.055881772260552305,-0.01142857223749161,Equities
1878,USA,true,0.031049816703053214,-0.006650355077293369,0.11692307144403456,Equities
1941,FRA,true,0.07898272734966647,0.06900900351421296,0.5289880037307739,Equities
1902,DNK,true,0.06031832488687558,0.0658534310928299,0.084967240691185,Equities
1882,USA,true,-0.022362443021459344,-0.0144658744688126,0.024958403781056408,Equities
1931,DNK,true,-0.2896739559298339,-0.2777357891454018,-0.08999190479516983,Equities
2016,AUS,true,0.0376940096282936,0.03871418352162971,0.11930000036954878,Equities
1997,NLD,true,0.2867094708915786,0.4163724244980473,0.4489929974079132,Equities
2008,NLD,true,-0.3820324645588346,-0.3510171519967593,-0.49461978673934937,Equities
1987,DNK,true,0.1760879619801768,0.15826342247817612,-0.1387002319097519,Equities
2003,JPN,true,0.22919031403347812,0.1839725523164068,-0.04552192613482475,Equities
1995,NOR,true,0.17767970273864303,0.11568727074156811,0.16798806190490723,Equities
1937,DEU,true,-0.13273460864474648,-0.15635675051664316,0.017761338502168655,Equities
1993,BEL,true,0.22365529320901947,0.32278491080149146,0.34585615992546087,Equities
1953,PRT,true,0.08283465059676381,0.09079130701289242,0.12199395895004272,Equities
1965,FRA,true,0.09139094780078702,0.09135550787103264,-0.047821152955293655,Equities
1899,ITA,true,0.06205710294732148,0.04142588263891662,0.22629998624324799,Equities
1880,DNK,true,0.1640766176253931,0.16315791476971186,0.19821083545684814,Equities
1879,DEU,true,0.20940699356839534,0.21133416479613903,0.3330463767051697,Equities
1981,AUS,true,0.06443490080916942,0.03547194640562759,-0.1080000028014183,Equities
1913,BEL,true,-0.028778882292659087,-0.022757349925981885,-0.039487529546022415,Equities
1925,SWE,true,0.18304990917749114,0.24659808088443036,0.15266618132591248,Equities
1931,BEL,true,-0.28464541835779633,-0.318878954586033,-0.3138085603713989,Equities
1932,FRA,true,0.034858865015792995,-0.0712318821888075,0.2392289936542511,Equities
1937,SWE,true,-0.12808212019343043,-0.1657373004583686,-0.006134969647973776,Equities
1929,DEU,true,-0.06457197949655709,-0.07239075853878638,-0.22215013206005096,Equities
2003,ESP,true,0.19736271765530283,0.07190881418135477,0.32978054881095886,Equities
1935,JPN,true,0.2594445483484702,0.2795006216543432,0.0933295413851738,Equities
1883,DEU,true,0.002822129106684634,0.0028304894014532928,0.0836617574095726,Equities
2000,GBR,true,-0.01831660747330494,0.01975752006254086,-0.0594029575586319,Equities
1972,PRT,true,0.2558152181879696,0.23463224320831128,0.46551668643951416,Equities
1882,NOR,true,-0.014765547939848281,-0.020283516448778977,0.020856287330389023,Equities
2013,FRA,true,0.3152710505598989,0.23797085486096303,0.22217300534248352,Equities
1924,PRT,true,0.20711135342583792,0.477568924785834,-0.0980149358510971,Equities
1964,CHE,true,0.10663831922529407,0.10661156881285827,-0.06931748241186142,Equities
1978,FIN,true,0.09764786876684044,0.1204075150642214,0.1923189014196396,Equities
1993,NOR,true,0.21895212621310287,0.3148654301605592,0.5936322808265686,Equities
1969,BEL,true,-0.021748426413506092,-0.031266204850778974,0.04663727805018425,Equities
1893,FRA,true,-0.023658201847685002,-0.028584250055823324,0.08415529131889343,Equities
1928,NLD,true,0.2753816569547646,0.26858834721568,0.08459398150444031,Equities
1925,AUS,true,0.1826345879685669,0.1589268590668647,0.1770000010728836,Equities
1901,JPN,true,0.07117975017638187,0.06955087154681576,-0.0845838338136673,Equities
1922,CHE,true,0.235743905825737,0.21110605991225162,0.27203482389450073,Equities
1983,NOR,true,0.286709961996251,0.3482292631200171,0.9280383586883545,Equities
1969,AUS,true,-0.022823639537213003,-0.030052091463841357,0.10100000351667404,Equities
1976,SWE,true,0.1489736000571013,0.08064471025576733,0.04854458197951317,Equities
2004,CHE,true,0.16307131829593113,0.10071368174519638,0.06890685111284256,Equities
1916,DEU,true,0.10856826752323823,0.25971746180372335,0.1535072773694992,Equities
1956,GBR,true,0.07757887490537048,0.04171205884145896,-0.09164062142372131,Equities
1997,BEL,true,0.28916062906330503,0.4142276662859692,0.3497387170791626,Equities
1882,DNK,true,-0.015445056145350761,-0.016555390171697416,0.05709286034107208,Equities
2016,DEU,true,0.039239434721914185,0.0650299923538325,0.0568000003695488,Equities
2008,JPN,true,-0.39951772047301287,-0.5469672153194736,-0.27346742153167725,Equities
1932,NOR,true,0.04658416865661809,0.038208375454376706,0.029523812234401703,Equities
1884,DNK,true,0.01030344936431175,0.010224424179271989,0.041174620389938354,Equities
1900,FIN,true,0.08107468860356301,0.07548219922282437,-0.024350168183445927,Equities
1976,FRA,true,0.1520790064537753,0.2789656895831585,-0.11292722076177597,Equities
1963,AUS,true,0.17554553289918484,0.17933189496414417,0.26600000262260437,Equities
1966,DNK,true,-0.06589192181648568,-0.06284402012684438,0.09230412542819977,Equities
1923,AUS,true,0.06025077884433513,0.0005697109611942203,0.16200000047683716,Equities
2009,SWE,true,0.2554409472189941,0.18656772823982154,0.5224274396896362,Equities
1930,BEL,true,-0.16467001782018711,-0.17291990915391187,-0.28866109251976013,Equities
1936,ITA,true,0.26844552244393277,0.42891945969246426,0.35734307765960693,Equities
2004,FRA,true,0.16223362901867366,0.11405009963443519,0.12997828423976898,Equities
1950,CHE,true,0.2084208350555246,0.21574079839618604,0.09681397676467896,Equities
1985,DEU,true,0.3200366881228752,0.14194442746224994,0.6665141582489014,Equities
2017,NOR,true,0.17959245926560824,0.16852803014527523,0.1860000044107437,Equities
1899,BEL,true,0.06599277358029808,0.06431571912282494,0.03951157629489899,Equities
1985,BEL,true,0.33180584564409704,0.18194211068611948,0.38154616951942444,Equities
1892,DNK,true,0.035308885617162354,0.026537487533950604,0.057856570929288864,Equities
1929,AUS,true,-0.06963062081583934,-0.02458663578247964,-0.05300000309944152,Equities
1939,NLD,true,0.0276103290609484,0.03994802489860464,-0.027499999850988388,Equities
1955,AUS,true,0.2678634074145477,0.26467932898192614,0.10300000011920929,Equities
1993,GBR,true,0.2210702833859784,0.2377598385921913,0.2754807472229004,Equities
1939,NOR,true,0.026142966363919988,0.03556003905036349,0.037782493978738785,Equities
1894,FRA,true,0.09946596222322031,0.0973421336383093,-0.009490976110100746,Equities
1930,ESP,true,-0.17113953514888347,0.05354757774177228,0.004128334578126669,Equities
1954,FRA,true,0.43426235209279346,0.42882652674452915,1.1585566997528076,Equities
1956,DNK,true,0.05528484816390078,0.11427674409007518,0.16992928087711334,Equities
1956,ITA,true,0.05783414976439069,0.03692819519671298,0.04602910578250885,Equities
1967,NLD,true,0.19256243077792345,0.1640105934375696,0.33057633042335516,Equities
1900,DNK,true,0.07964839593695747,0.08130958471220595,0.04688404127955437,Equities
1895,JPN,true,0.09786800317349106,0.3489244433994094,0.3449596464633942,Equities
1963,BEL,true,0.17769565487242042,0.18063079316629627,0.15607059001922607,Equities
1907,NLD,true,-0.06728275493286241,-0.0698754714974882,-0.03362658619880676,Equities
1878,BEL,true,0.04535027779485325,0.05221809591128119,-0.006560247391462326,Equities
1993,ESP,true,0.21957153665090062,0.5075192921720705,0.5609999895095825,Equities
1979,NLD,true,0.15532717367899912,0.0934326389714972,0.11091044545173645,Equities
1979,AUS,true,0.14943921688020229,0.17169311965199,0.38999998569488525,Equities
1890,JPN,true,0.007743318192553965,-0.010331318093957048,-0.18456022441387177,Equities
1968,NOR,true,0.19491445338148078,0.19463086298766952,0.14181335270404816,Equities
1981,JPN,true,0.037165729321268645,0.04633033229499565,0.17547585070133206,Equities
1938,CHE,true,0.04319825000473185,0.029804248732839732,0.017958728596568108,Equities
1920,PRT,true,-0.18042289040751572,0.9998385540171496,-0.07921444624662399,Equities
1907,DNK,true,-0.06801831625078204,-0.06587777905770961,0.0023283278569579124,Equities
1915,AUS,true,0.14937832182717645,0.15621811591773851,-0.03500000014901161,Equities
2006,NOR,true,0.19423590540654212,0.15941023027514398,0.32435116171836853,Equities
1880,SWE,true,0.16494411215411506,0.16265838277353897,0.1538461446762085,Equities
1933,JPN,true,0.31287001931274006,0.689020247064836,0.33765870332717896,Equities
2008,SWE,true,-0.38398721598401897,-0.2533103494457948,-0.3926890194416046,Equities
2020,GBR,true,0.10280119257386439,0.10984759156710248,-0.09440000355243683,Equities
1902,NLD,true,0.06148561720520365,0.06932980872649915,0.024988284334540367,Equities
1897,SWE,true,0.08685497635758563,0.08475993159407676,0.19115549325942993,Equities
2015,NLD,true,0.05644921378268303,0.14251230560977662,0.08113215118646622,Equities
1965,PRT,true,0.08815798156958238,0.08352055352973113,0.09500949829816818,Equities
2006,NLD,true,0.19661315962964016,0.12472529655033039,0.2013731151819229,Equities
1977,NOR,true,-0.006379032015679888,0.015045455351931442,-0.21684470772743225,Equities
2011,NLD,true,-0.042782370405580326,-0.014401397439330783,-0.09284577518701553,Equities
1948,JPN,true,0.014272127109372229,0.35722049101837905,0.4750979244709015,Equities
1947,FRA,true,0.03125573720625022,-0.14595463203729575,-0.18458309769630432,Equities
1966,AUS,true,-0.06536904562335469,-0.061927571250058905,0.06700000166893005,Equities
1992,SWE,true,0.028957605605120236,0.2521308461058791,0.025579186156392097,Equities
1897,NOR,true,0.08903896439202645,0.08694459256188308,0.08386531472206116,Equities
1948,SWE,true,0.02449014747462195,0.22484928242953756,-0.045005980879068375,Equities
1885,DEU,true,0.0715861258123861,0.06993769554953609,0.010078897699713707,Equities
1895,DNK,true,0.10251422514725683,0.1006037174211944,0.1120045855641365,Equities
1997,JPN,true,0.33621691832492206,0.4270820715774333,-0.1279274821281433,Equities
1902,FIN,true,0.061941803915611236,0.0678176634425927,0.0015480522997677326,Equities
1888,DEU,true,0.09616632391659785,0.0951746629262932,0.16583238542079926,Equities
1927,BEL,true,0.23700027665140072,0.4742887429159177,0.6365461945533752,Equities
1955,PRT,true,0.2700001821223347,0.2765902671564533,-0.002660732250660658,Equities
1950,NLD,true,0.2100457424828008,0.20827199986927858,0.025154361501336098,Equities
1969,DNK,true,-0.024744697917146515,-0.02602407623274445,0.1981286257505417,Equities
1929,SWE,true,-0.07026887949372014,-0.08078253613272793,-0.02062588930130005,Equities
1877,DNK,true,0.051793946976637834,0.06453615195109548,-0.06005743145942688,Equities
1940,NOR,true,0.04472630990848522,-0.013582794376191226,0.15718065202236176,Equities
2005,ESP,true,0.16177902744267525,0.2504563406122216,0.2578282356262207,Equities
1998,SWE,true,0.1946423430617785,0.25228709049289516,0.1308850795030594,Equities
2004,JPN,true,0.1496403255485432,0.1587143489405955,0.2529008090496063,Equities
2015,GBR,true,0.05774404965010887,0.07923975252683547,0.010998629964888096,Equities
1955,GBR,true,0.28461991534760434,0.27356900962916314,0.10862810164690018,Equities
1987,GBR,true,0.17801504981134922,0.09447780310029792,0.08650869131088257,Equities
1971,CHE,true,0.13662596113879094,0.06485481157845463,0.15500229597091675,Equities
1965,FIN,true,0.09124373439093833,0.09120838269703545,-0.05768774449825287,Equities
1972,BEL,true,0.2592532322244757,0.2443373491059971,0.30950459837913513,Equities
1942,SWE,true,0.18423622359905467,0.18448727047274563,0.145844504237175,Equities
1980,ESP,true,0.24607933093459586,0.5041147424813559,0.00961595680564642,Equities
1941,ITA,true,0.08368001220660908,0.09883094016735726,0.2895455062389374,Equities
1972,NLD,true,0.2592738659685587,0.25182524015691554,0.3085682690143585,Equities
2003,AUS,true,0.20161840188800864,-0.023179508651303648,0.15864193439483643,Equities
1949,AUS,true,0.12520371197001132,0.787494003779365,0.08100000023841858,Equities
1931,NOR,true,-0.288926836644275,-0.009589435655162307,-0.12324565649032593,Equities
1939,BEL,true,0.0314847582408647,0.01413335558786681,-0.19987210631370544,Equities
1898,ITA,true,0.09319890198751349,0.12239158818821558,0.19580000638961792,Equities
1975,DNK,true,0.36631136979547074,0.4463803575138803,0.16444967687129974,Equities
1906,ITA,true,0.0967815385665263,0.10262433384671318,0.05570000037550926,Equities
1959,ESP,true,0.2531611788322887,0.27740524332302546,-0.05387706309556962,Equities
1906,JPN,true,0.08135994785917997,0.08002856782315015,0.8607869744300842,Equities
1956,DEU,true,0.05984121010756514,0.05252669689912223,-0.04888329654932022,Equities
1913,NLD,true,-0.029841591526676352,-0.02724467390273235,0.010376780293881893,Equities
1992,GBR,true,0.01201405052973633,0.21350496460765286,0.19888730347156525,Equities
1928,JPN,true,0.2749886991656939,0.2964754097522856,0.10608211159706114,Equities
1974,SWE,true,-0.24781857080815364,-0.31948136818751427,0.015281724743545055,Equities
1893,USA,true,0.023511697506397936,0.015402939826877094,-0.15426497161388397,Equities
1931,CHE,true,-0.2849353290500024,-0.3210360435827142,-0.3009048402309418,Equities
1933,ITA,true,0.3125961607124525,0.16809977351426109,0.3511048555374145,Equities
1922,PRT,true,0.23019838053341646,0.9995879215882291,0.5757917165756226,Equities
1983,ESP,true,0.3019233890878903,0.5568185541011981,0.12420602887868881,Equities
1994,FIN,true,0.012547306920623408,-0.1141616646847463,0.17700904607772827,Equities
2005,FIN,true,0.16073958985389963,0.2487021627347909,0.3520565927028656,Equities
1978,GBR,true,0.10073189824449393,0.07453296404262612,0.08665914088487625,Equities
1906,NLD,true,0.09629745269173054,0.10293709616314946,0.08097179234027863,Equities
2010,NLD,true,0.1077527291706417,0.198996265808254,0.09255631268024445,Equities
1914,ESP,true,-0.025341865354634487,-0.04633418114145223,-0.072368822991848,Equities
1962,FIN,true,-0.07241225127846206,-0.07317849579906462,0.14488838613033295,Equities
1909,FRA,true,0.13617908158501574,0.13824000046259233,0.09491437673568724,Equities
1938,BEL,true,0.04569696785028246,0.028123942476489833,-0.0869874209165573,Equities
1916,CHE,true,0.11187756627673012,0.08115239333650066,0.08325892686843872,Equities
1970,JPN,true,0.006940853872769668,0.018026225640148028,0.09357983618974686,Equities
1998,JPN,true,0.23110015922482627,0.1125057951884122,-0.14892786741256714,Equities
1998,ITA,true,0.18855802514775225,0.1420687924815557,0.4518551528453827,Equities
1921,FIN,true,0.027660336979223522,0.9623024670240015,-0.22581800818443298,Equities
1995,FRA,true,0.1824955317944634,0.09766548921805407,0.018922608345746994,Equities
1944,JPN,true,0.1365381315438025,0.12978407031634065,0.07221201062202454,Equities
1954,AUS,true,0.45661441561553995,0.47108892875820246,0.1860000044107437,Equities
1947,CHE,true,0.021808717835298277,0.12811789092871345,0.0986817479133606,Equities
1956,FRA,true,0.05823959603565536,0.09117475565211336,0.03150513768196106,Equities
1892,BEL,true,0.03587586018105301,0.04249346216667399,0.02862100675702095,Equities
1930,DNK,true,-0.17127789647329938,-0.17978893944602087,0.010390120558440685,Equities
1929,BEL,true,-0.06471649992194654,-0.06742825080549956,-0.3022567927837372,Equities
2005,BEL,true,0.16228303418746096,0.2502456070683524,0.2718643844127655,Equities
1952,NLD,true,0.13429950430562695,0.08754187209901954,-0.04733774811029434,Equities
1960,PRT,true,0.03843779259075118,0.040372592743827554,0.08053308725357056,Equities
1912,SWE,true,0.04968957546935544,0.05017475132293768,0.12262841314077377,Equities
2013,ESP,true,0.31109576056603516,0.2357477135906877,0.2988026738166809,Equities
1906,DNK,true,0.09585642411382919,0.10285980248517396,0.10399577021598816,Equities
2001,ITA,true,-0.14175791679300997,-0.11900942588350175,-0.22175303101539612,Equities
1872,FRA,true,0.10599100066787519,0.10402433800686174,0.11752408742904662,Equities
1949,ESP,true,0.12949731479002952,0.5827943101495284,-0.1040574461221695,Equities
1984,JPN,true,0.10043777758191913,0.11356471216615913,0.27473002672195435,Equities
1875,DEU,true,0.07551859135123903,0.08239860453274575,-0.08155450224876404,Equities
1946,BEL,true,0.033392138802164094,0.234410149586539,-0.09290892630815506,Equities
1914,PRT,true,-0.028128529971247523,0.040154336589575734,0.058386705815792084,Equities
1888,USA,true,0.12379208081996822,0.1276006471069874,0.018975332379341125,Equities
2012,SWE,true,0.15147561617450772,0.0893790663932777,0.16564112901687622,Equities
2005,DEU,true,0.16026736505462855,0.24956499798732434,0.28201770782470703,Equities
1913,DEU,true,-0.034203466295349004,-0.033460684958783744,0.040864042937755585,Equities
1959,CHE,true,0.24576174047905747,0.24987401372444515,0.2919606864452362,Equities
2012,NLD,true,0.15224812274640914,0.13290383194917474,0.1257728934288025,Equities
1933,ESP,true,0.3177440905940765,-0.09091073408351683,0.12095972150564192,Equities
1906,CHE,true,0.09654494111310313,0.10072802555683266,0.06805161386728287,Equities
1914,FIN,true,-0.02744824344341633,0.09887103745512532,0.026466386392712593,Equities
1881,USA,true,0.17592284193943342,0.17357428266374153,0.08390411734580994,Equities
1924,DNK,true,0.2034281911548908,0.2859338425358974,0.12003561854362488,Equities
1916,JPN,true,0.09418682381448888,0.024872365171131797,0.955090880393982,Equities
1911,NOR,true,0.04141373830823132,0.0430127166978822,0.0939556285738945,Equities
2007,NLD,true,0.0671116719797118,-0.00018632521114923806,0.08164761960506439,Equities
1972,FRA,true,0.2623844303931838,0.2674810233755729,0.16952449083328247,Equities
1934,DEU,true,0.06274725695431821,0.10709459620902195,0.1400829404592514,Equities
2010,CHE,true,0.11018164833694416,0.011694655533286451,0.02918740175664425,Equities
2018,FIN,true,0.04293645986004481,0.07981392403335136,-0.025299999862909317,Equities
1971,JPN,true,0.13747968730859014,-0.03371388335320043,0.12732847034931183,Equities
1895,USA,true,0.11647641032088928,0.11491967438151404,0.04883720725774766,Equities
1889,JPN,true,0.09817104796322568,0.08328448858501818,0.3047422766685486,Equities
2007,AUS,true,0.06405148224067075,-0.0003985636677342752,0.1795337051153183,Equities
2009,GBR,true,0.257871084648294,0.16841802630064573,0.2895195484161377,Equities
1898,BEL,true,0.0941701749953011,0.122241034879075,0.1487068384885788,Equities
1995,ITA,true,0.18093662139375505,0.1650831424179705,-0.00281835300847888,Equities
1982,JPN,true,0.17239806932487167,0.18289726384290966,0.006099101155996322,Equities
1904,PRT,true,0.1559117094694331,0.12066189318319884,0.09825378656387329,Equities
1938,SWE,true,0.04152181326932604,0.0993988414409308,0.08836907148361206,Equities
1891,BEL,true,0.034087415919944034,0.03516661658639874,-0.01920868083834648,Equities
1970,GBR,true,0.014656984561964485,0.017745901187317475,-0.03485714271664619,Equities
1966,SWE,true,-0.0598340425962291,-0.06025536805239741,-0.20086149871349335,Equities
1871,ITA,true,0.27123130359923875,0.2902439965596142,0.7913044095039368,Equities
2019,FIN,true,0.13594073223244146,0.15606887117031093,0.2046000063419342,Equities
1956,FIN,true,0.05828976307544721,0.05521744213134733,0.023885563015937805,Equities
1953,SWE,true,0.08162530737010622,0.05093806261151401,0.1832440346479416,Equities
1992,ESP,true,0.030970781906745015,0.1660748000815615,-0.08082805573940277,Equities
1920,CHE,true,-0.18103919674806174,-0.16903093323538315,-0.15303678810596466,Equities
1939,FRA,true,0.023258576827216593,0.15419944942800046,0.16453315317630768,Equities
1990,SWE,true,-0.09948753829851467,-0.11880082849355407,-0.293403685092926,Equities
2006,GBR,true,0.19988252227944844,0.09679623226335239,0.16431647539138794,Equities
1919,SWE,true,0.12916989195361067,0.4234814374238328,-0.16673755645751953,Equities
1957,GBR,true,-0.05649927583811217,-0.08725908976434102,-0.009477273561060429,Equities
1975,BEL,true,0.3651143932280028,0.4463906633125962,0.23179574310779572,Equities
1978,SWE,true,0.0972187522558369,0.052996472558134236,0.2137739360332489,Equities
1913,FIN,true,-0.03080304658140887,-0.030523548856855473,0.05549005419015885,Equities
1887,JPN,true,0.023473151511209836,0.01766876878267975,-0.050011612474918365,Equities
1903,FIN,true,-0.0016699515177725915,-0.0005631077642600929,0.09135858714580536,Equities
1957,DNK,true,-0.05445903393928425,-0.13516289126742306,0.10950013995170592,Equities
1990,ITA,true,-0.09974196112657656,-0.1440030609622322,-0.2800699472427368,Equities
1905,JPN,true,0.12702072567386452,0.11823964363265858,0.466028094291687,Equities
1872,SWE,true,0.10523024657608947,0.10327183148322627,0.190476194024086,Equities
2006,ESP,true,0.18996413959138464,0.11716294764356927,0.40547147393226624,Equities
1885,FRA,true,0.07066404111863414,0.07279350562599204,0.02231903001666069,Equities
1915,JPN,true,0.14129132541641826,0.12314416068781715,0.327100932598114,Equities
2009,JPN,true,0.3168406325107478,0.3920036483944936,-0.24992184340953827,Equities
2003,DEU,true,0.1938510234451003,0.06678371660958739,0.37576285004615784,Equities
1988,PRT,true,0.1826636071726109,0.29414362969766034,-0.2771500051021576,Equities
1917,ESP,true,0.006359183940405022,-0.14225420849097326,0.15157994627952576,Equities
1912,FRA,true,0.05029860205818676,0.04876613557211312,0.06303086131811142,Equities
1888,PRT,true,0.10415766565803593,0.10207042400162825,0.142854705452919,Equities
1904,NLD,true,0.15502874669002858,0.1528333995043215,0.14784686267375946,Equities
1937,BEL,true,-0.12677505217998383,-0.14613770202161105,-0.05840388312935829,Equities
2010,BEL,true,0.1073220514921522,0.1985655881297645,0.11460345983505249,Equities
1923,SWE,true,0.06318785967129281,0.06490260155465855,-0.002577319508418441,Equities
1962,JPN,true,-0.06952289916384234,-0.006030100453146921,-0.020123757421970367,Equities
1955,ITA,true,0.26843365021398063,0.26669015466966683,0.07480223476886749,Equities
1895,BEL,true,0.10406986514047539,0.049214367213239074,0.03400697559118271,Equities
1977,PRT,true,-0.001957063933620544,0.30229749828774033,-0.44080108404159546,Equities
1941,AUS,true,0.09043916484048545,0.05548384268065421,-0.054999999701976776,Equities
1887,PRT,true,0.020776371794862504,0.022570586181242868,0.09663046151399612,Equities
2020,FIN,true,0.09797059000925779,0.033329147690533266,0.18119999766349792,Equities
1983,GBR,true,0.2993862726868981,0.3882941481399729,0.28779226541519165,Equities
1936,NOR,true,0.26855549664378925,0.2641063166768174,0.3531706929206848,Equities
1955,ESP,true,0.26231937915987025,0.2622450498651563,0.377144992351532,Equities
1981,DNK,true,0.04786217432103384,0.19065136604044466,0.7752422094345093,Equities
1978,ITA,true,0.09517279210617774,0.0885812805201921,0.316068172454834,Equities
1956,CHE,true,0.058345124798407706,0.05527280385430782,0.02119489386677742,Equities
1887,FRA,true,0.02203443747689588,0.02519941886473352,0.022940820083022118,Equities
2004,GBR,true,0.16394314304690027,0.10956005081876993,0.12595011293888092,Equities
1934,ITA,true,0.06529822907275028,-0.06962128504036565,0.18434560298919678,Equities
1927,NOR,true,0.24743476709915047,0.19604833172513067,0.026901686564087868,Equities
1937,FIN,true,-0.1279620370782759,-0.14464185900612775,-0.010937025770545006,Equities
1918,AUS,true,0.17618783441721175,0.1711121307274793,0.07500000298023224,Equities
1958,BEL,true,0.3198115793242944,0.3144241930351829,0.16084563732147217,Equities
2005,SWE,true,0.16039404250374717,0.3019471937463039,0.3700100779533386,Equities
2015,BEL,true,0.056108715496048255,0.1421718073231416,0.09957490861415863,Equities
2015,JPN,true,0.05013691664348889,0.011292982902163677,0.11165733635425568,Equities
1997,DEU,true,0.2855123468108659,0.4119852265215368,0.4082593023777008,Equities
1913,JPN,true,-0.02962661718625899,-0.028687340876980792,0.0002897811646107584,Equities
1957,ITA,true,-0.052934185896697,-0.05592691185854094,0.03657224401831626,Equities
1997,FIN,true,0.28912507298981205,0.43130370045577354,0.35156741738319397,Equities
1937,CHE,true,-0.13018224686823743,0.12504157322998985,0.0778479129076004,Equities
2007,BEL,true,0.06955096125779901,0.0024152760536374565,-0.04153551906347275,Equities
1909,ITA,true,0.1361063106606404,0.14423343870746683,-0.0018000000854954123,Equities
1971,ESP,true,0.1389142710199856,0.11492706069553502,0.04052033647894859,Equities
1946,DNK,true,0.030650848117043557,0.6009484121125509,0.05774883925914765,Equities
1938,AUS,true,0.04374488639722732,0.03905224730146618,-0.00499999988824129,Equities
1925,NLD,true,0.183115762544391,0.17752163007847133,0.1488078087568283,Equities
1951,ITA,true,0.23671362173727156,0.21332813728011496,0.13667988777160645,Equities
1998,GBR,true,0.1992920055362793,0.22236081761434964,0.1367396116256714,Equities
1916,PRT,true,0.11088553388101208,0.14830902561289183,0.13214808702468875,Equities
1968,CHE,true,0.18975577791274392,0.18299549122022052,0.3949434161186218,Equities
2020,AUS,true,0.10072775335945473,0.02872209755679083,0.04919999837875366,Equities
1993,NLD,true,0.2212520135432051,0.29757387558851217,0.4724677205085755,Equities
1922,AUS,true,0.23682167268327012,0.13655643188253794,0.21299999952316284,Equities
1988,DEU,true,0.1713559978471938,0.28202377173778437,0.2789909243583679,Equities
1959,PRT,true,0.24961013043754243,0.2550462133408194,0.11209318041801454,Equities
1959,FIN,true,0.24277527901860085,0.1934900533294196,0.4315430521965028,Equities
1897,FIN,true,0.08744044388280313,0.08524903426179606,0.16239392757415771,Equities
1940,SWE,true,0.04551403833400796,-0.011047186393114635,0.11569940298795699,Equities
1966,BEL,true,-0.06005375466569676,-0.05257729725750331,-0.19022873044013977,Equities
1912,CHE,true,0.05206122121913165,0.05255539950458392,0.007718436885625124,Equities
1986,GBR,true,0.31268882296893985,0.45272213693482677,0.27217575907707214,Equities
1991,PRT,true,0.08299953402900145,0.09652178103320491,-0.022982923313975334,Equities
1973,ITA,true,-0.04722035816498442,0.03773642707867805,0.19722919166088104,Equities
1966,NLD,true,-0.061029291859151596,-0.06065616333808631,-0.14301848411560059,Equities
1904,ITA,true,0.15563848323694685,0.15692153709649664,0.113599993288517,Equities
2006,FIN,true,0.19628650784560603,0.1243986447662965,0.2182711809873581,Equities
1966,NOR,true,-0.06221324411103679,-0.06196585783960657,-0.0857221782207489,Equities
1954,PRT,true,0.454288749293307,0.44397894722910114,0.30218052864074707,Equities
1955,DNK,true,0.2666931747603725,0.2069987856999323,0.16086648404598236,Equities
1915,NLD,true,0.14719906378039,0.10891963112765835,0.06257780641317368,Equities
2007,DEU,true,0.06062332905207156,-0.008500705742986147,0.20423117280006411,Equities
1961,GBR,true,0.2321046498244913,0.23408435804757574,0.01812826655805111,Equities
2009,NOR,true,0.25300405367670487,0.07011557614658254,0.6478179693222046,Equities
1968,FRA,true,0.19428824186266566,0.19400425060660148,0.17394950985908508,Equities
2018,FRA,true,0.04729170075311347,0.08524912569415422,-0.07450000196695328,Equities
2013,DNK,true,0.31089303986392464,0.2355528952004493,0.3064801096916199,Equities
1930,NOR,true,-0.16974954560355204,-0.1733110569375651,-0.05877809599041939,Equities
1940,BEL,true,0.023822304326764902,-0.03469824910800739,1.2579715251922607,Equities
1911,FIN,true,0.041479325912909024,0.04216587058624491,0.09009762853384018,Equities
1983,PRT,true,0.3049665048282114,0.848643460147688,-0.036583174020051956,Equities
1962,AUS,true,-0.07033204482958597,-0.07058073661941702,0.041999999433755875,Equities
2020,FRA,true,0.10129382015974776,0.036652377841023424,-0.00839999970048666,Equities
1951,GBR,true,0.25780352633298925,0.3287805503641269,0.08229530602693556,Equities
1932,AUS,true,0.04157593130666249,0.22993867410743285,0.24799999594688416,Equities
1919,ESP,true,0.1251835279653623,0.02090460375242835,0.021468309685587883,Equities
1966,GBR,true,-0.06493702352041222,-0.06076553464873902,-0.03840654343366623,Equities
1981,NOR,true,0.05797078008464421,0.10374681770953516,0.20941348373889923,Equities
1961,SWE,true,0.2079830326228192,0.21281735413370675,0.02454542927443981,Equities
2011,CHE,true,-0.042595712183354895,-0.04466014458215081,-0.07721107453107834,Equities
1973,BEL,true,-0.04422477649256383,-0.06739144731180294,0.06918996572494507,Equities
1928,DNK,true,0.2749394944218872,0.27106605485452884,0.10877277702093124,Equities
2011,DNK,true,-0.04141233177765995,-0.02189422756620309,-0.1632012575864792,Equities
1953,FIN,true,0.07797574182739987,0.11484004379760532,0.36808499693870544,Equities
2000,NLD,true,-0.0218243876609512,0.010324729499429555,-0.02127999998629093,Equities
1908,FIN,true,0.13817710287706952,0.12744296427803795,-0.02783898636698723,Equities
1933,DNK,true,0.3148804371184869,0.521124257137201,0.24898320436477658,Equities
1986,DEU,true,0.31626847786933737,0.15922042077109405,0.15035311877727509,Equities
1961,FIN,true,0.20863673329121624,0.1820331362516984,-0.0077870381064713,Equities
2013,JPN,true,0.26787611679015866,0.5578502090485085,0.7216812968254089,Equities
1983,NLD,true,0.2928212421736579,0.44658668432088755,0.6051364541053772,Equities
1912,JPN,true,0.05022818893723258,0.050577983232590884,0.09653174132108688,Equities
1949,NLD,true,0.12773839978957996,0.002224954650210005,-0.028246913105249405,Equities
2007,FIN,true,0.06385280642835203,-0.0032828787758096556,0.25041505694389343,Equities
2015,PRT,true,0.05451219643340539,0.14057528826049898,0.18604880571365356,Equities
1999,FRA,true,0.25640744572799956,0.43317128669740834,0.5562789440155029,Equities
2000,AUS,true,-0.023183531536299873,0.10466794949019509,0.0502253957092762,Equities
2015,DNK,true,0.0516724810680142,0.1383345253893286,0.3398592174053192,Equities
1963,ESP,true,0.17900921970543832,0.17711570486875852,0.08891188353300093,Equities
1873,DEU,true,0.034663192483004854,0.02533543142844547,-0.09736505150794983,Equities
2012,ESP,true,0.15446692850783855,0.1349821036652107,0.05010807141661644,Equities
1910,NLD,true,0.008028738118270293,0.008543349152124197,-0.01444324105978012,Equities
1889,DEU,true,0.09198041020123814,0.09442329450080075,0.1727822870016098,Equities
1991,DNK,true,0.08077129750621177,0.11587103391644203,0.09394088387489319,Equities
1872,USA,true,0.10343989546232904,0.09991309807408977,0.13291139900684357,Equities
1969,DEU,true,-0.026182208964475512,-0.10414767116409968,0.19145603477954865,Equities
1985,FRA,true,0.332004486485847,0.1668716487753813,0.37105792760849,Equities
1942,NOR,true,0.18253529230275461,0.18278633917644538,0.2305046021938324,Equities
1995,DNK,true,0.18065363193240042,0.0909386488600922,0.012022796086966991,Equities
1930,FIN,true,-0.17015369284373205,-0.1820226087567744,-0.04048769921064377,Equities
1924,NLD,true,0.20514338556732026,0.19870801197687565,0.0184926874935627,Equities
2018,JPN,true,0.06377706617325146,0.02873860851614686,-0.1517000049352646,Equities
2002,AUS,true,-0.22316463042562662,-0.24806088386805064,-0.080964095890522,Equities
2015,FIN,true,0.055202895924103663,0.14126598775119725,0.14863774180412292,Equities
2019,DNK,true,0.13430185411693324,0.1599494592467049,0.2971000075340271,Equities
1964,FRA,true,0.10737646423903746,0.10734963816722118,-0.07980641722679138,Equities
1968,BEL,true,0.19450621573440072,0.20679980547572308,0.16184508800506592,Equities
1975,GBR,true,0.2809297712185798,0.46034710015480146,1.4960688352584839,Equities
1971,SWE,true,0.134347727008586,0.10325448428950633,0.2689801752567291,Equities
1905,PRT,true,0.13409586833009357,0.005630168029133404,0.07279825955629349,Equities
2002,FRA,true,-0.21704573162417268,-0.2964853428112828,-0.2927267551422119,Equities
2000,PRT,true,-0.020664876261661275,0.01140308693676459,-0.08214876800775528,Equities
1904,JPN,true,0.15741494205407475,0.16777317516716017,0.01382222305983305,Equities
1889,ITA,true,0.10346851483051617,0.0996486509012202,0.014500000514090061,Equities
1877,USA,true,0.06581663017536818,-0.0025432729188967045,-0.03910614550113677,Equities
1985,AUS,true,0.33105861488785854,0.8128155641862906,0.4209999740123749,Equities
1918,NLD,true,0.17856633230467325,0.04492542696018195,-0.036861818283796303,Equities
1991,FIN,true,0.08632705012883041,0.2474542587151908,-0.19758999347686768,Equities
1956,NOR,true,0.05512249437013397,0.03514518369492756,0.17781993746757507,Equities
2011,AUS,true,-0.04107962394980777,-0.043837691179699836,-0.11430837959051132,Equities
1895,ITA,true,0.10158090389011745,0.046175385648043625,0.15880000591278076,Equities
2000,SWE,true,-0.02017236327781869,0.048909669303934165,-0.10803400725126266,Equities
2001,BEL,true,-0.14566095202331983,-0.12294823400204014,-0.02317841351032257,Equities
1940,JPN,true,0.04539355415465611,0.09930220989820357,0.09559104591608047,Equities
1910,BEL,true,0.00631474234617516,0.01400728728700137,0.0881141945719719,Equities
1912,ESP,true,0.05111879505209561,0.034251324950191724,0.05338047072291374,Equities
1884,NOR,true,0.010157342171941069,0.01525459913357513,0.0482194721698761,Equities
1998,FRA,true,0.1911908059038131,0.14368704199041957,0.31296631693840027,Equities
1962,ITA,true,-0.06669627872912007,-0.06864151047685034,-0.13782739639282227,Equities
1980,NLD,true,0.24256771916993924,0.39819105563123447,0.18620124459266663,Equities
1880,DEU,true,0.16836652667332583,0.1689525886016481,0.1281481832265854,Equities
1975,DEU,true,0.36494026685186753,0.43998726847158376,0.3115616738796234,Equities
1907,AUS,true,-0.06977097703093113,-0.07585029029462972,0.08799999952316284,Equities
1912,NLD,true,0.05137270126821998,0.05032406190509082,0.04107831418514252,Equities
1898,FRA,true,0.10113700884640738,0.10298147047863365,0.04298196360468865,Equities
1923,JPN,true,0.061715055484082834,0.026594078513888612,0.0799502581357956,Equities
1952,ITA,true,0.12377584552436036,0.06201385955721582,0.418801486492157,Equities
1889,SWE,true,0.10073659000839236,0.10056951650904453,0.16417910158634186,Equities
1931,SWE,true,-0.28394516247807616,-0.013946692978795291,-0.3449764549732208,Equities
1934,NLD,true,0.06722687950572848,-0.08739388296017499,0.10269230604171753,Equities
1920,ESP,true,-0.18042289040751572,0.16140638478091499,0.06401766091585159,Equities
1921,BEL,true,0.028065620559334908,0.0428053364042453,0.006892587058246136,Equities
1968,JPN,true,0.19574019663755837,0.15388668352617457,0.13842448592185974,Equities
1980,FIN,true,0.24545898325372947,0.29575113197112457,0.040810827165842056,Equities
1920,FIN,true,-0.18339985473353934,-0.18934180293852515,-0.04813892021775246,Equities
1944,ESP,true,0.13681405918759212,0.13014224846614209,0.019766593351960182,Equities
1901,NLD,true,0.06936150236784117,0.06784566210577972,0.008843154646456242,Equities
1898,FIN,true,0.09795735600601946,0.09919275507498848,-0.034918516874313354,Equities
1976,DNK,true,0.14355030389258644,0.07046258434933142,0.3568114936351776,Equities
1928,ESP,true,0.2723634192897475,0.30684053609039413,0.24964042007923126,Equities
1941,NOR,true,0.08509887677425673,0.10544754784332346,0.21721936762332916,Equities
2001,ESP,true,-0.1454098936323982,-0.12269717561111851,-0.036376893520355225,Equities
1938,JPN,true,0.0444131244683057,0.043096999311689886,-0.023710934445261952,Equities
1981,ESP,true,0.054133590311069124,0.20883151275982942,0.42419999837875366,Equities
1891,DNK,true,0.033073609329373796,0.030408289603893888,0.03563785180449486,Equities
1912,FIN,true,0.05605156435423715,0.055357888080064324,-0.18561998009681704,Equities
1953,NOR,true,0.08547071240277723,0.09342736881890584,-0.01151568628847599,Equities
1986,ITA,true,0.30057741795891607,0.17733187831336802,0.7331879734992981,Equities
1995,PRT,true,0.18175880848335751,0.12545099298336662,-0.045937277376651764,Equities
1896,PRT,true,0.09331218658811852,0.1255859472258373,0.12194059044122696,Equities
1994,GBR,true,0.02248333941296088,0.038608052472646016,-0.059496473520994186,Equities
1992,FIN,true,0.027926875864177504,0.24644832806012407,0.08005882054567337,Equities
1959,AUS,true,0.2425301499192326,0.24334890478266566,0.4429999887943268,Equities
1903,ITA,true,-0.0030371029206352138,-0.014701591198861406,0.16520000994205475,Equities
1966,PRT,true,-0.06693807264185155,-0.06238407150923039,0.14293165504932404,Equities
1978,JPN,true,0.09860683284554915,-0.0739525469630129,0.13753899931907654,Equities
1900,ITA,true,0.07962805384761334,0.06821997733761592,0.0478999987244606,Equities
1984,GBR,true,0.12035910273357886,0.32883787110860774,0.3157407343387604,Equities
1984,FIN,true,0.13743714803007,0.1941189691962818,-0.028777852654457092,Equities
1916,FIN,true,0.095373784509288,0.11628116214281856,0.8965952992439271,Equities
1945,SWE,true,0.20213275341909948,0.19263845986572034,0.10070767253637314,Equities
1947,BEL,true,0.029485580096879224,-0.15862725347047169,-0.3096922039985657,Equities
1952,DNK,true,0.1334806153439933,0.03304898519190787,-0.011065546423196793,Equities
1888,NOR,true,0.10533130319537667,0.10722862431979674,0.0784548968076706,Equities
1977,CHE,true,-0.012500807681021804,-0.17314983825199187,0.08091741800308228,Equities
1951,PRT,true,0.23578935125681721,0.230361469419878,0.17748551070690155,Equities
1898,DEU,true,0.09607679650418594,0.09525894742787472,0.08969160169363022,Equities
1947,FIN,true,0.023701201903366605,0.005143898957617556,-0.0019897466991096735,Equities
1948,CHE,true,0.024630471579025173,0.007063033485329554,-0.052148569375276566,Equities
1893,NOR,true,-0.01071354076552871,-0.01431767883451875,-0.02424700744450092,Equities
1943,FIN,true,0.17840811574151344,0.17225382325504998,-0.015148509293794632,Equities
1903,FRA,true,-0.002240463400477226,-0.0004240902092011098,0.028068458661437035,Equities
1901,ITA,true,0.0687590296119143,0.04616233200267586,0.039799999445676804,Equities
2016,FRA,true,0.0375148790374675,0.06355751644576951,0.08940000087022781,Equities
1962,BEL,true,-0.06878126788666841,-0.07127351193189035,-0.03470245376229286,Equities
1999,DEU,true,0.26828852661534364,0.4476240294984729,0.316754549741745,Equities
2004,FIN,true,0.1623508593765649,0.11554983308199585,0.07573208957910538,Equities
1951,DNK,true,0.24044600721177534,0.11838627330538268,-0.028101220726966858,Equities
1913,PRT,true,-0.03086084756541834,0.019005953672033577,0.05820218473672867,Equities
2012,DNK,true,0.14952296854494548,0.13520881080797614,0.26641517877578735,Equities
1911,FRA,true,0.03986430596102879,0.040988211064165274,0.07698795199394226,Equities
1962,ESP,true,-0.07460412825064842,-0.08973777333241466,0.2533000707626343,Equities
1960,JPN,true,0.030569257132923994,-0.02424718010049281,0.3631729781627655,Equities
1899,JPN,true,0.05984160702163838,0.049374437883245595,0.3314482569694519,Equities
1948,GBR,true,0.037138442517912824,-0.1626600323026305,-0.03675882518291473,Equities
1976,DEU,true,0.15349314124932154,0.03623791016700008,-0.022198447957634926,Equities
2010,FIN,true,0.10497958203457008,0.19622311867218262,0.23451858758926392,Equities
2002,NLD,true,-0.21836536011656482,-0.29569613883837353,-0.328249990940094,Equities
1992,AUS,true,0.02985778202238379,0.0830069220919388,-0.02199999988079071,Equities
1936,SWE,true,0.26733547915212275,0.26497183992928486,0.39945775270462036,Equities
1943,ITA,true,0.15835418593947362,0.38277313462396134,1.0191632509231567,Equities
1950,GBR,true,0.22359682936183545,0.15548713244577472,0.10957446694374084,Equities
1962,PRT,true,-0.06819747668289439,-0.06849550361974995,-0.06357715278863907,Equities
1919,FIN,true,0.12303231399120096,2.3506716182321803,0.029847152531147003,Equities
1948,ITA,true,0.01820216049584935,0.17563585943813126,0.2750566601753235,Equities
1882,BEL,true,-0.013124801156691391,-0.000683766898086512,-0.06664087623357773,Equities
1999,ITA,true,0.2713780465175907,0.44951615731707084,0.2305457890033722,Equities
1968,DEU,true,0.19474598755248734,0.19461391613277135,0.15988108515739444,Equities
1991,FRA,true,0.07819638647831989,0.09817667336505997,0.16629000008106232,Equities
1960,NLD,true,0.038560475844577155,0.042338570248909455,0.07463374733924866,Equities
1876,DNK,true,0.036150014287687375,0.0374955871809946,-0.02071562595665455,Equities
1990,PRT,true,-0.09879966871995997,-0.14102696900431297,-0.32945340871810913,Equities
1959,FRA,true,0.24625939331199687,0.2426060368435506,0.26738566160202026,Equities
1876,SWE,true,0.035303884955630464,0.035208281616836645,0.023121388629078865,Equities
1948,AUS,true,0.023134448136806852,0.03950502102605699,0.024000000208616257,Equities
1973,FRA,true,-0.041864294756333735,-0.08275955054353619,-0.03170337900519371,Equities
1930,SWE,true,-0.1693955168945966,-0.17077178250292452,-0.0748002901673317,Equities
1905,DNK,true,0.13364253338243703,0.13750261275906175,0.09799419343471527,Equities
1883,BEL,true,0.01115077955631378,-0.011122089445992328,-0.03271814435720444,Equities
1936,FRA,true,0.2732409279176159,0.3672070562619355,0.17633824050426483,Equities
1947,NLD,true,0.019626031004616074,-0.12379774798029719,0.2147907018661499,Equities
1974,FIN,true,-0.24338361188275814,-0.2880826102465512,-0.17428036034107208,Equities
1990,FRA,true,-0.0991634678478918,-0.14743090413370752,-0.21963445842266083,Equities
1959,NLD,true,0.24499941474710893,0.2429927418926307,0.3275905549526215,Equities
1988,NLD,true,0.1707576469139479,0.27967714700553514,0.35225048661231995,Equities
1979,GBR,true,0.15524809007491688,0.03228753352143107,0.11481428891420364,Equities
1989,AUS,true,0.2574421431907612,0.2926283771141146,0.17899999022483826,Equities
1889,PRT,true,0.10268211086275261,0.10406900014635742,0.0575861930847168,Equities
1996,FIN,true,0.2287472957192821,0.2770680451732407,0.5078455209732056,Equities
1958,ITA,true,0.31700593907298286,0.3144066026858897,0.292067289352417,Equities
1889,FRA,true,0.10825978674181508,0.10557097129386901,0.05686738342046738,Equities
1917,DEU,true,-0.002925920336979984,0.20496601629956446,0.23372343182563785,Equities
2019,GBR,true,0.13630925849967712,0.09672147198217239,0.18379999697208405,Equities
1977,JPN,true,-0.012679312896881699,-0.16960631315102098,0.10224128514528275,Equities
1883,PRT,true,0.009664365316670904,0.010085401873695029,0.04145516082644462,Equities
1926,AUS,true,0.15547724198975144,0.14315929197564498,0.14100000262260437,Equities
1960,FRA,true,0.041917144384822934,0.0457056315799978,-0.07177717238664627,Equities
1990,ESP,true,-0.10283492585547285,-0.15324850373781398,-0.11797450482845306,Equities
1943,NOR,true,0.17685545688256119,0.17070116439609773,0.06493221968412399,Equities
1936,AUS,true,0.2726454293755261,0.2449271945125316,0.1979999989271164,Equities
1896,USA,true,0.11276672016424591,0.11038113731699414,0.018518518656492233,Equities
1900,SWE,true,0.07929950970013747,0.07432811600951468,0.06430868059396744,Equities
1941,CHE,true,0.08256055876415538,0.07836552541719219,0.3466092646121979,Equities
1903,CHE,true,-0.001394945709602101,-0.002914873666709311,0.07650520652532578,Equities
1951,FRA,true,0.22945536950527168,0.33671087928292104,0.4429471492767334,Equities
2010,FRA,true,0.11107417034285953,0.20550030389626026,0.041892267763614655,Equities
1918,DEU,true,0.19369095332828296,0.08289696777220319,-0.26594823598861694,Equities
1902,JPN,true,0.053867123404780004,0.05200519571034384,0.4164491891860962,Equities
1933,BEL,true,0.3226155208464464,0.19919614155742033,-0.09682412445545195,Equities
1873,FRA,true,0.01166708539994715,0.005176061577363384,0.07771899551153183,Equities
1989,BEL,true,0.25806000339378765,0.1449962576453382,0.1465015560388565,Equities
1995,NLD,true,0.1771045895724258,0.10316140682003937,0.1981493979692459,Equities
1950,DNK,true,0.20482208569354543,0.2685179308073529,0.2555214762687683,Equities
1946,ESP,true,0.030650848117043557,1.4988726409996858,0.3594751358032227,Equities
1909,NLD,true,0.13369129587763234,0.13436789926148715,0.13124535977840424,Equities
1892,PRT,true,0.03588000629157931,0.22374004496385771,0.02840721607208252,Equities
1922,DEU,true,0.2363945706519303,23.015907081435117,20.694435119628906,Equities
1885,BEL,true,0.06666189276051938,0.07315228851816558,-0.030099039897322655,Equities
1967,ESP,true,0.19771804056421605,0.3687081246714264,0.0803629457950592,Equities
1930,CHE,true,-0.16982032887347082,-0.18012905070154964,-0.055574674159288406,Equities
2020,CHE,true,0.10123396440959254,0.028787396107349796,0.03999999910593033,Equities
1919,DEU,true,0.12303231399120096,2.447566291316051,0.590096652507782,Equities
1953,FRA,true,0.08025656938218137,-0.009279229255034611,0.2316017746925354,Equities
1883,NOR,true,0.009015107969084746,0.01135729961612739,0.07385364174842834,Equities
1972,AUS,true,0.25805232506992504,0.17794700365260097,0.36400002241134644,Equities
1938,FRA,true,0.04222033524866248,0.4523234255618104,0.05885542556643486,Equities
1960,ESP,true,0.039654872202647434,0.05657724758832102,0.022008666768670082,Equities
1976,NLD,true,0.14887183697825623,0.048947381159192435,0.05432892218232155,Equities
1950,JPN,true,0.2169243504100087,-0.12815047981815425,-0.278197318315506,Equities
1974,ESP,true,-0.24842525462280457,-0.24423336296807419,0.0412130244076252,Equities
1930,PRT,true,-0.16699041495708192,-0.17706965777707906,-0.18364742398262024,Equities
2009,BEL,true,0.2553952768372302,0.25983068063217396,0.5247774124145508,Equities
1930,NLD,true,-0.16641755968257774,-0.1735689694243106,-0.20957300066947937,Equities
1915,ESP,true,0.1457100051504769,0.06445016180851919,0.12925145030021667,Equities
1894,PRT,true,0.08345351815150548,0.11985955390457327,0.24692708253860474,Equities
1990,GBR,true,-0.10380761119913876,-0.21136709562781975,-0.09610787779092789,Equities
1944,NOR,true,0.13767226326536156,0.13100045254391152,-0.022723192349076268,Equities
1996,NLD,true,0.2305207258997547,0.3050696565908445,0.4032770097255707,Equities
1913,CHE,true,-0.03060796476706436,-0.03247429093188814,0.04633644968271256,Equities
1956,BEL,true,0.059291629168884266,0.061928182359139244,-0.02480674721300602,Equities
1983,DEU,true,0.29627675768442957,0.42355859512025734,0.3932937681674957,Equities
1992,NOR,true,0.030344847464900918,0.13930032159308636,-0.047744039446115494,Equities
1995,BEL,true,0.17832676880315107,0.10345512732172434,0.13405321538448334,Equities
2020,ESP,true,0.10286604456242046,0.03822460224369613,-0.09809999912977219,Equities
1891,FRA,true,0.03454916313197122,0.03383607236771847,0.022633520886301994,Equities
1907,CHE,true,-0.06651332244302319,-0.06589430966953326,-0.07123715430498123,Equities
1955,NOR,true,0.26816859061360543,0.22516721158645875,0.08790908753871918,Equities
1914,DEU,true,-0.021900682479452198,-0.004084314747323967,-0.08573048561811447,Equities
1910,DNK,true,0.006836279642992424,0.008708458334291402,0.056907858699560165,Equities
2003,CHE,true,0.2002149341127567,0.156840727714587,0.22063781321048734,Equities
1920,NLD,true,-0.178877762023236,-0.15603204116632616,-0.24908199906349182,Equities
1948,BEL,true,0.023430479529727922,0.15357586557826425,0.008931809104979038,Equities
2007,SWE,true,0.06929115021309479,0.047453906816763175,-0.02822384424507618,Equities
1889,USA,true,0.10735596624223129,0.10781875298145488,0.07782100886106491,Equities
1871,SWE,true,0.28014820526103756,0.2730391835109392,0.5,Equities
2011,ESP,true,-0.0423205747981982,-0.01358385843353567,-0.08770720660686493,Equities
1928,FIN,true,0.2784241613391275,0.26749987170560424,-0.08177943527698517,Equities
1959,BEL,true,0.2525914272023787,0.254697460326038,-0.02724779583513737,Equities
1895,NOR,true,0.10348849394229279,0.10188840195593293,0.0631561130285263,Equities
1926,CHE,true,0.15418180701647083,0.1480445230118605,0.21690000593662262,Equities
1895,FRA,true,0.1120960553651562,0.11231563538385164,0.029274865984916687,Equities
1921,PRT,true,0.027660336979223522,1.1068646553306325,0.3538608253002167,Equities
1920,JPN,true,-0.18415071617393342,-0.24990553354802872,-0.030862323939800262,Equities
2018,ITA,true,0.04472557656677441,0.08160304074008096,-0.1242000013589859,Equities
1930,AUS,true,-0.1645078561797653,0.01189849037362322,-0.29600000381469727,Equities
1930,JPN,true,-0.164992313529018,-0.22924519821781786,-0.2740750312805176,Equities
1941,DEU,true,0.08868215627534745,0.10608705081238666,0.0747654065489769,Equities
2003,BEL,true,0.20100320308344177,0.07638679590885465,0.18687132000923157,Equities
1982,NOR,true,0.15224184272536795,0.32220814812126364,-0.12114652991294861,Equities
1887,ITA,true,0.02188319851487158,0.033406592150713066,0.03644483909010887,Equities
1930,ITA,true,-0.16787919084309463,-0.17437021605029415,-0.14342430233955383,Equities
1990,DNK,true,-0.1072466151123401,-0.16653908436117293,0.11323237419128418,Equities
1900,BEL,true,0.08246733136880494,0.07294649960408683,-0.09390377998352051,Equities
1998,PRT,true,0.192148472435407,0.14266291619285815,0.2624458968639374,Equities
2000,DEU,true,-0.01842804339750198,0.014418930581809097,-0.09912479668855667,Equities
1923,NLD,true,0.06202196264386077,0.02575154070833581,0.06275292485952377,Equities
1999,ESP,true,0.27187118964581664,0.44361038610977477,0.19699999690055847,Equities
1925,NOR,true,0.18628968432179488,-0.08363634809356613,-0.03715341538190842,Equities
1947,ITA,true,0.02860194591949134,-0.14811956000919896,-0.26268690824508667,Equities
1929,NOR,true,-0.07231298664364656,-0.08113255743740166,0.08305645734071732,Equities
1985,JPN,true,0.36115955599879646,0.17873448456419486,0.21526658535003662,Equities
2000,DNK,true,-0.02545674331619884,0.01079720381785059,0.16969966888427734,Equities
1925,ITA,true,0.1865151701300858,0.36238953168681143,-0.05036471039056778,Equities
1888,DNK,true,0.10443237865481389,0.10323046258269068,0.12778066098690033,Equities
1994,BEL,true,0.016492083236924082,-0.04187590696867289,-0.02976303547620773,Equities
1891,ITA,true,0.03639411152003648,0.03742090716667799,-0.14399999380111694,Equities
2014,FRA,true,0.11946138660522926,0.21198963663974554,0.027084000408649445,Equities
2019,NOR,true,0.13695772258550482,0.14683852804146474,0.14720000326633453,Equities
1944,PRT,true,0.13442505802644159,0.12775324730499155,0.13804632425308228,Equities
1949,CHE,true,0.12382046740173804,0.33073795894063274,0.14061886072158813,Equities
1924,AUS,true,0.2031416404065727,0.18710549732935555,0.13699999451637268,Equities
1882,DEU,true,-0.015060625844282145,-0.014895235977138915,-0.003734889905899763,Equities
1896,ITA,true,0.09617247050212438,0.1204153857326293,-0.019600000232458115,Equities
1973,PRT,true,-0.05987481702100171,-0.06316584459436742,0.7381148338317871,Equities
2002,FIN,true,-0.21836642494530137,-0.2956972036671101,-0.32819512486457825,Equities
1933,DEU,true,0.3287845040150482,-0.036480677823259505,0.14418908953666687,Equities
2006,BEL,true,0.1960371413649778,0.12414927828566799,0.23117119073867798,Equities
1932,PRT,true,0.045049760481420946,0.2621820411002536,0.09645986557006836,Equities
1890,DEU,true,0.010951341834696565,0.008614011861558076,-0.043401967734098434,Equities
1883,USA,true,0.018367575929060593,0.015138986713377588,-0.029109589755535122,Equities
1882,FRA,true,0.015948307686332926,0.01088923042802539,-0.16996677219867706,Equities
1977,SWE,true,-0.008199437157540852,0.15915174443123437,-0.12464790046215057,Equities
1980,AUS,true,0.23444279980096566,0.15910858572172318,0.5230000019073486,Equities
1909,CHE,true,0.13397108132197144,0.1349307380360126,0.11583172529935838,Equities
1980,SWE,true,0.24061416352385792,0.31611496756247887,0.28443795442581177,Equities
2010,AUS,true,0.11054004950168284,-0.02242452449083644,0.03306250274181366,Equities
1942,JPN,true,0.18139080134300453,0.18941803864617784,0.24850156903266907,Equities
1969,NLD,true,-0.020216928578544215,-0.015311772875476672,-0.030795181170105934,Equities
1881,BEL,true,0.16264773462122523,0.16373902302505416,0.0033816054929047823,Equities
2015,CHE,true,0.05796105141383451,0.026608046794942983,0.026751631870865822,Equities
1957,CHE,true,-0.05002540980742041,-0.05289449842712795,-0.1025438606739044,Equities
1937,NOR,true,-0.1313596247325793,-0.1682980351977883,0.12493059039115906,Equities
1998,FIN,true,0.18346495427052628,0.13748117069837593,0.7205333113670349,Equities
2012,DEU,true,0.14603360893594325,0.12628772311325914,0.2926276624202728,Equities
1989,SWE,true,0.25569727673849896,0.20820307919643827,0.2707771062850952,Equities
1957,SWE,true,-0.053935698909859636,-0.06406697095498144,0.0844709426164627,Equities
2018,DEU,true,0.0491037055615694,0.08659745145068143,-0.16850000619888306,Equities
1999,GBR,true,0.273743424966355,0.2788239987041214,0.23799023032188416,Equities
1877,FRA,true,0.04919134592754248,0.05811154197885573,0.05248944833874703,Equities
1979,ESP,true,0.15902264447488365,0.06916820660903028,-0.0715109258890152,Equities
1926,NLD,true,0.15560777805241544,0.1504646528129422,0.13335184752941132,Equities
1957,PRT,true,-0.051452452570855386,-0.05933470933388566,-0.03429363295435905,Equities
2019,CHE,true,0.1317063058319326,0.10993261569526634,0.29899999499320984,Equities
1949,FRA,true,0.132533205289971,-0.06232385744971948,-0.1578512340784073,Equities
1885,DNK,true,0.06765569422319682,0.06805359065311382,-0.0791454091668129,Equities
1991,GBR,true,0.06868245047282667,0.11462806252624008,0.20805393159389496,Equities
1926,FRA,true,0.15246823599780915,0.7018674329775463,0.24503205716609955,Equities
1895,PRT,true,0.10179304511366626,0.08052075548860413,0.1481635421514511,Equities
1960,DNK,true,0.03676015894916494,0.040230005884000164,0.16120368242263794,Equities
1927,DEU,true,0.25401599591480095,0.2640557480109946,-0.07390796393156052,Equities
1950,BEL,true,0.2070058390329113,0.24929216084707176,0.15921634435653687,Equities
2014,DNK,true,0.11398191813291975,0.1989147022482231,0.19768305122852325,Equities
1932,NLD,true,0.05423788648204324,-0.04795946406492994,-0.3043571412563324,Equities
1933,CHE,true,0.3183156533306446,0.2012207125956333,0.09540724009275435,Equities
1970,BEL,true,0.009728607662549876,0.0097834742649965,0.05143913254141807,Equities
1977,ITA,true,-0.005691051357585561,0.0207574110858144,-0.2516883909702301,Equities
1896,FRA,true,0.09487296315483071,0.0942007616329067,0.08523831516504288,Equities
1904,FIN,true,0.15766745775156865,0.15548707020887853,-0.0003607419494073838,Equities
1914,NLD,true,-0.027005425909133796,-0.03854120011385377,0.005688557401299477,Equities
1875,DNK,true,0.05738293972504907,0.05580843333167269,0.08056949824094772,Equities
1932,BEL,true,0.04664941606580072,-0.05294789683350081,0.02667750045657158,Equities
2002,BEL,true,-0.2195551486165212,-0.2968859273383298,-0.2669452726840973,Equities
1894,DNK,true,0.08634382521305327,0.08377671809735662,0.10303031653165817,Equities
1940,FIN,true,0.04355648222114304,0.1105748218120997,0.21878299117088318,Equities
2001,JPN,true,-0.13629453080989715,-0.028703849654229455,-0.21789491176605225,Equities
1916,AUS,true,0.11425692103761927,0.1026223622771456,-0.03400000184774399,Equities
2012,CHE,true,0.15089358054056706,0.12352474514431594,0.17722399532794952,Equities
1907,PRT,true,-0.06839263394522782,-0.05655631975862957,0.020625321194529533,Equities
2003,NLD,true,0.20283464909154175,0.07821824191695462,0.09192100167274475,Equities
1906,BEL,true,0.09563779954407704,0.10808961639001705,0.11540910601615906,Equities
1972,CHE,true,0.2615056879902864,0.2200245443612141,0.20729142427444458,Equities
2010,NOR,true,0.10597669485603997,0.12444897498454144,0.18347463011741638,Equities
1940,NLD,true,0.023010427986602043,-0.029805299800287486,1.3007243871688843,Equities
1916,NOR,true,0.10693355307767773,0.0836073332651186,0.32690888643264776,Equities
1950,ESP,true,0.20911647788762067,0.31568354018242295,0.06613561511039734,Equities
1950,NOR,true,0.2064956902562173,0.28428922373640064,0.1817142814397812,Equities
1925,FIN,true,0.1792004968025711,0.15621064682012042,0.3782046437263489,Equities
1884,USA,true,0.03978524110489931,0.040942439469738995,-0.12921348214149475,Equities
1923,BEL,true,0.05398596984838637,0.5350481435333534,0.5130442976951599,Equities
1976,CHE,true,0.14844034725490982,0.07308188717704477,0.07885533571243286,Equities
2017,JPN,true,0.174843321890253,0.18217470278882844,0.21940000355243683,Equities
1942,BEL,true,0.18552157756909426,0.18725237505224585,0.08186884969472885,Equities
1972,DEU,true,0.26255116996053496,0.24111473997433133,0.16431158781051636,Equities
1917,PRT,true,0.006592473634125642,0.11192416754438297,0.1406763643026352,Equities
1989,CHE,true,0.2565513067405106,0.22963628150329007,0.22585652768611908,Equities
1942,PRT,true,0.17216951749224563,0.1668841531227021,0.7464381456375122,Equities
1972,JPN,true,0.23887218550647948,0.1895698233865511,0.6118003726005554,Equities
1990,NLD,true,-0.10258084735230244,-0.15393597886105,-0.13129019737243652,Equities
1985,FIN,true,0.335980251096369,0.23333697409841148,0.1611374467611313,Equities
1927,NLD,true,0.24530880643167086,0.26051510840811687,0.1511128544807434,Equities
1960,FIN,true,0.03702373528875485,-0.020037413706263857,0.14852936565876007,Equities
1912,ITA,true,0.052249418124837965,0.05465516927989508,-0.00139999995008111,Equities
1927,DNK,true,0.24583255829207962,0.23735238797192332,0.12051218003034592,Equities
2000,ESP,true,-0.020249117441558634,0.011818845756867442,-0.10400000214576721,Equities
1905,ITA,true,0.1329785098287672,0.13373054325613737,0.13490000367164612,Equities
1965,AUS,true,0.0917350438188798,0.08723288020264237,-0.0819999948143959,Equities
1919,PRT,true,0.12251620368176097,0.17113357809560326,0.14739912748336792,Equities
1986,CHE,true,0.31401547245393385,0.15008725908634288,0.09712424874305725,Equities
1994,ITA,true,0.014117402001068934,0.03855636442654212,0.09470987319946289,Equities
1989,NOR,true,0.24947979166466305,0.19647810327446857,0.5978066325187683,Equities
1993,DEU,true,0.21736516065413264,0.2945255949112269,0.46705931425094604,Equities
1954,SWE,true,0.452677386739736,0.43381492650764325,0.38267743587493896,Equities
1909,DEU,true,0.13314384244325053,0.13201331751543915,0.14028215408325195,Equities
1894,SWE,true,0.08573790341228524,0.08396320601944564,0.13319672644138336,Equities
1940,ITA,true,0.044288386465566064,0.018603325478613403,0.1802414059638977,Equities
1979,NOR,true,0.14514581436298724,0.098283808564674,0.6134979724884033,Equities
1882,PRT,true,-0.014684110078960753,-0.016386646774870527,0.01651339791715145,Equities
1976,PRT,true,0.15762181366214192,0.3316265690559904,-0.4430306553840637,Equities
2003,FRA,true,0.20016190075994003,0.07179886903960918,0.21222859621047974,Equities
1900,NOR,true,0.08055944536245649,0.07319452174972711,0.0013829410308972,Equities
1923,ITA,true,0.05641531764477224,0.07210225455680785,0.37691745162010193,Equities
2020,SWE,true,0.09824402026918418,-0.008025819856940824,0.1656000018119812,Equities
1996,AUS,true,0.23580351685207124,0.12460181207885657,0.14342470467090607,Equities
1959,JPN,true,0.2396153569997316,0.2752172648681269,0.5374970436096191,Equities
1978,ESP,true,0.10414675924708189,-0.0026209366591716035,-0.1326136440038681,Equities
1997,GBR,true,0.2962585069287158,0.2600160589366652,0.23567114770412442,Equities
1924,FRA,true,0.20849214714263736,0.3693296958215292,0.03414793312549591,Equities
1984,NLD,true,0.1314273116272132,0.22516923573751554,0.281000018119812,Equities
2007,PRT,true,0.06516634376210625,-0.001969341442055437,0.1831146776676178,Equities
1962,FRA,true,-0.0671848629147754,-0.06913803758182391,-0.1058787927031517,Equities
1944,AUS,true,0.13559747141677073,0.12849787653792807,0.07999999821186066,Equities
2010,GBR,true,0.1047589324328691,0.14905803286973812,0.1415793001651764,Equities
1898,USA,true,0.05803500487973674,0.049344400828717126,0.23157894611358643,Equities
1994,NLD,true,0.015488276416538386,-0.02927085128322852,0.0228531863540411,Equities
1922,DNK,true,0.24224947419403592,0.13535618610741584,-0.08430855721235275,Equities
1871,BEL,true,0.292333209500843,0.29012058496137727,0.10193062573671341,Equities
1993,FRA,true,0.22084689705786134,0.2994386922278714,0.3644101619720459,Equities
1996,BEL,true,0.2335602181013082,0.3095809193456107,0.25928059220314026,Equities
1928,FRA,true,0.265163862263584,0.2631408615959556,0.4836086928844452,Equities
1949,BEL,true,0.12212684490580866,0.15270937359015724,0.21361523866653442,Equities
2002,ESP,true,-0.2208048788344284,-0.2983315113446943,-0.20465430617332458,Equities
2008,NOR,true,-0.381150404888402,-0.20309735881885121,-0.540614902973175,Equities
1891,USA,true,-0.011770494107307591,-0.012899558114688037,0.2239130437374115,Equities
1909,FIN,true,0.1344276327622529,0.13369441448651673,0.09067989140748979,Equities
1890,USA,true,0.02669693048396382,0.025502571484046277,-0.09398496896028519,Equities
2007,ESP,true,0.06640331633549182,-0.0022258399145923605,0.09162062406539917,Equities
1990,BEL,true,-0.10133058917050436,-0.16820756013996072,-0.1968134641647339,Equities
1950,FRA,true,0.21624298044432097,0.21384796237843706,-0.1507614701986313,Equities
1958,DNK,true,0.32184470550430866,0.31960444208792826,0.0657549798488617,Equities
1890,DNK,true,0.004179812942998781,0.004569041763836459,0.010680236853659153,Equities
1979,JPN,true,0.16413711791008978,0.4452966164491312,0.10140237957239151,Equities
1956,AUS,true,0.05719690975182964,0.06041581876478676,0.07699999958276749,Equities
1945,BEL,true,0.2046653664528959,0.19517107289951677,-0.018135979771614075,Equities
1981,GBR,true,0.05432335134353868,0.24071240126309737,0.13627363741397858,Equities
1886,SWE,true,0.07633124816400061,0.07239979775733613,0.02867383509874344,Equities
1891,PRT,true,0.03651417389695048,0.1116220586372305,-0.15049532055854797,Equities
1913,ITA,true,-0.028580926037869558,-0.023724346138853727,-0.04877600818872452,Equities
1980,NOR,true,0.247203020921008,0.31887059463998224,-0.04689003899693489,Equities
1887,BEL,true,0.02139558579614928,0.03329405405214656,0.06295962631702423,Equities
1974,NLD,true,-0.24296606469599835,-0.31626672274866197,-0.19212745130062103,Equities
2005,AUS,true,0.16328428325795263,0.14865888473454994,0.21087831258773804,Equities
1892,DEU,true,0.03286966110974312,0.026561959439100107,0.056862808763980865,Equities
2001,SWE,true,-0.14327859727818115,-0.06717000976748225,-0.1484220325946808,Equities
1977,ESP,true,-0.004982178132806062,0.21775600135683032,-0.2875902056694031,Equities
1980,BEL,true,0.2485482857336067,0.4122379121870814,-0.11453817039728165,Equities
2016,ESP,true,0.040191943962423676,0.06551053872823732,0.022700000554323196,Equities
1876,DEU,true,0.02973122873134209,0.03272556561221916,0.0756855234503746,Equities
1960,CHE,true,0.030866532882078287,0.03021151100715327,0.4446042478084564,Equities
1878,FRA,true,0.03782438550786313,0.046326966717539095,0.09132376313209534,Equities
1991,ESP,true,0.08153048707963045,0.0876673813573198,0.05410340055823326,Equities
1887,SWE,true,0.022040807728720656,0.019427781668616466,0.02787456475198269,Equities
1882,SWE,true,-0.01535281610733755,-0.019445882303023663,0.0521739162504673,Equities
2016,FIN,true,0.038640897280600425,0.06395949204641407,0.10649999976158142,Equities
1974,BEL,true,-0.24167356870092566,-0.3254258828291823,-0.24737221002578735,Equities
1933,AUS,true,0.31472348383476334,0.27005733030807644,0.2560000121593475,Equities
1951,FIN,true,0.23671023067640135,0.06786816499548318,0.13682959973812103,Equities
1884,BEL,true,0.011864565753657446,0.008840690981817063,-0.03409774228930473,Equities
1876,USA,true,0.06192380232037403,0.030144908804466453,-0.11212814599275589,Equities
1915,FIN,true,0.14289441699563735,0.35633879819510195,0.2553213834762573,Equities
1933,NLD,true,0.3166374232865491,0.19602700801376233,0.1704347729682922,Equities
1972,GBR,true,0.26838358304551946,0.3931039785250179,0.16374468803405762,Equities
1954,DEU,true,0.44213313142857713,0.4445375186111753,0.8926240801811219,Equities
1987,NLD,true,0.17685462018702694,0.1315838321451802,-0.17889662086963654,Equities
1981,DEU,true,0.06147990847052282,0.1378347317099458,0.027976246550679203,Equities
1955,FRA,true,0.2719163560344524,0.3318740043558484,-0.03663197532296181,Equities
1902,DEU,true,0.05823067468682023,0.06448992614099837,0.08680732548236847,Equities
1970,DEU,true,0.016638235226926458,0.004727834464123371,-0.2151906341314316,Equities
1996,DNK,true,0.23239223403562093,0.28855553330064637,0.31960150599479675,Equities
2005,GBR,true,0.1594918739900047,0.21482845796257832,0.21643610298633575,Equities
1899,SWE,true,0.06641079481400573,0.07188476832250429,0.019672131165862083,Equities
2002,DEU,true,-0.2145457333875598,-0.292910353570664,-0.39940106868743896,Equities
1914,FRA,true,-0.02092893691798306,-0.03814352570716309,-0.11047793179750443,Equities
1972,FIN,true,0.25049886027205354,0.2649413694528955,0.7067652940750122,Equities
2012,FIN,true,0.15195249586963497,0.13260820507240054,0.14102987945079803,Equities
1943,DEU,true,0.18458101175764263,0.17809312562267446,0.04271024838089942,Equities
1913,NOR,true,-0.030391079283874856,-0.031909522735518364,0.03615977615118027,Equities
1953,ITA,true,0.08362833178380984,0.08280782452618489,0.0817960798740387,Equities
1973,NOR,true,-0.0528725407492896,-0.15281536571378082,0.43881869316101074,Equities
1930,FRA,true,-0.1641692703305735,-0.1719889591377473,-0.2678622901439667,Equities
1892,JPN,true,0.025429109242592646,0.1723692177946322,0.5672988891601562,Equities
1963,SWE,true,0.1752222380835897,0.1790961664059301,0.2825291156768799,Equities
1901,FIN,true,0.0695336051704844,0.06684160595650178,0.0,Equities
1902,CHE,true,0.06032458907280572,0.06586261585472603,0.08464536815881729,Equities
1936,FIN,true,0.2658506907737931,0.23884040568543746,0.45579013228416443,Equities
1938,NLD,true,0.04471924536584142,0.028957835553634723,-0.04592307657003403,Equities
1984,FRA,true,0.13406894098208616,0.21790639356683145,0.14483685791492462,Equities
1927,FRA,true,0.2434107101900272,0.03397737892037446,0.2542186975479126,Equities
1984,DNK,true,0.13500865138120927,0.20931293774165502,0.09639935195446014,Equities
2012,NOR,true,0.151708343021612,0.0725602530316826,0.1536303460597992,Equities
1941,SWE,true,0.08457845050193027,0.10528143859429018,0.24374791979789734,Equities
2015,DEU,true,0.05463733857124598,0.14252532317546737,0.11329784989356995,Equities
1893,BEL,true,-0.01136158660058786,0.031127889930894374,0.00837431475520134,Equities
2019,ITA,true,0.1345747055671882,0.15470284450505767,0.2816999852657318,Equities
1966,ESP,true,-0.0656035384287602,-0.06999273846649368,0.0783480703830719,Equities
1955,NLD,true,0.26531686794462794,0.2937555197076236,0.22892306745052338,Equities
2018,CHE,true,0.04551425107386012,0.04277351551895739,-0.09059999883174896,Equities
1986,NOR,true,0.3169955075164084,0.4438994372908891,-0.06622618436813354,Equities
2008,PRT,true,-0.38198341615672193,-0.3509681035946468,-0.4971774220466614,Equities
1987,CHE,true,0.1786841573771519,0.09986185570870895,-0.2748204469680786,Equities
1993,AUS,true,0.22254097804131107,0.23330787226534855,0.4045614302158356,Equities
1937,FRA,true,-0.1251070329367592,0.29042930328709654,-0.052771586924791336,Equities
1911,AUS,true,0.041191978557504685,0.042307658984617594,0.10700000077486038,Equities
1875,USA,true,0.0631278130120507,0.09618136816613639,0.028634361922740936,Equities
1968,GBR,true,0.1708842286609603,0.18242081728156578,0.4819520115852356,Equities
1898,SWE,true,0.0952611792280338,0.09699265011024288,0.09580837935209274,Equities
1973,GBR,true,-0.024007174102245454,0.029866089168528093,-0.28000888228416443,Equities
2013,NLD,true,0.31321600244098413,0.23820719547629932,0.18546512722969055,Equities
1962,NOR,true,-0.06563519044773401,-0.06558576913765639,-0.1903095245361328,Equities
1929,NLD,true,-0.07167613325180024,-0.07400947935423946,0.050753623247146606,Equities
1952,AUS,true,0.1362334336044355,0.16154691151133901,-0.13300000131130219,Equities
1992,CHE,true,0.026104142490082874,0.05004752424213715,0.17640012502670288,Equities
1971,ITA,true,0.14236431656145948,0.12619759119374974,-0.13208214938640594,Equities
1918,NOR,true,0.17890714242533165,0.3730592184746322,-0.05289027094841003,Equities
1978,NOR,true,0.09960002980157914,0.12251437809532259,0.0947144478559494,Equities
1920,NOR,true,-0.1800589896038273,0.03816144148074872,-0.19659313559532166,Equities
1901,AUS,true,0.07015637952718676,0.0701988055539662,-0.03200000151991844,Equities
1911,JPN,true,0.044943719450609196,0.044278505300447565,-0.113685242831707,Equities
1954,GBR,true,0.44671880752268694,0.4556001189600666,0.4861646890640259,Equities
2020,JPN,true,0.10175677579532962,0.07415386118190224,0.07829999923706055,Equities
1889,NOR,true,0.10001922952727023,0.09909669515136725,0.2034824788570404,Equities
2019,NLD,true,0.13365161850502447,0.15377975744289393,0.33379998803138733,Equities
1943,DNK,true,0.17549806157756642,0.16378685212273497,0.1349419355392456,Equities
1961,PRT,true,0.20896187624078527,0.21132432427872822,-0.023868823423981667,Equities
1922,SWE,true,0.2418843472642349,0.21484856093078847,-0.06430868059396744,Equities
1963,NLD,true,0.1781524208268948,0.179247469224955,0.13271749019622803,Equities
1952,FIN,true,0.13612814310495086,0.03414128840181727,-0.12833622097969055,Equities
1908,DEU,true,0.1439384932006842,0.14161028449568658,0.020598167553544044,Equities
1958,FIN,true,0.3219967036399173,0.2647242705306974,0.05864592641592026,Equities
1905,NLD,true,0.1332316351493914,0.13926501432823654,0.12083153426647186,Equities
1932,FIN,true,0.047039972600707684,0.19086888573825528,0.009640108793973923,Equities
1904,DNK,true,0.15643002407614492,0.1555347131929461,0.06914178282022476,Equities
1914,SWE,true,-0.021854624376262677,0.01784360538798716,-0.23599670827388758,Equities
1901,PRT,true,0.06761896350523205,0.0773166915145053,0.09837999194860458,Equities
1950,PRT,true,0.2104283232962893,0.2423797232774199,0.00828226562589407,Equities
1910,ESP,true,0.0073822752957574365,-0.021660848981497963,0.02423804998397827,Equities
1932,SWE,true,0.05230165402325219,-0.010270170765627269,-0.21989215910434723,Equities
1945,ITA,true,0.21420943565310313,0.23406200256734963,-0.46599438786506653,Equities
1979,ITA,true,0.155560815683456,0.09506897653114667,0.09937705844640732,Equities
1952,FRA,true,0.13007310191280738,0.12581140920311223,0.1394517570734024,Equities
1975,FIN,true,0.368636071179417,0.4364125419459493,0.03365388885140419,Equities
1929,CHE,true,-0.06945665391079359,-0.07419971742295803,-0.061824049800634384,Equities
1970,PRT,true,0.00879326741677712,0.012263686780001549,0.09904681146144867,Equities
1961,JPN,true,0.20434061815347787,0.18511041839020942,0.2045900523662567,Equities
2013,FIN,true,0.3105867948104018,0.23557798784571685,0.3224339783191681,Equities
1949,SWE,true,0.12379552100268712,0.5477075153300335,0.1416940689086914,Equities
1956,SWE,true,0.05824896545047488,0.07579511857177333,0.02586839348077774,Equities
2004,SWE,true,0.1597024068866118,0.10411523250866078,0.21351516246795654,Equities
1908,CHE,true,0.13583502729988117,0.1307957157302584,0.09107472747564316,Equities
2016,SWE,true,0.03882228463972915,0.10697398392681834,0.09669999778270721,Equities
1992,DEU,true,0.03049190708464597,0.04513991651489389,-0.02086845226585865,Equities
2020,NLD,true,0.098284333875715,0.03364289155699048,0.16329999268054962,Equities
1957,NLD,true,-0.050546341088900014,-0.06325066350428865,-0.07762962579727171,Equities
1888,SWE,true,0.10429000069736945,0.106427452652825,0.1355932205915451,Equities
2001,AUS,true,-0.1480296309051649,-0.10057148886847507,0.10134624689817429,Equities
1957,BEL,true,-0.04844120001758329,-0.055300693955097825,-0.17831081151962277,Equities
1904,CHE,true,0.15512071913307435,0.15703307890932397,0.1426810771226883,Equities
1950,SWE,true,0.20415744351647444,0.14167215809229866,0.2848326861858368,Equities
1965,NOR,true,0.09068263002868665,0.08909664856023518,-0.029921719804406166,Equities
1939,AUS,true,0.02580092052719614,0.11122950111135599,0.053000003099441535,Equities
1907,DEU,true,-0.07443345101148549,-0.07653585536083901,0.025070125237107277,Equities
2007,JPN,true,0.0718027992668119,0.07791248057714759,0.02686212584376335,Equities
1994,DNK,true,0.011999348398648822,-0.02808032127971452,0.20573121309280393,Equities
1940,DEU,true,0.025577923883224565,-0.03104445828566233,0.33769372105598455,Equities
1903,DNK,true,-0.0014490180308551481,0.0003404072386748308,0.07942571491003036,Equities
1952,SWE,true,0.13572339581584975,0.08431514825116412,-0.11040817946195602,Equities
1985,GBR,true,0.3430197713352209,0.18805953439170267,0.20136570930480957,Equities
1891,NOR,true,0.03367042605164286,0.030426459660460085,0.003350304905325174,Equities
1938,FIN,true,0.043172510377506794,0.03814622789059672,0.019039792940020558,Equities
2002,CHE,true,-0.2193090587995929,-0.3090936968975239,-0.25951531529426575,Equities
1954,ITA,true,0.45334438190730997,0.47821324762294115,0.34935715794563293,Equities
1934,AUS,true,0.06417263227840017,0.002049276305826943,0.23200000822544098,Equities
1929,DNK,true,-0.07212359647833354,-0.07367721233796487,0.07345010340213776,Equities
1975,AUS,true,0.35952987792544555,0.3889342053807532,0.5460000038146973,Equities
1996,PRT,true,0.23227445082266726,0.2575532749450725,0.32568445801734924,Equities
1919,NOR,true,0.12814944642045925,0.4450382883385865,-0.11855985969305038,Equities
1925,JPN,true,0.18356446123289555,0.24425472135259252,0.122518390417099,Equities
1968,DNK,true,0.19612663820227563,0.2022083814297052,0.08233288675546646,Equities
1943,NLD,true,0.17402455228876496,0.1678702598023015,0.2109404057264328,Equities
1949,JPN,true,0.12420137698339602,1.3623434941480208,1.1306854486465454,Equities
1952,PRT,true,0.12978211409650103,0.16056333632452935,0.15275737643241882,Equities
2014,AUS,true,0.11714701031960817,0.14819129088205577,0.05609947443008423,Equities
1873,BEL,true,0.01579925676618385,0.010877583598307868,0.18055005371570587,Equities
1886,JPN,true,0.05901860905260182,0.19187752429703023,0.9451611042022705,Equities
1974,JPN,true,-0.2511133442761336,-0.17192405573111394,-0.12447168678045273,Equities
2020,NOR,true,0.1005401339771752,0.10041273343605277,0.03460000082850456,Equities
1922,BEL,true,0.2355908046931217,0.2908316458932027,0.2804209589958191,Equities
1901,SWE,true,0.06939641294094655,0.06722359163110964,0.007049345411360264,Equities
1934,PRT,true,0.06318494254628558,0.009084224424591641,0.2738158404827118,Equities
1903,JPN,true,-0.0031077297725041475,0.004708025398778445,0.16901464760303497,Equities
1932,JPN,true,0.04620184977357868,0.6459702649544747,0.13486121594905853,Equities
1946,CHE,true,0.02964695884537394,-0.21452174238047567,0.07589972764253616,Equities
1919,CHE,true,0.12710801692096552,0.2683475945350555,-0.06939145922660828,Equities
1881,PRT,true,0.1587404410551531,0.1751906871410088,0.2178405374288559,Equities
1944,FRA,true,0.1402253938079021,0.13353661318579274,-0.11683897674083711,Equities
1959,DNK,true,0.24554426269655522,0.24559248253189803,0.30212524533271795,Equities
1951,JPN,true,0.2302627256728948,0.2544120716810194,0.42148053646087646,Equities
1957,FIN,true,-0.04899940668424039,0.00748666867024729,-0.15161383152008054,Equities
1983,CHE,true,0.2991083292683909,0.3581376873523099,0.27294543385505676,Equities
1920,AUS,true,-0.1863060417700165,-0.09857432602065559,0.08100000023841858,Equities
1953,AUS,true,0.08267657657580645,0.09063323299193504,0.12999999523162842,Equities
1991,DEU,true,0.07938842812654648,0.10478043930128865,0.12855538725852966,Equities
1987,DEU,true,0.18446440363982555,0.14444918560087353,-0.3350880444049835,Equities
1964,FIN,true,0.10348931509685412,0.10346256468441833,0.08780182152986526,Equities
1998,NOR,true,0.20222072920976003,0.2791606410352424,-0.26890257000923157,Equities
1989,ITA,true,0.25846778410758964,0.16420711843320462,0.12505295872688293,Equities
1947,PRT,true,0.02462714385209833,-0.032722669040995786,-0.05124562233686447,Equities
1967,DEU,true,0.19057433075090852,0.17443469353738655,0.3791571855545044,Equities
1965,DNK,true,0.08863982084676433,0.08379193807968349,0.07116587460041046,Equities
1936,CHE,true,0.264022072971461,0.35380800224185593,0.5251672863960266,Equities
1894,ITA,true,0.0894959238583858,0.11102231226961692,-0.05389999970793724,Equities
1931,ESP,true,-0.28625666721628534,-0.17188002998327773,-0.2420930117368698,Equities
1941,NLD,true,0.09479453789673364,0.11519249838563997,-0.2770136594772339,Equities
1911,DEU,true,0.04147463196696731,0.03959003957247566,0.05248943716287612,Equities
1935,NOR,true,0.2540417009275904,0.23689599495074465,0.3199999928474426,Equities
2018,GBR,true,0.04420638898884015,0.09873979264471165,-0.09549999982118607,Equities
2003,NOR,true,0.19527232140017065,0.24099104845895258,0.4839857518672943,Equities
1879,BEL,true,0.22004790941844504,0.2251914367287996,0.32134297490119934,Equities
1935,DNK,true,0.25968948506447875,0.27408723354546144,0.08058654516935349,Equities
1929,ESP,true,-0.07117852267148111,0.04888351669397629,0.02551354095339775,Equities
1935,SWE,true,0.25919511919155297,0.24162413079137007,0.10154305398464203,Equities
1980,DNK,true,0.24657123736574552,0.4067760967177342,-0.015120103023946285,Equities
1986,NLD,true,0.31390225136365235,0.16345166111704718,0.09501466900110245,Equities
1903,DEU,true,-0.009132442916445757,-0.00840807344503778,0.10097536444664001,Equities
1881,NOR,true,0.16134477085340063,0.1680199056196053,0.0748971477150917,Equities
1985,NLD,true,0.3327633220797547,0.15657467528919766,0.33099138736724854,Equities
1905,AUS,true,0.13277879445778584,0.13644307517982884,0.1459999978542328,Equities
1961,NLD,true,0.20738727338728663,0.15546226868466007,0.05401207506656647,Equities
1969,ESP,true,-0.03119872597921037,-0.027846086495612696,0.5244439840316772,Equities
1944,SWE,true,0.1341147146244378,0.1274429039029878,0.15341146290302274,Equities
1939,JPN,true,0.02492321078139212,0.10208482688598558,0.07508634775876999,Equities
1949,NOR,true,0.12802269594518104,0.23028805735302044,-0.04050028696656227,Equities
2019,FRA,true,0.1345392702933359,0.15466740923120537,0.28369998931884766,Equities
1964,ESP,true,0.10492857311084201,0.10527597545671223,0.015990160405635834,Equities
1876,FRA,true,0.030596117125343436,0.03606581530640717,0.06832072138786317,Equities
1908,DNK,true,0.13862384848696896,0.13198200407682462,-0.05052150785923004,Equities
1935,CHE,true,0.26426215395140984,0.23798132699402275,-0.11325202882289886,Equities
1961,AUS,true,0.2061339959874324,0.20812907621501398,0.11600000411272049,Equities
1943,JPN,true,0.17288570831352018,0.1666477436871711,0.23009781539440155,Equities
1962,SWE,true,-0.06845769723374581,-0.06985396660661763,-0.050706472247838974,Equities
1958,NLD,true,0.3146327309615044,0.3082753556385869,0.4030638039112091,Equities
1924,NOR,true,0.20196231063055198,0.15721168632779947,0.20681867003440857,Equities
2017,GBR,true,0.18043216959359398,0.11692851689146117,0.14069999754428864,Equities
1961,FRA,true,0.20813557760193813,0.21179526236466245,0.049007512629032135,Equities
1888,ITA,true,0.10610865627325174,0.10717711305978389,0.03579999879002571,Equities
1922,NLD,true,0.2448035692628564,0.17104794215897712,-0.22420945763587952,Equities
2007,ITA,true,0.07012862806631283,0.002650088798462867,-0.04195459187030792,Equities
1985,ITA,true,0.32010440503907145,0.2741954889496297,0.9993825554847717,Equities
1949,FIN,true,0.11713107645965236,-0.1912498120777534,0.42893654108047485,Equities
1976,ITA,true,0.15115350491832638,0.47896617792931884,-0.07536392658948898,Equities
1902,NOR,true,0.06168029560410566,0.06823496958597842,0.014985128305852413,Equities
1935,DEU,true,0.2607128758116083,0.23790282212088906,0.16027472913265228,Equities
1948,FRA,true,0.023151125230979418,0.8091472395790908,-0.10739078372716902,Equities
2015,ITA,true,0.05469874505567514,0.14076183688276872,0.17594458162784576,Equities
1939,PRT,true,0.028753798071801923,0.10805283864807932,-0.07837256789207458,Equities
2001,GBR,true,-0.14437768360062853,-0.14458799832396918,-0.13219822943210602,Equities
2011,NOR,true,-0.042164863951183185,-0.023992023121655905,-0.1245565339922905,Equities
1921,ESP,true,0.029176740564178467,0.22336391798594935,-0.050043996423482895,Equities
2004,PRT,true,0.1603472336471501,0.11354620735258107,0.1799686998128891,Equities
2009,AUS,true,0.2551995575370867,-0.0037789649552544278,0.3957807421684265,Equities
1904,BEL,true,0.15522345622802708,0.15650651008757688,0.13691067695617676,Equities
1969,JPN,true,-0.03456307894700535,-0.026459008208114997,0.3406941294670105,Equities
1978,CHE,true,0.10225822027080425,-0.07174316214801167,-0.005118068773299456,Equities
1932,DEU,true,0.038637637002847156,-0.07655745613084759,0.13711504638195038,Equities
1986,FIN,true,0.3031277208077427,0.2938162608421059,0.6566540598869324,Equities
2014,BEL,true,0.11433278681543455,0.20463517556447358,0.17930616438388824,Equities
1971,NOR,true,0.14347308924400196,0.11090474372110826,-0.18755298852920532,Equities
1931,PRT,true,-0.28546972310013874,-0.279848189387129,-0.27711933851242065,Equities
1976,ESP,true,0.15175152621380367,0.3187838732378837,-0.10935620218515396,Equities
1945,PRT,true,0.2027612524572439,0.19473922893769477,0.07121516019105911,Equities
1905,FRA,true,0.1392468596618218,0.14282755446975473,0.05404086410999298,Equities
2001,CHE,true,-0.14178876189794537,-0.14528933674139533,-0.2202742099761963,Equities
1940,FRA,true,0.038601044019093436,0.18918605780304293,0.47404372692108154,Equities
1997,CHE,true,0.2829791492734808,0.3175704590355497,0.5518854260444641,Equities
2017,ESP,true,0.18123851380285644,0.07829308778725474,0.09719999879598618,Equities
1975,PRT,true,0.37710843283926976,0.48879933935101866,-0.4430306553840637,Equities
1903,ESP,true,-0.0009790945155610867,-0.002413498914227964,0.05404460430145264,Equities
1961,DEU,true,0.21182622343741586,0.16358182512721595,-0.06964285671710967,Equities
1880,FRA,true,0.15424020465101868,0.15652238073991548,0.2264171540737152,Equities
1908,ITA,true,0.13828859988862477,0.13558344162002725,-0.03350000083446503,Equities
1984,BEL,true,0.13209655505987783,0.199346615110059,0.2465037703514099,Equities
1903,PRT,true,-0.0017640329204344427,-0.025390647448475252,0.09644003212451935,Equities
1896,JPN,true,0.08478098066133971,0.018293647810483225,0.5441056489944458,Equities
1980,ITA,true,0.22959659700846244,0.4358339340997288,0.8384684920310974,Equities
2015,AUS,true,0.0577533094296803,0.15240951808270675,0.025605125352740288,Equities
1927,SWE,true,0.24337726418351258,0.24664628954165707,0.2639649510383606,Equities
1913,ESP,true,-0.030207167415688317,-0.028199898295936734,0.027530286461114883,Equities
1894,NOR,true,0.08752603902846498,0.08514090337371408,0.04417264461517334,Equities
1909,DNK,true,0.1340091117901694,0.13354021297756763,0.113736592233181,Equities
2018,NOR,true,0.04248239688306434,0.09092889591087708,-0.00019999999494757503,Equities
1885,USA,true,0.024652588418850447,0.024829851497619935,0.2534562349319458,Equities
1948,NOR,true,0.02145080881919901,0.2087310999890153,0.10969834029674531,Equities
1994,PRT,true,0.014318741745624078,-0.023994154342226463,0.08415631204843521,Equities
1917,JPN,true,0.01104207106631587,0.003313366679540339,-0.06729060411453247,Equities
1950,ITA,true,0.20839505039552525,0.2840544248663657,0.09795109927654266,Equities
1980,CHE,true,0.24506410562523478,0.3988869809598159,0.06066768616437912,Equities
1923,DNK,true,0.060091756640541304,0.18943128618386118,0.17091070115566254,Equities
1944,NLD,true,0.13593217925749673,0.1292603685360467,0.06342857331037521,Equities
1924,ESP,true,0.20391496132891357,0.2636860718750109,0.09121785312891006,Equities
1957,NOR,true,-0.04971562153329631,-0.061575525005477985,-0.11735989898443219,Equities
1899,FRA,true,0.06873406773106164,0.06927242677632696,0.035471394658088684,Equities
1958,SWE,true,0.318469517289684,0.2897854158267521,0.22361476719379428,Equities
1927,FIN,true,0.2352262535066302,0.2570354230647174,0.740195095539093,Equities
1905,SWE,true,0.13276406007764358,0.13815429994371864,0.14681892096996307,Equities
1917,NLD,true,0.00633857027104856,0.005214540957456923,0.15254339575767517,Equities
1998,DEU,true,0.19522781311370296,0.1396176904712437,0.1553555130958557,Equities
1939,DNK,true,0.025161504358897323,0.08001761288130885,0.08144742250442505,Equities
1907,NOR,true,-0.06924742256185168,-0.06466547917649311,0.062408175319433205,Equities
1943,BEL,true,0.1798077427903377,0.17365345030387425,-0.08733639121055603,Equities
1908,ESP,true,0.13679189435266426,0.15236398011940613,0.04249191656708717,Equities
2004,NOR,true,0.15641664882242748,0.08136683215201986,0.3844534158706665,Equities
2009,ESP,true,0.25622723889873317,0.26077410387855443,0.3560526967048645,Equities
2014,ITA,true,0.1170944587832861,0.20739684753232535,0.03466249629855156,Equities
1970,FIN,true,0.005848332255912445,0.0008167269104541568,0.24894042313098907,Equities
1975,FRA,true,0.3640199731333217,0.33084638172538106,0.3195025324821472,Equities
1971,GBR,true,0.10767292563436968,0.07035045108839628,0.4660159945487976,Equities
2008,FRA,true,-0.38263644693048815,-0.3503443919406741,-0.408925473690033,Equities
1892,SWE,true,0.03432802672049751,0.02405665421519334,0.10843373090028763,Equities
2000,ITA,true,-0.024686780926720116,0.007601657973280282,0.08858243376016617,Equities
1871,FRA,true,0.296242319447263,0.31514597561174656,0.22127811610698703,Equities
1963,DNK,true,0.18080553674367789,0.18346717769242715,-0.0029285233467817302,Equities
1926,BEL,true,0.14701337920198856,0.6739761855030265,0.636900782585144,Equities
1960,BEL,true,0.04297926759507502,0.04169377040223838,-0.13784801959991455,Equities
1978,FRA,true,0.08305078287931963,0.0010339265366955189,0.6209439635276794,Equities
1937,ITA,true,-0.13128392491022223,0.18520791520045676,0.12190339714288712,Equities
2016,BEL,true,0.04106001187080144,0.06637860663661509,-0.02419999986886978,Equities
1976,FIN,true,0.1521824850097196,0.12765623905705228,-0.13385243713855743,Equities
1975,ITA,true,0.369584315377992,0.39487496079415707,-0.019697628915309906,Equities
1988,DNK,true,0.17450400065524918,0.28648409376135836,0.15420204401016235,Equities
1938,ITA,true,0.044011929419577496,0.027611595729485156,-0.01621580682694912,Equities
1886,NOR,true,0.07676653202189779,0.07089765481783256,0.005631010048091411,Equities
1989,FIN,true,0.26379024469450374,0.17029194956334667,-0.1548997461795807,Equities
1991,AUS,true,0.07732082357523876,0.10571712304283905,0.2750000059604645,Equities
1967,PRT,true,0.20028022652471503,0.17273401072275446,-0.04398572444915772,Equities
1960,DEU,true,0.030313497901775448,0.0343691643358659,0.37916263937950134,Equities
1945,FIN,true,0.20001643783570158,2.3271046160452573,1.056167721748352,Equities
2009,FIN,true,0.26049982874102273,0.26493523253596635,0.26212233304977417,Equities
1983,JPN,true,0.31293084026877926,0.22728657082664872,0.2230827361345291,Equities
1979,FRA,true,0.15640327902990053,0.0868722295204877,0.09008408337831496,Equities
1962,DEU,true,-0.06408818043439181,-0.0656883268663247,-0.21530503034591672,Equities
1932,CHE,true,0.046078143530161826,-0.05476591798657197,0.051598332822322845,Equities
1957,DEU,true,-0.054063734038103654,-0.05622399189836966,0.07799005508422852,Equities
2016,NOR,true,0.03724347460490382,0.005453286420852282,0.18199999630451202,Equities
2002,DNK,true,-0.22080893442249966,-0.29660938240438856,-0.20234304666519168,Equities
1910,FIN,true,0.0070240310576331,0.007109723604010427,0.04567369818687439,Equities
2019,DEU,true,0.13364448871569015,0.15418471117973312,0.22769999504089355,Equities
1965,DEU,true,0.09375169804196107,0.10174833228721088,-0.11891141533851624,Equities
1890,PRT,true,0.006793569637503282,0.006398229804209565,-0.13252456486225128,Equities
1970,FRA,true,0.012726809995294134,0.012600872901574644,-0.0876227542757988,Equities
1953,ESP,true,0.08442760943246617,-0.011443876175560808,0.041314754635095596,Equities
1961,BEL,true,0.20509999079186975,0.21072844221083117,0.1671425849199295,Equities
1915,SWE,true,0.1444309307962494,0.01573213128645018,0.18652290105819702,Equities
2007,CHE,true,0.06943069847570028,0.03353253880337088,-0.0005397464265115559,Equities
2008,DEU,true,-0.3822595788679743,-0.35044544818478235,-0.4257866144180298,Equities
1891,SWE,true,0.032894269779329466,0.029652845212571086,0.045340050011873245,Equities
1940,CHE,true,0.047023387416005834,-0.016534306900420192,0.03621809557080269,Equities
1893,PRT,true,-0.01133164118020712,-0.03967674500824647,0.006866922602057457,Equities
1942,DNK,true,0.18454955526223663,0.09867813382774955,0.13024911284446716,Equities
1903,NLD,true,-0.00045649096017445073,-0.0018918817753647912,0.02581818401813507,Equities
1893,DNK,true,-0.012725785577558334,-0.016607870370745254,0.07704534381628036,Equities
1884,FRA,true,0.004575293573167671,0.002742289492906329,0.051439400762319565,Equities
1924,CHE,true,0.20341445536493136,0.15866642152577998,0.12084880471229553,Equities
1952,NOR,true,0.1337001362761126,0.03191546076461506,-0.020789096131920815,Equities
1980,JPN,true,0.2739887987799269,0.05507322296028434,0.06383026391267776,Equities
1973,DEU,true,-0.03876605995997805,-0.15769844076454187,-0.15124717354774475,Equities
2010,DNK,true,0.10317724206234824,0.19827811452443833,0.32678353786468506,Equities
1974,DEU,true,-0.2487590481635119,-0.3190784610148817,0.024214988574385643,Equities
1951,ESP,true,0.23538218093817684,0.24339196092589005,0.1954616755247116,Equities
2005,JPN,true,0.1658814681626184,0.23799451106067718,0.15390020608901978,Equities
2001,NLD,true,-0.1424154823009652,-0.11968871600769353,-0.19217999279499054,Equities
1888,FRA,true,0.11452897710992091,0.11357732764930306,0.03794721141457558,Equities
1901,FRA,true,0.07872716598018847,0.07801039062133137,-0.05437985435128212,Equities
1995,CHE,true,0.17617435829163808,0.043712084771215444,0.23059991002082825,Equities
1922,ITA,true,0.235637467588789,0.20094879907474045,0.2778649926185608,Equities
1942,FIN,true,0.1809975978606813,0.18229053822803074,0.30703994631767273,Equities
1954,NOR,true,0.4544657700421324,0.48358801103372073,0.29333731532096863,Equities
2017,PRT,true,0.18300722100878353,0.08006179499318165,0.0017832271987572312,Equities
1919,AUS,true,0.12167742261186112,0.12873903599253483,0.18700000643730164,Equities
1906,DEU,true,0.09924817337219821,0.10974661123279497,0.05856289342045783,Equities
1945,JPN,true,0.20001643783570158,0.9151444585646604,0.038293447345495224,Equities
1907,FRA,true,-0.07240521178767302,-0.07123924108581335,0.01749630831182003,Equities
1975,ESP,true,0.37552998729402065,0.4182678173435431,-0.1133933886885643,Equities
1939,SWE,true,0.031433956267678184,0.02073888360544077,-0.1976119428873062,Equities
1959,NOR,true,0.24919664138719144,0.2497664403613129,0.13141898810863495,Equities
1928,PRT,true,0.27236855292768664,0.43176879976848237,0.24935969710350037,Equities
1910,PRT,true,0.008664151447899945,-0.047028928829655765,-0.052463382482528687,Equities
1977,DNK,true,-0.012208771751606864,0.01654247026374526,0.07841011136770248,Equities
1994,NOR,true,0.013748169805621626,-0.024946740405530063,0.1140637993812561,Equities
1998,DNK,true,0.19786333940109008,0.14629585880134416,-0.03903428465127945,Equities
2002,JPN,true,-0.22601303253839472,-0.24571196926771605,-0.16842016577720642,Equities
1898,NOR,true,0.09640368396233562,0.09874659361934296,0.040412865579128265,Equities
1951,AUS,true,0.24085142470600407,0.2444671431623299,-0.04600000008940697,Equities
1954,FIN,true,0.45924695681890165,0.3078063047328746,0.05448929965496063,Equities
1895,DEU,true,0.09837386499714977,0.09528631039935044,0.1318591684103012,Equities
2001,FIN,true,-0.14027648387679376,-0.11756376585551404,-0.30624720454216003,Equities
1925,PRT,true,0.18541473017029927,-0.17219121463597148,0.014110464602708817,Equities
1926,ESP,true,0.15486431362947367,0.10599874827267727,0.17691169679164886,Equities
1899,DEU,true,0.06921084554381365,0.07239365780647186,0.03726273402571678,Equities
2018,PRT,true,0.042490587971525454,0.07936805214483202,-0.0006527925143018365,Equities
2008,CHE,true,-0.38570935852588206,-0.4254936106943469,-0.3404650092124939,Equities
1978,DEU,true,0.098327572633995,-0.01027828055307968,0.11918660998344421,Equities
1871,DEU,true,0.26917570048618616,0.25879025259191646,0.37325242161750793,Equities
1985,ESP,true,0.3325046668425763,0.3197926868924928,0.3446483910083771,Equities
1894,JPN,true,0.08350258251887359,0.032232859076576664,0.24448436498641968,Equities
1995,SWE,true,0.17694867486223684,0.0636333478172219,0.2063262164592743,Equities
1963,PRT,true,0.17760773267234742,0.18036850366369317,0.1605657935142517,Equities
1907,ITA,true,-0.06917974427381345,-0.07026045292858811,0.059099998325109475,Equities
1946,SWE,true,0.028167192414101136,-0.12762996668015297,0.14259809255599976,Equities
2009,FRA,true,0.25868028613719596,0.2633014057720904,0.2903197407722473,Equities
1972,ESP,true,0.25841565838964775,0.215518919962223,0.34751248359680176,Equities
1885,ITA,true,0.0638565379824275,0.07017879512866299,0.10835161805152893,Equities
1979,BEL,true,0.15552012611149277,0.10070435426834569,0.10138563811779022,Equities
1936,BEL,true,0.27083412715636096,0.376979477556375,0.2667202055454254,Equities
2002,GBR,true,-0.22025416480914695,-0.24876635552750748,-0.22260260581970212,Equities
1946,NOR,true,0.03190948316513588,0.40938081745605975,-0.02608033455908299,Equities
1925,DNK,true,0.185270371356699,-0.021704767593978724,0.02256849966943264,Equities
1997,NOR,true,0.2888101478502255,0.39136010807254207,0.3677644729614258,Equities
1937,AUS,true,-0.12883569344686635,-0.1454722242320965,0.024000000208616257,Equities
1908,NOR,true,0.13688132384609725,0.12403721904428053,0.037951331585645676,Equities
1908,PRT,true,0.13767095452550615,0.27412755389504384,-0.002140421885997057,Equities
1987,NOR,true,0.17550683641562045,0.1745558767503449,-0.10823144018650055,Equities
2012,GBR,true,0.1546050283506078,0.13271329013978278,0.12145595997571947,Equities
1976,NOR,true,0.14770800702136874,0.06470556746955672,0.12048246711492538,Equities
2016,GBR,true,0.03775987312243474,0.243439674756435,0.15410000085830688,Equities
2008,BEL,true,-0.3807679370850066,-0.34975262452293143,-0.5605587363243103,Equities
1967,CHE,true,0.18965030765150398,0.16650878058031957,0.4719082415103913,Equities
1996,DEU,true,0.2345227391691494,0.3076150456039923,0.22141863405704498,Equities
1968,NLD,true,0.19074986587473045,0.19385309555796645,0.3461647033691406,Equities
1967,FIN,true,0.19963903272547384,0.5414742077332834,-0.01286714151501656,Equities
2000,BEL,true,-0.022675299744568188,0.009392663453857673,0.02351401560008526,Equities
2020,DNK,true,0.09578840551094076,0.021811366698616014,0.30570000410079956,Equities
1938,DEU,true,0.046159185775424404,0.01605153038100471,-0.027276359498500824,Equities
1985,CHE,true,0.32741153670234097,0.1850185832588685,0.6135658025741577,Equities
1904,AUS,true,0.15632572342047715,0.15512438838511802,0.07500000298023224,Equities
1975,SWE,true,0.36312876784124193,0.4182173021235339,0.34351393580436707,Equities
1945,NOR,true,0.20654609745012614,0.2907134425403072,-0.10638986527919769,Equities
1987,FRA,true,0.1783305486495117,0.15618987381540012,-0.2375866919755936,Equities
1888,BEL,true,0.10392501820939538,0.1049368108707413,0.1556205302476883,Equities
2014,FIN,true,0.11570515569670445,0.2060075444457437,0.10742779821157455,Equities
1899,FIN,true,0.06710754959761683,0.07734076630185907,-0.013396113179624082,Equities
1968,AUS,true,0.1907124635688844,0.2024981563058317,0.3479999899864197,Equities
2017,CHE,true,0.1790749742822832,0.17737144993428086,0.2004999965429306,Equities
1899,DNK,true,0.06736708329805448,0.07134698568139408,-0.025713680312037468,Equities
1966,FRA,true,-0.06024396051689038,-0.06066602249470853,-0.1716182827949524,Equities
1989,DEU,true,0.25405330766866735,0.1346544118750191,0.3148202896118164,Equities
1905,DEU,true,0.13681497945745213,0.1415932186729507,0.08828467130661011,Equities
1900,FRA,true,0.08279495968043793,0.08037014154982014,0.039699506014585495,Equities
1972,SWE,true,0.2628678960142593,0.23553214071420106,0.14547640085220337,Equities
2017,SWE,true,0.18103090327215626,0.11159824602281716,0.10840000212192535,Equities
1877,BEL,true,0.05054992802061845,0.059082705045486406,0.0018992917612195015,Equities
1947,ESP,true,0.015455704547087517,0.40249916170096844,0.43663299083709717,Equities
1931,JPN,true,-0.2948149224953114,-0.31993375767980403,0.12479005753993988,Equities
2006,FRA,true,0.194943182129091,0.12012396949813661,0.22560936212539673,Equities
1995,DEU,true,0.18143257516652922,0.10731221556659219,0.0699237659573555,Equities
1908,BEL,true,0.13716382598192622,0.1232704969002683,0.023607909679412842,Equities
1935,FRA,true,0.26268805042208254,0.23519999713573814,0.00704527460038662,Equities
1977,DEU,true,-0.01722441436398326,-0.10246016126663128,0.12450765818357469,Equities
1980,DEU,true,0.24773017686266963,0.4226967860306784,0.03376498818397523,Equities
1934,BEL,true,0.07410004155434591,-0.07918398118996259,-0.188296839594841,Equities
1988,BEL,true,0.1675200447818869,0.2782572551504787,0.5234041213989258,Equities
2016,JPN,true,0.04391423424559701,-0.001454162601336947,0.005200000014156103,Equities
1929,JPN,true,-0.06854249316514402,-0.06352754058312349,-0.10819262266159058,Equities
1993,SWE,true,0.21946837455237397,0.4309262715548136,0.5664348602294922,Equities
1967,AUS,true,0.19061684478495253,0.1605517536571122,0.425000011920929,Equities
1950,DEU,true,0.21250057217672644,-0.15753241218126768,-0.08310543745756149,Equities
1924,JPN,true,0.20420089805429675,0.3834936073756961,0.07428982853889465,Equities
1983,DNK,true,0.28882225426397506,0.45547422784984803,0.8164311051368713,Equities
1997,DNK,true,0.28745191812728765,0.4059240057654282,0.4376201927661896,Equities
1960,ITA,true,0.03532373190535649,0.03910182630968878,0.23027563095092773,Equities
1918,CHE,true,0.17670760988206097,0.07431863540968928,0.05055472999811172,Equities
1961,ESP,true,0.20274339582664613,0.19937486835074375,0.2837013304233551,Equities
2019,AUS,true,0.13440688195463021,0.14095712598102192,0.23810000717639923,Equities
1924,SWE,true,0.20242957138678447,0.14200529455425015,0.17915590107440948,Equities
1921,DNK,true,0.03225668885704569,-0.065253276307869,-0.207868292927742,Equities
1914,JPN,true,-0.026209628715769807,-0.02311163304254934,-0.03165173903107643,Equities
1963,JPN,true,0.17930704477396592,0.12717214298630422,0.10704467445611954,Equities
1989,PRT,true,0.25482068210597786,0.22236010140537585,0.3168845474720001,Equities
1892,FRA,true,0.040389760337852826,0.02844560323782929,0.0007818816811777652,Equities
1977,FRA,true,-0.007157465945005045,-0.032022111839054034,-0.16803032159805298,Equities
1933,SWE,true,0.3161891329902655,0.04006244802404013,0.190476194024086,Equities
1970,NLD,true,0.011607278544134673,0.003805893823931694,-0.044182926416397095,Equities
1949,PRT,true,0.12962771051261446,0.3753748314722588,-0.10967759788036346,Equities
2002,NOR,true,-0.21870281192018387,-0.353568971749717,-0.31086254119873047,Equities
1925,ESP,true,0.1847848369337583,0.14982484296691095,0.05101613700389862,Equities
2005,NLD,true,0.1616803306254022,0.24964290350629373,0.3031788468360901,Equities
1892,ITA,true,0.03693514265465011,0.043239757636777496,-0.025999998673796654,Equities
1952,CHE,true,0.131341462656333,0.14436703053202546,0.0836869552731514,Equities
1928,NOR,true,0.2750201457296398,0.2692592273689404,0.10436251759529114,Equities
2015,FRA,true,0.053820309757253784,0.14247936105995807,0.1194460019469261,Equities
1922,ESP,true,0.23682815545461794,0.16301762737669678,0.21264490485191345,Equities
1934,DNK,true,0.06405839875736474,0.007308685483128609,0.23683631420135498,Equities
2019,ESP,true,0.13669018676954436,0.15681832570741383,0.1623000055551529,Equities
1999,DNK,true,0.2711852067970101,0.43926654044672214,0.23249000310897827,Equities
1989,FRA,true,0.2543877480905644,0.13726510130296896,0.30861103534698486,Equities
2017,AUS,true,0.18124564659413564,0.13889537088595477,0.12319999933242798,Equities
1951,CHE,true,0.23538503703025246,0.250468169841114,0.19533558189868927,Equities
1962,GBR,true,-0.07882229144250022,-0.0788778673989255,0.003789731068536639,Equities
1981,AUS,true,0.05432664553348679,0.0015974155878861872,-0.0033732643350958824,Bonds
2005,CHE,true,0.05799638098472564,0.12886638317153035,0.06502807885408401,Bonds
1970,FIN,true,0.09396437212262915,0.08904901410270731,0.07030094414949417,Bonds
1928,AUS,true,0.08020153834371793,0.08201761120722102,0.04486045241355896,Bonds
1986,GBR,true,0.16816314961649695,0.30374090928985265,0.1253899335861206,Bonds
1991,DEU,true,0.1685980116800777,0.2009134647752555,0.11170704662799835,Bonds
1933,SWE,true,0.03104149099375055,-0.13977921386420278,0.12513376772403717,Bonds
1955,AUS,true,-0.019987220278074445,-0.02468086073685869,-0.09786063432693481,Bonds
1991,ESP,true,0.1631738044299828,0.17291085641133996,0.1810174584388733,Bonds
1937,FRA,true,-0.017027850442955676,0.445887198356768,-0.03756151720881462,Bonds
1895,JPN,true,0.0654314087395591,0.31822180099482517,0.05791351199150085,Bonds
1927,SWE,true,0.08415909129592372,0.14849057437021315,0.08100447803735733,Bonds
1914,FRA,true,0.027633883989933647,0.010067442818095325,-0.14229680597782135,Bonds
1925,FRA,true,0.02599329414427361,0.17801150146174982,-0.020186226814985275,Bonds
1961,FIN,true,0.0030453537045362963,-0.01888306982910952,0.0025950074195861816,Bonds
1997,PRT,true,0.13246653617620072,0.23056360808360077,0.15183506906032562,Bonds
1917,FIN,true,0.009951577447348035,-0.14329339125842896,-0.20455399155616763,Bonds
1924,ESP,true,0.06405445605477744,0.08623777900546613,0.048107050359249115,Bonds
1913,SWE,true,0.010465621954233163,0.007954975503058723,-0.033870846033096313,Bonds
1903,PRT,true,0.017290256213179072,-0.005248224979904436,0.0673527494072914,Bonds
2020,FRA,true,0.07480386296527135,0.015646543375269585,0.039300255477428436,Bonds
1877,SWE,true,0.03613391208427635,0.05032032670548195,0.05031075328588485,Bonds
1907,NOR,true,0.02085300022939856,0.026877629079275028,-0.02424251101911068,Bonds
1887,PRT,true,0.025658261161021805,0.0251120456600236,0.0880332961678505,Bonds
1946,SWE,true,0.023809416845558217,-0.10462116633341925,0.027112483978271484,Bonds
1932,NLD,true,0.2216507115693609,0.08949636259599564,0.23947642743587494,Bonds
1994,SWE,true,-0.07466598398156817,-0.10998755278173457,-0.11582450568675995,Bonds
1917,SWE,true,0.00981152132201883,-0.15921402942268584,0.006782425567507745,Bonds
1931,FIN,true,-0.015577040361213648,0.24247000273927072,0.0839056670665741,Bonds
2004,FRA,true,0.05558823704836187,0.013878570691596018,0.14477097988128662,Bonds
1999,NOR,true,-0.02984813656092998,0.04253943836495747,-0.004694001283496618,Bonds
2016,ESP,true,0.053648183378864865,0.08105261349934491,0.055494289845228195,Bonds
1893,ITA,true,0.04087396752891084,0.0882364498950222,0.05136119946837425,Bonds
2015,SWE,true,0.001102413426556476,0.06043971442845762,0.004289864096790552,Bonds
1953,ITA,true,0.05601606820823689,0.05583115992482779,0.029031870886683464,Bonds
1944,ESP,true,0.0365719476140885,0.0347870412898668,0.08768846839666367,Bonds
1980,CHE,true,0.035102290984341304,0.16907092630347403,0.022679021582007408,Bonds
1943,AUS,true,0.030644796180088092,0.026283476536677293,0.05429811775684357,Bonds
1971,FRA,true,0.16853096358596723,0.11554429495653143,0.04328281804919243,Bonds
1941,PRT,true,0.06700002948625558,0.005191129476911846,0.0885000005364418,Bonds
1912,JPN,true,0.0073483710011634906,0.008211410464992913,-0.009020470082759857,Bonds
1935,FRA,true,0.003039691650510618,-0.02037662843144411,0.003634041640907526,Bonds
1956,JPN,true,-0.045433178733850194,-0.03972214405093995,0.06340000033378601,Bonds
1887,JPN,true,0.027324527730349636,0.01921244398639461,0.05892271175980568,Bonds
1937,NLD,true,-0.018737894958399583,0.12378605912604673,0.033293209969997406,Bonds
1875,SWE,true,0.07865320155658106,0.08139107023707137,0.021185800433158875,Bonds
2015,FRA,true,0.0011758806602630931,0.0884609713616327,0.00014310303959064186,Bonds
1900,NLD,true,0.036016257366436925,0.03369657066958812,-0.006991000380367041,Bonds
1971,CHE,true,0.1634638686767343,0.09520458338421522,0.10269123315811157,Bonds
1933,ESP,true,0.029178489428220288,-0.2561071543292884,0.11161752790212631,Bonds
1926,FRA,true,0.04544987886197394,0.5369197185448188,0.12870529294013977,Bonds
1897,DNK,true,0.03968908841297759,0.0408635244339234,0.04773869365453721,Bonds
2002,DEU,true,0.11123665424012788,0.01328706266107621,0.09019169956445694,Bonds
1881,BEL,true,0.04402982796924285,0.05316967938919948,0.053281500935554504,Bonds
1937,AUS,true,-0.017163767888376154,-0.038617530315645375,-0.012195300310850143,Bonds
1907,DEU,true,0.024556005318500274,0.02329107397358377,0.0033281177747994657,Bonds
1934,DNK,true,0.1981860940294008,0.18938770508610597,0.05061368644237518,Bonds
1963,FRA,true,0.007186515154932896,0.007144811831562614,0.03117374144494534,Bonds
1951,GBR,true,-0.034346810973395814,0.01455465451018029,-0.0968373119831085,Bonds
2010,CHE,true,0.061613517581309056,-0.009597963682514829,0.05230806767940521,Bonds
2011,SWE,true,0.1179928557310322,0.1558359397903349,0.2058551162481308,Bonds
1962,NOR,true,0.10714788424885424,0.10863790043944631,0.05300138518214226,Bonds
1966,FIN,true,0.03808283044243174,0.03737560096671968,0.08137177675962448,Bonds
1986,DNK,true,0.16890113479620966,0.08446321260461379,-0.08035556972026825,Bonds
1903,AUS,true,0.019422163715095003,0.021763737537940246,-0.014857573434710501,Bonds
2016,SWE,true,0.053661176213175794,0.12333296676711981,0.061364196240901954,Bonds
2008,JPN,true,0.18504514759415747,-0.09472427352994664,0.054805245250463486,Bonds
1924,FIN,true,0.06362922287979016,0.11652441731614843,0.16715435683727264,Bonds
1983,DNK,true,0.07582984796183319,0.202326970841952,0.6857261061668396,Bonds
1896,DNK,true,0.0434771521585346,0.04151433690606765,0.029999999329447746,Bonds
1901,AUS,true,0.03923162576929767,0.03698276038518239,0.0019368263892829418,Bonds
1913,ITA,true,0.005589751453975709,0.009523455882363661,0.04191797599196434,Bonds
1993,FIN,true,0.19850970863748837,0.31386263941531084,0.38025516271591187,Bonds
1945,NOR,true,0.11204466531529028,0.19152206711552533,0.07674066722393036,Bonds
1923,DNK,true,0.02404486316880658,0.10205096271475281,-0.024561403319239616,Bonds
1965,DNK,true,0.011665665274174671,0.00764057961448686,-0.03618421033024788,Bonds
1992,FIN,true,0.10183137923061972,0.33230141630738536,0.18678277730941772,Bonds
2010,JPN,true,0.07230153854317492,-0.07592382834894584,0.0391831174492836,Bonds
1976,ESP,true,0.12349469269704122,0.26644752500056706,0.10709350556135178,Bonds
1966,FRA,true,0.040251305901839965,0.03952413471932627,-0.02921862341463566,Bonds
2013,DNK,true,-0.04374650983623668,-0.11666996946263175,-0.06716862320899963,Bonds
1929,SWE,true,0.06290284470299014,0.04896546036870817,0.09110783785581589,Bonds
1901,FIN,true,0.03822950158761929,0.033439706154051084,0.13073888421058655,Bonds
1999,FIN,true,-0.029680100002681502,0.1451415712034373,-0.06379954516887665,Bonds
2013,DEU,true,-0.046768677813668315,-0.12465669295516676,-0.0048566716723144054,Bonds
1891,JPN,true,0.022098805370948535,0.01646332909746782,0.16563737392425537,Bonds
1927,NLD,true,0.08514794989487978,0.1614288646307142,0.032375022768974304,Bonds
2009,PRT,true,-0.040167007663294535,-0.059222296786543865,0.052625346928834915,Bonds
1972,ITA,true,0.045764991672768394,0.023290681239353846,0.05711907893419267,Bonds
1984,SWE,true,0.1490433953612063,0.20825039184478,0.13980066776275635,Bonds
2017,FIN,true,0.020323988904964625,-0.060047451203897866,-0.019234921783208847,Bonds
1932,BEL,true,0.22661264205757253,0.0986398123585198,0.0038182763382792473,Bonds
1875,DNK,true,0.07841287907266516,0.08293365983652629,0.04594594612717628,Bonds
2007,ITA,true,0.0423240812463727,-0.026099297815507357,0.018521400168538094,Bonds
1926,NOR,true,0.058010335530071684,-0.1944520459370512,0.09469062834978104,Bonds
1902,AUS,true,0.03720546719917778,0.04795744406464645,0.004963635001331568,Bonds
1934,AUS,true,0.2008368182086477,0.18553739555694465,0.0723716989159584,Bonds
1968,NOR,true,0.007701406582391231,0.006666647343197836,0.05072949454188347,Bonds
1954,SWE,true,0.06537928809359297,0.049690266332767186,-0.022504508495330807,Bonds
1919,ESP,true,-0.009544250758673037,-0.10151759968996878,0.05979105830192566,Bonds
1932,PRT,true,0.22260844265930108,0.45604359823818513,0.11359299719333649,Bonds
1897,PRT,true,0.041346926081893276,0.1757909237788514,-0.016730910167098045,Bonds
1922,DEU,true,0.12285534711421914,21.192508125554458,0.047298237681388855,Bonds
1956,FRA,true,-0.04521222028609462,-0.008625960167746999,-0.0335666760802269,Bonds
1877,USA,true,0.04862491145981164,-0.020597975262030544,-0.010721578262746334,Bonds
1988,BEL,true,0.07711208928288892,0.16900341450699702,0.06990482658147812,Bonds
1947,ESP,true,-0.05401473787288816,0.3237702030095614,-0.00249754567630589,Bonds
1947,PRT,true,-0.05381267237920763,-0.08880718439521465,-0.03083561360836029,Bonds
1908,ESP,true,0.0454022951276402,0.05926162046288885,0.06476330757141113,Bonds
1872,SWE,true,0.0869354289815549,0.07881057175984485,0.062040749937295914,Bonds
1940,CHE,true,0.10558660048252462,0.03662543858491773,0.017672305926680565,Bonds
1986,FRA,true,0.16373677781315715,0.12488910635860034,0.2203206866979599,Bonds
2000,PRT,true,0.09753928681490777,0.11409081414179778,0.07950299978256226,Bonds
1957,NOR,true,0.038511110250737564,0.027682662070957417,0.01450980640947819,Bonds
1990,GBR,true,0.04818755544400835,-0.06825807699014619,0.08210886269807816,Bonds
1993,DNK,true,0.19874519234329605,0.29025793919253495,0.26268067955970764,Bonds
1881,PRT,true,0.041420329601046975,0.06474089345526178,0.13932812213897705,Bonds
1877,BEL,true,0.03539992632977544,0.04638562012461486,0.0697764977812767,Bonds
1901,ESP,true,0.03443774839437359,0.112308472325907,0.07742112129926682,Bonds
1929,DNK,true,0.06303900606032904,0.05917219661649025,0.06361323595046997,Bonds
1885,ITA,true,0.04906379785507677,0.05366755285799804,0.05971667170524597,Bonds
1896,FRA,true,0.04229703944181384,0.035621724251309696,0.04569881036877632,Bonds
1937,SWE,true,-0.017372048065855815,-0.06144675379726688,0.04812340810894966,Bonds
1897,JPN,true,0.039843654720984584,0.07327013504379623,0.02832316793501377,Bonds
1997,ITA,true,0.1268405921785974,0.2072622390622021,0.19460085034370422,Bonds
1910,FIN,true,0.026971075283834602,0.028396879061030715,0.09842497855424881,Bonds
1934,FRA,true,0.19634308125691757,0.04783467746977238,0.20516248047351837,Bonds
1954,CHE,true,0.06518828557487522,0.06240024476481396,0.031547416001558304,Bonds
1948,PRT,true,0.02688599221185346,0.1092797461780849,-0.03181665763258934,Bonds
1972,DNK,true,0.04653587370656208,0.014123010502764132,0.09866905957460403,Bonds
2018,GBR,true,0.004642045336098339,0.06103708013051451,0.022330274805426598,Bonds
1963,FIN,true,0.007811591795588755,0.006831426828700129,0.15624721348285675,Bonds
1961,GBR,true,0.022075222016134807,0.023609436467835074,-0.079440176486969,Bonds
1963,ITA,true,0.00859018729482388,0.011527717819679206,-0.009039239957928658,Bonds
1936,NLD,true,0.0397047960694408,0.07069730705110627,0.11624212563037872,Bonds
1948,SWE,true,0.02689679814129753,0.2547710262153402,0.01451479084789753,Bonds
1972,FRA,true,0.04473348559740017,0.04420761293608302,0.0898943617939949,Bonds
1976,DEU,true,0.12452311292689852,-0.01363478128799167,0.11145351082086564,Bonds
1966,SWE,true,0.03810836085156641,0.037398304446869785,0.05028808116912842,Bonds
1951,PRT,true,-0.04554720571289271,-0.05662515833398445,0.10825735330581665,Bonds
1929,AUS,true,0.06549998020245637,0.11522379093752788,-0.01681390590965748,Bonds
1999,AUS,true,-0.029586185425927905,-0.07473128074049185,-0.0689505934715271,Bonds
1949,SWE,true,0.039778262157529276,1.0103632132919833,0.05448630824685097,Bonds
1912,FRA,true,0.014794066815087454,0.013629672124550768,-0.01954321376979351,Bonds
1886,USA,true,0.07308710461353025,0.07432805676247023,0.039073556661605835,Bonds
2012,DEU,true,0.06896689436839226,0.02190768824797909,0.046400036662817,Bonds
2014,DNK,true,0.18184921502570156,0.25170802577417073,0.1434582769870758,Bonds
1931,ITA,true,-0.022695512183850252,-0.05230917066925415,0.07599309831857681,Bonds
1940,JPN,true,0.10888324567769851,0.1638347445678635,0.029784230515360832,Bonds
2001,ITA,true,0.04746355353446568,0.038393959492629186,0.06520403921604156,Bonds
2005,FIN,true,0.05801848113187373,0.12180839569664674,0.07093699276447296,Bonds
1883,DEU,true,0.029027760106330548,0.031857199861908374,0.046306971460580826,Bonds
1932,ESP,true,0.22507309652620747,0.2931851798122919,0.0973108783364296,Bonds
1884,USA,true,0.06084595451384629,0.06282398041521856,0.021898141130805016,Bonds
1996,BEL,true,0.08316500632981064,0.1294834126184508,0.13658398389816284,Bonds
1959,ESP,true,-0.001094107625408498,0.018121037448739757,0.04792387783527374,Bonds
1944,JPN,true,0.037289060017518263,0.035331605223418314,0.03759999945759773,Bonds
1981,PRT,true,0.053491522430752614,0.17732478706328147,0.09528250992298126,Bonds
1924,BEL,true,0.0636648873373301,0.1318483652030628,0.06463775783777237,Bonds
1908,NLD,true,0.0473152082556366,0.04317486520252944,0.03700454533100128,Bonds
1956,PRT,true,-0.044847726311079736,-0.038226767283392464,0.024568142369389534,Bonds
1906,FRA,true,0.03432225402012246,0.05607178476471247,-0.01088752131909132,Bonds
1993,NOR,true,0.19873684318930707,0.2935621567880608,0.3273673355579376,Bonds
1950,FIN,true,0.008694917529714416,0.4223136440747616,-0.030275873839855194,Bonds
1998,JPN,true,0.14716034787437046,0.05059270826229834,0.024724364280700684,Bonds
1927,DNK,true,0.08414298571175155,0.13768987388556522,0.08446866273880005,Bonds
1892,FRA,true,0.035224077094983104,0.019953974650647143,0.0690501481294632,Bonds
1937,BEL,true,-0.018228007359046207,-0.04253579119504887,0.04506854712963104,Bonds
1982,FRA,true,0.2584726262433673,0.3852050925667668,0.21635621786117554,Bonds
1980,NLD,true,0.035205535161977906,0.17265162696855002,0.025301935151219368,Bonds
1986,ESP,true,0.1669725562548678,0.13608690413759167,0.12416651099920273,Bonds
1973,NLD,true,-0.02643951429158023,-0.12403578412356528,-0.08628728985786438,Bonds
2003,NOR,true,0.011288511891320307,0.07516645717793705,0.15575510263442993,Bonds
1952,BEL,true,0.01987440881618697,-0.009388481920366822,0.06213293969631196,Bonds
1894,PRT,true,0.05569451817431888,0.0883875550976941,0.16121454536914825,Bonds
1901,CHE,true,0.03816772381901393,0.032058426636813235,0.10005735605955124,Bonds
1939,DEU,true,0.00870264763242612,-0.027205950052688888,0.04571683332324028,Bonds
1909,ESP,true,0.0435671321229321,0.016869355475401488,0.061131976544857025,Bonds
1995,PRT,true,0.214137619930848,0.158033484793905,0.24956780672073364,Bonds
1981,FIN,true,0.053509665613878925,0.0854760164967176,0.127841979265213,Bonds
2014,ITA,true,0.18076333623060722,0.26094201296338526,0.1959235817193985,Bonds
1955,FRA,true,-0.024354523908848406,0.020180382214495217,0.07533801347017288,Bonds
1932,CHE,true,0.2230882412852188,0.09558653551127473,0.04856889322400093,Bonds
1908,NOR,true,0.04699193049347342,0.03393167693031279,0.0683213472366333,Bonds
1910,SWE,true,0.02709332587602015,0.027317131235689282,0.005447224248200655,Bonds
1993,CHE,true,0.19941694241060942,0.21109303061473655,0.1819738894701004,Bonds
1971,FIN,true,0.16280043789797138,0.1990071419188465,0.08557595312595367,Bonds
1944,FRA,true,0.0356788418831063,0.03385707641708091,0.08315281569957735,Bonds
1968,CHE,true,0.007243121686647373,0.0007837032180080016,0.0594896525144577,Bonds
1959,NOR,true,-0.0009446160916219207,-0.00042878004446139303,0.05356393754482269,Bonds
1972,ESP,true,0.04621926603378416,0.006557807818125773,0.09501674026250839,Bonds
2015,PRT,true,0.0007963651079362401,0.08380777897807563,0.0533071979880333,Bonds
1887,DNK,true,0.02770791427331309,0.025690310806075475,0.027918782085180283,Bonds
1975,DEU,true,0.11240190777125808,0.17189992010026364,0.1349460780620575,Bonds
1967,PRT,true,-0.009165675057869301,-0.03668759308987034,-0.036815326660871506,Bonds
1907,FIN,true,0.020681030707427203,0.026309578552030935,0.033391889184713364,Bonds
1902,CHE,true,0.03631857557715758,0.0481535341652502,0.03958592563867569,Bonds
1988,SWE,true,0.07568745708892413,0.08918230925877693,0.17240767180919644,Bonds
1946,NLD,true,0.023835164475012997,1.3622263580874039,0.02176697552204132,Bonds
1930,NOR,true,0.09461907069460163,0.09167343823274249,0.09857284277677535,Bonds
1954,FRA,true,0.06391718193056325,0.05774986320500036,0.0900198072195053,Bonds
2013,NLD,true,-0.04403534342094752,-0.11750367083004101,-0.029589669778943062,Bonds
1879,FRA,true,0.07854230497801881,0.08132107057023501,0.10677671432495117,Bonds
1940,DNK,true,0.10507361198254549,0.09960467426409178,0.08516483008861542,Bonds
1919,DEU,true,-0.007176765079092968,2.052715191180299,0.06736224889755249,Bonds
1966,PRT,true,0.03830230465832954,0.04300395547673935,-0.020784780383110046,Bonds
1902,FRA,true,0.04426670072915628,0.05795011318091477,0.014787100255489351,Bonds
1963,SWE,true,0.008012976967641833,0.010320286653739345,0.016485746949911118,Bonds
1887,NOR,true,0.027677403333266702,0.025152967876598452,0.044257424771785736,Bonds
1890,DEU,true,0.06004339293866361,0.05624745297610509,0.0009446745971217752,Bonds
1935,AUS,true,0.002705255778520382,0.012078997019851599,0.021961230784654617,Bonds
2012,SWE,true,0.0676641924683974,-0.014532109749128259,0.024127259850502014,Bonds
1926,ESP,true,0.0586834288099579,-0.03498661198236231,0.039843037724494934,Bonds
1889,ITA,true,0.05878223053341926,0.05590820417098249,0.030614517629146576,Bonds
1995,ESP,true,0.2133549104181704,0.1339081931103359,0.2522870898246765,Bonds
1892,ITA,true,0.044762783307352755,0.052990302172038456,0.060412853956222534,Bonds
1985,DEU,true,0.21129658035706117,0.06397995716097812,0.10259690135717392,Bonds
1943,BEL,true,0.03073784193262636,0.03018810178170335,0.06017499789595604,Bonds
1898,SWE,true,0.019973780341481878,0.015858180674537134,0.015217000618577003,Bonds
1948,CHE,true,0.02685368749317782,0.033828451151414834,0.02395438589155674,Bonds
1968,FIN,true,0.0071688400923253905,0.006135250319928826,0.32572320103645325,Bonds
1889,PRT,true,0.05493495292050565,0.05747438036224055,0.04522020369768143,Bonds
1905,NOR,true,0.06315658605977668,0.07527692782297475,0.03427551314234734,Bonds
2017,DEU,true,0.020690223299245594,-0.06401466594947047,0.011384469456970692,Bonds
1964,ITA,true,0.03384565352160974,0.03759022990543964,0.054807785898447044,Bonds
1906,CHE,true,0.023320630331928157,0.03926343311424181,0.03706636279821396,Bonds
2003,JPN,true,0.032822054663828745,0.017244500601226273,-0.027012040838599205,Bonds
1981,SWE,true,0.052527420920849194,0.22051537347577713,0.12233752012252808,Bonds
1894,FRA,true,0.057699380910892516,0.05034742851164263,0.06084715202450752,Bonds
2000,AUS,true,0.09715695841717797,0.21785309838958733,0.17290611565113068,Bonds
1950,SWE,true,0.008915852631853374,-0.033300711371156894,-0.042044226080179214,Bonds
1959,AUS,true,-0.0016592661746568371,-0.0009411537984811511,0.07289112359285355,Bonds
1990,CHE,true,0.050036081271185126,-0.05724718966751148,0.002926075831055641,Bonds
1983,ITA,true,0.07323395497174848,0.2460306922433449,0.17824819684028625,Bonds
1893,USA,true,0.043139380851683534,0.031934464319923445,0.02944769896566868,Bonds
1956,DNK,true,-0.045027114230426074,0.013693318432969585,0.043887149542570114,Bonds
1979,AUS,true,-0.006495751060505353,0.02730877358381779,0.007620513904839754,Bonds
1981,NOR,true,0.05457718371631431,0.07371350828587045,-0.06170299649238586,Bonds
1941,CHE,true,0.06706518836276729,0.05929940312296096,0.06097387149930001,Bonds
1951,ESP,true,-0.04576007831579746,-0.04674522844126067,0.034093569964170456,Bonds
1872,DEU,true,0.08956379560405693,0.08058371972151956,0.0497431755065918,Bonds
2019,JPN,true,0.11315343638554817,0.09219279684054278,0.046603456139564514,Bonds
1985,GBR,true,0.20445834322038087,0.08610272870328597,0.19918380677700043,Bonds
1996,DNK,true,0.08406959772238705,0.11280202452004093,0.11511840671300888,Bonds
1984,FRA,true,0.14608996126734475,0.23533119528741925,0.2182217240333557,Bonds
1996,CHE,true,0.0846442165087107,0.21663738283783318,0.05100618302822113,Bonds
1885,PRT,true,0.05184061781253633,0.05043979986906041,0.012740037404000759,Bonds
1991,GBR,true,0.16281532196960544,0.21283618159416462,0.18482428789138794,Bonds
2018,CHE,true,0.005505621483934145,0.004713693818035875,0.008491598069667816,Bonds
1922,JPN,true,0.12414581088944185,0.24623516675700816,0.05954737216234207,Bonds
1947,CHE,true,-0.05460723292469319,0.06296393125269095,0.030030973255634308,Bonds
2007,AUS,true,0.04033281568278165,-0.019240970350417955,0.027799386531114578,Bonds
1945,ESP,true,0.11274415606352428,0.10686766442757174,0.06095123291015625,Bonds
1919,DNK,true,-0.006905917030603713,0.20666079594723016,-0.13732394576072693,Bonds
1951,SWE,true,-0.04579669272936917,-0.04297402559352525,0.0339583195745945,Bonds
1936,NOR,true,0.04197907562230216,0.024566239114970814,0.031275659799575806,Bonds
1950,DEU,true,0.008272515424354579,-0.29178004087439025,0.03701186180114746,Bonds
1872,BEL,true,0.08727683138385503,0.09113453043228098,0.059205584228038795,Bonds
1928,NOR,true,0.07908102143326859,0.07644198579181233,0.08460476994514465,Bonds
1873,BEL,true,0.0481126472003341,0.03272917951435653,-0.08932191878557207,Bonds
1967,CHE,true,-0.009984159939939192,-0.034174716229277265,0.05555327981710434,Bonds
2004,DNK,true,0.060927991371163046,0.011025115981982778,0.08519765734672546,Bonds
2007,NLD,true,0.04069441415509957,-0.022783845003562724,0.012221183627843857,Bonds
1933,JPN,true,0.029907278906791252,0.3960374290359777,0.09757560491561891,Bonds
1892,SWE,true,0.04715198069202364,0.03766617871872775,0.032037243247032166,Bonds
2009,DNK,true,-0.039757235430827466,-0.04310523522582008,0.005764995235949755,Bonds
2006,DEU,true,0.0011555499737825718,-0.07340037886346228,0.002688172273337841,Bonds
1909,SWE,true,0.04494501164595838,0.047585357177847405,0.06483808159828186,Bonds
1928,PRT,true,0.0786679007038347,0.21449529884128013,0.18215951323509216,Bonds
1890,FRA,true,0.014530865446803768,0.013231195097704632,0.12223191559314728,Bonds
1898,PRT,true,0.020988225416446054,0.09636163479164489,-0.019161514937877655,Bonds
1994,ESP,true,-0.07400498666415897,-0.08161641904170899,-0.12512464821338654,Bonds
1951,BEL,true,-0.046472334726766276,-0.015180799210215012,0.04145427793264389,Bonds
1909,AUS,true,0.045590860774005086,0.04484948755379925,0.025407500565052032,Bonds
1962,ITA,true,0.1082848292885438,0.10742040257678422,0.06267280876636505,Bonds
1994,DEU,true,-0.07930087309427511,-0.1186592649626436,-0.02513912878930569,Bonds
1955,BEL,true,-0.02177348038005024,-0.02149657227682138,0.040223944932222366,Bonds
1920,NOR,true,-0.04994958598721667,0.20011888786328247,-0.07522138208150864,Bonds
1976,JPN,true,0.12841062893930374,0.060243852231555005,0.08122211694717407,Bonds
1984,DEU,true,0.15004246857782996,0.24917107374952127,0.13191428780555725,Bonds
1905,SWE,true,0.0633126763763472,0.07425015101612097,0.004962155129760504,Bonds
1971,DNK,true,0.1627163669196723,0.13863488726710027,0.14233244955539703,Bonds
2002,CHE,true,0.1094354570227561,0.0009262433185140105,0.13740773499011993,Bonds
1921,NOR,true,0.09958749507913287,0.08623279537537745,0.08229251950979233,Bonds
1920,DNK,true,-0.050183866827018024,0.2692181571390995,0.01731601729989052,Bonds
2000,ESP,true,0.09768453664992824,0.11451397881732767,0.08714491873979567,Bonds
2000,ITA,true,0.09898690882769882,0.11672215071018853,0.07741548120975494,Bonds
1948,FRA,true,0.026824279753088986,0.8591564579099339,-0.05598824471235275,Bonds
1966,JPN,true,0.037794779062688494,0.03164129247189282,0.07102128118276596,Bonds
2019,FRA,true,0.09801110605946839,0.12149753173611913,0.07744557410478592,Bonds
1900,AUS,true,0.03537247376844985,0.0345058765953318,0.01996787264943123,Bonds
1910,JPN,true,0.023230075481822446,0.027091846077512055,0.09290012717247009,Bonds
1943,FRA,true,0.031203154380301426,0.030637594534338872,0.022032812237739563,Bonds
1991,PRT,true,0.1632543968282432,0.18066349920491798,0.2303956151008606,Bonds
1930,FRA,true,0.09245531825353843,0.08218360492653573,0.10396109521389008,Bonds
1961,SWE,true,0.002798977533695829,0.006586987572110252,0.03352135792374611,Bonds
1955,ESP,true,-0.02129718646664939,-0.023595900048446562,0.04316599667072296,Bonds
1962,FIN,true,0.10641329319707798,0.1069487308593642,0.5089685320854187,Bonds
1920,PRT,true,-0.050019459908973204,1.3219107803420744,0.10332467406988144,Bonds
1970,JPN,true,0.09476946258808372,0.10708405459611234,0.06650999188423157,Bonds
2020,ITA,true,0.06970414201032632,0.010637268042555801,0.1256023347377777,Bonds
2007,SWE,true,0.04066589220209349,0.0213193673643613,-0.010816063731908798,Bonds
1900,FRA,true,0.032664006941091686,0.027981680415430865,0.040602002292871475,Bonds
1923,CHE,true,0.024047636979494583,0.01979143544979696,-0.0005320432246662676,Bonds
1992,NLD,true,0.10030260702903615,0.11151213192683498,0.17519345879554749,Bonds
1984,JPN,true,0.15422201683624404,0.17091369431548392,0.1300048530101776,Bonds
2019,PRT,true,0.09711658475272798,0.11945660691174816,0.05840226262807847,Bonds
1957,SWE,true,0.03855908834033795,0.029551940024078995,0.0228301789611578,Bonds
1977,DNK,true,0.11044746219779787,0.18582677896259858,0.017880035564303398,Bonds
1989,PRT,true,0.08712193602833147,0.09006937526858633,0.12068135291337967,Bonds
1986,AUS,true,0.1658368338670157,0.3554613917703814,0.22134605050086975,Bonds
1901,ITA,true,0.03562422372467891,0.008360262856139911,0.05570000037550927,Bonds
2015,CHE,true,0.0008387844083472124,-0.025817480556718148,0.04209879785776138,Bonds
1909,BEL,true,0.04602672033377209,0.05274535765960231,0.0117541728541255,Bonds
1983,ESP,true,0.08094184418331007,0.28032896261174917,0.10193490982055664,Bonds
1899,SWE,true,0.009108543426560244,0.019332847358729102,-0.006546963471919298,Bonds
1984,CHE,true,0.14990380023360006,0.27645919348884684,0.03260357677936554,Bonds
2009,FRA,true,-0.03783353570641618,-0.058115956270519735,-0.0640435665845871,Bonds
1974,SWE,true,0.00036469999250324757,-0.0955403458603439,0.0249515101313591,Bonds
1891,DEU,true,0.022063054510310553,0.018819795247373074,0.03385338559746742,Bonds
1923,SWE,true,0.02390872670556785,-0.014569954726365278,0.03435167297720909,Bonds
1914,DEU,true,-0.030499426529716444,-0.004902391328771719,0.04550050571560859,Bonds
2016,PRT,true,0.05423164371524521,0.08106045533055703,-0.03536726534366608,Bonds
1954,JPN,true,0.06487722053481401,0.03752757846813303,0.06320000439882278,Bonds
1883,SWE,true,0.03060246877222418,0.03506165037453624,0.04633832350373268,Bonds
1998,BEL,true,0.10758148131839688,0.09601676415923292,0.17192663252353668,Bonds
1929,ESP,true,0.06455972634452124,0.20063105558364383,0.012517832219600677,Bonds
1944,SWE,true,0.03724070799098813,0.03547014352906958,0.049230966717004776,Bonds
1995,ITA,true,0.2142597543546358,0.19801151389562469,0.214763343334198,Bonds
1985,SWE,true,0.20572217884766109,0.1563204844888026,0.10996286571025848,Bonds
1969,FRA,true,-0.02945268440556884,0.09786655607395367,-0.032305166125297546,Bonds
2010,PRT,true,0.06269291507659457,0.17342004745824086,-0.12443201988935469,Bonds
1977,NOR,true,0.11129841354439021,0.17871441259712073,-0.010584969073534012,Bonds
1996,FRA,true,0.07867715915522801,0.10554794902543004,0.17583270370960236,Bonds
1889,NOR,true,0.05460136817068897,0.05488085975987469,0.05418900400400162,Bonds
1978,NLD,true,0.032480952824680026,-0.027177623556440905,0.051091283559799194,Bonds
1954,NOR,true,0.06496658313857459,0.08385343545817843,0.010689872317016125,Bonds
1954,ITA,true,0.06504639301963129,0.08115337939798789,0.05572429299354553,Bonds
2005,NLD,true,0.05789867671428106,0.12235372581588871,0.06985080987215042,Bonds
1961,AUS,true,0.002560852748366137,0.004019455000464501,0.041182514280080795,Bonds
1933,CHE,true,0.031583652157486264,-0.009928969643476004,0.037287913262844086,Bonds
1977,BEL,true,0.10897327276982532,0.0852707744840758,0.16404473781585693,Bonds
1978,ITA,true,0.023076158079695076,0.06881322344088724,0.1428711861371994,Bonds
1945,FRA,true,0.11505239322640774,0.1950381047868949,0.018398543819785118,Bonds
1966,ESP,true,0.038091997013598486,0.03304117598986486,0.04981051757931709,Bonds
1967,FIN,true,-0.009207128500634251,0.2622877939993443,-0.015854932367801666,Bonds
2020,PRT,true,0.07322671683718557,0.017097499964846857,-0.001965335803106427,Bonds
1982,NLD,true,0.25356917419335934,0.2484709095466805,0.36074990034103394,Bonds
1970,FRA,true,0.10303818053084046,0.10335693820975055,-0.0968756452202797,Bonds
1961,BEL,true,0.0020082072899666953,0.006491116292031181,0.0623239167034626,Bonds
1890,USA,true,0.05732077976588899,0.0549935444802746,-0.016784312203526497,Bonds
2002,FRA,true,0.1106200033440248,0.014678273152106439,0.09355005621910095,Bonds
1894,NOR,true,0.058760425762364135,0.05352795175483845,0.07716841250658035,Bonds
1940,FIN,true,0.10517127576533467,0.17170550460422526,0.04699999839067459,Bonds
1960,CHE,true,0.07698566344916133,0.07329220051713368,0.05846892669796944,Bonds
1908,PRT,true,0.04856313685988024,0.17343339693243123,-0.013795306906104086,Bonds
1996,JPN,true,0.08924959823701065,0.21029218817026346,0.07175596803426743,Bonds
1978,DNK,true,0.03222752302921797,-0.006205164593640997,0.21741901338100433,Bonds
1924,FRA,true,0.09155897753273586,0.22549553181922566,-0.0348542183637619,Bonds
2000,FRA,true,0.09790240015309842,0.11520440801025708,0.08872941136360168,Bonds
2007,PRT,true,0.0404611541775293,-0.022545511438764092,0.015394825488328934,Bonds
1917,PRT,true,0.00854010964334015,0.0874124942389333,0.12113074958324432,Bonds
1945,FIN,true,0.11201280516723118,2.0909924618349485,0.04699999839067459,Bonds
1946,NOR,true,0.023808046345390958,0.4292489712993509,0.05255947262048721,Bonds
1973,JPN,true,-0.02997198101928713,-0.07592412461403196,-0.001894754939712584,Bonds
1945,DNK,true,0.11204379241810525,0.1078853928964073,0.07366889715194702,Bonds
1961,CHE,true,0.002723400042007546,0.00813153775946895,0.036640580743551254,Bonds
1962,GBR,true,0.07526251038652652,0.07694182694781439,0.2477676272392273,Bonds
1992,SWE,true,0.10202663135321699,0.33879635634412075,0.11286837607622147,Bonds
1913,FIN,true,0.010174441427777195,0.008956251040477103,0.060660172253847115,Bonds
1972,JPN,true,0.04418067413462437,-0.0014366408156380106,0.0875796228647232,Bonds
1902,DEU,true,0.03543346783659605,0.04993567522940102,0.040763821452856064,Bonds
1991,CHE,true,0.16435871214235806,0.23164130864376908,0.08829621970653534,Bonds
1940,ITA,true,0.1071710307950173,0.07586600256842962,0.07215236872434616,Bonds
1994,AUS,true,-0.07473142277975252,-0.1368373546905352,-0.1244513988494873,Bonds
1876,SWE,true,0.03010106685165472,0.030129127040735924,0.016022861003875732,Bonds
1892,NOR,true,0.04707897113180267,0.038760672447641586,0.050385117530822754,Bonds
1912,AUS,true,0.006494411950198231,0.0061046747209484225,0.004786519333720207,Bonds
1958,PRT,true,0.018268315965198345,0.013293177428789861,0.070846326649189,Bonds
1993,ITA,true,0.17949904766010397,0.37830625853509725,0.4020310938358307,Bonds
1965,JPN,true,0.011039586577171431,0.02752302660639151,0.07354000210762024,Bonds
1934,NOR,true,0.19806537378484587,0.4485589374391059,0.12095054984092712,Bonds
2001,NLD,true,0.04874885979597367,0.040225229171168754,0.048151370137929916,Bonds
1987,AUS,true,0.03709900678523536,0.11659115275103626,0.16009521484375,Bonds
1915,SWE,true,0.0045069370017272155,-0.1394328177356585,0.04592936486005783,Bonds
1889,DNK,true,0.05467514418328604,0.05845515161775671,0.030303029343485832,Bonds
1913,JPN,true,0.008858588601037179,0.00828094018266927,0.03375234454870224,Bonds
1915,NLD,true,0.006278215593416499,-0.06318044872039283,-0.059014588594436646,Bonds
1998,ITA,true,0.10266116112569904,0.09440988779080174,0.17690575122833252,Bonds
1878,BEL,true,0.0509101192022174,0.06005064284291878,0.043411947786808014,Bonds
1996,ITA,true,0.06112883456174159,-0.028644276913663152,0.31477782130241394,Bonds
1965,PRT,true,0.011473422430781971,0.00764234814494537,0.05126461386680603,Bonds
2020,CHE,true,0.07327938699522481,0.010472058735317775,-0.009036127477884293,Bonds
1938,JPN,true,0.04280733806708951,0.020585875658584205,0.0535585843026638,Bonds
1891,PRT,true,0.031105382857299517,0.10541756969078545,-0.17992033064365387,Bonds
1954,FIN,true,0.06488613077941477,-0.0460247033862224,0.04940541833639145,Bonds
1937,ITA,true,-0.020754185986716443,0.34510586262954374,0.039642106741666794,Bonds
1997,FRA,true,0.12993335727141286,0.20131218446770366,0.17691382765769958,Bonds
1901,BEL,true,0.037436766882723765,0.012935542252127803,0.06926711648702621,Bonds
1926,DEU,true,0.05875695797927303,0.0008345014448080338,0.04826834797859192,Bonds
1905,ITA,true,0.06343824647235496,0.0709613954782631,0.060223549604415894,Bonds
1971,NLD,true,0.16520708175255996,0.09434596830508613,0.0712258592247963,Bonds
1880,USA,true,0.06922164119072917,0.06849478433041568,0.12775489687919617,Bonds
2016,AUS,true,0.05414603754807023,0.05662681088237628,0.014192426577210426,Bonds
1997,BEL,true,0.13320657431174182,0.21281276825097206,0.09938362240791321,Bonds
1895,ITA,true,0.04199436633076095,-0.008365172144996536,0.200765460729599,Bonds
1886,JPN,true,0.06842914825339812,0.20368112295138882,0.18288762867450714,Bonds
1964,ESP,true,0.03450457947929743,0.034454645197945236,0.03400472179055214,Bonds
1962,BEL,true,0.10690711469162584,0.10540376159406949,0.111630380153656,Bonds
1881,FRA,true,0.04627086273808986,0.058976436995399215,0.0395994707942009,Bonds
1902,SWE,true,0.03621485833468778,0.04791376007257956,0.06082236394286156,Bonds
1916,JPN,true,-0.039267123201720704,-0.12917796045646351,0.05272892490029335,Bonds
1909,NOR,true,0.04501929298341466,0.04649948544222039,0.056047409772872925,Bonds
2011,NLD,true,0.11828022343605508,0.16343944288398884,0.12897846102714539,Bonds
1961,DNK,true,0.003099169188131813,0.0029727787131015437,-0.02064896747469902,Bonds
2015,NLD,true,0.0011500157350528353,0.08462198275217214,-0.0014926785370334983,Bonds
1987,ESP,true,0.0363066619866969,-0.0029931975425329244,0.11574339121580124,Bonds
1919,NOR,true,-0.007108156661179511,0.26991112669050277,-0.03607730567455292,Bonds
1937,FIN,true,-0.017078308828192335,-0.03800687666682149,0.056400928646326065,Bonds
1872,FRA,true,0.08684276673317544,0.07891465050921458,-0.008292817510664463,Bonds
1910,DNK,true,0.02692509447332669,0.030155297385612775,0.04010694846510887,Bonds
1906,DNK,true,0.023336244146079314,0.04192863384046259,0.022842638194561005,Bonds
1953,PRT,true,0.05554439547349878,0.06375965313379282,0.0499403439462185,Bonds
1944,NLD,true,0.03757721272667392,0.03580025566118008,0.01251564733684063,Bonds
2014,BEL,true,0.18203012148168074,0.25809123026182257,0.15686185657978058,Bonds
1991,NLD,true,0.16467068029558943,0.19173584589374637,0.1239704117178917,Bonds
1980,FRA,true,0.03784420422972139,0.18486795474369652,-0.01986602507531643,Bonds
1948,FIN,true,0.026946565470316465,0.41310558205983683,-0.12867669761180878,Bonds
1942,BEL,true,0.038919881917651236,0.038525182709155004,0.05406656116247177,Bonds
1985,BEL,true,0.2023254144508853,0.08424157690020415,0.2775988280773163,Bonds
1906,FIN,true,0.023334866663763443,0.04463848701708696,-0.08158422261476517,Bonds
1943,ITA,true,0.03230212119025706,0.2321513580789682,-0.25339365005493164,Bonds
1888,ITA,true,0.0487957431800705,0.05007460790112202,0.031976934522390366,Bonds
1963,NLD,true,0.008815330689185757,0.008774447316838211,-0.033540476113557816,Bonds
1916,DEU,true,-0.050574859104204846,0.057218163471822715,0.04319523647427559,Bonds
2020,DEU,true,0.07491231491127148,0.01620096773991262,0.032080188393592834,Bonds
1904,SWE,true,0.01998051200425405,0.01702561311833484,0.033971209079027176,Bonds
1994,BEL,true,-0.07614979158154998,-0.12906892147965157,-0.03273160010576248,Bonds
1938,BEL,true,0.04575425761614131,0.008274654716488286,-0.12002300471067429,Bonds
1964,BEL,true,0.03470423715849064,0.03018395412839053,0.023207567632198334,Bonds
1921,PRT,true,0.09955460315495657,1.2458608651561318,0.2535931169986725,Bonds
1961,JPN,true,0.002637200532757773,-0.013209205467870522,0.06430000066757202,Bonds
1951,FRA,true,-0.04439153853914801,0.03099672431245697,-0.08233800530433655,Bonds
1983,NOR,true,0.080647863085856,0.12108657362575201,0.19336993992328644,Bonds
1892,DNK,true,0.047106227798390035,0.03912708328411917,0.040214475244283676,Bonds
1906,SWE,true,0.023375020494853203,0.045164991223287,0.014842246659100056,Bonds
1951,DEU,true,-0.04667701720265613,-0.05791842889230849,0.03591920807957649,Bonds
1931,BEL,true,-0.014470263725848701,-0.04646974570481583,-0.08202063292264938,Bonds
2015,DEU,true,0.0008769085978155948,0.08836447041853791,0.005129074677824974,Bonds
1982,PRT,true,0.2568360581791562,0.6084558356582931,0.16233877837657928,Bonds
1968,FRA,true,0.007732968245433304,0.006667129987358923,0.011067561805248262,Bonds
1995,DEU,true,0.2189270514825864,0.1392200698225415,0.16692912578582764,Bonds
1966,AUS,true,0.038329684459093745,0.04188515273565963,0.031027488410472866,Bonds
1905,FIN,true,0.0630384564020789,0.07359046246551561,0.09614947438240051,Bonds
1925,AUS,true,0.014054273986940915,-0.03492105887742017,0.08992226421833038,Bonds
1908,DEU,true,0.044512796104749015,0.04029003802698079,0.057571772485971444,Bonds
1998,SWE,true,0.10766790226051104,0.19911574247130798,0.21363328397274017,Bonds
1928,JPN,true,0.07945336866039635,0.10020434490079566,0.06799893081188202,Bonds
1951,NOR,true,-0.04547123221604557,-0.14422670431066895,0.006240263115614653,Bonds
1880,BEL,true,0.07770611922529952,0.0803754683213915,0.0644107237458229,Bonds
1945,ITA,true,0.11172364292029252,0.13272373368709225,0.17351789772510529,Bonds
1933,FIN,true,0.03152789789300827,0.04642823224316803,0.1659376323223114,Bonds
1916,PRT,true,-0.03701223731142069,-0.035135664115098345,0.06122194230556488,Bonds
1909,CHE,true,0.045057161136015975,0.04708222635774171,0.04698408022522926,Bonds
2000,DEU,true,0.09955501176991494,0.11723237536875808,0.06855292618274689,Bonds
2001,ESP,true,0.04854703996467396,0.0399587796734544,0.05825338512659073,Bonds
1918,SWE,true,0.07510210872149559,0.2721950960144905,-0.008810349740087986,Bonds
1993,GBR,true,0.19815198346679636,0.21590365584957877,0.22790634632110596,Bonds
1937,PRT,true,-0.017185041655163807,-0.03616664207499901,0.03589755669236183,Bonds
1958,FRA,true,0.01456815875874301,0.04455542628319979,0.11640352010726929,Bonds
1908,BEL,true,0.047857143970782265,0.0334851453475391,0.02055974490940571,Bonds
1912,ESP,true,0.0041631432992909265,-0.012370184355925655,0.03584335371851921,Bonds
1952,FRA,true,0.012585836189718282,0.005327482502478019,0.27172791957855225,Bonds
1993,FRA,true,0.19196507564663828,0.27247187867717493,0.3382056951522827,Bonds
2002,FIN,true,0.1096870033849073,0.018463523713567617,0.12214834988117218,Bonds
1912,SWE,true,0.006432079573023726,0.007380312007895668,0.008049319498240948,Bonds
1930,JPN,true,0.09615535536180288,0.012054366700602892,0.05337150022387504,Bonds
1901,PRT,true,0.03528427901639439,0.04246130985762716,0.15269798040390015,Bonds
1990,FIN,true,0.049401660864097634,0.007996852687754824,0.11544720828533173,Bonds
1874,SWE,true,0.0488413510647983,0.06746375450647886,0.043967172503471375,Bonds
1911,FRA,true,0.016654171355270316,0.016774657772384814,0.006021533627063036,Bonds
1992,CHE,true,0.1017452799885045,0.1271138721453137,0.1404396891593933,Bonds
1963,BEL,true,0.007603624982342384,0.009134078153279029,0.034408483654260635,Bonds
1986,NOR,true,0.16635358302364286,0.29150507918542085,0.14048552513122559,Bonds
1989,CHE,true,0.08858737111572264,0.09642933184300856,-0.0806799978017807,Bonds
1871,ITA,true,0.07214306999530254,0.09535100995550108,0.22110718488693237,Bonds
1932,SWE,true,0.2220245541048622,0.1380252296825888,0.24972330033779144,Bonds
1916,SWE,true,-0.036259982872219244,-0.10132686350597739,0.05905318260192871,Bonds
1995,CHE,true,0.21497699468565912,0.08124098554983153,0.1556437909603119,Bonds
1993,DEU,true,0.20350547799697136,0.2848373566873178,0.14661875367164612,Bonds
1959,ITA,true,-0.002798715026839406,-0.008573112399879125,0.0766841247677803,Bonds
1974,PRT,true,0.0007756094741862545,-0.030737703867879933,-0.04811182618141174,Bonds
1980,GBR,true,0.018170664372799614,-0.04825733009917028,0.1912524402141571,Bonds
2020,ESP,true,0.07344259962056855,0.01598386903761305,0.05083153396844864,Bonds
1919,PRT,true,-0.00772327287585187,0.036338416887227415,0.0680871531367302,Bonds
1976,AUS,true,0.12407647701616892,0.28437075821049856,0.07441657781600952,Bonds
2019,ITA,true,0.08828681731958671,0.11179702744915618,0.24425256252288818,Bonds
1924,DNK,true,0.06385254386814618,0.10484578470316705,-0.023872679099440575,Bonds
1959,FRA,true,-0.006682993094044675,-0.009590145006759612,0.1476273387670517,Bonds
1969,SWE,true,-0.029706033434397053,-0.029565853651274003,-0.007555223535746336,Bonds
2011,GBR,true,0.11503333084641479,0.13807813637694488,0.18407876789569855,Bonds
1956,ITA,true,-0.04642729411892668,-0.05930306449018123,0.029112018644809723,Bonds
1915,ESP,true,0.004137278786563908,-0.10727515083266081,0.014213294722139835,Bonds
2011,FIN,true,0.11842819574184364,0.16316281048140008,0.11286138743162154,Bonds
1903,DEU,true,0.015434755409174912,0.018246342713043484,0.03314999118447304,Bonds
1953,NLD,true,0.05506924941902036,0.03049718275233591,0.08535558730363846,Bonds
1980,FIN,true,0.03492715543014023,0.08194780305812072,0.0314629040658474,Bonds
1890,BEL,true,0.05124981652899094,0.05940793202554625,0.09577672183513641,Bonds
1897,ITA,true,0.03139319738670988,0.003996354092237574,0.0866222009062767,Bonds
1943,NLD,true,0.030531437867052556,0.02997925286571225,0.06776490062475204,Bonds
1945,BEL,true,0.11269362879659581,0.10687014191737404,-0.019574381411075592,Bonds
2018,FRA,true,0.005283402555844079,0.044269680774300386,0.009596725925803185,Bonds
1917,NLD,true,0.010279291468112156,-0.01393630869865287,-0.028616011142730713,Bonds
1944,AUS,true,0.03716546674139323,0.03499415787602616,0.04938143864274025,Bonds
1934,NLD,true,0.20022310600053503,0.07525065299058502,0.12409166991710663,Bonds
1987,NOR,true,0.037319222164472275,0.02169262767330009,0.15164756774902344,Bonds
1900,PRT,true,0.03148809562630763,0.014789677211718276,0.16888129711151126,Bonds
2013,GBR,true,-0.04277524868576052,-0.118107516183734,-0.06127094104886055,Bonds
1889,DEU,true,0.058035820417956144,0.06168620022688644,0.030128387734293938,Bonds
1962,FRA,true,0.10845747420191289,0.10758601629174011,0.06794358044862747,Bonds
2006,FRA,true,0.00009314273943147271,-0.0728435591593089,0.019455082714557648,Bonds
1959,FIN,true,-0.0009477243313981455,-0.03960752459332692,0.12545613944530487,Bonds
1903,CHE,true,0.01845018763309001,0.018581372311624576,0.028933629393577572,Bonds
1909,JPN,true,0.0388819611071301,0.0386469272438536,0.15564852952957153,Bonds
1949,CHE,true,0.03980637148007252,0.7352673743980718,0.04379802197217941,Bonds
1993,PRT,true,0.1993973747292617,0.4367298826009717,0.16162790358066556,Bonds
1905,JPN,true,0.06085720818796603,0.05850671354747207,0.11059436947107316,Bonds
1996,DEU,true,0.08514581973627483,0.13083991244514398,0.07546108961105347,Bonds
1885,USA,true,0.050505291425963154,0.04828144925190268,0.05115438997745514,Bonds
2002,AUS,true,0.10966708789283687,0.09315562296872223,0.1277306079864502,Bonds
1906,AUS,true,0.021765493029547316,0.03575411574021354,0.07954419404268265,Bonds
1976,BEL,true,0.12556341765543588,0.007704325755343307,0.0216154083609581,Bonds
1947,FRA,true,-0.04855763621634107,-0.19596950611048197,-0.21218143403530118,Bonds
2020,GBR,true,0.07363952729350767,0.08774560607757904,0.05752429738640785,Bonds
1890,SWE,true,0.05247115826876448,0.05351190681449109,0.009972483851015568,Bonds
2008,NOR,true,0.14096524712570827,0.5563642131491883,0.12445572018623353,Bonds
1965,FIN,true,0.011167873811059825,0.011539556114161024,0.18839555978775024,Bonds
1935,ITA,true,0.012922593522461055,0.037906896931610416,-0.12231557071208954,Bonds
1997,JPN,true,0.14219787224916744,0.20210046322967362,0.10779929161071777,Bonds
2005,FRA,true,0.052649622358741155,0.12019641976439388,0.14485499262809753,Bonds
1898,FRA,true,0.021642368296143716,0.015502939953445698,0.016473639756441116,Bonds
1909,FIN,true,0.045059518695473914,0.04554765167280621,0.1226339265704155,Bonds
1945,JPN,true,0.11201280516723118,0.779233828777152,0.03759999945759773,Bonds
2017,ESP,true,0.019812304463687244,-0.06271211059838042,0.03233438357710838,Bonds
2018,SWE,true,0.005415494816574084,0.08610577433384325,0.029907776042819023,Bonds
1944,ITA,true,0.03732062184845997,1.210985485894744,0.3295604586601258,Bonds
2013,SWE,true,-0.04366831831859086,-0.08781267916456095,-0.0732402354478836,Bonds
1928,CHE,true,0.07924219527093777,0.07903478008403715,0.047416362911462784,Bonds
1926,AUS,true,0.05865401701461398,-0.002836184068071526,0.041868820786476135,Bonds
1948,DNK,true,0.026848073463483845,0.26355739205226947,-0.02238805964589119,Bonds
1962,DNK,true,0.10704278626481463,0.1087771341251919,0.08333332836627959,Bonds
1959,CHE,true,-0.0014093619334679796,0.0019161901153103584,0.06524688005447388,Bonds
1900,BEL,true,0.035709615720565156,0.02528223776362927,0.0029913559556007385,Bonds
2007,NOR,true,0.0405176858813123,-0.05607253232766447,0.011821378022432327,Bonds
1996,NLD,true,0.08428988080482543,0.12913432787833112,0.08544904738664627,Bonds
1908,DNK,true,0.047138155890599706,0.03971055482448038,0.0234375,Bonds
2015,BEL,true,0.0008705121872549515,0.08432574848002412,0.022625360637903214,Bonds
1961,NLD,true,0.0020536849751344437,-0.04126100262784177,0.05962354689836503,Bonds
2020,NLD,true,0.07311755414802264,0.016789184905576147,0.03807523101568222,Bonds
1893,SWE,true,0.04224030225402618,0.034790915392174826,0.06985190510749817,Bonds
1990,DNK,true,0.04926526791379668,-0.01646089819637954,0.07979787886142731,Bonds
2017,BEL,true,0.02004517850249583,-0.06098889662194683,0.031766749918460846,Bonds
1978,ESP,true,0.03371112641280956,-0.021464977319968673,-0.038204897195100784,Bonds
2017,FRA,true,0.019214484953185312,-0.06581988697518967,0.03584440425038338,Bonds
1957,NLD,true,0.04078847884950905,0.028897627561584288,-0.1103704646229744,Bonds
1982,DEU,true,0.26304170159148643,0.24575886411337683,0.18569885194301605,Bonds
1944,FIN,true,0.037282134425135366,0.03551637734689088,0.04699999839067459,Bonds
1929,DEU,true,0.06383044180931403,0.05254942123850205,0.046711549162864685,Bonds
1981,NLD,true,0.05375872573162507,0.11068714336529958,0.05031965672969818,Bonds
1984,ITA,true,0.13885974336935258,0.2519969844193325,0.2706901431083679,Bonds
1938,AUS,true,0.04467742830279664,0.019525445544451098,-0.016877157613635063,Bonds
1992,ITA,true,0.10337319150058336,0.36883093886104235,0.09093836694955826,Bonds
1963,DEU,true,0.0063525544474410155,0.0003506998231059483,0.054772816598415375,Bonds
1931,JPN,true,-0.016392589114850142,-0.036134236704470524,0.0073433322831988335,Bonds
1924,ITA,true,0.04280235995031401,0.041024850853967065,0.28963640332221985,Bonds
2004,AUS,true,0.061003208618700025,0.06101415089045796,0.08236133307218552,Bonds
2011,PRT,true,0.1210962583678313,0.16597705002574828,-0.3133552074432373,Bonds
1976,NOR,true,0.12372147981827415,0.02755787291841432,0.07990678399801254,Bonds
1910,AUS,true,0.02677400134850185,0.028883059509396923,0.03399746119976044,Bonds
1964,GBR,true,0.047555877494395285,0.05002407927830071,-0.023651685565710068,Bonds
1929,CHE,true,0.06310758678464251,0.05565782284264506,0.04743756353855133,Bonds
1966,GBR,true,0.037325579699288874,0.04216871729396117,0.042148884385824203,Bonds
1910,ESP,true,0.025877204779585043,-0.004138856126169618,0.04076983407139778,Bonds
1884,NOR,true,0.056804319229312845,0.06281045314843464,0.07270190119743347,Bonds
1979,SWE,true,-0.006970425163026391,-0.04855984670437788,0.040875405073165894,Bonds
1963,AUS,true,0.007551162920043552,0.009796811037760339,0.049746498465538025,Bonds
1956,NLD,true,-0.04434759376652647,-0.041012227740985334,-0.07411324977874756,Bonds
2005,AUS,true,0.05804332513216809,0.03132249848124341,0.0635770782828331,Bonds
1964,SWE,true,0.03471214434170297,0.02390420841375961,0.003648468758910895,Bonds
1938,CHE,true,0.043175832739701145,0.010106245705866034,0.05638665333390235,Bonds
1918,ESP,true,0.07530995920396338,0.01719711837357075,0.05580171197652817,Bonds
1953,JPN,true,0.055541794960568075,0.11530892499284569,0.054999999701976776,Bonds
1895,FRA,true,0.08857648390934501,0.1041475966040404,0.021061200648546222,Bonds
1982,BEL,true,0.25803913101263815,0.44266881415010045,0.20092655718326569,Bonds
1958,NLD,true,0.01775036679327395,0.008355513400445644,0.054349418729543686,Bonds
1921,DNK,true,0.09927751234679966,-0.006975224617045977,0.24434389173984528,Bonds
1971,GBR,true,0.14587984149043104,0.11078794132888219,0.2690797448158264,Bonds
1903,BEL,true,0.018638017975288648,0.008242137981015358,0.012097341008484364,Bonds
2009,JPN,true,-0.061355235522744744,-0.020663652490508146,0.009677507914602757,Bonds
1891,DNK,true,0.02381835249141875,0.019956741168596755,0.005194805096834898,Bonds
1920,FIN,true,-0.04998875573945339,-0.0551524436312934,-0.07952019572257996,Bonds
1925,NOR,true,0.01575826221854584,-0.23498746703564719,0.09072430431842804,Bonds
1991,ITA,true,0.16375043980100762,0.20227219985674505,0.1626669317483902,Bonds
1943,DEU,true,0.01721049397545649,0.01644132161767408,0.06454386562108992,Bonds
1945,CHE,true,0.11254764214064478,0.10671810033215079,0.026013130322098732,Bonds
1914,AUS,true,-0.01580292794420355,-0.022320518872523818,0.034674618393182755,Bonds
1881,NOR,true,0.04420951921767013,0.05818644511090772,0.0379757322371006,Bonds
1899,DEU,true,0.0141441144539905,0.02353667669335778,-0.01499930489808321,Bonds
1925,PRT,true,0.01539032682670844,-0.30781660541805994,0.17120590806007385,Bonds
1912,NLD,true,0.006697246997935779,0.00618813879003514,-0.004241136834025383,Bonds
2012,ESP,true,0.06752070290524494,0.022414549722993962,0.06485568732023239,Bonds
2009,NOR,true,-0.039879644179811574,-0.1963949148845769,0.018877530470490456,Bonds
1983,BEL,true,0.07802949439749235,0.21492997498921776,0.20938289165496826,Bonds
1913,PRT,true,0.008249991711214488,0.058635999788337854,0.09128042310476303,Bonds
1876,DNK,true,0.030030457290684036,0.03146553994730057,0.013477089814841747,Bonds
1922,BEL,true,0.12326084386651293,0.19513147229487598,0.10920051485300064,Bonds
1973,PRT,true,-0.028518295017358364,-0.04138750495989794,0.14265696704387665,Bonds
1904,ESP,true,0.016627816654689636,0.03913456921718109,0.05990178138017654,Bonds
1947,FIN,true,-0.05383719711133632,-0.05290850472407649,-0.004599657841026783,Bonds
1956,BEL,true,-0.045588291050744044,-0.037095254769711074,0.010365473106503487,Bonds
1943,ESP,true,0.030786549647192178,0.0302329560555389,0.039807289838790894,Bonds
1883,USA,true,0.028132177372225658,0.02792367742918054,0.051595915108919144,Bonds
2019,DEU,true,0.0987760542011136,0.12207740022081215,0.05853414162993431,Bonds
2004,ESP,true,0.06016946627373896,0.0201710496798676,0.10246747732162476,Bonds
1958,BEL,true,0.0154111137361257,0.006763460741806601,0.2054984271526337,Bonds
1921,JPN,true,0.09992996972404625,0.1677455225717458,0.08325275778770447,Bonds
1876,FRA,true,0.030030457290684036,0.03494936915778871,0.10364202409982681,Bonds
1987,PRT,true,0.037396239734500576,0.07850026585663368,0.15005674958229068,Bonds
1953,AUS,true,0.055170522085843346,0.06347280626698322,0.0874667838215828,Bonds
1989,NLD,true,0.09032432268879662,0.021419663542323997,-0.02321000024676323,Bonds
1974,FRA,true,0.0020696782113196702,-0.039140867079461995,-0.02877856232225895,Bonds
1950,DNK,true,0.008684576382400059,0.07088231902864339,-0.02872062660753727,Bonds
2011,NOR,true,0.11830124040283913,0.15117591802816996,0.1530110388994217,Bonds
1941,BEL,true,0.0666531519475498,0.1396514407318182,0.10447195172309875,Bonds
1878,DNK,true,0.05072481141941143,0.059289829748803397,0.08285713940858841,Bonds
1892,BEL,true,0.0480646421722444,0.055561017526246335,0.007228630594909191,Bonds
1978,FIN,true,0.03260654198507045,0.1029821510721512,0.24730034172534943,Bonds
1929,JPN,true,0.06382771379737363,0.06743224506380369,0.03901367262005806,Bonds
1931,ESP,true,-0.015355365760635446,0.1602005555093013,-0.02272876724600792,Bonds
1985,NOR,true,0.20487250663958317,0.1385715611669359,0.07075813412666321,Bonds
2001,DNK,true,0.04870981974490427,0.03298536859576328,0.05423121899366379,Bonds
1901,FRA,true,0.041468137383057865,0.037494917839490896,0.029814645648002628,Bonds
1913,DNK,true,0.010232630911634616,0.005298940460223887,-0.005780347157269716,Bonds
1943,SWE,true,0.03097515791682745,0.030425261350158626,0.017523087561130524,Bonds
1946,ITA,true,0.023536141478933233,0.10461685762358229,0.07696724683046341,Bonds
1958,DNK,true,0.017886511999170095,0.011728135336806285,0.1834862381219864,Bonds
1879,SWE,true,0.07838475420087833,0.07653319399202986,0.10565196722745895,Bonds
2018,BEL,true,0.0055583662847739895,0.042785942613145514,0.002424935344606638,Bonds
1906,PRT,true,0.021334151447497396,-0.00932560543784749,0.09147219359874724,Bonds
2008,GBR,true,0.14014320385982765,0.6692803272364476,0.15972906351089478,Bonds
1972,AUS,true,0.045782267784040195,-0.025056642626256273,0.0883873850107193,Bonds
1975,CHE,true,0.11372567366155262,0.10710884015167568,0.14222437143325806,Bonds
2012,NLD,true,0.06684433611520149,0.02236961746228402,0.11316732317209244,Bonds
1960,JPN,true,0.07690638655790401,0.018330916705839903,0.06430000066757202,Bonds
2013,FIN,true,-0.04388458376826961,-0.11657763137057632,-0.02912985160946846,Bonds
1911,PRT,true,0.013118586440005844,0.010742500098968731,0.04851663112640381,Bonds
2000,NOR,true,0.0975366923890294,0.13579425440339454,0.0742870643734932,Bonds
1969,BEL,true,-0.029493246497249867,-0.036798817784804906,-0.03184523433446884,Bonds
1963,CHE,true,0.00802985086741409,0.007046070956132833,0.012087677605450153,Bonds
2000,GBR,true,0.09745446637810803,0.1183872050802248,0.09794456511735916,Bonds
1905,BEL,true,0.0641634602802832,0.06877038992628118,0.022577369585633278,Bonds
1905,DNK,true,0.06309941262905884,0.07259335803785905,0.040816325694322586,Bonds
1995,GBR,true,0.2157582472834793,0.2460128423903275,0.17560122907161713,Bonds
1990,ESP,true,0.047254388243930454,-0.00903916091693913,0.1391867697238922,Bonds
1911,JPN,true,0.016991165637811088,0.015334697258812941,-0.03735111281275749,Bonds
1927,BEL,true,0.08337448723397196,0.36401698461936055,0.12871266901493073,Bonds
1970,PRT,true,0.09404692234439586,0.09817854810501717,0.03003647178411484,Bonds
1937,DNK,true,-0.017175281943998973,-0.03817313765572139,0.03999999910593033,Bonds
1884,DEU,true,0.057519291247991336,0.05789186821643582,0.05099194496870041,Bonds
1873,FRA,true,0.04523344514406319,0.029247781219281625,0.16242556273937225,Bonds
1958,CHE,true,0.018236419972045975,0.019912291394840777,0.028065593913197517,Bonds
1896,BEL,true,0.043866604360496,0.06171951637711475,0.025933148339390758,Bonds
1885,BEL,true,0.049266780458909615,0.053472214543040825,0.1101175472140312,Bonds
1950,BEL,true,0.008296859225002437,0.05334252272893843,0.038445837795734406,Bonds
1920,SWE,true,-0.04974554721825525,-0.05889838172444019,-0.10597825795412064,Bonds
1913,NOR,true,0.01011109414016217,0.0070528425417589365,0.027203302830457687,Bonds
1980,BEL,true,0.03601505102534372,0.1791482618105433,-0.015812644734978676,Bonds
1909,PRT,true,0.04433536962267609,0.04237391350908458,0.07592784613370895,Bonds
1918,DNK,true,0.0746104965207189,0.07487941383295091,0.045614033937454224,Bonds
2013,JPN,true,-0.06460844969395196,0.16038852621955896,0.016943883150815964,Bonds
1975,FIN,true,0.11437580851737665,0.16456958536038824,0.053447939455509186,Bonds
1903,ESP,true,0.01342791560624702,0.013664085555363897,0.0744122713804245,Bonds
2018,DEU,true,0.004487357145433234,0.04322906824281013,0.02532372996211052,Bonds
1934,FIN,true,0.19790511531853328,0.17999432506038776,0.07909813523292542,Bonds
1971,PRT,true,0.16301048336455917,0.15783479116992835,-0.0037027355283498764,Bonds
1970,SWE,true,0.09407523046255416,0.0943820482045396,0.07586933672428131,Bonds
1935,PRT,true,0.0029720996096174778,0.02210846545065173,0.0716005489230156,Bonds
1897,FIN,true,0.03971458779712611,0.040622759313726,0.034699998795986176,Bonds
1882,DNK,true,0.020780542785799477,0.01839539099140293,0.04603580385446549,Bonds
1882,SWE,true,0.02083424037454079,0.015408055126851585,0.02918188087642193,Bonds
1977,FRA,true,0.1110346272234234,0.12556139541337555,0.08917210251092911,Bonds
1879,DEU,true,0.08077445051016721,0.08049724419674997,0.0595194660127163,Bonds
1874,USA,true,0.04516860165642551,0.02436082678919903,0.06195678189396858,Bonds
1960,ITA,true,0.07724178009648089,0.07809184319461993,0.06093873456120491,Bonds
1992,BEL,true,0.09944520097818814,0.1111669059512614,0.200479656457901,Bonds
1917,NOR,true,0.009739502557420779,-0.16867024048021895,0.025614140555262566,Bonds
1911,DNK,true,0.013968375890906689,0.012555671288410715,0.029333334416151043,Bonds
1967,DEU,true,-0.017927570780352342,-0.037053338674970106,0.15889610350131986,Bonds
2003,FRA,true,0.009350866848749917,-0.07642807852882874,0.05324016883969307,Bonds
1876,DEU,true,0.02912867986657826,0.03212752347555077,0.040216390043497086,Bonds
2020,SWE,true,0.07302372438682639,-0.02335214978224099,0.01794249191880226,Bonds
2017,ITA,true,0.019456246772743144,-0.06575346564794157,0.03153122961521149,Bonds
2017,NLD,true,0.02038552813993242,-0.06057737200932836,0.0016875044675543904,Bonds
1985,AUS,true,0.20530391902318673,0.6629339735345698,0.05632564052939415,Bonds
1891,ITA,true,0.024182273057505935,0.02387394766932457,0.02137208729982376,Bonds
2008,ITA,true,0.1464667929127425,0.28685504163244435,0.07478711009025574,Bonds
1935,DEU,true,-0.0004032018587725988,-0.01687939234653433,0.04637465626001358,Bonds
2001,JPN,true,0.045156218039782994,0.17040823810570616,0.05541997775435447,Bonds
1913,CHE,true,0.010148737796075688,0.006744216479082236,0.03339231386780739,Bonds
1887,SWE,true,0.027656110832288174,0.022766762432126306,0.04074283689260483,Bonds
1879,DNK,true,0.07854230497801881,0.07586963820496391,0.08264462649822235,Bonds
1954,ESP,true,0.06494430740766562,0.08323673991185931,0.052417267113924026,Bonds
1943,PRT,true,0.03086784623027173,0.03032056849021065,0.06208256259560585,Bonds
1982,DNK,true,0.2577360449172519,0.3494222126002451,0.12275335192680359,Bonds
1997,DNK,true,0.13263274909977157,0.20573896618611265,0.12217415124177933,Bonds
1913,DEU,true,0.006754152769108789,0.005755333362765314,0.022681813687086105,Bonds
1945,NLD,true,0.11208481446136714,0.5642485865401496,0.10435054451227191,Bonds
1977,AUS,true,0.10946601258241755,0.12976069421336242,0.16124147176742554,Bonds
1997,NOR,true,0.1326036294480471,0.19190097102797582,0.1126122772693634,Bonds
1979,PRT,true,-0.0070232658250189,0.06735807391638512,0.17620067298412323,Bonds
1986,ITA,true,0.16493476925929018,0.05891253928087502,0.1786288321018219,Bonds
2003,FIN,true,0.01182909521499886,-0.06917545728461542,0.04358291253447533,Bonds
1953,GBR,true,0.03621784068431248,0.02683752362066033,0.13861016929149628,Bonds
1916,CHE,true,-0.03582643618714108,-0.09047820710488935,0.032046668231487274,Bonds
1977,ITA,true,0.1142929496412727,0.19316274343215015,0.0632086917757988,Bonds
1985,ESP,true,0.20540770985075554,0.21400220079878696,0.1305326521396637,Bonds
1972,DEU,true,0.046990172900469,0.023720846706138263,0.040691763162612915,Bonds
2010,DNK,true,0.06149640799504092,0.1756485086628571,0.0763423815369606,Bonds
1916,DNK,true,-0.03623040643453907,-0.1550226909369702,0.16417910158634186,Bonds
2015,ESP,true,0.0006956893760620992,0.0855655811636706,0.015871023759245872,Bonds
1982,AUS,true,0.25709591702931955,0.35552203546131855,0.19335214793682098,Bonds
1900,ESP,true,0.030030738645457754,0.07049691146743847,0.08271805942058563,Bonds
1877,DNK,true,0.036205453085151496,0.05101729964571982,0.01666666567325592,Bonds
1975,GBR,true,0.08932195024002951,0.23486002002547215,0.36125683784484863,Bonds
1875,DEU,true,0.08078057752385868,0.09408833427957773,0.047438640147447586,Bonds
1985,FRA,true,0.20396292409928873,0.0691329324219887,0.20889988541603088,Bonds
1979,NLD,true,-0.0075480670438527655,-0.04735164922713913,0.033699311316013336,Bonds
2016,BEL,true,0.05374253517041183,0.08070735180915153,0.04965917766094208,Bonds
1978,AUS,true,0.03166125435216931,0.11993344577528944,0.13986517488956451,Bonds
1921,SWE,true,0.09893537851771514,-0.10552602344279167,0.25804421305656433,Bonds
1950,AUS,true,0.008250440849595099,0.026443459408115412,0.04981490224599838,Bonds
1895,DNK,true,0.06547552556400975,0.07369867971259889,0.024752475321292877,Bonds
1960,DNK,true,0.07695279722385388,0.07746989560177427,0.022792022675275803,Bonds
2007,BEL,true,0.04108484172854289,-0.022509760760917312,-0.008605130016803741,Bonds
1982,CHE,true,0.25824494087901184,0.30775713715611874,0.10715265572071075,Bonds
1948,JPN,true,0.026741600730193927,0.3986728798144633,0.04500000178813934,Bonds
1947,DNK,true,-0.053818186104543086,-0.07029539337136703,0.009661835618317127,Bonds
1924,NOR,true,0.06374457346700847,-0.003224231242854151,0.03838120773434639,Bonds
1911,DEU,true,0.011230905833424093,0.007913221404734291,0.024636516347527507,Bonds
1998,GBR,true,0.10455549235627318,0.16314174424352973,0.21169418096542358,Bonds
1973,FRA,true,-0.028717583512414817,-0.0806256993137674,-0.015123654156923294,Bonds
1929,BEL,true,0.06263877902626308,0.05740963647627686,0.08836474269628525,Bonds
2001,BEL,true,0.048318398032839924,0.03977292514984921,0.07630744576454163,Bonds
1962,NLD,true,0.10865147861933716,0.10779682280799725,0.01262657716870308,Bonds
1976,GBR,true,0.12195293385179268,0.3321599725180007,0.1388256847858429,Bonds
1914,JPN,true,-0.0151396890494398,-0.008555434096035522,0.008718928322196007,Bonds
1947,ITA,true,-0.05396012602498926,-0.2004702694151233,-0.03162875771522522,Bonds
2017,JPN,true,0.02698761106906596,0.04510925489978701,-0.0008904983988031745,Bonds
2014,DEU,true,0.18921588672438183,0.2694244990210898,0.07100376486778259,Bonds
1936,DNK,true,0.04198743124784417,0.006703056324056964,0.023560209199786186,Bonds
1913,NLD,true,0.00983725783105873,0.01100365417684023,0.024145744740962982,Bonds
1950,PRT,true,0.008628915992577273,0.044621612437167,0.050137333571910865,Bonds
1927,PRT,true,0.08403334000449454,0.18176752606355162,0.10798975080251695,Bonds
1930,NLD,true,0.09447410177832588,0.08676326393638334,0.10260695219039917,Bonds
1998,DEU,true,0.10847157847506234,0.0923791929986679,0.11240861564874649,Bonds
1965,FRA,true,0.010535941442686247,0.010919395511188458,0.041485171765089035,Bonds
1960,GBR,true,0.11078691990401124,0.11000876497541191,-0.07103174924850464,Bonds
1943,NOR,true,0.030872963631855585,0.030325694141402147,0.05721911787986755,Bonds
1988,GBR,true,0.07734813658081591,0.07113427193801042,0.06868434697389603,Bonds
2011,ESP,true,0.11897945344819097,0.1646231185556187,0.09407396614551544,Bonds
1940,NOR,true,0.1049636494801358,0.04170684841711051,0.13847941160202026,Bonds
1908,JPN,true,0.046155588653847626,0.04423243686191545,0.06476780772209167,Bonds
1975,FRA,true,0.10963058097026893,0.07772725891053806,0.20875142514705658,Bonds
1982,ITA,true,0.26847168597051213,0.36351566207885944,0.11914767324924469,Bonds
1967,DNK,true,-0.009375072518525016,0.04364300543380431,0.06332392245531082,Bonds
1977,NLD,true,0.11015387426138483,0.10159043534933111,0.11160175502300262,Bonds
1990,DEU,true,0.052481412779999854,-0.010937866816062583,0.014066016301512718,Bonds
1976,NLD,true,0.12394545784778757,0.009101523036088095,0.10412230342626572,Bonds
1975,BEL,true,0.11410204265904073,0.17624862751617498,0.12322814762592316,Bonds
1927,AUS,true,0.08493286712715652,0.16737605225475907,0.0581154003739357,Bonds
1954,PRT,true,0.06480737591771582,0.055340702227176686,0.1269715577363968,Bonds
1920,ESP,true,-0.050019459908973204,0.3484498534964222,0.010231894440948963,Bonds
1953,DNK,true,0.05545246698818058,0.015820610074780337,0.08749999850988388,Bonds
1889,FRA,true,0.03452153279552894,0.03281100161880317,0.09163151681423187,Bonds
1915,AUS,true,0.004454148346785171,-0.02733672459805156,0.0152994766831398,Bonds
1902,ITA,true,0.032335611924816376,0.008131777553376527,0.06316164880990982,Bonds
1881,DNK,true,0.04419941542187679,0.05772934606915788,0.043589744716882706,Bonds
2010,NLD,true,0.06145863829800349,0.1729432072272193,0.06842563301324844,Bonds
1926,ITA,true,0.062386953334035794,0.027898208171070936,-0.005723529029637575,Bonds
1988,ESP,true,0.07581912262746844,0.07671762193432206,0.1356482058763504,Bonds
2014,PRT,true,0.18064782303181653,0.2562680200595724,0.3433554768562317,Bonds
1939,AUS,true,0.014404739668461924,0.06733058691398164,0.020138269290328026,Bonds
1946,FIN,true,0.023835164475012997,1.8385720955539964,0.04699999839067459,Bonds
1928,DNK,true,0.07906311203024737,0.07800790794074863,0.09259258955717087,Bonds
1928,NLD,true,0.0793461816887566,0.0757886886835715,0.06670661270618439,Bonds
1975,ITA,true,0.11405678555756785,0.1318973761437475,0.11637929826974869,Bonds
1904,FRA,true,0.03570535325336128,0.03525143224399836,-0.023891454562544823,Bonds
1970,NOR,true,0.0940663860695937,0.0928354334569808,0.0567249096930027,Bonds
2019,NLD,true,0.09718165077050486,0.11959609222097162,0.0654316172003746,Bonds
1939,SWE,true,0.01608478334617661,-0.022554401759236727,-0.3247416019439697,Bonds
1961,ESP,true,0.0027442827207163276,-0.00021360902614036724,0.046176861971616745,Bonds
2014,SWE,true,0.18168399286449982,0.3333877961387338,0.18815499544143677,Bonds
1991,AUS,true,0.1626680204220135,0.19596714248909744,0.2986027002334595,Bonds
1942,ESP,true,0.03895554253548098,0.038747455782235644,0.04443301633000374,Bonds
1955,DNK,true,-0.021069295578027385,-0.06862580566699503,0.04307692497968674,Bonds
1999,DNK,true,-0.02970248041046122,0.14279888637546995,-0.043158650398254395,Bonds
2011,FRA,true,0.12523314722780704,0.1724550957148913,0.002216957276687026,Bonds
1912,BEL,true,0.008627902857822745,0.015483278341358462,-0.063906729221344,Bonds
1943,DNK,true,0.030889469286530812,0.025532949204491364,0.04303797334432602,Bonds
1971,DEU,true,0.16725087547609394,0.08166703932888414,0.08538829535245895,Bonds
1873,USA,true,0.03953238676288462,0.047920533598152446,0.06627899408340454,Bonds
1894,ITA,true,0.07273635367460603,0.09323503595424991,-0.024315595626831055,Bonds
1948,BEL,true,0.026578719577633067,0.18426674370402152,0.046822480857372284,Bonds
2002,GBR,true,0.1099982153205743,0.09052668387293597,0.10208654403686522,Bonds
1931,FRA,true,-0.01806558989977792,-0.0577954585522986,-0.005037562921643257,Bonds
1941,DEU,true,0.06627951839921502,0.08288829378287078,0.0690060630440712,Bonds
1940,BEL,true,0.10220084386822847,0.038024112987070466,0.3171686828136444,Bonds
1933,DNK,true,0.03148577680761165,0.25195412694813973,0.08599508553743362,Bonds
1939,ITA,true,0.015245838314455563,-0.021999523056745855,0.0024000024423003197,Bonds
1927,JPN,true,0.08350149177108182,0.15506810338531857,0.10681214183568954,Bonds
1949,DNK,true,0.03982966457840462,0.5552683089437713,0.058355435729026794,Bonds
1923,AUS,true,0.02354180341484454,-0.07293988465150059,0.04092918708920479,Bonds
1922,ITA,true,0.12442331228814166,0.11166821279370104,0.10317637771368027,Bonds
1939,FRA,true,0.023789028262368797,0.12757637244561632,-0.08082632720470428,Bonds
1911,CHE,true,0.014019725876210429,0.013386462908097491,0.0187847763299942,Bonds
1977,GBR,true,0.0752914285111449,0.020662089980097678,0.4555555582046509,Bonds
1920,NLD,true,-0.05030972260188834,-0.022491689000143318,-0.022281236946582794,Bonds
1974,BEL,true,0.0012315709112617236,-0.11153243280196418,-0.025416510179638863,Bonds
1991,SWE,true,0.16234649507485577,0.13949876022714439,0.27808690071105957,Bonds
1934,CHE,true,0.198805159702099,0.07667658131555574,0.03398767486214638,Bonds
1920,AUS,true,-0.05207364241087656,0.051998095787159124,0.022570228204131126,Bonds
1994,CHE,true,-0.07568582773226512,-0.12313598232135856,-0.022423813119530678,Bonds
1903,SWE,true,0.018386365812300548,0.022129007274855537,0.036600176244974136,Bonds
2006,NOR,true,0.001330275065666127,-0.03730031394427478,-0.005389324855059385,Bonds
1900,SWE,true,0.03502125572257718,0.029092099531599535,0.01218749862164259,Bonds
1949,NOR,true,0.03986642534180025,0.5974113418770596,0.020034566521644592,Bonds
2018,NOR,true,0.00555675936662616,0.05352354352779119,-0.004146312363445759,Bonds
1989,ESP,true,0.08693563855115048,0.02832374244527971,0.10226000100374222,Bonds
1979,NOR,true,-0.00592029988850162,-0.03192369215909466,-0.04719572141766548,Bonds
1929,NOR,true,0.0630677827027647,0.05104208413699691,0.05670691654086113,Bonds
1959,DEU,true,-0.0034280449391162083,-0.005462566025058768,0.09175792336463928,Bonds
2006,BEL,true,0.0013464770981453534,-0.0681788365886822,-0.0029505807906389236,Bonds
1928,BEL,true,0.0775800944804563,0.07626630669682494,0.16934822499752045,Bonds
1964,DNK,true,0.034732409399600934,0.03583805542178021,-0.058139532804489136,Bonds
1975,AUS,true,0.11518167808924479,0.13492674484388925,0.06314481049776077,Bonds
1942,CHE,true,0.039068072279181625,0.03705280962326813,0.03429487347602844,Bonds
1980,NOR,true,0.03441972887330838,0.09948110528852452,0.09093526750802995,Bonds
1967,GBR,true,-0.015218673435467057,0.13963796512884974,0.023493671789765355,Bonds
1912,DNK,true,0.00658410080435753,0.00769588731758587,-0.032258063554763794,Bonds
1954,DNK,true,0.06519280828035481,0.06921078074802554,-0.05357142910361289,Bonds
1939,NLD,true,0.019894294292219877,0.0026215761199747424,-0.18498408794403076,Bonds
1968,AUS,true,0.00756353099651953,0.01668696265688363,0.021812694147229195,Bonds
1998,NOR,true,0.1088971956199359,0.21780149315306677,0.06513593345880508,Bonds
1886,SWE,true,0.06981939743456485,0.06944172524375408,0.06979483366012573,Bonds
1978,CHE,true,0.032183396498664356,-0.08853893396799817,0.07655122131109238,Bonds
1976,SWE,true,0.1241170178005947,0.04171659196264127,0.05851482227444649,Bonds
1882,BEL,true,0.02102256910253679,0.03263118571605889,0.013115929439663887,Bonds
2011,DNK,true,0.11832701196973451,0.15277737995734708,0.1424882709980011,Bonds
2006,AUS,true,0.0012563443567295471,-0.03455363754445278,0.009242787025868894,Bonds
1976,DNK,true,0.12356699600188852,0.037489325295584734,-0.01991800218820572,Bonds
1947,NLD,true,-0.05475643015093277,-0.17068892860755158,0.0281110480427742,Bonds
1957,FIN,true,0.03831536336077927,0.10099430614856639,0.14450283348560333,Bonds
1880,DEU,true,0.0785398026569058,0.07996298662129969,0.06521216034889221,Bonds
1994,FRA,true,-0.07254876496715514,-0.10078846636066074,-0.12338694930076599,Bonds
1979,JPN,true,0.004483196983029231,0.2713514989497384,-0.05966472253203392,Bonds
1935,ESP,true,-0.00039501398340906907,-0.020680135015167397,0.13342753052711487,Bonds
1874,BEL,true,0.04986142272455469,0.05081803624617415,0.001665135147050023,Bonds
1922,PRT,true,0.12287051701062453,0.8425166723074412,0.1166428029537201,Bonds
1902,DNK,true,0.03630796081950885,0.04816395130301253,0.040920715779066086,Bonds
1989,BEL,true,0.09099370894631363,0.021582791071585266,-0.045030608773231506,Bonds
1903,ITA,true,0.016461709142044416,0.0049360806803374945,0.031885549426078796,Bonds
2017,NOR,true,0.020175066302045255,0.01870854214059505,0.022426709532737732,Bonds
1915,FIN,true,0.004911552228933261,0.1453133562247278,-0.06175679713487625,Bonds
1955,GBR,true,-0.002613019357247134,-0.014636336093945004,-0.10118304938077927,Bonds
1990,NOR,true,0.0492448816359182,0.005221245596547176,0.12392409145832062,Bonds
1941,ESP,true,0.06739994591953774,0.10809577546167073,0.04722337797284126,Bonds
1971,JPN,true,0.16655461909265756,-0.002435630105847063,0.06760000437498093,Bonds
1917,AUS,true,0.008472543952924474,-0.015714950164495547,0.052007488906383514,Bonds
1899,DNK,true,0.009109310733816435,0.01791974778502159,-0.015151514671742916,Bonds
1981,DEU,true,0.05394249498034322,0.10595519391293394,0.05071915313601494,Bonds
1915,NOR,true,0.005260239559111807,-0.12083054393943526,-0.09621183574199677,Bonds
2018,AUS,true,0.00523506655164724,0.10056536567978128,0.030469045042991638,Bonds
1991,FRA,true,0.16313184232835654,0.18822252897419328,0.17315655946731567,Bonds
1974,CHE,true,0.00027883898803690403,-0.20717806119161775,0.01875598356127739,Bonds
1947,GBR,true,-0.03394028091797935,0.16473605082957496,-0.14334677159786224,Bonds
1961,ITA,true,0.001465796480684246,0.004330387936641885,0.05962608754634857,Bonds
1893,JPN,true,0.041956499743371914,0.2413162466621063,0.09018898010253908,Bonds
1995,NOR,true,0.21436985145128612,0.15256333681755263,0.19415044784545898,Bonds
1899,NOR,true,0.009106898184948104,0.02043465588104746,-0.01121657807379961,Bonds
1956,GBR,true,-0.04838076652462432,-0.07657039662067772,-0.029813708737492558,Bonds
1877,FRA,true,0.036205453085151496,0.04641015375384239,0.08817841857671738,Bonds
1941,NOR,true,0.06685957444484102,0.08270154444248158,0.16395454108715057,Bonds
2019,SWE,true,0.09704739878694076,0.14037801338693756,0.057640135288238525,Bonds
1909,NLD,true,0.04536998837607127,0.04717700581735971,0.031684760004282,Bonds
2020,JPN,true,0.09319327022241533,0.07005837096259965,0.004444560967385769,Bonds
1996,AUS,true,0.08380684109312038,-0.03028044339050953,0.15034890174865723,Bonds
1957,DNK,true,0.0382550425665178,-0.04671291037821899,0.10862619429826736,Bonds
2009,FIN,true,-0.03986278493343984,-0.05885600701990315,0.05199330300092697,Bonds
1902,BEL,true,0.03566474056076471,0.013799776497415275,0.06137609854340553,Bonds
1955,DEU,true,-0.024054029744019947,-0.01928366793562942,0.10244678705930711,Bonds
1930,BEL,true,0.09183602157369367,0.08272479343157618,0.27591532468795776,Bonds
1964,DEU,true,0.03312873543195669,0.03320650811669613,0.06930676847696303,Bonds
1975,JPN,true,0.11740963543800315,0.08977657802378716,0.07995752990245819,Bonds
1895,BEL,true,0.06692535656202175,0.02346491048418976,0.0007995596388354897,Bonds
1953,ESP,true,0.05556091698386112,-0.03603854755391733,0.052049897611141205,Bonds
1901,JPN,true,0.03869804491340262,0.03486835495615957,0.003706093644723296,Bonds
1892,PRT,true,0.05476575456901264,0.24764468724853683,-0.20550686120986938,Bonds
1911,AUS,true,0.013773785574935415,0.013912601509125131,0.02622406557202339,Bonds
1958,NOR,true,0.01821027798689634,-0.02769800303624741,0.05939178541302681,Bonds
1966,ITA,true,0.03838502104708279,0.037215839123841285,0.033573511987924576,Bonds
2014,NLD,true,0.1817246456524637,0.25783962564096063,0.1813245415687561,Bonds
1983,FRA,true,0.07464505197795787,0.2729109778324633,0.23915626108646393,Bonds
2005,JPN,true,0.0767145158526403,0.14019725498452124,0.019996384158730507,Bonds
1942,ITA,true,0.039040905080726336,10.882285181360285,0.04580133780837059,Bonds
1944,NOR,true,0.03733678412566254,0.03557627316134143,0.021050767973065376,Bonds
1914,DNK,true,-0.01411626997210163,-0.005569318270757966,0.039393939077854156,Bonds
1991,NOR,true,0.16366300458665067,0.18896444607313717,0.1519794464111328,Bonds
1995,SWE,true,0.2135327345418658,0.09844110626995443,0.27249932289123535,Bonds
1941,NLD,true,0.0659402743751837,0.08209193073952244,0.12655310332775116,Bonds
1891,FRA,true,0.017221084435482738,0.014334140783811738,0.03600244596600533,Bonds
2002,BEL,true,0.10988825960546966,0.017508416059359655,0.09968044608831406,Bonds
2019,ESP,true,0.09631191432166886,0.119144162530024,0.1178174540400505,Bonds
1957,AUS,true,0.03841825503507003,0.029292003983607477,0.040791615843772895,Bonds
1925,FIN,true,0.015956274572880125,-0.03119887074000325,0.09657742828130723,Bonds
1988,FIN,true,0.07696063917700001,0.094127305982963,0.06354576349258423,Bonds
1972,SWE,true,0.046470823181047866,0.019489158291063895,0.06434932351112366,Bonds
1938,SWE,true,0.04234098322044934,0.07791306808475539,0.23999907076358795,Bonds
2010,ITA,true,0.06635082378840558,0.1840850106114455,-0.007230008952319622,Bonds
1958,AUS,true,0.01741633733121395,0.014220357392815602,0.09300865232944489,Bonds
2000,DNK,true,0.09754411032311018,0.11868818472502052,0.08502339571714401,Bonds
1975,NLD,true,0.11407348452415803,0.15283927709097966,0.12143894284963608,Bonds
1952,NOR,true,0.020410866881133152,-0.072602262647832,0.035147860646247864,Bonds
1914,PRT,true,-0.015572676161890321,0.057100067925778375,0.06051422283053398,Bonds
1908,AUS,true,0.04694467467039246,0.05245317454150906,0.051706720143556595,Bonds
1961,FRA,true,0.0009152606047848656,0.0038101423651277677,0.05796389281749724,Bonds
2006,ITA,true,0.002027852357052312,-0.07250564905303844,-0.007144015282392502,Bonds
1969,DEU,true,-0.0316738577920504,-0.10895783245408772,0.009404388256371021,Bonds
1938,NOR,true,0.04316792412154451,0.0771653491913312,0.07006458938121796,Bonds
1931,AUS,true,-0.016950216947466665,-0.011159506067394827,0.03795658424496651,Bonds
1979,FRA,true,-0.003185426806160065,-0.05028182075576599,-0.06151473894715309,Bonds
1966,NOR,true,0.038156425552969206,0.03817644678087465,0.047920819371938705,Bonds
1951,DNK,true,-0.0454001680829589,-0.14405859878618907,-0.03651685640215874,Bonds
1948,GBR,true,0.032516353758955584,-0.1499988372266862,0.006969696842133999,Bonds
1895,PRT,true,0.060885028314353856,0.050258266858996634,0.21302425861358643,Bonds
2020,FIN,true,0.07305526543659113,0.017052628604844817,-0.0014356066239997745,Bonds
1947,BEL,true,-0.05416321934960557,-0.212290303503898,-0.027305971831083298,Bonds
1970,DNK,true,0.09395110683757098,0.09381691458217115,0.07820869982242584,Bonds
1981,ITA,true,0.05574245044108796,0.25121578607392075,0.029185419902205467,Bonds
1936,BEL,true,0.040806140842151624,0.11164641719118165,0.11984797567129135,Bonds
1896,NOR,true,0.04343633283153644,0.04245190953500152,0.04345668852329254,Bonds
2002,ITA,true,0.10916611844389643,0.010868691409414964,0.11665387451648712,Bonds
2013,NOR,true,-0.043814749495016236,0.008506632249996527,-0.048399299383163445,Bonds
2016,NOR,true,0.05387122301449665,0.0235500951236713,-0.0010549057042226195,Bonds
1910,BEL,true,0.027674781675097043,0.03700480504558763,0.003273796522989869,Bonds
2007,FIN,true,0.04038193433444341,-0.022408498595840265,0.013387619517743587,Bonds
1952,SWE,true,0.020660885613534893,-0.028129059622755505,-0.022292163223028183,Bonds
1934,ITA,true,0.17933966276660163,0.07284758040942306,0.42426216602325445,Bonds
1925,CHE,true,0.015737314019342884,-0.026107314394196172,0.07999330013990404,Bonds
1958,JPN,true,0.018048785008549957,-0.009894679695251207,0.06320000439882278,Bonds
1967,FRA,true,-0.011469377680724441,-0.03573421347982461,0.056464653462171555,Bonds
1885,NOR,true,0.0505653193066174,0.04459097338072472,0.05266348272562027,Bonds
1956,ESP,true,-0.0451429641220205,0.10449102529874377,0.009478663094341755,Bonds
2012,BEL,true,0.06527462765999766,0.020837490917250193,0.24321061372756958,Bonds
1957,ITA,true,0.037794932788583126,0.03648824354381487,0.06640532612800598,Bonds
1999,FRA,true,-0.02665834543015547,0.15628306202453035,-0.09272031486034393,Bonds
1926,JPN,true,0.058007264424997124,-0.13397430545609307,0.06350142508745193,Bonds
1935,CHE,true,0.0029386398926740543,-0.015628327897762414,0.03771854564547539,Bonds
1901,NOR,true,0.03805548769333954,0.0326017969608816,0.08770422637462616,Bonds
2010,BEL,true,0.06213612852116919,0.17356519525575784,0.014645150862634182,Bonds
2007,GBR,true,0.03922267729663506,0.07124670119312027,0.062061257660388953,Bonds
1969,NLD,true,-0.029533336269891797,-0.02248583651860838,-0.02966146729886532,Bonds
1888,SWE,true,0.0462111128940086,0.048307591653389916,0.0789283961057663,Bonds
1987,NLD,true,0.03687512538438321,-0.018167575720673373,0.07333189994096756,Bonds
1960,PRT,true,0.07689490411609706,0.07585569696352056,0.010313540697097778,Bonds
1955,ITA,true,-0.022141018695342796,-0.025762249764843672,0.03966581076383591,Bonds
2015,NOR,true,0.001049235101202686,0.1525464587959937,0.025012098252773285,Bonds
1907,PRT,true,0.019204283073991843,0.03337341554921216,0.07348916679620743,Bonds
2008,BEL,true,0.1424926231903636,0.2738528939514164,0.0322677381336689,Bonds
1987,CHE,true,0.037774327109141095,-0.045346958238015,0.04552105441689491,Bonds
1959,NLD,true,-0.0010621219776685703,-0.002594096014946543,0.01659231074154377,Bonds
2008,DEU,true,0.14406377667359868,0.2839740419620988,0.10143991559743883,Bonds
1929,NLD,true,0.06404530745011469,0.05922870022382838,0.01161801256239414,Bonds
1985,NLD,true,0.2069178606508198,0.06449088589590415,0.09610182046890259,Bonds
2014,FRA,true,0.17290587837530125,0.2526870413686545,0.3238297402858734,Bonds
1896,FIN,true,0.04343639361980416,0.03924954397947804,0.055572934448719025,Bonds
2013,ITA,true,-0.05343416852778313,-0.13111886823701038,0.08849933743476868,Bonds
2008,CHE,true,0.14113413758926496,0.13519138135407865,0.10948916524648666,Bonds
1970,GBR,true,0.10387427167069532,0.10796559226833356,0.03452681377530098,Bonds
1882,FRA,true,0.044869164829926124,0.03671751701776222,-0.03290891647338867,Bonds
1989,FRA,true,0.08891201281506708,0.015340837132290508,0.05563484504818916,Bonds
2005,GBR,true,0.05694055769326335,0.08982869245405431,0.08501417189836502,Bonds
1930,DNK,true,0.094742025586249,0.08539919202865941,0.06532663106918335,Bonds
2002,NOR,true,0.10975840634738732,-0.06357444072001413,0.10205128788948059,Bonds
1956,SWE,true,-0.045103294702436514,-0.023312518581163583,0.004093505907803773,Bonds
1875,BEL,true,0.07908831156369515,0.0789743592161272,0.048008136451244354,Bonds
1960,DEU,true,0.07842325260717758,0.07954051316272932,0.020545650273561478,Bonds
2003,ESP,true,0.011095245654017923,-0.07139033068964692,0.05054610222578049,Bonds
1998,CHE,true,0.10873461757790012,0.10837902594919373,0.11432509124279022,Bonds
1994,DNK,true,-0.07486053481706141,-0.11045651452213615,-0.11028869450092316,Bonds
2010,SWE,true,0.061705311760084765,0.024539298747498668,0.03128338232636452,Bonds
2008,FRA,true,0.13559432233294044,0.27350806206747813,0.22131675481796265,Bonds
1926,PRT,true,0.05690411747709981,-0.015290089059974529,0.3308255076408386,Bonds
1989,NOR,true,0.08696595341898296,0.07188005868650081,0.15526416897773743,Bonds
1916,FIN,true,-0.035545508736510786,-0.047333565532782215,0.041787829250097275,Bonds
1923,NLD,true,0.023915690360693995,-0.05029381165938688,0.02584945410490036,Bonds
1880,FRA,true,0.07810312979690814,0.08191870473062132,0.07605385780334473,Bonds
1887,ITA,true,0.026767956221069755,0.03730044344281909,0.03347677364945412,Bonds
2017,AUS,true,0.019986248692551542,-0.008285271434142398,0.03612414747476578,Bonds
1894,USA,true,0.05902577466896044,0.057994859561538895,0.05530650168657303,Bonds
1995,BEL,true,0.2149040482254101,0.13844080374609202,0.18958310782909393,Bonds
1872,USA,true,0.09385082763198585,0.08208436972668823,0.06148462742567063,Bonds
1899,FIN,true,0.00903469327860859,0.02364721064927232,-0.04521908611059189,Bonds
1952,DEU,true,0.019723411279031745,0.04757885829479281,0.06294126808643341,Bonds
2005,DEU,true,0.059478717161904726,0.12829154040389307,0.040816325694322586,Bonds
1972,NOR,true,0.04650556232142026,0.035035490675296446,0.07403770089149475,Bonds
1981,FRA,true,0.05581818891558471,0.22775165010928336,0.008606255054473877,Bonds
1999,GBR,true,-0.02933841642599159,0.01628513465671652,-0.041475020349025726,Bonds
1959,GBR,true,-0.003180777465717717,-0.002313095851471131,0.009832060895860195,Bonds
1924,PRT,true,0.06374693760291551,0.2643195783613336,0.04118294641375542,Bonds
1876,BEL,true,0.029565896559324574,0.03501879031838804,0.050690099596977234,Bonds
2016,ITA,true,0.05589525248431216,0.08413238419688704,0.016326265409588814,Bonds
2016,CHE,true,0.05405325403932476,0.07169734319871199,-0.0024187390226870775,Bonds
1928,FRA,true,0.05732001070145289,0.0579500758460123,0.17705826461315155,Bonds
1904,AUS,true,0.02022302892392672,0.018308736848109713,0.01384330727159977,Bonds
1962,PRT,true,0.10715855696256676,0.10824074271231833,-0.005311539396643639,Bonds
1913,BEL,true,0.010913024578685806,0.015682617727947427,-0.012981298379600048,Bonds
1930,PRT,true,0.09458979196129164,0.08321217541507549,0.10536843538284302,Bonds
1897,DEU,true,0.043597965905098804,0.04566960506973633,0.02068159356713295,Bonds
1930,CHE,true,0.0947950167739732,0.08311860936799893,0.058769654482603066,Bonds
1954,BEL,true,0.06482718092380979,0.05491026927483329,0.06770085543394089,Bonds
1922,CHE,true,0.12249024716821647,0.11978722408448392,0.21727648377418518,Bonds
1972,GBR,true,0.05879733958246239,0.16188744572221442,-0.041293784976005554,Bonds
2010,ESP,true,0.06429817395569083,0.17683050609982964,-0.06035424768924713,Bonds
1958,GBR,true,-0.01781759829241718,0.0015000063529500632,0.17027078568935394,Bonds
1894,DNK,true,0.058631269242027224,0.05322046114642743,0.11170212924480438,Bonds
1989,DNK,true,0.08786016075102779,0.023687877613456046,0.021850839257240295,Bonds
1957,PRT,true,0.03847813712776437,0.03194397428038736,0.006100024562329054,Bonds
1967,ESP,true,-0.009743801770928748,0.12418393778495689,0.05986524000763892,Bonds
1997,DEU,true,0.13841615927981135,0.22223649028393666,0.06561748683452606,Bonds
1977,FIN,true,0.11018103876637464,0.26677013490456586,0.11977247893810272,Bonds
2009,BEL,true,-0.04173810866862709,-0.06094779352112085,0.10888000577688217,Bonds
1966,DNK,true,0.038258402825494864,0.04132399613456133,0.0074930633418262,Bonds
2007,DEU,true,0.04170228927846568,-0.026705520266843433,0.025137992575764656,Bonds
1952,GBR,true,0.026893380018329187,-0.0663673664657911,-0.006849757395684719,Bonds
1958,ESP,true,0.018080941525998172,0.006278093585991469,0.05576278641819954,Bonds
1983,JPN,true,0.0720844545237782,-0.017397724078314424,0.11195711791515349,Bonds
1923,ITA,true,0.021834742514375324,-0.00602345697953835,0.04802478849887848,Bonds
1930,AUS,true,0.09821159723796508,0.3329966565962999,-0.044330671429634094,Bonds
1918,FIN,true,0.07408358839667036,0.49411062337077194,0.3429242968559265,Bonds
1983,FIN,true,0.0811791802025941,0.12496108528653407,0.09506866335868835,Bonds
1962,CHE,true,0.10780096778804546,0.10772929928135275,0.023125000298023224,Bonds
1873,DEU,true,0.04381983775829676,0.023904056266673065,0.06456244736909866,Bonds
1911,SWE,true,0.013928103251465242,0.01396972494102976,0.029042663052678108,Bonds
2009,SWE,true,-0.03951268285803244,-0.11237213615167074,-0.051068175584077835,Bonds
2003,GBR,true,0.011607887791913803,0.012576881343953218,0.021113665774464607,Bonds
1962,DEU,true,0.10872451348995141,0.10828554099919413,0.05538468062877655,Bonds
1946,DNK,true,0.023835164475012997,0.6340717528547452,0.03117506019771099,Bonds
1976,FRA,true,0.1266722300895008,0.23443104294262235,0.04249920323491097,Bonds
2004,BEL,true,0.06055009982037858,0.020777147349586987,0.09360256791114807,Bonds
2014,NOR,true,0.1817857206673755,0.35272380572286066,0.15951099991798404,Bonds
1979,FIN,true,-0.006426175581302081,-0.06739358137990051,0.0431574247777462,Bonds
1884,SWE,true,0.056932063019197565,0.06268166012895969,0.03186256065964699,Bonds
1895,DEU,true,0.06896625604464197,0.07781028504563209,0.04678182303905488,Bonds
1992,DEU,true,0.09939781476553475,0.11584147940097392,0.13408750295639038,Bonds
1965,BEL,true,0.01072869437535983,0.011313956572027785,0.05655631050467492,Bonds
2017,CHE,true,0.020276478816819314,0.026883588624254988,0.005397496744990349,Bonds
1939,FIN,true,0.014490186281095553,-0.07437967905994876,0.04699999839067459,Bonds
2011,CHE,true,0.11841047993571006,0.12781776072373982,0.11861874908208847,Bonds
2020,DNK,true,0.0729485474315869,0.007953195737624262,0.017344053834676743,Bonds
1903,FRA,true,0.02034841670712812,0.024937902708769243,0.013269084505736828,Bonds
1935,FIN,true,0.003112154229893851,0.016023263329935186,0.06331011652946472,Bonds
1919,SWE,true,-0.007463524953166845,0.2503128717276033,0.06719999760389328,Bonds
2012,NOR,true,0.06747026576568525,-0.029789892179475884,0.061673354357481,Bonds
1926,FIN,true,0.058150612402559886,-0.0030215836654970893,0.07133892178535461,Bonds
2001,PRT,true,0.04868546517944599,0.04023433635242964,0.062259770929813385,Bonds
1977,DEU,true,0.10761907399832428,0.0501338860146384,0.13562846183776853,Bonds
1934,PRT,true,0.19762000801182034,0.1918660987113158,0.2781204283237457,Bonds
1987,GBR,true,0.030628115435745194,-0.05507599269118712,0.17899125814437866,Bonds
1888,PRT,true,0.0413660751768305,0.03945951520548717,0.18938808143138888,Bonds
1978,BEL,true,0.03230503328312467,-0.01457845846963423,0.06387480348348618,Bonds
1907,ITA,true,0.015616513853734016,0.015533408642088282,0.05676800385117531,Bonds
2004,PRT,true,0.06081282787048538,0.021447753483484638,0.10716212540864944,Bonds
1917,DNK,true,0.009810843855704653,-0.06728479433840652,0.0033557049464434385,Bonds
1976,FIN,true,0.12347226204144254,0.08350299518306273,0.03785758092999458,Bonds
1925,NLD,true,0.013711621510399313,-0.019740264012338304,0.13927191495895386,Bonds
1938,FRA,true,0.027201115100710986,0.43902083364292765,0.1970670372247696,Bonds
1989,SWE,true,0.0881441718354887,0.077812287912624,0.017175870016217232,Bonds
1936,SWE,true,0.04154626896120153,0.025755807481648265,0.13044075667858124,Bonds
1911,NLD,true,0.01557560071351539,0.01507743771463282,-0.050078440457582474,Bonds
1968,SWE,true,0.007451293948917809,0.009357574647193391,0.06142466887831688,Bonds
1951,NLD,true,-0.04489686918761662,-0.028153733945997277,-0.07683178037405014,Bonds
2014,FIN,true,0.18175151783848975,0.2571408160522185,0.17269517481327057,Bonds
1965,GBR,true,0.004479718704339143,-0.000655048647395861,0.04392683133482933,Bonds
1992,ESP,true,0.10372564239556978,0.24904873054768262,0.0344066396355629,Bonds
1942,DNK,true,0.03898365442028121,-0.03673705444852932,0.10129870474338531,Bonds
1899,JPN,true,0.008410789555267802,0.0036647388230332057,0.056013986468315125,Bonds
2019,CHE,true,0.09732574557591338,0.07992255456164643,0.026516979560256004,Bonds
1944,CHE,true,0.037366122090441274,0.03390011596623359,0.029584782198071483,Bonds
1951,FIN,true,-0.045686608538560186,-0.17953575848557185,0.27244818210601807,Bonds
1963,DNK,true,0.007782773561376374,0.00905974194713476,0.14465409517288208,Bonds
1938,PRT,true,0.04323378216420917,0.01928254428288645,0.046255048364400864,Bonds
1974,AUS,true,0.0005534909849219533,0.1444481240160549,0.006274927873164415,Bonds
2005,DNK,true,0.05796216990653495,0.12383486321848697,0.07861414551734924,Bonds
2004,JPN,true,0.08395381801009105,0.09979340887640617,0.017643442377448082,Bonds
1940,AUS,true,0.10480057292398862,0.20986199568076602,0.11944659054279327,Bonds
1890,NOR,true,0.05232535051435177,0.05343031660179931,0.03646889701485634,Bonds
1949,GBR,true,0.061152064274828125,1.2305762149177748,-0.08934739232063293,Bonds
1927,FIN,true,0.08412878819438191,0.16498959144799846,0.10703233629465103,Bonds
1913,AUS,true,0.008934689646122497,0.00492688428582551,0.046712275594472885,Bonds
1935,BEL,true,0.0011864517367669112,0.25159438336052486,0.12498270720243453,Bonds
1953,BEL,true,0.05540420485036409,0.050007299305203534,0.06532295793294907,Bonds
1984,PRT,true,0.1484249764490459,0.38394146356587167,0.30439135432243347,Bonds
2012,JPN,true,0.0808131711943106,0.2161720910796495,0.03614780306816101,Bonds
1945,SWE,true,0.11202923636421425,0.10619610614903355,0.10961003601551056,Bonds
1893,PRT,true,0.03863028680672509,0.004648214142647598,0.15507429838180542,Bonds
1924,CHE,true,0.06380001927949827,-0.00329802308447087,0.03707001358270645,Bonds
1939,BEL,true,0.0158774927835658,-0.02949677642262417,-0.07770851254463196,Bonds
1969,FIN,true,-0.029736335323209274,-0.027716187304519864,0.08034329116344452,Bonds
1985,CHE,true,0.20542107468797088,0.09604448178808221,0.059935711324214935,Bonds
1954,AUS,true,0.06470138090542703,0.07313615615845342,0.07898322492837906,Bonds
1993,AUS,true,0.19882548216681523,0.21148571832307775,0.2528584599494934,Bonds
1898,ITA,true,0.01184593327214177,0.036291226607149445,0.06649777293205261,Bonds
1957,JPN,true,0.038303980561148615,0.03196256059853808,0.06320000439882278,Bonds
1946,CHE,true,0.023718274932445844,-0.19454901034292937,0.033547550439834595,Bonds
2018,FIN,true,0.005558771603348332,0.042497952676287226,-0.004887427669018507,Bonds
1885,SWE,true,0.05056492788719434,0.04394148993460191,0.0516207218170166,Bonds
1933,FRA,true,0.05419786889372054,0.004611840574391637,-0.09696350991725922,Bonds
2006,NLD,true,0.0014048309589596375,-0.06799979619569867,-0.007734417915344238,Bonds
1921,FIN,true,0.09955460315495657,1.091761473684664,0.06441561132669449,Bonds
1940,DEU,true,0.11347254926507036,0.03705541242252936,0.07767151296138763,Bonds
1973,NOR,true,-0.028522032662883903,-0.13678254171389304,0.03943103179335594,Bonds
1912,FIN,true,0.006442160231013076,0.00627807409977638,-0.08400517702102661,Bonds
1882,DEU,true,0.01879686696841864,0.01759843176353742,0.042354702949523926,Bonds
1914,NLD,true,-0.014952155708484446,-0.02346640658831854,0.028237110003829002,Bonds
2008,DNK,true,0.14096662566165277,0.2511212011675311,0.12009971588850021,Bonds
1942,PRT,true,0.038851745020111766,0.03242396569877999,0.18012337386608124,Bonds
1964,NOR,true,0.03449022478816807,0.033733655564592784,0.03823682293295861,Bonds
1984,NOR,true,0.14891795334614225,0.26492183801907265,0.14599138498306274,Bonds
1911,ESP,true,0.010838276000336242,0.022948139529748997,0.05453884974122048,Bonds
1981,ESP,true,0.0529433398772244,0.17730227125686446,0.11086869984865189,Bonds
1959,JPN,true,-0.0011983061595491444,0.026905382314291914,0.06320000439882278,Bonds
1975,ESP,true,0.1147161600695869,0.14479189927530295,0.07111278921365738,Bonds
1890,DNK,true,0.05241308068049242,0.05165958069481696,0.012690356001257898,Bonds
1953,DEU,true,0.05644332851837806,0.0648336924249391,0.01494897808879614,Bonds
1891,USA,true,0.024069852762394994,0.02176771585878224,0.01893402636051178,Bonds
2002,ESP,true,0.10944937669411306,0.016573894998763536,0.12270617485046387,Bonds
1993,ESP,true,0.1941162705701866,0.47948184751818745,0.429264098405838,Bonds
1903,NOR,true,0.01846321797207062,0.022202693058194473,0.018729155883193016,Bonds
1974,DEU,true,-0.006263611858637802,-0.10692717484204828,0.08233438432216644,Bonds
1922,FIN,true,0.12269090207248359,-0.10671531731019313,0.5263692140579224,Bonds
1934,JPN,true,0.20178948349440126,0.21652398557330632,0.0434214249253273,Bonds
1908,CHE,true,0.04709394834927491,0.041128717908959916,0.026209447532892224,Bonds
1926,NLD,true,0.05824268786656931,0.003655079035678681,0.05402461439371109,Bonds
1894,JPN,true,0.060221365008481464,0.007846382903742136,-0.06503638625144958,Bonds
1898,JPN,true,0.019482327194270524,-0.0005541617547482705,0.05676259472966194,Bonds
1983,GBR,true,0.08140189792525465,0.144228872441284,0.07828254252672195,Bonds
1966,DEU,true,0.039857218823081755,0.031460829173644386,0.0009717082721181214,Bonds
1964,JPN,true,0.034272790120289734,0.031144554434796228,0.06892000138759613,Bonds
1968,NLD,true,0.008343761514968932,0.01015126033787507,-0.014909213408827782,Bonds
1887,DEU,true,0.026917671756387627,0.021873289133385418,0.03385138884186745,Bonds
2019,FIN,true,0.09711460547770583,0.11939977892002362,0.02994687482714653,Bonds
2014,CHE,true,0.18228816410626886,0.22848045020116414,0.09706760197877884,Bonds
1919,NLD,true,-0.006844767461114979,0.11704489674950058,-0.05345171317458153,Bonds
1957,CHE,true,0.038741917044426005,0.037586799225304,0.00791328214108944,Bonds
1903,FIN,true,0.018464129166739753,0.02122598898053971,-0.002809121273458004,Bonds
1878,FRA,true,0.05072481141941143,0.06038170582215101,0.09590411186218262,Bonds
1998,FRA,true,0.10163453385122775,0.09260085123227398,0.22877176105976105,Bonds
1992,NOR,true,0.10199986798412997,0.21689029569421417,0.1383606344461441,Bonds
2020,AUS,true,0.07376916221811328,0.010489989417174064,0.009823489934206009,Bonds
2001,DEU,true,0.04820708758311225,0.03919117540646408,0.05624079331755638,Bonds
2016,DEU,true,0.054424850643794626,0.0825794082719009,0.04064487665891647,Bonds
1999,NLD,true,-0.029168615127641667,0.1475127193325564,-0.0741998553276062,Bonds
2004,ITA,true,0.0572987527396166,0.01478521632880032,0.104919396340847,Bonds
1984,NLD,true,0.14859007682096925,0.246343623420815,0.16299772262573242,Bonds
1922,ESP,true,0.12347166091448239,0.0750784589683176,0.09575322270393372,Bonds
1959,DNK,true,-0.000810962043729626,-0.0007057071613399135,0.01089918240904808,Bonds
1975,NOR,true,0.11458036079027219,0.15291451982046517,0.06705208122730255,Bonds
1990,BEL,true,0.0493773865962196,-0.026730871649930085,0.05517009273171425,Bonds
1971,NOR,true,0.16314958583673897,0.13512578861105237,0.05064783990383148,Bonds
1887,BEL,true,0.028341913409654047,0.03798534041226093,0.00034998502815142274,Bonds
2019,NOR,true,0.09714487219497336,0.10965974907853503,0.02333327755331993,Bonds
2019,BEL,true,0.09696471253492134,0.11941578422858605,0.09046313166618347,Bonds
1928,FIN,true,0.07913264198995162,0.07218933709573444,0.041083723306655884,Bonds
1871,FRA,true,0.09836631230178794,0.11581387032715108,0.09574708342552185,Bonds
1883,NOR,true,0.030611601962205446,0.03552309324849852,0.057747844606637955,Bonds
1976,CHE,true,0.12300136726104047,0.03312457305838233,0.14057113230228424,Bonds
1886,NOR,true,0.06985661134893272,0.06757837827631848,0.050519485026597984,Bonds
2007,CHE,true,0.040754368241927075,0.008143228345782686,-0.01394559070467949,Bonds
1934,ESP,true,0.20087980976991102,0.4033162580026458,0.07807275652885437,Bonds
2020,NOR,true,0.07288656725388737,0.07934742248242316,0.0400049053132534,Bonds
2007,JPN,true,0.04091480050900721,0.05097854239432571,0.03880532830953598,Bonds
1941,ITA,true,0.06717651761754907,0.07876262391801588,0.06490737199783325,Bonds
1969,DNK,true,-0.029418983121575606,-0.028567631542734413,-0.08863253891468048,Bonds
1977,JPN,true,0.09245670323908116,-0.06730668951174794,0.21640902757644656,Bonds
1965,NLD,true,0.012831279652796866,0.018668479734437374,-0.052885670214891434,Bonds
1933,ITA,true,0.023639782488701133,-0.04452440122280048,0.13847166299819946,Bonds
1915,JPN,true,-0.0016995003543918055,-0.05545777255899452,0.14100202918052673,Bonds
1931,DEU,true,-0.009459204431420154,-0.03593174497071953,-0.12421856820583342,Bonds
1936,DEU,true,0.03952569423327746,0.01635886390393179,0.07111585885286331,Bonds
1984,DNK,true,0.1499481992441858,0.2269476532283966,0.04011356830596924,Bonds
2016,NLD,true,0.05320217087644433,0.080158423046016,0.09969667345285416,Bonds
2016,DNK,true,0.05371426423385765,0.08023839511047208,0.047262340784072876,Bonds
1994,ITA,true,-0.07191613604438186,-0.047438796651738495,-0.10907217860221863,Bonds
1884,BEL,true,0.056728611829514275,0.05434789688653472,0.06159873306751251,Bonds
1885,DNK,true,0.050586691531225,0.04881638398316575,0.04522613063454628,Bonds
1981,DNK,true,0.052769608567667735,0.16509525469610475,0.1686018705368042,Bonds
1983,AUS,true,0.08049144542399378,0.11326606446338533,0.15729685127735138,Bonds
1981,JPN,true,0.02924854525881355,0.007057783192122965,0.13920196890830994,Bonds
1978,FRA,true,0.027047082058029824,-0.004224293947834308,0.1630989909172058,Bonds
1944,PRT,true,0.03736277448870144,0.035602104103969655,-0.0015644505620002747,Bonds
1914,NOR,true,-0.014008794896234586,0.03690060644994784,0.011808497831225393,Bonds
1998,AUS,true,0.10865781962955517,0.2465150342544229,0.1356986165046692,Bonds
1980,SWE,true,0.03523229581329845,0.10400170862791859,0.01626908965408802,Bonds
1938,DNK,true,0.043162612272535456,0.018564113556638142,0.08021389693021774,Bonds
1960,FRA,true,0.07809452862187323,0.07895523492928078,0.04463484138250351,Bonds
1881,SWE,true,0.04418958968766897,0.057092974167391106,0.046119436621665955,Bonds
2001,SWE,true,0.04907513275527331,0.10307525552339683,0.003363781375810504,Bonds
2018,NLD,true,0.00536325544683851,0.04254173725816332,0.021764283999800682,Bonds
1997,ESP,true,0.13166732859772212,0.21378126193546926,0.1692834049463272,Bonds
1980,ESP,true,0.03373618989781245,0.2539420960299258,0.1353181004524231,Bonds
1981,BEL,true,0.0539426760895911,0.16992361680005386,0.04029020294547081,Bonds
1903,DNK,true,0.018398348692153618,0.02185403681299647,0.04071246460080147,Bonds
1933,PRT,true,0.031233704826549694,0.03391905218801215,0.1654510349035263,Bonds
1976,PRT,true,0.12447637024956111,0.27331054949125183,-0.18455368280410767,Bonds
1984,ESP,true,0.14861178010360598,0.18929512750394273,0.1683332324028015,Bonds
1977,PRT,true,0.11113583009561744,0.5023389181339414,-0.15908442437648773,Bonds
1927,DEU,true,0.08536791343159285,0.15770129595597035,0.04713355004787445,Bonds
1899,ITA,true,0.0013212729669086994,-0.015301078342724926,0.05336007475852966,Bonds
1922,SWE,true,0.1225400573582997,0.11765269228599293,0.20536532998085022,Bonds
1991,BEL,true,0.1635406950332854,0.18728573663162637,0.1664387285709381,Bonds
1918,CHE,true,0.0749364910585254,-0.006150688256276624,-0.0014545847661793232,Bonds
2000,CHE,true,0.09791819700170358,0.055674207396183395,0.0467250794172287,Bonds
1979,DNK,true,-0.006630511040759413,0.04015914635816101,0.0492144450545311,Bonds
1936,CHE,true,0.0418722945642456,0.09914275367352385,0.054341539740562446,Bonds
1940,FRA,true,0.09351603167572733,0.25961834290853425,0.23628093302249908,Bonds
1964,PRT,true,0.034469423151003105,0.03622695190608241,0.05144836753606796,Bonds
2014,GBR,true,0.1833465912009849,0.1681600939645405,0.15596400201320648,Bonds
2006,CHE,true,0.0014770321360293328,-0.03319759942252666,-0.02138919197022915,Bonds
2013,FRA,true,-0.04417259452947377,-0.12144140091017898,-0.03871776536107063,Bonds
1888,JPN,true,0.04652349035358004,0.056932545160482094,0.031312666833400726,Bonds
1916,NOR,true,-0.03578440787974544,-0.08421825478835542,0.054292477667331696,Bonds
1948,AUS,true,0.026371275860808056,0.06807838290652553,0.0579167939722538,Bonds
1895,SWE,true,0.06545533439285046,0.07398681316073676,0.04176754131913185,Bonds
1962,AUS,true,0.10656524456654484,0.10771744131765107,0.14103387296199799,Bonds
1944,DNK,true,0.03728988514741593,0.03552980159894946,0.07828282564878464,Bonds
1964,NLD,true,0.03513997062650792,0.032397289577634186,0.000939985562581569,Bonds
1949,AUS,true,0.04051159379533201,1.321771412855776,-0.04020370915532112,Bonds
1967,JPN,true,-0.010445511135999778,-0.02917842317960456,0.06371820718050003,Bonds
2013,BEL,true,-0.04442848400837394,-0.11782052528256509,0.0010905904928222299,Bonds
1972,CHE,true,0.046747282440433524,0.008043711484952948,0.0382579006254673,Bonds
1953,NOR,true,0.055605703287718355,0.06382734684769945,0.01682295650243759,Bonds
1887,USA,true,0.029068806710923763,0.024117631861622538,0.013824759982526302,Bonds
1941,FIN,true,0.06708493852651425,0.05680350456978408,0.04699999839067459,Bonds
1941,AUS,true,0.06801493555812255,0.030280003302727072,-0.0033347487915307283,Bonds
1910,PRT,true,0.02662546234967178,-0.029382745606681932,0.039995964616537094,Bonds
2000,JPN,true,0.14530949270185045,0.24402446765605834,0.01476858463138342,Bonds
1932,FIN,true,0.22226108323345972,0.37201509165299196,0.08100000023841858,Bonds
1889,JPN,true,0.05441154637070367,0.04140275118305775,0.07101444154977798,Bonds
1930,ITA,true,0.0965318702486695,0.08922737372748663,0.07335296273231506,Bonds
1967,NLD,true,-0.010266969752633606,-0.03917743345045768,0.037672009319067,Bonds
1888,DEU,true,0.044961606588856735,0.044145218533310084,0.05711447820067406,Bonds
1919,AUS,true,-0.008193655609515994,-0.00031768785642216635,0.04032709449529648,Bonds
2017,GBR,true,0.019223337648970974,-0.029686179787227696,0.03743851184844971,Bonds
2002,DNK,true,0.10979568251372374,0.020503399176605333,0.0985339805483818,Bonds
1999,SWE,true,-0.02955724452150342,0.043038458457922424,-0.05522557720541954,Bonds
1933,AUS,true,0.030965904056486936,0.04861520985454285,0.05805879086256027,Bonds
1942,DEU,true,0.029250160264168677,0.029351595568195984,0.06112852692604065,Bonds
1987,DEU,true,0.03549683984210434,-0.017045248587109617,0.06814783066511154,Bonds
1951,ITA,true,-0.0461492803328045,-0.07102192199111448,0.01124117337167263,Bonds
1958,ITA,true,0.01568648922554458,0.009117006577025216,0.12639211118221286,Bonds
2004,NOR,true,0.06089602966156336,-0.003991648061962671,0.09490718692541122,Bonds
2018,DNK,true,0.005486328504449118,0.04517414635052148,0.020567787811160088,Bonds
1911,ITA,true,0.01273507165519182,0.013165496787283936,0.023175980895757675,Bonds
1939,PRT,true,0.014586941229242754,0.06078352971810501,-0.016894260421395302,Bonds
1949,PRT,true,0.04000893830754509,0.7801983140242402,-0.1787191778421402,Bonds
1996,NOR,true,0.08427637404296072,0.05839378038504965,0.09554737061262131,Bonds
1923,ESP,true,0.023533332223945568,0.04233154118158622,0.04235083982348442,Bonds
1956,CHE,true,-0.045413597348026365,-0.042095421410215536,0.02091924101114273,Bonds
2012,AUS,true,0.06733371201853892,0.018150902499422267,0.07906865328550339,Bonds
1960,FIN,true,0.07674386091435773,0.015909685052428662,0.12875762581825256,Bonds
1995,FIN,true,0.2139558598645274,0.13277013415710928,0.28859567642211914,Bonds
1950,GBR,true,0.0016479918524327124,-0.045946408087827656,0.040641751140356064,Bonds
1886,PRT,true,0.06506790100227476,0.05094140386430197,0.20932644605636597,Bonds
1936,JPN,true,0.04231329181821207,0.011530409972778143,0.029044790193438533,Bonds
1939,DNK,true,0.014571231603222844,0.037745867924278836,-0.012886597774922848,Bonds
2006,DNK,true,0.0013449243189735812,-0.06800734387753776,-0.012141002342104914,Bonds
1900,ITA,true,0.03515739345892558,0.021390689723923745,0.03335290402173996,Bonds
1879,USA,true,0.08547031030166069,0.07433100577208493,0.05479337275028229,Bonds
1903,JPN,true,0.017789155601113254,0.027407684832035102,0.06505955755710602,Bonds
2007,ESP,true,0.04091697893837789,-0.022970533858132924,0.01035739853978157,Bonds
1983,CHE,true,0.08171154552792143,0.12032920305877544,0.032839879393577576,Bonds
1955,JPN,true,-0.021424514183669627,-0.07386508787779257,0.06320000439882278,Bonds
1914,ESP,true,-0.014473635733832842,-0.03362178966944883,-0.0070373285561799994,Bonds
1951,AUS,true,-0.044999505131683354,-0.049324388010436204,-0.08226433396339417,Bonds
1925,DEU,true,0.01315803889862394,0.03127978484573337,0.0672944039106369,Bonds
1965,ESP,true,0.011330553480400922,0.013059604819577934,0.04119895026087761,Bonds
1918,JPN,true,0.07584175890798474,0.04962792255755348,0.021139051765203476,Bonds
1924,DEU,true,0.06368502948167358,6.900173094627949,0.06827491521835327,Bonds
1899,PRT,true,0.0013658661203666224,-0.0926298250711571,0.2981704771518707,Bonds
1980,DNK,true,0.034550517539519154,0.17271227329734468,0.0901615172624588,Bonds
2013,CHE,true,-0.04385493549178748,-0.10200265684865678,-0.04045632854104042,Bonds
1936,FRA,true,0.035753062409186055,0.10738069312423118,0.07457545399665833,Bonds
1969,GBR,true,-0.03439738907732804,-0.039807956592392495,-0.002488371916115284,Bonds
1993,SWE,true,0.19827125798963766,0.4059050286517297,0.29628098011016846,Bonds
1956,NOR,true,-0.04499738684137129,-0.05679495866221883,0.04190266504883766,Bonds
2009,ITA,true,-0.050610460605301374,-0.07110277593537656,0.09448951482772827,Bonds
1901,DNK,true,0.03803386576223635,0.030825050755666474,0.10054347664117813,Bonds
1967,NOR,true,-0.009449682681035972,-0.03366829575027358,0.059021867811679854,Bonds
2004,GBR,true,0.060854170263945455,0.016431954716906505,0.06638054549694061,Bonds
1901,DEU,true,0.033530446948686975,0.027473248840996237,0.06220318749547005,Bonds
1905,ESP,true,0.06261869574386622,0.014919137048280517,0.06795503944158554,Bonds
1932,DEU,true,0.2205837035192214,0.07495893341534762,0.24399156868457794,Bonds
1960,BEL,true,0.07847236348296181,0.07410074275124545,-0.019229106605052948,Bonds
1929,ITA,true,0.06752983470844155,0.06583089472342034,0.011807126924395561,Bonds
1951,JPN,true,-0.04579717849783237,-0.0346188731957162,0.054999999701976776,Bonds
1892,JPN,true,0.0468991176118383,0.1951058706699449,0.06390640884637833,Bonds
1950,FRA,true,0.009601910448819499,0.017423569544341357,-0.025585055351257324,Bonds
1939,JPN,true,0.013134888829654247,0.05876416541517493,0.04338591918349266,Bonds
1966,NLD,true,0.03882600650075911,0.03898563455522807,0.007319710683077574,Bonds
1968,ESP,true,0.007529515117248009,0.008237025834190649,0.047318216413259506,Bonds
1950,NOR,true,0.008689790141260423,0.08259069755165781,-0.009365413337945938,Bonds
1932,JPN,true,0.22216318082114522,0.9025527719128315,0.18254396319389343,Bonds
1920,DEU,true,-0.050019459908973204,1.742763919877037,0.12000566720962524,Bonds
1874,FRA,true,0.048822261879187104,0.047034326240606016,0.1215175986289978,Bonds
1977,CHE,true,0.11076749082349978,-0.03278881306654027,0.08230247348546982,Bonds
1937,DEU,true,-0.029772441254520606,-0.06072609627340708,0.0956096276640892,Bonds
1963,GBR,true,0.001643418922378053,0.00420433283833854,0.036339953541755676,Bonds
2010,FRA,true,0.059563413505108354,0.17636553518617015,0.09389825910329819,Bonds
2011,DEU,true,0.12091760453977371,0.16866910465808285,0.08290884643793106,Bonds
1911,NOR,true,0.01402030365589519,0.014620641331394053,0.01522624772042036,Bonds
1924,NLD,true,0.06322580220450208,0.0281979952224441,0.08792297542095184,Bonds
1937,NOR,true,-0.017405084799314262,-0.06061891291094783,0.08826276659965517,Bonds
1946,ESP,true,0.023835164475012997,1.5505738759257746,0.016804279759526253,Bonds
2006,PRT,true,0.0013182732901439226,-0.06757803052265504,-0.004635931923985481,Bonds
1971,ITA,true,0.16594754060776973,0.15375041787840876,0.11630895733833313,Bonds
1988,FRA,true,0.07203380429363715,0.1745552346933137,0.18388058245182037,Bonds
1894,SWE,true,0.058721711059205456,0.05406197116775295,0.07686527073383331,Bonds
1953,FRA,true,0.05760017026053127,-0.030248938069919594,-0.0006581632769666612,Bonds
1956,DEU,true,-0.044472063603145935,-0.04497289793425668,-0.056685127317905426,Bonds
2004,FIN,true,0.06094020133968575,0.021649638946700404,0.09650126099586487,Bonds
1902,NLD,true,0.03653193352843213,0.05093098807685171,0.02794105932116509,Bonds
1969,CHE,true,-0.029933771574738942,-0.024233469137092373,0.0038751510437577967,Bonds
1942,JPN,true,0.03911158873080011,0.04433013761221838,0.03779999911785126,Bonds
1973,CHE,true,-0.028547499956353865,-0.14098544955002762,-0.0030071339569985867,Bonds
1970,NLD,true,0.09294503863327196,0.08488977944793147,0.13090357184410095,Bonds
2006,GBR,true,0.0015832968965564386,-0.09043339866489634,-0.005019864067435265,Bonds
1895,NOR,true,0.06542079219947286,0.07393788796716745,0.03868473693728447,Bonds
1931,CHE,true,-0.015837307287981956,-0.050045685789693754,0.05930499732494354,Bonds
1886,DNK,true,0.06996490371728722,0.06680328008651112,0.025000000372529026,Bonds
1960,NOR,true,0.07691194070451149,0.07660921175710192,0.04405956342816353,Bonds
1943,CHE,true,0.030885578207766738,0.029614170985175978,0.03362831845879555,Bonds
1897,BEL,true,0.03954699137689508,0.016953118667677732,0.04627842456102371,Bonds
1900,JPN,true,0.035211409605192236,0.03973698595452496,0.012380175292491913,Bonds
1968,DEU,true,0.0037232699152202667,0.002771917016928102,0.08920188248157501,Bonds
1956,AUS,true,-0.045245144960221875,-0.036247269021582665,-0.006890301592648029,Bonds
1925,ITA,true,0.016314633517871484,0.14047243769634932,0.011451976373791695,Bonds
1989,DEU,true,0.09249116868882341,0.015572191006114858,0.016102906316518784,Bonds
1899,BEL,true,0.009985045216297984,0.013591466348112605,-0.025586750358343124,Bonds
1918,PRT,true,0.07450184648997016,0.1070037294823713,0.07846596091985703,Bonds
1876,USA,true,0.04080381647476136,0.0073877054287607,-0.012225779704749584,Bonds
2017,DNK,true,0.020151018229689607,-0.058816190365271304,0.03171081840991974,Bonds
2007,DNK,true,0.04044873665375438,-0.020382089923467114,0.0030361106619238853,Bonds
1970,ESP,true,0.09469452539203066,0.08964141026351809,0.01168357115238905,Bonds
2000,FIN,true,0.09749214201945208,0.1140332205473947,0.09091049432754517,Bonds
1914,CHE,true,-0.014005945415419857,-0.026164487228061504,0.021213848143815994,Bonds
1978,SWE,true,0.032512902723743825,0.0382335599507064,0.07829110324382782,Bonds
1892,USA,true,0.04916074205614095,0.04426016735626947,0.012937572784721851,Bonds
1998,ESP,true,0.10715242785672205,0.099823902469551,0.17690154910087585,Bonds
2015,AUS,true,0.000888963520476382,0.09160715757352908,0.0223712045699358,Bonds
1985,FIN,true,0.20431949822477577,0.13155030495028897,0.13921816647052765,Bonds
2003,NLD,true,0.011442796968470236,-0.07044709936128087,0.046264663338661194,Bonds
1929,FRA,true,0.009311272799624957,0.0031495468221622164,0.2976835370063782,Bonds
1886,ITA,true,0.06819305818662902,0.06245213797732581,0.07968881726264954,Bonds
1922,FRA,true,0.11758775638165209,0.11183504697465275,0.1367598921060562,Bonds
1907,NLD,true,0.02111519872246759,0.019379650271087637,0.0025945717934519053,Bonds
1933,BEL,true,0.031211290875559263,-0.016008970004420496,0.05443792790174484,Bonds
1871,SWE,true,0.09844924369277044,0.09586064848515904,0.07501952350139618,Bonds
1914,FIN,true,-0.013965503083420622,0.11500566187951072,0.028287624940276142,Bonds
1955,NLD,true,-0.021108441303419108,-0.0015236953239528605,-0.0061354548670351505,Bonds
1971,BEL,true,0.16343335369439443,0.08723651655919085,0.12267017364501953,Bonds
2003,AUS,true,0.011906440055212453,-0.153942500768374,0.022816898301243782,Bonds
1953,SWE,true,0.05574462027466287,0.026860910469742198,0.0175965316593647,Bonds
1970,AUS,true,0.09598036323167909,0.09929619942489953,-0.005159309599548578,Bonds
1985,ITA,true,0.2090857648456712,0.18566802973523525,0.15006560087203982,Bonds
1913,FRA,true,0.01978948293065364,0.014920676416683846,-0.02016141265630722,Bonds
1969,AUS,true,-0.03240883976228436,-0.037452510583566065,0.11040104180574417,Bonds
1965,NOR,true,0.011483461428315404,0.010437968548996139,0.034422725439071655,Bonds
1880,SWE,true,0.07732759485132747,0.07606134389470923,0.10955112427473068,Bonds
1921,AUS,true,0.09964143743297643,0.06069405821491633,0.09520445019006729,Bonds
1983,NLD,true,0.08257248634454561,0.20035224142460795,0.02593427337706089,Bonds
1920,BEL,true,-0.050019459908973204,0.3294126158763467,-0.04893560707569122,Bonds
1969,JPN,true,-0.03254792628836803,-0.02240056566413831,0.06623998284339905,Bonds
1947,SWE,true,-0.054317617311389066,0.05456025655201793,0.023884506896138195,Bonds
1893,FRA,true,0.04852073083990838,0.03571773120856211,0.031126471236348152,Bonds
1931,SWE,true,-0.01518454295842344,0.37093034213987147,-0.10691928118467331,Bonds
1896,ITA,true,0.04335666532331745,0.06529171620352296,0.0438999980688095,Bonds
1973,DNK,true,-0.028095933729533444,-0.07967546977312111,-0.056724678725004196,Bonds
1949,FRA,true,0.040082367627124485,0.22358107547027664,0.028760485351085663,Bonds
1955,FIN,true,-0.020993286226289723,-0.008847579612849658,0.06921260058879852,Bonds
1991,FIN,true,0.1636922448786964,0.33778233054579465,0.1369599997997284,Bonds
1928,SWE,true,0.07933593913436529,0.08787142117348237,0.031410589814186096,Bonds
1966,CHE,true,0.03835887085822795,0.03983194333111052,0.022613447159528732,Bonds
1907,CHE,true,0.020707547362820725,0.022459785480449846,-0.0056486292742192745,Bonds
1939,CHE,true,0.01450592981888107,-0.017921748653276712,0.017322026193141937,Bonds
1925,BEL,true,0.017507447907274896,0.00987105337400422,-0.048033200204372406,Bonds
1897,FRA,true,0.04195252022866532,0.04268511272187579,0.035165462642908096,Bonds
1905,DEU,true,0.07071852499838525,0.08292586080366991,0.027354072779417038,Bonds
1973,BEL,true,-0.02902430338683699,-0.062003220270958614,0.016270125284790993,Bonds
2011,AUS,true,0.11776686571351433,0.12639993544937872,0.196348175406456,Bonds
1905,PRT,true,0.061077921919364966,-0.055339121356720936,0.13130319118499756,Bonds
1898,DNK,true,0.01996122737747539,0.014284149132957806,0.017369726672768593,Bonds
2015,GBR,true,0.0007038209229978665,0.024430890273324866,0.007676143664866686,Bonds
2002,NLD,true,0.10955812774131377,0.01740099977050802,0.1222471073269844,Bonds
1890,ITA,true,0.05368562644031246,0.06271822932497169,0.04424433782696724,Bonds
1905,NLD,true,0.06448190842779122,0.07624349248220257,0.0037340617273002863,Bonds
1904,CHE,true,0.020043026298819454,0.02088264913031005,0.022632785141468048,Bonds
1942,NOR,true,0.03906339022340695,0.03739824935602436,0.023012449964880943,Bonds
2015,DNK,true,0.0012049905573620987,0.0845010810806068,-0.02894405834376812,Bonds
1969,ESP,true,-0.030276299029665207,-0.024868899627985323,0.05287754163146019,Bonds
1955,CHE,true,-0.021223521351732416,-0.020156659683827256,0.014787260442972183,Bonds
1897,USA,true,0.038953416295837005,0.03962593400014487,0.049910999834537506,Bonds
1930,DEU,true,0.09607736236785715,0.09472968038924542,0.06838693469762802,Bonds
1934,SWE,true,0.19746112638902721,0.4539804976887799,0.2760249376296997,Bonds
2002,PRT,true,0.10968500999895059,0.01833166009153281,0.11879698932170868,Bonds
2005,ITA,true,0.057508968148831954,0.12622993844086963,0.06488417088985443,Bonds
1916,NLD,true,-0.03799164314012611,-0.10422292835151892,0.10386463254690172,Bonds
1909,DEU,true,0.047773175966431124,0.04800288325188249,0.03441371023654938,Bonds
1918,NOR,true,0.0746635330792961,0.2633016948516468,0.030878268182277676,Bonds
1906,JPN,true,0.021070649910659284,0.03247072020230401,0.06517153978347778,Bonds
1952,FIN,true,0.020420040787453252,-0.0726898764092658,0.040306348353624344,Bonds
1888,USA,true,0.04558683177317384,0.04892206215846866,0.054682649672031396,Bonds
1957,BEL,true,0.040224594190197985,0.034714169930607754,-0.08094849437475204,Bonds
1951,CHE,true,-0.0458898400243666,-0.04152005861422706,0.006578271277248859,Bonds
1990,ITA,true,0.036296815440225776,-0.018042001427801563,0.14646059274673462,Bonds
1903,NLD,true,0.018842086220620325,0.019063122666462064,0.003249569796025753,Bonds
1932,NOR,true,0.2224613924427004,0.20004857008073174,0.13267989456653598,Bonds
1967,AUS,true,-0.010308494964328535,-0.040434066776691494,0.042242784053087234,Bonds
1949,ESP,true,0.03987308158563696,1.0476569839216372,0.029855959117412567,Bonds
1936,FIN,true,0.04193398820886311,0.006768468408925201,0.07014147192239761,Bonds
1983,PRT,true,0.08090490035314654,0.5129715681589917,0.1788245439529419,Bonds
1968,JPN,true,0.006690678364663484,-0.028941825716481677,0.06582039594650269,Bonds
1886,FRA,true,0.06573836390277302,0.06444501892897647,0.07766764611005783,Bonds
1995,DNK,true,0.21438153687553063,0.12397108600341022,0.20457930862903595,Bonds
2004,DEU,true,0.060552054663595284,0.017981684567146074,0.0670132040977478,Bonds
1986,DEU,true,0.17208632812008767,0.03966054503856913,0.0862049013376236,Bonds
1906,NLD,true,0.023443024719146024,0.04207794383679096,0.01877283863723278,Bonds
1943,FIN,true,0.0308509400344589,0.03030259117920362,0.04699999839067459,Bonds
1960,NLD,true,0.07684981022114895,0.07769121055827397,0.07465800642967224,Bonds
1982,GBR,true,0.23490271096404658,0.3799638755925405,0.5352219939231873,Bonds
1907,BEL,true,0.021208824960959806,0.025200949516068348,0.0019060677150264382,Bonds
1957,GBR,true,0.06353710021462763,0.02872034961396972,-0.06305692344903946,Bonds
1930,SWE,true,0.09445666769004563,0.09433780207724855,0.13135455548763275,Bonds
2009,GBR,true,-0.04074618849962417,-0.12789155617876397,-0.015163527801632881,Bonds
1979,ITA,true,-0.01607079126656747,-0.05727930782975689,0.08992024511098862,Bonds
2012,DNK,true,0.06747100081834685,0.02789951356802922,0.061103448271751404,Bonds
1913,ESP,true,0.010316372741958353,0.010896755947224727,0.008317871950566769,Bonds
1965,DEU,true,0.011954209827438722,0.019917275278404967,0.0017618751153349876,Bonds
1920,JPN,true,-0.05218585788274224,-0.12758480769903224,0.013158585876226425,Bonds
1894,BEL,true,0.05870623397624172,0.07718592346817832,0.06302352249622345,Bonds
1998,PRT,true,0.10852103424335424,0.09808615576011286,0.1731494516134262,Bonds
1999,JPN,true,-0.07392019831335676,-0.23126933172066838,0.04510399326682091,Bonds
2018,PRT,true,0.005451315800374222,0.04248874821995933,0.017489273101091385,Bonds
2008,AUS,true,0.14045188005949424,0.5289726591201058,0.2755560278892517,Bonds
1921,ESP,true,0.10079293325513713,0.303741098694295,0.03809772804379463,Bonds
1884,DNK,true,0.05685513568763057,0.057546839778588085,0.050761424005031586,Bonds
2017,SWE,true,0.020192451134979278,-0.03147015061817049,0.018196003511548042,Bonds
1915,DEU,true,-0.010167856478613096,0.059526021526438655,0.06536457687616348,Bonds
1957,DEU,true,0.039547203598271935,0.03915879131633855,-0.002312250202521682,Bonds
1965,ITA,true,0.009535063690120383,0.009751282304990274,0.06925103813409805,Bonds
1948,NLD,true,0.02683364490390195,-0.0661189705521073,0.02611243911087513,Bonds
2008,NLD,true,0.1411605419343067,0.2726773206893599,0.12287068367004395,Bonds
2016,FIN,true,0.053750925991126665,0.08050921295045255,0.03781925141811371,Bonds
1952,CHE,true,0.020421197574887726,0.028671444391230864,0.021785032004117966,Bonds
1968,PRT,true,0.007901575642111039,0.00372282250206146,-0.02555665746331215,Bonds
1968,GBR,true,0.013430652707456909,0.02311900084424021,-0.02334828674793243,Bonds
1975,PRT,true,0.115254092697583,0.2007814775212191,-0.20190449059009552,Bonds
1958,SWE,true,0.018042758248809757,-0.008241918468878492,0.05500432476401329,Bonds
2014,AUS,true,0.1816907792859892,0.19603143767747064,0.18441404402256012,Bonds
1984,BEL,true,0.14918989538999533,0.220045646061644,0.1366405189037323,Bonds
1922,DNK,true,0.12275679461229036,0.045250067058957386,0.16858237981796265,Bonds
1908,SWE,true,0.04682802776553759,0.03373782390716466,0.09005559235811234,Bonds
2013,PRT,true,-0.045018717909653186,-0.11796496703937578,0.12234269082546231,Bonds
1989,GBR,true,0.08749122970295635,0.20529075117071727,0.08210000395774841,Bonds
1950,CHE,true,0.008212584706212025,0.02398123788159645,0.05742369219660759,Bonds
1970,BEL,true,0.09445173625886207,0.09495666921701537,0.06480719894170761,Bonds
2006,FIN,true,0.0013352037664769272,-0.06736008403207998,-0.014735666103661059,Bonds
2015,JPN,true,-0.004278831639329471,-0.04470675714644429,0.017814068123698235,Bonds
1904,PRT,true,0.018288078865215628,-0.01388249106432502,0.09018662571907043,Bonds
2009,ESP,true,-0.04173854519891773,-0.06112910820346658,0.05009076744318009,Bonds
1910,CHE,true,0.026993088073687325,0.03315768897108979,0.008411150425672531,Bonds
1975,DNK,true,0.11403529149060107,0.17407188567747267,0.2961331307888031,Bonds
1956,FIN,true,-0.04494490934039842,-0.041654372411098546,0.09117027372121811,Bonds
1967,SWE,true,-0.009893524230915919,-0.036337363421648984,0.08836401253938675,Bonds
1980,AUS,true,0.03589551416775328,-0.020822423407644817,-0.04250805824995041,Bonds
1888,BEL,true,0.04647398883970593,0.047538583760327206,0.04112618789076805,Bonds
1983,SWE,true,0.07996998729410996,0.12303596192279091,0.16253212094306946,Bonds
1902,PRT,true,0.035283244005593385,-0.06515553040141553,0.07425843924283981,Bonds
1934,DEU,true,0.20978646329833336,0.32284094283711967,0.045467033982276917,Bonds
1994,FIN,true,-0.0749359510568542,-0.1882248559760139,-0.11808408051729202,Bonds
1904,NOR,true,0.02007623422070226,0.015998651966948496,0.012218638323247433,Bonds
1923,PRT,true,0.02394962642614594,0.5150195036701711,-0.06279004365205766,Bonds
1888,DNK,true,0.046345242373319245,0.04532324806713661,0.04859334975481033,Bonds
2013,ESP,true,-0.050310687018084325,-0.12505285927233284,0.15901830792427063,Bonds
2011,JPN,true,0.16029369365205948,0.09470316093584974,0.034295596182346344,Bonds
1928,ITA,true,0.07627512682829836,0.05335585037627098,0.11149564385414124,Bonds
1981,CHE,true,0.0541552733656691,-0.024867312994583658,0.018928594887256622,Bonds
1927,CHE,true,0.08428768588327099,0.16275505350956873,0.05093833804130554,Bonds
1949,NLD,true,0.039899170872717285,0.3101749353332773,0.03558775410056115,Bonds
2008,FIN,true,0.14094342532126125,0.2707384421653236,0.11503367125988007,Bonds
1881,DEU,true,0.043954843079266996,0.05424174409944374,0.04694615304470062,Bonds
1880,PRT,true,0.07829364882941421,0.07953689728017824,0.05098036304116249,Bonds
1952,NLD,true,0.019020110901464528,-0.026116649727401575,0.11061902344226836,Bonds
1974,ESP,true,0.000556272032229967,0.003380582708707734,0.010435054078698158,Bonds
1952,JPN,true,0.020253943930908236,-0.0006333850848191415,0.054999999701976776,Bonds
1906,BEL,true,0.02307449490949512,0.04731442611956785,0.0327976793050766,Bonds
1925,SWE,true,0.01564992067308218,0.03969626178392831,0.09749671071767807,Bonds
1900,NOR,true,0.0349441699113406,0.026767648377331404,0.027005011215806007,Bonds
2001,CHE,true,0.04883560852754442,0.009631499400676407,0.038154486566782,Bonds
1969,PRT,true,-0.029578081716046783,-0.03162166661288503,-0.007483952678740025,Bonds
1896,JPN,true,0.04354689926368107,-0.0229936991316403,0.03360004350543022,Bonds
1995,FRA,true,0.21692806294241138,0.1281390392888433,0.17114123702049255,Bonds
2017,PRT,true,0.01952796251681972,-0.061070638740131244,0.122087262570858,Bonds
2008,SWE,true,0.14029272061386575,0.46363200181559533,0.24945938587188718,Bonds
2010,AUS,true,0.06146363495834517,-0.04177022386081543,0.07380643486976624,Bonds
1952,AUS,true,0.02050032436977394,0.039701186763011986,0.014635879546403885,Bonds
1989,AUS,true,0.08686962241141405,0.14945207203465632,0.1347299963235855,Bonds
1940,SWE,true,0.10527071991281103,0.043611600293517135,0.0654081404209137,Bonds
2001,FRA,true,0.04737837135544247,0.03854310214148096,0.07612371444702148,Bonds
2012,PRT,true,0.06253928026783777,0.018355461147222633,0.8112969994544983,Bonds
1883,PRT,true,0.029849490954299188,0.032916400489654066,0.057315994054079056,Bonds
1988,ITA,true,0.07528409579263023,0.16337584759470494,0.09217756241559982,Bonds
1898,DEU,true,0.02230278961784847,0.01463132285577623,0.008858573623001575,Bonds
1977,ESP,true,0.11199877117594861,0.41130068003344566,-0.09845157712697983,Bonds
1974,JPN,true,-0.003485882152952202,0.09746325986828397,0.05651911348104476,Bonds
1962,SWE,true,0.10704970173997386,0.10684837069106518,0.09871512651443481,Bonds
1979,CHE,true,-0.006048140150239408,-0.03778317591709,-0.02095283754169941,Bonds
1908,ITA,true,0.04692008550628208,0.04252657985037239,0.04815271496772766,Bonds
1917,CHE,true,0.009767929572937966,-0.09655980469840755,0.013565425761044025,Bonds
1936,PRT,true,0.04186159974757478,0.008088840891016191,0.07753633707761765,Bonds
1999,PRT,true,-0.029732348577955387,0.14519926040709258,-0.04440867900848389,Bonds
1928,ESP,true,0.0797765405527794,0.11177139318421705,0.05892150476574898,Bonds
1964,CHE,true,0.034644399920191894,0.034246845299935456,0.02083478681743145,Bonds
1884,FRA,true,0.05236251228341328,0.051030409050946836,0.0657527968287468,Bonds
1982,FIN,true,0.25676240365268244,0.43012317568901,0.12422684580087662,Bonds
1967,BEL,true,-0.010923678730654834,-0.04318996052224678,0.0820431262254715,Bonds
1889,SWE,true,0.05465476113186452,0.0556487311439732,0.041767627000808716,Bonds
2003,CHE,true,0.012091049151489452,0.000334202408095452,-0.0025380710139870644,Bonds
1971,AUS,true,0.16360038536079502,0.13072125966720072,0.11616829037666321,Bonds
1948,NOR,true,0.026808575058809462,0.24055471395805347,0.035461824387311935,Bonds
2012,CHE,true,0.06762536115770677,0.016598686857984685,0.041854072362184525,Bonds
1978,PRT,true,0.03225748228753388,0.3036150668108249,0.26541292667388916,Bonds
2015,FIN,true,0.0011193038832975483,0.08391077740955005,0.0011106575839221478,Bonds
1918,AUS,true,0.07620323115694061,0.08393795581819,0.012830662541091442,Bonds
1923,BEL,true,0.027712920958413854,0.43472718907819663,-0.14293687045574188,Bonds
1950,JPN,true,0.008507348190569357,-0.26776826101497586,0.054999999701976776,Bonds
1942,FIN,true,0.039016604010390366,0.03824654877001637,0.04699999839067459,Bonds
1888,NOR,true,0.046358348890544625,0.04822625660865837,0.04338452219963074,Bonds
1973,AUS,true,-0.026105716217219202,-0.14190196945756584,-0.12465823441743851,Bonds
1990,SWE,true,0.0484458633207862,0.029157412528670282,0.1447550356388092,Bonds
1943,JPN,true,0.030504601790748334,0.02992622365243678,0.037700001150369644,Bonds
2002,SWE,true,0.10965681014008796,0.0020334978293610403,0.11892542243003845,Bonds
1924,AUS,true,0.06440071284105875,0.02079326299979021,0.03612132370471954,Bonds
1932,DNK,true,0.22241877263332022,0.4587918051339534,0.13866667449474335,Bonds
1987,FIN,true,0.03794465080809857,-0.0009076428388368196,-0.0037509631365537643,Bonds
1906,ITA,true,0.018290598989043793,0.038167232863992664,0.05986062064766884,Bonds
1992,PRT,true,0.1017847503684196,0.14765548194515055,0.17301328480243683,Bonds
1882,USA,true,0.014904427422676966,0.021132551995820682,0.06539476662874222,Bonds
1992,GBR,true,0.0986672048324583,0.3018697461873566,0.20016290247440338,Bonds
1925,ESP,true,0.015435473023383448,-0.042929981182754845,0.03896767273545265,Bonds
1893,BEL,true,0.04170367391380966,0.08270454053382578,0.07002045214176178,Bonds
1931,DNK,true,-0.015489673166886982,0.016281387480166207,-0.02227722853422165,Bonds
2001,AUS,true,0.048856737424716856,0.06925915782351177,0.01772843301296234,Bonds
1931,NOR,true,-0.015515008782880663,0.38315483911326875,-0.01460155937820673,Bonds
1997,NLD,true,0.13332835917737343,0.2163044317735528,0.08732344955205917,Bonds
1996,GBR,true,0.08460303002488885,-0.057941089245874794,0.0776439756155014,Bonds
2012,ITA,true,0.05567463584411887,0.008877092797689695,0.24545426666736603,Bonds
2000,SWE,true,0.09712481747205685,0.1541096788716042,0.1441618800163269,Bonds
1996,ESP,true,0.07902205387271374,0.11827984757714452,0.290670245885849,Bonds
1985,PRT,true,0.20381373586658885,0.2689137837129117,0.3013535141944885,Bonds
1906,NOR,true,0.023274898419313943,0.045046936797504905,0.03870648890733718,Bonds
1905,FRA,true,0.048587758062466145,0.06066515807080308,0.10570073872804642,Bonds
1990,FRA,true,0.0503180399965525,-0.00413840012788191,0.035571373999118805,Bonds
1950,NLD,true,0.008688684669496365,0.016940149865439645,0.007388468831777573,Bonds
1927,ITA,true,0.09535518147972903,-0.13252752016116692,-0.04516250267624855,Bonds
1948,ITA,true,0.026175064727061298,0.21114050350663904,0.0973188653588295,Bonds
1894,DEU,true,0.05390270358960057,0.05073823302874453,0.08479717373847961,Bonds
1946,BEL,true,0.02479620827971864,0.25646864122934593,-0.05446666106581688,Bonds
1978,GBR,true,0.038898851154213564,0.06615325625611881,-0.02575177140533924,Bonds
1941,FRA,true,0.06164766410978727,0.04753167434423061,0.15037405490875244,Bonds
1990,NLD,true,0.05098363108224033,-0.006587426570577794,-0.0006859201821498573,Bonds
1941,DNK,true,0.0670391821455664,0.08140360823394456,0.058047495782375336,Bonds
1885,FRA,true,0.04926680317665947,0.048799481909732725,0.053103554993867874,Bonds
2016,FRA,true,0.05473228266122975,0.0828990029351122,0.03527684509754181,Bonds
2015,ITA,true,-0.0016652990530758964,0.08595374733728244,0.046005044132471085,Bonds
1881,USA,true,0.04756246998467289,0.054737909347776594,0.021617650985717773,Bonds
1910,DEU,true,0.0251599812721805,0.030891682240222963,0.033984884619712837,Bonds
2000,NLD,true,0.09752856970028319,0.11422999334739757,0.09303924441337585,Bonds
1974,GBR,true,0.01981335725672802,0.027448072475827017,-0.15767984092235565,Bonds
1997,GBR,true,0.1309499171591374,0.07338068145604282,0.16759464144706726,Bonds
1909,FRA,true,0.04377732913085538,0.04767813032693378,0.048972271382808685,Bonds
1965,AUS,true,0.010863484496444614,0.007101541793758935,0.05283568426966668,Bonds
1904,BEL,true,0.020177875667808716,0.02047915211121299,0.015363634563982487,Bonds
1915,PRT,true,0.0033288185807567655,0.15460921448584858,0.08603575080633163,Bonds
1974,NOR,true,0.0008793392149730149,-0.07472640306912004,-0.034527488052845,Bonds
2016,GBR,true,0.05278045001810202,0.26990776372114295,0.0712653249502182,Bonds
1949,ITA,true,0.03879131889515053,0.6214560183189882,0.15809039771556854,Bonds
1997,AUS,true,0.13229666642321833,0.2812938475863618,0.17412561178207397,Bonds
1986,PRT,true,0.16572067999127954,0.22678971536948433,0.28976058959960943,Bonds
1890,JPN,true,0.05255444488200395,0.032548061199741275,0.03363262861967087,Bonds
1929,PRT,true,0.062467551716427795,0.05517663901533242,0.19806523621082306,Bonds
1900,DEU,true,0.03640904024193231,0.03688235096315805,0.026910047978162766,Bonds
1959,BEL,true,-0.0013975961988133036,0.00035022232654091656,0.03711068257689476,Bonds
1931,PRT,true,-0.015785049950306877,0.007335311778616532,0.04874558374285697,Bonds
1963,ESP,true,0.007801750537927997,0.005235079578504465,0.044273387640714645,Bonds
1999,BEL,true,-0.029411881701702204,0.14763799470962619,-0.05340249836444855,Bonds
1909,ITA,true,0.04506489412258198,0.05473757365568964,0.045019812881946564,Bonds
1947,NOR,true,-0.053951726562029456,0.05612521127131162,0.01990666799247265,Bonds
2019,GBR,true,0.09904056917728715,0.06262739921144962,0.05720197409391403,Bonds
1933,NOR,true,0.03165636295003453,-0.16569508531729593,0.020800460129976273,Bonds
1964,FRA,true,0.034160480189345234,0.033752709241506626,0.04384492710232735,Bonds
1912,DEU,true,0.007657235458902523,0.009623530161248565,0.0017900161910802126,Bonds
1907,JPN,true,0.021231279012446425,0.023232745150759907,0.01024533435702324,Bonds
1902,ESP,true,0.03238164915927462,0.017704035106259543,0.07750304043292999,Bonds
1962,ESP,true,0.10725864740146493,0.09092311996955094,0.07040824741125107,Bonds
2019,AUS,true,0.09684596004903491,0.1062179212722871,0.10067927092313766,Bonds
2005,BEL,true,0.05802183977923117,0.12254305484054928,0.060672055929899216,Bonds
2004,CHE,true,0.061073163683669204,0.007737679670987389,0.060954637825489044,Bonds
1996,PRT,true,0.08337149579657928,0.08573690994902655,0.2826637923717499,Bonds
1937,JPN,true,-0.019350663570576604,-0.04069612631255763,0.04702990874648095,Bonds
1949,JPN,true,0.03983706248474404,2.0810125335778973,0.0551999993622303,Bonds
1998,NLD,true,0.10787832495671831,0.09619072774689193,0.16239365935325623,Bonds
2006,SWE,true,0.0013593497833045763,-0.10249372743098378,-0.008797730319201946,Bonds
1887,FRA,true,0.03550460502006118,0.03624827210688295,0.01282438077032566,Bonds
1896,PRT,true,0.044001014640808335,0.0709827237443684,0.0245803352445364,Bonds
1938,NLD,true,0.04350984053577526,0.00732720199376681,0.03386714309453964,Bonds
1930,FIN,true,0.09465045329449275,0.0810053340970773,0.07558590173721313,Bonds
1944,BEL,true,0.0370760366213805,0.4607758687407007,0.08028627187013626,Bonds
1938,DEU,true,0.040024616571643475,-0.014792192215490468,0.06661681830883026,Bonds
1992,AUS,true,0.10190717264808989,0.15813843955527507,0.13209065794944763,Bonds
1999,ESP,true,-0.02905527247503223,0.14882067883953032,-0.06519570201635361,Bonds
1949,FIN,true,0.039711241403760186,0.07302635356809706,0.2150520533323288,Bonds
1962,JPN,true,0.10726375327551205,0.1825282406122657,0.06430000066757202,Bonds
1910,FRA,true,0.029118058803797545,0.03487939997182394,0.020308585837483406,Bonds
1935,DNK,true,0.0031344542291271487,0.016524809503562693,0.007594936527311802,Bonds
1923,FRA,true,0.035900809387443756,0.40098363777176466,-0.014654206112027168,Bonds
1960,AUS,true,0.07796949426772493,0.07734483391096476,-0.013662530109286308,Bonds
2009,NLD,true,-0.04083596407498774,-0.06005172525094502,0.04506802558898926,Bonds
2012,FIN,true,0.06732727859214391,0.023289838160171834,0.10474903136491776,Bonds
2001,GBR,true,0.04941194595423871,0.013161277919126304,0.029548566788434982,Bonds
1936,ITA,true,0.04601794031441865,0.16672475470090797,-0.014895486645400524,Bonds
2010,NOR,true,0.061450982121234635,0.10182817849146888,0.08190334588289262,Bonds
1961,PRT,true,0.0030834991818740583,0.004825901328273672,-0.027104316279292107,Bonds
2003,DNK,true,0.011757336154334842,-0.057165491436725,0.04259059578180313,Bonds
1912,CHE,true,0.006455486617771875,0.007407301589715682,-0.005695336498320103,Bonds
1927,FRA,true,0.05245027062930583,-0.10229951701038426,0.22421546280384066,Bonds
1986,FIN,true,0.16625072059679588,0.17046625736421528,0.14907856285572052,Bonds
1972,NLD,true,0.047438184598804035,0.0365001542232411,0.016836795955896378,Bonds
2003,BEL,true,0.011309246248640003,-0.0707196962386479,0.05081488937139511,Bonds
1968,BEL,true,0.006862751464688238,0.016397728324365125,0.061994414776563644,Bonds
1922,NOR,true,0.12286111475401791,-0.012070408156191457,0.12024885416030884,Bonds
2012,GBR,true,0.06902799282668637,0.021763110071098428,0.03848639130592346,Bonds
1883,BEL,true,0.030798033398724056,0.01058829947184394,0.02446814626455307,Bonds
1897,NOR,true,0.03973922333718083,0.040741423951294535,0.03141774982213974,Bonds
1980,DEU,true,0.0352897344581507,0.19728609166134015,0.031024388968944553,Bonds
2009,CHE,true,-0.040174270107090106,-0.05656388279733427,0.04250982776284218,Bonds
1938,ITA,true,0.04254020536938286,0.004615691163582144,0.05498148128390312,Bonds
1966,BEL,true,0.03816166267408046,0.04616668279580618,0.03951545059680939,Bonds
1935,NOR,true,0.0030629867004487513,-0.0082827746048223,0.03027871437370777,Bonds
1987,ITA,true,0.02913715733853095,0.03705760761620235,0.11740931868553162,Bonds
1988,DEU,true,0.0788541612460665,0.17385987374198442,0.0494999997317791,Bonds
1893,DEU,true,0.04342416986006238,0.033576149854837756,0.03657173737883568,Bonds
1886,BEL,true,0.06918193541444796,0.06396962848804716,0.09694076329469681,Bonds
1984,GBR,true,0.15485138700387432,0.36427987780664095,0.0375610888004303,Bonds
1923,NOR,true,0.02398809826962403,0.22336598585205159,0.004473061766475439,Bonds
1873,SWE,true,0.04526845387903787,0.0457339011468379,0.03577907010912895,Bonds
1985,JPN,true,0.23090845669725868,0.08000358479184916,0.11858998984098434,Bonds
1919,JPN,true,-0.007832606834733922,-0.043437876700256686,0.023707007989287376,Bonds
1981,GBR,true,0.049254888217478664,0.2051129233323929,0.0998682975769043,Bonds
1922,NLD,true,0.12282321541153482,0.07480777608109035,0.12488560378551483,Bonds
1926,DNK,true,0.05806323091615038,-0.19263714184373196,0.09014084935188293,Bonds
1912,NOR,true,0.006513307320807596,0.006348578241316898,-0.011715211905539036,Bonds
1875,FRA,true,0.07841287907266516,0.0791645621485574,0.10847428441047667,Bonds
1990,PRT,true,0.0489465325368809,0.003253016023299724,0.16662748157978058,Bonds
1997,CHE,true,0.1329938716513804,0.13478685071662783,0.08880503475666046,Bonds
1988,NLD,true,0.07730107395110422,0.16748168682752496,0.06234928220510483,Bonds
1974,ITA,true,0.01033694476206641,0.10627898243918889,-0.09743837267160416,Bonds
1912,ITA,true,-0.0006338691096781765,0.002500325969597642,0.05633076652884483,Bonds
1924,JPN,true,0.06364937119676745,0.18935258853276912,0.0652194395661354,Bonds
1935,NLD,true,0.003896077635347121,-0.01608502896216369,-0.019990919157862663,Bonds
2007,FRA,true,0.05008223223708594,-0.01697167462155847,-0.0966138243675232,Bonds
1987,SWE,true,0.037713714004888085,0.04086444399874339,0.04697803407907486,Bonds
1927,ESP,true,0.08462356427066167,0.008905157598641748,0.06967757642269135,Bonds
1904,DNK,true,0.02002335614608738,0.018422933700322747,0.027848100289702415,Bonds
1934,BEL,true,0.19864073667253618,0.07691665219708485,0.15415020287036896,Bonds
1891,NOR,true,0.023808577444990764,0.019386567203877637,0.002751281950622797,Bonds
1926,CHE,true,0.05817541507823712,0.003564105492269761,0.0546724833548069,Bonds
1906,DEU,true,0.02457273955045778,0.05032775206212667,0.017608584836125374,Bonds
1929,FIN,true,0.06304257881218182,0.06534799818705177,0.06107298284769058,Bonds
1907,SWE,true,0.02094261533255933,0.026413425984729785,-0.03008103556931019,Bonds
1896,DEU,true,0.04729038574404564,0.042231579576468156,0.024239683523774147,Bonds
1891,BEL,true,0.0228969633383334,0.022680436626692,0.05984026566147804,Bonds
2008,PRT,true,0.14112475138230826,0.2713433470886578,0.09922552108764648,Bonds
1992,FRA,true,0.1031667644340408,0.11733239154275879,0.08240700513124466,Bonds
2019,DNK,true,0.09696086778526097,0.12448480225635575,0.06944725662469864,Bonds
1907,AUS,true,0.022149975187068054,0.016564992876945808,-0.03257241100072861,Bonds
1940,PRT,true,0.10522537672630145,0.13552796548600027,-0.011142744682729244,Bonds
1916,ESP,true,-0.04337441499650674,-0.08891748190362986,0.08720002323389053,Bonds
1890,PRT,true,0.05694964284802262,0.05533522682636367,-0.07552587240934372,Bonds
1875,USA,true,0.08073487163619411,0.12477087454119135,0.06966714560985565,Bonds
1886,DEU,true,0.07176345933476903,0.07103240385394029,0.053658198565244675,Bonds
2005,NOR,true,0.057985302635831085,0.0889386369342286,0.0724172368645668,Bonds
1871,DEU,true,0.09401927191465669,0.08954268674251926,0.14190393686294556,Bonds
1988,CHE,true,0.07732068797085218,0.22020750933895994,0.029050083830952644,Bonds
1902,NOR,true,0.03621173917498041,0.049058628687338034,0.06878428161144257,Bonds
1932,ITA,true,0.2333883373087793,0.11608204423976701,0.0699034035205841,Bonds
1935,SWE,true,0.0034770536229487203,-0.008225146119149205,-0.0640261098742485,Bonds
1989,FIN,true,0.08731693268410053,0.03679056287077946,0.06741061806678772,Bonds
1973,ITA,true,-0.034539174961160046,0.04595273408094355,0.04161802679300308,Bonds
1954,NLD,true,0.06509024199177736,0.04782799204488642,0.050397977232933044,Bonds
1892,DEU,true,0.047241646520024626,0.04150627171932102,0.046211425215005875,Bonds
2001,FIN,true,0.04874915545463723,0.040306411826611876,0.04624957591295242,Bonds
1978,JPN,true,0.023417815175863096,-0.1218913484569341,0.07360129058361053,Bonds
2016,JPN,true,0.017411271697644528,-0.035621360994394315,0.1626727283000946,Bonds
1893,DNK,true,0.042360956016322684,0.03463592817485872,0.04278074577450752,Bonds
1937,CHE,true,-0.017356744596766262,0.26051884690057825,0.04113081842660904,Bonds
1895,USA,true,0.06923432132348901,0.07863937718210956,0.007255651522427797,Bonds
1961,NOR,true,0.0029702188554831784,0.004001009653213052,0.02832036465406418,Bonds
1916,AUS,true,-0.038246022213924154,-0.07831066095483838,0.03868512809276581,Bonds
1926,BEL,true,0.052535708037797876,0.4646692293262885,0.3197217285633087,Bonds
1988,NOR,true,0.07634003202278777,0.0910850734913611,0.2126355022192001,Bonds
1942,FRA,true,0.03881549684200407,0.03888938549247794,0.04343295469880104,Bonds
2005,PRT,true,0.05802133120773538,0.1219656152740967,0.0649326890707016,Bonds
1946,PRT,true,0.02382272220978766,-0.019939633927971767,0.034929316490888596,Bonds
1942,AUS,true,0.0387102570066796,0.0380612295308771,0.0647120252251625,Bonds
1958,FIN,true,0.018159240978828595,-0.029540251723778103,0.14815260469913485,Bonds
1880,DNK,true,0.07746306970429925,0.07744327531987011,0.07692307233810423,Bonds
1918,DEU,true,0.0776674548531885,-0.015876064797713415,0.038628607988357544,Bonds
1900,DNK,true,0.03497286789132991,0.03530047315662046,0.01595744676887989,Bonds
1898,NOR,true,0.01996939934966845,0.016414991506719386,0.014922679401934147,Bonds
1969,NOR,true,-0.029472177409758132,-0.027448801473771604,-0.04836420714855194,Bonds
1977,SWE,true,0.11053705097414972,0.34644105482158605,0.07737772911787033,Bonds
1992,DNK,true,0.10235267416938097,0.11042591295079064,0.07661158591508865,Bonds
1904,NLD,true,0.019574176403857273,0.016783869421912827,0.03914450854063034,Bonds
1921,NLD,true,0.09948949013775737,0.14712344666073318,0.10385835915803909,Bonds
1945,PRT,true,0.11206149627763165,0.10760262691798805,0.0649285614490509,Bonds
1874,DEU,true,0.04791416724602193,0.06891557620492073,0.06197554990649223,Bonds
1976,ITA,true,0.13483230977550273,0.45494645200388806,-0.006462664809077978,Bonds
1979,DEU,true,-0.007598473247628694,-0.07308534100542402,0.005099039059132338,Bonds
2004,NLD,true,0.060463026639775735,0.020739476228258627,0.10227183252573013,Bonds
1889,USA,true,0.058081209337253685,0.05971291678217116,0.012131434865295887,Bonds
2003,DEU,true,0.00947100128225638,-0.07814066397795286,0.04087153449654579,Bonds
1952,ESP,true,0.02030034907893395,-0.03926013422487555,0.04602577164769173,Bonds
1946,FRA,true,0.023835164475012997,5.621391867680363,-0.05693613365292549,Bonds
2010,DEU,true,0.06320977817439875,0.18177148944423963,0.04006709158420563,Bonds
1909,DNK,true,0.04512668379341477,0.045856694364312514,0.023746702820062637,Bonds
2009,AUS,true,-0.03938052550498887,-0.2481361415785565,-0.07558394223451614,Bonds
1980,PRT,true,0.0340654145085023,0.11336818230764953,0.2753238081932068,Bonds
1971,ESP,true,0.1633842948998309,0.14395836126492217,0.07701534777879715,Bonds
2002,JPN,true,0.13249073750474788,0.12190051397322614,0.06775378435850143,Bonds
1917,ESP,true,0.007014905969100231,-0.16715319265622824,0.06025832146406174,Bonds
1930,ESP,true,0.09664097873123975,0.39489572455220834,0.013179928995668888,Bonds
1988,AUS,true,0.07655231115894406,-0.12765137589106015,0.11884356290102005,Bonds
1998,DNK,true,0.10850930624655264,0.09606068422992453,0.1447409987449646,Bonds
1919,CHE,true,-0.007212272244998829,0.11738153574256888,0.0010305343894287944,Bonds
1964,AUS,true,0.03481382907631347,0.03629545442562696,0.00975099578499794,Bonds
1878,DEU,true,0.050784420205786676,0.0596017379113957,0.05011950060725212,Bonds
2005,ESP,true,0.05782045943802322,0.12266172920543439,0.07018428295850754,Bonds
1982,SWE,true,0.25850832544988117,0.5474938031659091,0.11768830567598343,Bonds
2000,BEL,true,0.09814312203121515,0.11488630748114069,0.05384042114019394,Bonds
1904,ITA,true,0.01677096577309224,0.017107254977551046,0.04222378134727478,Bonds
1980,ITA,true,0.030740569673229377,0.22191526205730114,0.0803605243563652,Bonds
2003,ITA,true,0.008914114655472958,-0.0786802160760478,0.04747196286916733,Bonds
1963,PRT,true,0.007994097364693326,0.009353833659572944,0.053910743445158005,Bonds
1910,NLD,true,0.027033259005981407,0.028932964428767274,0.024310577660799026,Bonds
1925,DNK,true,0.015865967499051236,-0.18280288044981843,0.07758620381355286,Bonds
2018,ITA,true,0.005438212326895311,0.044494141929016226,0.006926932372152805,Bonds
1982,ESP,true,0.2578768198781028,0.5219669078435396,0.14905147254467013,Bonds
1908,FIN,true,0.0470725261920909,0.03596802046189305,0.0734390839934349,Bonds
1900,FIN,true,0.034918990227776246,0.028433059900533558,-0.07896264642477037,Bonds
1885,DEU,true,0.05047158276654252,0.04645178773651539,0.05138763412833214,Bonds
1898,USA,true,0.019225833610645757,0.006332344522772961,0.029604105278849602,Bonds
1954,GBR,true,0.0658418828485559,0.07038437271596368,0.06063833087682723,Bonds
1898,BEL,true,0.020412778413246572,0.040757661258788255,0.0032150717452168465,Bonds
1912,PRT,true,0.004711404505075265,0.022483375532480677,0.07446933537721634,Bonds
1907,DNK,true,0.02067408674274423,0.0240663232679904,0.02313624694943428,Bonds
1971,SWE,true,0.16328912170547705,0.13663911072378926,0.09199663996696472,Bonds
1968,DNK,true,0.007463079137099828,0.011702161159154012,0.19751057028770447,Bonds
1969,ITA,true,-0.03158627270387004,-0.026168920857415078,0.007867126725614071,Bonds
2005,SWE,true,0.05770914827647872,0.1692834751291581,0.10456304252147675,Bonds
1987,DNK,true,0.03730921537946439,0.006977580798803326,0.09140429645776749,Bonds
1914,SWE,true,-0.013684781587007573,0.02928873047637459,-0.04533214494585991,Bonds
1948,ESP,true,0.026832123016535304,-0.031093108701603516,0.0253619272261858,Bonds
1879,BEL,true,0.07768115485932606,0.08041828736444341,0.1131322830915451,Bonds
1991,DNK,true,0.16331766630631814,0.20383108684799744,0.19857338070869446,Bonds
1936,AUS,true,0.04206336669685274,0.005536701865793511,0.03695134073495865,Bonds
1989,ITA,true,0.08449662746541696,0.027084289879254708,0.10965000092983246,Bonds
1952,ITA,true,0.01936856549218883,-0.03921411102391372,0.08589135855436325,Bonds
2001,NOR,true,0.04877103208950363,0.0033800565518731073,0.03836620971560478,Bonds
2012,FRA,true,0.06007414972754091,0.01351963978577636,0.18912792205810547,Bonds
1953,FIN,true,0.05549218257909586,0.0913627458508815,0.10613122582435607,Bonds
1950,ITA,true,0.008426131109526088,0.08125852021456931,0.03075833059847355,Bonds
1931,NLD,true,-0.01367024063016535,-0.047665161670091355,-0.09810959547758102,Bonds
1960,SWE,true,0.07740037909529832,0.07802537234956126,0.007198365405201912,Bonds
1999,ITA,true,-0.02687997661363193,0.16568719766097725,-0.06736255437135696,Bonds
1896,SWE,true,0.043420814390175616,0.04128226338153553,0.04688366502523422,Bonds
1970,ITA,true,0.09793190918548675,0.09361482210312597,0.028087154030799866,Bonds
2003,SWE,true,0.01171684538455596,-0.08740086596176089,0.03935372084379196,Bonds
1994,GBR,true,-0.0740320142561334,-0.05953038844150602,-0.10413049906492233,Bonds
1996,FIN,true,0.08397072957137766,0.10593533717685641,0.16059450805187225,Bonds
1924,SWE,true,0.06390471693316604,-0.016531837665744856,0.014366855844855309,Bonds
1995,NLD,true,0.2143080937561473,0.13904093365867265,0.21404531598091125,Bonds
1927,NOR,true,0.08442875971349396,0.099032162505172,0.0148223377764225,Bonds
1957,ESP,true,0.03860085053735626,0.2338027145151528,0.013888729736208914,Bonds
2014,JPN,true,0.2214452143880204,0.33404916536028006,0.05368728563189508,Bonds
1967,ITA,true,-0.011981256971398221,-0.03749563634860182,0.04986898973584175,Bonds
1999,DEU,true,-0.030555077439634322,0.15911262139326035,-0.019451305270195007,Bonds
1918,NLD,true,0.07539512197723292,-0.034557343488425527,-0.022243216633796692,Bonds
1919,FIN,true,-0.007176765079092968,1.966917902463142,-0.16842816770076754,Bonds
1959,SWE,true,-0.0010890925204996155,0.0008674004551546318,0.038519661873579025,Bonds
1973,FIN,true,-0.02814310059350266,-0.07849573194179486,-0.03161211311817169,Bonds
1994,PRT,true,-0.07519821612594246,-0.10909331542526142,-0.0597858726978302,Bonds
1933,NLD,true,0.03249144177484177,-0.012988220511618999,0.0028801264706999063,Bonds
1883,FRA,true,0.044003110262704134,0.05246214369649875,0.0020501520484685898,Bonds
1978,NOR,true,0.03247471172264182,0.10350961444469198,0.09266217052936554,Bonds
1904,FIN,true,0.02004593366219868,0.01733586034271125,-0.11510643362998962,Bonds
1973,GBR,true,-0.0208014280158117,0.024966319017670383,-0.08787097036838531,Bonds
1973,DEU,true,-0.03253063492053643,-0.16755563242010288,0.03290973976254463,Bonds
1996,SWE,true,0.08248157754724705,0.0694042198277053,0.22524797916412354,Bonds
1993,BEL,true,0.19915320094299188,0.29908214791710114,0.20278139412403107,Bonds
1964,FIN,true,0.034497534500572066,0.03410333793017029,0.036326222121715546,Bonds
1938,FIN,true,0.04323916398775997,0.01834008694661947,0.046999998390674584,Bonds
2006,ESP,true,0.0016384119733199199,-0.068231776607386,-0.01611456833779812,Bonds
1972,PRT,true,0.046574193834260876,0.024767234201812885,0.07387969642877579,Bonds
1910,NOR,true,0.02705908262944651,0.02841679087038353,0.0051358602941036224,Bonds
1891,SWE,true,0.02389886360475062,0.019470135523984085,-0.008232012391090393,Bonds
1901,NLD,true,0.03762760795761577,0.033861775145438804,0.06149692460894585,Bonds
1941,SWE,true,0.06635309876170674,0.08260755922742012,0.17578592896461487,Bonds
1906,ESP,true,0.018941677909556264,-0.12409589480663066,0.068261057138443,Bonds
1955,NOR,true,-0.020762872489132746,-0.055624425639836855,-0.08263380825519562,Bonds
1970,DEU,true,0.09602084842290194,0.0832502871689808,0.054736021906137466,Bonds
1900,CHE,true,0.03494223126931305,0.03156121140901626,0.013076472096145155,Bonds
1914,ITA,true,-0.01809340679021388,-0.028830292854085157,0.012099998071789742,Bonds
1949,BEL,true,0.03914844002677479,0.5096606211385891,0.10190453380346298,Bonds
1972,FIN,true,0.04650983122405277,0.05357945737237438,0.1253073811531067,Bonds
1933,DEU,true,0.016094664541152683,-0.22669508367108765,0.2096178978681564,Bonds
1963,NOR,true,0.007899116216115235,0.00962623042425682,0.06750953942537308,Bonds
2010,GBR,true,0.05956399019718764,0.12532778339246645,0.101185142993927,Bonds
1923,FIN,true,0.023765704349490043,-0.11932799814912688,0.3316771984100342,Bonds
1952,PRT,true,0.020385747376429064,0.04420544572037432,0.07014922797679901,Bonds
1901,SWE,true,0.038086369373753266,0.03377109540265929,0.0699385330080986,Bonds
1986,BEL,true,0.16323084452677067,0.055412958146453924,0.2770873010158539,Bonds
2008,ESP,true,0.1417493297684106,0.27378847379744076,0.09730370342731476,Bonds
1955,SWE,true,-0.020791126415947374,-0.06652294178182713,-0.037376124411821365,Bonds
1883,DNK,true,0.03062033003938915,0.03399661664756594,0.04325699806213379,Bonds
1995,AUS,true,0.21415727496459291,0.28653959160858045,0.23438693583011627,Bonds
1986,NLD,true,0.1685730231753509,0.04496254217261871,0.07744600623846054,Bonds
1902,FIN,true,0.036321840600239935,0.048470738000526654,0.046036530286073685,Bonds
1974,FIN,true,0.0006108243495136778,-0.05956916907327152,0.030254013836383823,Bonds
1994,NLD,true,-0.07495591800499771,-0.11529305797563905,-0.08344201743602753,Bonds
1993,NLD,true,0.19945941947685153,0.2767418268225111,0.18929064273834229,Bonds
2011,BEL,true,0.11976318604020568,0.16490542167076913,0.0065366607159376144,Bonds
1997,SWE,true,0.1324778005065787,0.20386455841823387,0.13842692971229553,Bonds
2009,DEU,true,-0.04665459928429327,-0.06709742566003854,0.04924718290567398,Bonds
1973,ESP,true,-0.028483760583368718,-0.10347970960802795,0.00848248228430748,Bonds
1942,NLD,true,0.03845693815695141,0.03807658013715757,0.07886311411857605,Bonds
1952,DNK,true,0.020421093588350005,-0.07129590685087309,0.04892966151237488,Bonds
1907,FRA,true,0.0176738747024921,0.020677362828331665,0.03016641549766064,Bonds
1979,BEL,true,-0.004411636571372062,-0.037771662767999856,-0.08388116210699081,Bonds
1988,DNK,true,0.07466109440209256,0.16609682420111768,0.345295786857605,Bonds
1889,BEL,true,0.05499403370474799,0.05237919084502112,0.03812418133020401,Bonds
1999,CHE,true,-0.029610313313615477,0.14677699084565926,-0.05112598463892937,Bonds
1935,JPN,true,0.0016575984766098381,0.019905258604379257,0.05984007194638252,Bonds
1987,FRA,true,0.039811794655124313,0.004416677645191769,-0.001696942141279578,Bonds
1908,FRA,true,0.04766472897840495,0.04080654112039244,0.04519106447696686,Bonds
1968,ITA,true,0.005830996888517234,0.004138581223054104,0.048333555459976196,Bonds
1998,FIN,true,0.10853338302478024,0.1014121830203196,0.1762569546699524,Bonds
1932,AUS,true,0.21918537155183912,0.4244612874258061,0.33444881439208984,Bonds
1979,GBR,true,-0.011654517561964731,-0.11260411368143904,0.04183606803417206,Bonds
2004,SWE,true,0.06055669324850193,0.013114243851722975,0.12241814285516738,Bonds
1928,DEU,true,0.0801352993152647,0.08450318091288768,0.05308752879500389,Bonds
1961,DEU,true,-0.000052447366355077955,-0.04060279709773232,0.09988727420568466,Bonds
1975,SWE,true,0.11541084284665434,0.15584768077925387,0.019453464075922966,Bonds
2018,JPN,true,-0.003583242260998319,-0.0415289474461703,0.03348882868885994,Bonds
1921,DEU,true,0.09955460315495657,0.858558487867113,0.43171799182891846,Bonds
1911,BEL,true,0.014700719880401258,0.01510505920837306,-0.007943892851471901,Bonds
1917,JPN,true,0.008674500229143242,-0.02250724040851921,0.04521998018026352,Bonds
1942,SWE,true,0.03912542551409402,0.03745145556581763,0.02644953317940235,Bonds
1896,USA,true,0.04302777582498085,0.03692070285724991,0.048862989991903305,Bonds
1959,PRT,true,-0.000804179156152645,0.0035338385776043212,0.019525818526744843,Bonds
1893,NOR,true,0.04239213552670817,0.03495518840301553,0.03148813173174858,Bonds
1973,SWE,true,-0.02918210600094473,-0.03203996048720902,0.07729547470808029,Bonds
1925,JPN,true,0.014622548051671447,0.036699250362972995,0.07795313000679016,Bonds
1997,FIN,true,0.13261385104683088,0.22542771942288448,0.11638478934764862,Bonds
1960,ESP,true,0.07675456522048453,0.09098178754658717,0.08568171411752701,Bonds
1979,ESP,true,-0.006243913181208601,-0.06955122527572069,-0.012500000186264515,Bonds
1932,FRA,true,0.2650136648457906,0.11528794369484943,-0.04007633030414581,Bonds
1904,JPN,true,0.02088402969344666,0.029235584634062346,-0.016033146530389786,Bonds
1871,BEL,true,0.09834451572741171,0.0998560210904333,0.09977610409259796,Bonds
1954,DEU,true,0.06470366445814231,0.06436455670862763,0.07128824293613434,Bonds
1970,CHE,true,0.09460510609138004,0.09440008390473663,0.03671877831220627,Bonds
1911,FIN,true,0.014025159841302311,0.01375103102774415,0.060737110674381256,Bonds
1965,CHE,true,0.011181854960676876,0.012267771735011307,0.04602928087115288,Bonds
2020,BEL,true,0.07310442773298934,0.0166857390179278,0.04437213018536568,Bonds
1982,NOR,true,0.25712864609590536,0.43146573064042576,0.14721937477588654,Bonds
1986,CHE,true,0.1670455667546966,0.033674062315921655,0.07173249125480652,Bonds
1953,CHE,true,0.05570049411616268,0.06649547495407225,0.038632556796073914,Bonds
1897,SWE,true,0.039728396710102525,0.04073142644643751,0.036600127816200256,Bonds
1923,JPN,true,0.022813546147178523,-0.050852861713399235,0.06916419416666031,Bonds
1974,NLD,true,-0.00445699503516154,-0.10441471943607189,0.16156280040740967,Bonds
1986,SWE,true,0.16497107934349733,0.1832293827747381,0.24826763570308685,Bonds
1939,NOR,true,0.014880657232177949,-0.004733159468018892,-0.12682533264160156,Bonds
1963,JPN,true,0.007740769725934085,-0.0368271712263926,0.06430000066757202,Bonds
1965,SWE,true,0.011465614161731504,0.018169837941144844,0.02469021081924438,Bonds
1984,FIN,true,0.14898356655898842,0.2078254725874203,0.10993430763483047,Bonds
2010,FIN,true,0.061504776793830915,0.17188563440543228,0.0760173350572586,Bonds
1902,JPN,true,0.03545281035207543,0.040201138668377566,0.10329514741897583,Bonds
1958,DEU,true,0.015230563438008236,0.004116691158302599,0.12705065310001373,Bonds
1905,AUS,true,0.062330828322917475,0.07187466424587778,0.08857621252536774,Bonds
1898,FIN,true,0.019953138650175256,0.015405290860732947,0.06132717058062554,Bonds
1984,AUS,true,0.14900675047928746,0.17110538786646834,0.13867172598838806,Bonds
1974,DNK,true,0.0006473682206966456,-0.08535034431549926,0.004801061004400253,Bonds
1941,JPN,true,0.06851449458225892,0.08658991366216727,0.03830000013113022,Bonds
1899,FRA,true,0.009230486903152233,0.017387679746292677,0.008621372282505035,Bonds
1920,CHE,true,-0.050050097692920424,-0.03473623482628886,-0.04482516273856163,Bonds
1878,SWE,true,0.05088783603363504,0.060029633708879586,0.022631363943219185,Bonds
1950,ESP,true,0.008598510583545584,0.1065665303514636,0.025276182219386097,Bonds
1978,DEU,true,0.03256064977007357,-0.0254203810784537,0.03743641823530197,Bonds
1907,ESP,true,0.016781742473108163,0.0054083972095071205,0.0603632777929306,Bonds
2003,PRT,true,0.011747397955474725,-0.06938758622878605,0.04937244951725006,Bonds
1888,FRA,true,0.04262292518902064,0.041564635770996526,0.05328810214996338,Bonds
1921,BEL,true,0.10062787805571602,0.11226387496068313,0.06172597780823707,Bonds
1904,DEU,true,0.018405513799125098,0.013573004965263914,0.027774188667535782,Bonds
1982,JPN,true,0.29986571494197645,0.30176288047687067,0.1023116186261177,Bonds
2011,ITA,true,0.13021929966494172,0.17769634218156455,-0.06486330926418304,Bonds
1957,FRA,true,0.038659762410643894,0.24008068352508746,0.03250940144062043,Bonds
1905,CHE,true,0.0630709967898369,0.07150828032355577,0.033728450536727905,Bonds
2014,ESP,true,0.1783681156053891,0.255794111209218,0.2909969389438629,Bonds
1985,DNK,true,0.20153374137318925,0.0825887535658204,0.44490325450897217,Bonds
1882,PRT,true,0.021304948917950227,0.01823654327776009,0.006404361687600613,Bonds
1994,NOR,true,-0.07503435349320631,-0.1092403280263878,-0.10257603973150253,Bonds
1882,NOR,true,0.020833847965467445,0.013968990575405937,0.03780936822295189,Bonds
1922,AUS,true,0.12411397839837998,0.051244256789552065,0.06473860144615173,Bonds
1980,JPN,true,0.02637395635182247,-0.16383786296494052,0.06629834324121475,Bonds
1878,USA,true,0.049615427579239355,0.011240204204056595,0.054700817912816994,Bonds
1987,BEL,true,0.03809152748012706,-0.0051383125986058445,0.029076511040329933,Bonds
1910,ITA,true,0.025635626598357462,0.03133677848090698,0.03660000115633011,Bonds
1983,DEU,true,0.08366829165824935,0.1836840031281396,0.04906577616930008,Bonds
1884,PRT,true,0.058550580532215256,0.05946674318197565,0.0009160685585811734,Bonds
2006,JPN,true,-0.00013089468293996966,0.07006068172894495,0.004491496831178665,Bonds
1972,BEL,true,0.04625057944966353,0.029238583186122092,0.06647101789712906,Bonds
1921,CHE,true,0.09913963597201908,0.09122299567036687,0.20491088926792145,Bonds
1988,PRT,true,0.07677874895356587,0.16737154545513636,0.11366283148527145,Bonds
1926,SWE,true,0.058156732845635245,0.004670480540857632,0.05888355150818825,Bonds
1990,AUS,true,0.04858050884853058,0.1542092809566577,0.18066853284835815,Bonds
1917,DEU,true,0.006955348385561626,0.19891510382547745,0.03154205530881882,Bonds
1955,PRT,true,-0.020912276330039434,-0.01814795286459526,-0.0017988726031035183,Bonds
1940,NLD,true,0.10495972170664546,0.046119245148762575,0.10837271809577942,Bonds
1877,DEU,true,0.0359837523702697,0.049819458316259516,0.038433268666267395,Bonds
2013,AUS,true,-0.04378026024422748,0.08547873378367758,-0.04908798262476921,Bonds
1900,AUS,true,,,0.03099999949336052,Bills
1901,AUS,true,,,0.02879999950528145,Bills
1902,AUS,true,,,0.02879999950528145,Bills
1903,AUS,true,,,0.031300000846385956,Bills
1904,AUS,true,,,0.032499998807907104,Bills
1905,AUS,true,,,0.032499998807907104,Bills
1906,AUS,true,,,0.032499998807907104,Bills
1907,AUS,true,,,0.03189999982714653,Bills
1908,AUS,true,,,0.03189999982714653,Bills
1909,AUS,true,,,0.031300000846385956,Bills
1910,AUS,true,,,0.031300000846385956,Bills
1911,AUS,true,,,0.032499998807907104,Bills
1912,AUS,true,,,0.033799998462200165,Bills
1913,AUS,true,,,0.032999999821186066,Bills
1914,AUS,true,,,0.032999999821186066,Bills
1915,AUS,true,,,0.034730080515146255,Bills
1916,AUS,true,,,0.03524843975901604,Bills
1917,AUS,true,,,0.03680352121591568,Bills
1918,AUS,true,,,0.03732188045978546,Bills
1919,AUS,true,,,0.03732188045978546,Bills
1920,AUS,true,,,0.03939530998468399,Bills
1921,AUS,true,,,0.04084672033786774,Bills
1922,AUS,true,,,0.04084672033786774,Bills
1923,AUS,true,,,0.041468750685453415,Bills
1924,AUS,true,,,0.041468750685453415,Bills
1925,AUS,true,,,0.04209078103303909,Bills
1926,AUS,true,,,0.04209078103303909,Bills
1927,AUS,true,,,0.04209078103303909,Bills
1928,AUS,true,,,0.04209078103303909,Bills
1929,AUS,true,,,0.04343852028250694,Bills
1930,AUS,true,,,0.04343852028250694,Bills
1931,AUS,true,,,0.042816489934921265,Bills
1932,AUS,true,,,0.03286398947238922,Bills
1933,AUS,true,,,0.02768038958311081,Bills
1934,AUS,true,,,0.02591796964406967,Bills
1935,AUS,true,,,0.023326169699430466,Bills
1936,AUS,true,,,0.023326169699430466,Bills
1937,AUS,true,,,0.023326169699430466,Bills
1938,AUS,true,,,0.023326169699430466,Bills
1939,AUS,true,,,0.024155549705028534,Bills
1940,AUS,true,,,0.023326169699430466,Bills
1941,AUS,true,,,0.022496800869703293,Bills
1942,AUS,true,,,0.021563749760389328,Bills
1943,AUS,true,,,0.021563749760389328,Bills
1944,AUS,true,,,0.021563749760389328,Bills
1948,AUS,true,,,0.02250000089406967,Bills
1949,AUS,true,,,0.019899999722838402,Bills
1950,AUS,true,,,0.019500000402331352,Bills
1951,AUS,true,,,0.020099999383091927,Bills
1952,AUS,true,,,0.024900000542402267,Bills
1953,AUS,true,,,0.030700000002980232,Bills
1954,AUS,true,,,0.033399999141693115,Bills
1955,AUS,true,,,0.03790000081062317,Bills
1956,AUS,true,,,0.0471000000834465,Bills
1957,AUS,true,,,0.04569999873638153,Bills
1958,AUS,true,,,0.042899999767541885,Bills
1959,AUS,true,,,0.039900001138448715,Bills
1960,AUS,true,,,0.04390000179409981,Bills
1961,AUS,true,,,0.04989999905228615,Bills
1962,AUS,true,,,0.042899999767541885,Bills
1963,AUS,true,,,0.03819999843835831,Bills
1964,AUS,true,,,0.041200000792741776,Bills
1965,AUS,true,,,0.048500001430511475,Bills
1966,AUS,true,,,0.04919999837875366,Bills
1967,AUS,true,,,0.045499999076128006,Bills
1968,AUS,true,,,0.04809999838471413,Bills
1969,AUS,true,,,0.0478999987244606,Bills
1970,AUS,true,,,0.05381666496396065,Bills
1971,AUS,true,,,0.054116666316986084,Bills
1972,AUS,true,,,0.04319166764616966,Bills
1973,AUS,true,,,0.0521249994635582,Bills
1974,AUS,true,,,0.09069166332483292,Bills
1975,AUS,true,,,0.07509999722242355,Bills
1976,AUS,true,,,0.07511666417121887,Bills
1977,AUS,true,,,0.08524999767541885,Bills
1978,AUS,true,,,0.08646667003631592,Bills
1979,AUS,true,,,0.0887666642665863,Bills
1980,AUS,true,,,0.10667499899864197,Bills
1981,AUS,true,,,0.13250833749771118,Bills
1982,AUS,true,,,0.14642499387264252,Bills
1983,AUS,true,,,0.11060833185911179,Bills
1984,AUS,true,,,0.10984999686479568,Bills
1985,AUS,true,,,0.1542000025510788,Bills
1986,AUS,true,,,0.15386666357517242,Bills
1987,AUS,true,,,0.12798333168029785,Bills
1988,AUS,true,,,0.12141666561365128,Bills
1989,AUS,true,,,0.1679999977350235,Bills
1990,AUS,true,,,0.1415083259344101,Bills
1991,AUS,true,,,0.09955833107233047,Bills
1992,AUS,true,,,0.06265000253915787,Bills
1993,AUS,true,,,0.05001666769385338,Bills
1994,AUS,true,,,0.05694166570901871,Bills
1995,AUS,true,,,0.07643807679414749,Bills
1996,AUS,true,,,0.07016424834728241,Bills
1997,AUS,true,,,0.05290240794420242,Bills
1998,AUS,true,,,0.048368144780397415,Bills
1999,AUS,true,,,0.047584500163793564,Bills
2000,AUS,true,,,0.059760842472314835,Bills
2001,AUS,true,,,0.04800190031528473,Bills
2002,AUS,true,,,0.045508332550525665,Bills
2003,AUS,true,,,0.04809166491031647,Bills
2004,AUS,true,,,0.05249999836087227,Bills
2005,AUS,true,,,0.05457499995827675,Bills
2006,AUS,true,,,0.0580499991774559,Bills
2007,AUS,true,,,0.06387526541948318,Bills
2008,AUS,true,,,0.06671666353940964,Bills
2009,AUS,true,,,0.03278174623847008,Bills
2010,AUS,true,,,0.0434604175388813,Bills
2011,AUS,true,,,0.046927083283662796,Bills
2012,AUS,true,,,0.03696666657924652,Bills
2013,AUS,true,,,0.027374999597668648,Bills
2014,AUS,true,,,0.02500000037252903,Bills
2015,AUS,true,,,0.02109166607260704,Bills
2016,AUS,true,,,0.019867,Bills
2017,AUS,true,,,0.0174,Bills
2018,AUS,true,,,0.019483,Bills
2019,AUS,true,,,0.013442,Bills
2020,AUS,true,,,0.002567,Bills
1871,BEL,true,,,0.0332646481692791,Bills
1872,BEL,true,,,0.030574839562177658,Bills
1873,BEL,true,,,0.03345952928066254,Bills
1874,BEL,true,,,0.0335787795484066,Bills
1875,BEL,true,,,0.03364000841975212,Bills
1876,BEL,true,,,0.03374059125781059,Bills
1877,BEL,true,,,0.033955398947000504,Bills
1878,BEL,true,,,0.033992718905210495,Bills
1879,BEL,true,,,0.03402120992541313,Bills
1880,BEL,true,,,0.03402163088321686,Bills
1881,BEL,true,,,0.03408151865005493,Bills
1882,BEL,true,,,0.03360145166516304,Bills
1883,BEL,true,,,0.033456820994615555,Bills
1884,BEL,true,,,0.03456123173236847,Bills
1885,BEL,true,,,0.03459674119949341,Bills
1886,BEL,true,,,0.03469594940543175,Bills
1887,BEL,true,,,0.034018829464912415,Bills
1888,BEL,true,,,0.0338466614484787,Bills
1889,BEL,true,,,0.033179640769958496,Bills
1890,BEL,true,,,0.03278009966015816,Bills
1891,BEL,true,,,0.032783009111881256,Bills
1892,BEL,true,,,0.032807111740112305,Bills
1893,BEL,true,,,0.032760139554739,Bills
1894,BEL,true,,,0.03244104981422424,Bills
1895,BEL,true,,,0.03159615024924278,Bills
1896,BEL,true,,,0.03174474835395813,Bills
1897,BEL,true,,,0.031837739050388336,Bills
1898,BEL,true,,,0.030935190618038177,Bills
1899,BEL,true,,,0.030915550887584686,Bills
1900,BEL,true,,,0.031164009124040604,Bills
1901,BEL,true,,,0.03134629875421524,Bills
1902,BEL,true,,,0.031370680779218674,Bills
1903,BEL,true,,,0.03101206012070179,Bills
1904,BEL,true,,,0.03143617883324623,Bills
1905,BEL,true,,,0.03146369010210037,Bills
1906,BEL,true,,,0.031209399923682213,Bills
1907,BEL,true,,,0.03132813051342964,Bills
1908,BEL,true,,,0.03135325014591217,Bills
1909,BEL,true,,,0.030959440395236015,Bills
1910,BEL,true,,,0.0309192705899477,Bills
1911,BEL,true,,,0.030939970165491104,Bills
1912,BEL,true,,,0.031060589477419853,Bills
1913,BEL,true,,,0.03113899938762188,Bills
1920,BEL,true,,,0.02845766954123974,Bills
1921,BEL,true,,,0.02854277938604355,Bills
1922,BEL,true,,,0.028658630326390266,Bills
1923,BEL,true,,,0.030416779220104218,Bills
1924,BEL,true,,,0.033241111785173416,Bills
1925,BEL,true,,,0.03632991015911102,Bills
1926,BEL,true,,,0.03634915128350258,Bills
1927,BEL,true,,,0.036575619131326675,Bills
1928,BEL,true,,,0.03667815029621124,Bills
1929,BEL,true,,,0.03989103063941002,Bills
1930,BEL,true,,,0.03480000048875809,Bills
1931,BEL,true,,,0.023000000044703484,Bills
1932,BEL,true,,,0.02449999935925007,Bills
1933,BEL,true,,,0.02500000037252903,Bills
1934,BEL,true,,,0.02329999953508377,Bills
1935,BEL,true,,,0.019700000062584877,Bills
1936,BEL,true,,,0.018200000748038292,Bills
1937,BEL,true,,,0.01600000075995922,Bills
1938,BEL,true,,,0.01600000075995922,Bills
1939,BEL,true,,,0.01600000075995922,Bills
1940,BEL,true,,,0.01600000075995922,Bills
1941,BEL,true,,,0.015200000256299973,Bills
1942,BEL,true,,,0.014000000432133675,Bills
1943,BEL,true,,,0.014000000432133675,Bills
1944,BEL,true,,,0.01269999984651804,Bills
1945,BEL,true,,,0.012500000186264515,Bills
1946,BEL,true,,,0.01269999984651804,Bills
1947,BEL,true,,,0.014000000432133675,Bills
1948,BEL,true,,,0.014000000432133675,Bills
1949,BEL,true,,,0.014000000432133675,Bills
1950,BEL,true,,,0.014000000432133675,Bills
1951,BEL,true,,,0.014000000432133675,Bills
1952,BEL,true,,,0.014000000432133675,Bills
1953,BEL,true,,,0.014000000432133675,Bills
1954,BEL,true,,,0.014000000432133675,Bills
1955,BEL,true,,,0.014000000432133675,Bills
1956,BEL,true,,,0.014000000432133675,Bills
1957,BEL,true,,,0.016200000420212746,Bills
1958,BEL,true,,,0.021400000900030136,Bills
1959,BEL,true,,,0.016499999910593033,Bills
1960,BEL,true,,,0.03189999982714653,Bills
1961,BEL,true,,,0.033799998462200165,Bills
1962,BEL,true,,,0.026900000870227814,Bills
1963,BEL,true,,,0.025800000876188278,Bills
1964,BEL,true,,,0.03350000083446503,Bills
1965,BEL,true,,,0.046300001442432404,Bills
1966,BEL,true,,,0.05209999904036522,Bills
1967,BEL,true,,,0.05220000073313713,Bills
1968,BEL,true,,,0.04010000079870224,Bills
1969,BEL,true,,,0.06949999928474426,Bills
1970,BEL,true,,,0.07859999686479568,Bills
1971,BEL,true,,,0.05090000107884407,Bills
1972,BEL,true,,,0.038600001484155655,Bills
1973,BEL,true,,,0.06159999966621399,Bills
1974,BEL,true,,,0.10209999978542328,Bills
1975,BEL,true,,,0.06989999860525131,Bills
1976,BEL,true,,,0.09769999980926514,Bills
1977,BEL,true,,,0.07079999893903732,Bills
1978,BEL,true,,,0.0714000016450882,Bills
1979,BEL,true,,,0.10760000348091125,Bills
1980,BEL,true,,,0.14079999923706055,Bills
1981,BEL,true,,,0.1525000035762787,Bills
1982,BEL,true,,,0.14090000092983246,Bills
1983,BEL,true,,,0.10540000349283218,Bills
1984,BEL,true,,,0.11420000344514847,Bills
1985,BEL,true,,,0.0957999974489212,Bills
1986,BEL,true,,,0.08100000023841858,Bills
1987,BEL,true,,,0.07090000063180923,Bills
1988,BEL,true,,,0.06719999760389328,Bills
1989,BEL,true,,,0.0868000015616417,Bills
1990,BEL,true,,,0.09669999778270721,Bills
1991,BEL,true,,,0.09309999644756317,Bills
1992,BEL,true,,,0.09359999746084213,Bills
1993,BEL,true,,,0.08160000294446945,Bills
1994,BEL,true,,,0.0568000003695488,Bills
1995,BEL,true,,,0.04780000075697899,Bills
1996,BEL,true,,,0.032099999487400055,Bills
1997,BEL,true,,,0.034299999475479126,Bills
1998,BEL,true,,,0.03550000116229057,Bills
1999,BEL,true,,,0.027799999341368675,Bills
2000,BEL,true,,,0.042399998754262924,Bills
2001,BEL,true,,,0.04149999842047691,Bills
2002,BEL,true,,,0.032099999487400055,Bills
2003,BEL,true,,,0.022199999541044235,Bills
2004,BEL,true,,,0.020099999383091927,Bills
2005,BEL,true,,,0.02070000022649765,Bills
2006,BEL,true,,,0.028999999165534973,Bills
2007,BEL,true,,,0.03889999911189079,Bills
2008,BEL,true,,,0.03669999912381172,Bills
2009,BEL,true,,,0.006599999964237213,Bills
2010,BEL,true,,,0.00430000014603138,Bills
2011,BEL,true,,,0.010099999606609344,Bills
2012,BEL,true,,,0.0013000000035390258,Bills
2013,BEL,true,,,0.0005000000237487257,Bills
2014,BEL,true,,,0.0005000000237487257,Bills
2015,BEL,true,,,-0.002199999988079071,Bills
2016,BEL,true,,,-0.002637,Bills
2017,BEL,true,,,-0.003291,Bills
2018,BEL,true,,,-0.003221,Bills
2019,BEL,true,,,-0.003563,Bills
2020,BEL,true,,,-0.004252000000000001,Bills
1900,CHE,true,,,0.039000000804662704,Bills
1901,CHE,true,,,0.03849999979138374,Bills
1902,CHE,true,,,0.03709999844431877,Bills
1903,CHE,true,,,0.03669999912381172,Bills
1904,CHE,true,,,0.0364999994635582,Bills
1905,CHE,true,,,0.0364999994635582,Bills
1906,CHE,true,,,0.03700000047683716,Bills
1907,CHE,true,,,0.03799999877810478,Bills
1908,CHE,true,,,0.039500001817941666,Bills
1909,CHE,true,,,0.039500001817941666,Bills
1910,CHE,true,,,0.039500001817941666,Bills
1911,CHE,true,,,0.039500001817941666,Bills
1912,CHE,true,,,0.03999999910593033,Bills
1913,CHE,true,,,0.04149999842047691,Bills
1914,CHE,true,,,0.04149999842047691,Bills
1916,CHE,true,,,0.041999999433755875,Bills
1917,CHE,true,,,0.041999999433755875,Bills
1918,CHE,true,,,0.041999999433755875,Bills
1919,CHE,true,,,0.041999999433755875,Bills
1920,CHE,true,,,0.0430000014603138,Bills
1921,CHE,true,,,0.045499999076128006,Bills
1922,CHE,true,,,0.04349999874830246,Bills
1923,CHE,true,,,0.039500001817941666,Bills
1924,CHE,true,,,0.04100000113248825,Bills
1925,CHE,true,,,0.04349999874830246,Bills
1926,CHE,true,,,0.041999999433755875,Bills
1927,CHE,true,,,0.041999999433755875,Bills
1928,CHE,true,,,0.041999999433755875,Bills
1929,CHE,true,,,0.041999999433755875,Bills
1930,CHE,true,,,0.04100000113248825,Bills
1931,CHE,true,,,0.03550000116229057,Bills
1932,CHE,true,,,0.03020000085234642,Bills
1933,CHE,true,,,0.029883330687880516,Bills
1934,CHE,true,,,0.030391670763492584,Bills
1935,CHE,true,,,0.030158329755067825,Bills
1936,CHE,true,,,0.030033329501748085,Bills
1937,CHE,true,,,0.029758330434560776,Bills
1938,CHE,true,,,0.02645833045244217,Bills
1939,CHE,true,,,0.024833330884575844,Bills
1940,CHE,true,,,0.02592499926686287,Bills
1941,CHE,true,,,0.026249999180436134,Bills
1942,CHE,true,,,0.02503333054482937,Bills
1943,CHE,true,,,0.024900000542402267,Bills
1944,CHE,true,,,0.024783330038189888,Bills
1945,CHE,true,,,0.02463332936167717,Bills
1946,CHE,true,,,0.02419167011976242,Bills
1947,CHE,true,,,0.023116670548915863,Bills
1948,CHE,true,,,0.023283330723643303,Bills
1949,CHE,true,,,0.023683330044150352,Bills
1950,CHE,true,,,0.023133330047130585,Bills
1951,CHE,true,,,0.023099999874830246,Bills
1952,CHE,true,,,0.023116670548915863,Bills
1953,CHE,true,,,0.023116670548915863,Bills
1954,CHE,true,,,0.023099999874830246,Bills
1955,CHE,true,,,0.02318333089351654,Bills
1956,CHE,true,,,0.02329999953508377,Bills
1957,CHE,true,,,0.0244416706264019,Bills
1958,CHE,true,,,0.028483329340815544,Bills
1959,CHE,true,,,0.027416670694947243,Bills
1960,CHE,true,,,0.02710000053048134,Bills
1961,CHE,true,,,0.027283329516649246,Bills
1962,CHE,true,,,0.027516670525074005,Bills
1963,CHE,true,,,0.02784167043864727,Bills
1964,CHE,true,,,0.02970832958817482,Bills
1965,CHE,true,,,0.03188332915306091,Bills
1966,CHE,true,,,0.03322499990463257,Bills
1967,CHE,true,,,0.035716671496629715,Bills
1968,CHE,true,,,0.03604166954755783,Bills
1969,CHE,true,,,0.0625,Bills
1970,CHE,true,,,0.06750000268220901,Bills
1971,CHE,true,,,0.011500000022351742,Bills
1972,CHE,true,,,0.026900000870227814,Bills
1973,CHE,true,,,0.036400001496076584,Bills
1974,CHE,true,,,0.059700001031160355,Bills
1975,CHE,true,,,0.027499999850988388,Bills
1976,CHE,true,,,0.01510000042617321,Bills
1977,CHE,true,,,0.024700000882148743,Bills
1978,CHE,true,,,0.006599999964237213,Bills
1979,CHE,true,,,0.0100166667252779,Bills
1980,CHE,true,,,0.02290833368897438,Bills
1981,CHE,true,,,0.029341666027903557,Bills
1982,CHE,true,,,0.013225000351667404,Bills
1983,CHE,true,,,0.018433332443237305,Bills
1984,CHE,true,,,0.03340666741132736,Bills
1985,CHE,true,,,0.021250000223517418,Bills
1986,CHE,true,,,0.028750000521540642,Bills
1987,CHE,true,,,0.005625000223517418,Bills
1988,CHE,true,,,0.04874999821186066,Bills
1989,CHE,true,,,0.09687499701976776,Bills
1990,CHE,true,,,0.08749999850988388,Bills
1991,CHE,true,,,0.07562500238418579,Bills
1992,CHE,true,,,0.0637499988079071,Bills
1993,CHE,true,,,0.04125000163912773,Bills
1994,CHE,true,,,0.03500000014901161,Bills
1995,CHE,true,,,0.017500000074505806,Bills
1996,CHE,true,,,0.014999999664723873,Bills
1997,CHE,true,,,0.009999999776482582,Bills
1998,CHE,true,,,0.008750000037252903,Bills
1999,CHE,true,,,0.010937499813735485,Bills
2000,CHE,true,,,0.03500000014901161,Bills
2001,CHE,true,,,0.016499999910593033,Bills
2002,CHE,true,,,0.004399999976158142,Bills
2003,CHE,true,,,0.0008999999845400453,Bills
2004,CHE,true,,,0.005499999970197678,Bills
2005,CHE,true,,,0.006300000008195639,Bills
2006,CHE,true,,,0.01940000057220459,Bills
2007,CHE,true,,,0.019999999552965164,Bills
2008,CHE,true,,,0.00009999999747378752,Bills
2009,CHE,true,,,0.0005000000237487257,Bills
2010,CHE,true,,,0.00039999998989515007,Bills
2011,CHE,true,,,0.000699999975040555,Bills
2012,CHE,true,,,-0.00019999999494757503,Bills
2013,CHE,true,,,0.00009999999747378752,Bills
2014,CHE,true,,,-0.019999999552965164,Bills
2015,CHE,true,,,-0.009999999776482582,Bills
2016,CHE,true,,,-0.009000000000000001,Bills
2017,CHE,true,,,-0.01,Bills
2018,CHE,true,,,-0.0095,Bills
2019,CHE,true,,,-0.01,Bills
2020,CHE,true,,,-0.0085,Bills
1871,DEU,true,,,0.04125000163912773,Bills
1872,DEU,true,,,0.04125000163912773,Bills
1873,DEU,true,,,0.04625000059604645,Bills
1874,DEU,true,,,0.03500000014901161,Bills
1875,DEU,true,,,0.04749999940395355,Bills
1876,DEU,true,,,0.03750000149011612,Bills
1877,DEU,true,,,0.03999999910593033,Bills
1878,DEU,true,,,0.04500000178813934,Bills
1879,DEU,true,,,0.03500000014901161,Bills
1880,DEU,true,,,0.03375000134110451,Bills
1881,DEU,true,,,0.04125000163912773,Bills
1882,DEU,true,,,0.038750000298023224,Bills
1883,DEU,true,,,0.03500000014901161,Bills
1884,DEU,true,,,0.02889999933540821,Bills
1885,DEU,true,,,0.02850000001490116,Bills
1886,DEU,true,,,0.02160000056028366,Bills
1887,DEU,true,,,0.023000000044703484,Bills
1888,DEU,true,,,0.0210999995470047,Bills
1889,DEU,true,,,0.02630000002682209,Bills
1890,DEU,true,,,0.03779999911785126,Bills
1891,DEU,true,,,0.03020000085234642,Bills
1892,DEU,true,,,0.017999999225139618,Bills
1893,DEU,true,,,0.031700000166893005,Bills
1894,DEU,true,,,0.017400000244379044,Bills
1895,DEU,true,,,0.020099999383091927,Bills
1896,DEU,true,,,0.030400000512599945,Bills
1897,DEU,true,,,0.030899999663233757,Bills
1898,DEU,true,,,0.03550000116229057,Bills
1899,DEU,true,,,0.04450000077486038,Bills
1900,DEU,true,,,0.04410000145435333,Bills
1901,DEU,true,,,0.03060000017285347,Bills
1902,DEU,true,,,0.021900000050663948,Bills
1903,DEU,true,,,0.03009999915957451,Bills
1904,DEU,true,,,0.03139999881386757,Bills
1905,DEU,true,,,0.02850000001490116,Bills
1906,DEU,true,,,0.04039999842643738,Bills
1907,DEU,true,,,0.05119999870657921,Bills
1908,DEU,true,,,0.03519999980926514,Bills
1909,DEU,true,,,0.028599999845027924,Bills
1910,DEU,true,,,0.03539999946951866,Bills
1911,DEU,true,,,0.03539999946951866,Bills
1912,DEU,true,,,0.0421999990940094,Bills
1913,DEU,true,,,0.049800001084804535,Bills
1914,DEU,true,,,0.03629999980330467,Bills
1915,DEU,true,,,0.03889999911189079,Bills
1916,DEU,true,,,0.04619999974966049,Bills
1917,DEU,true,,,0.046300001442432404,Bills
1918,DEU,true,,,0.046300001442432404,Bills
1919,DEU,true,,,0.046300001442432404,Bills
1920,DEU,true,,,0.03590000048279762,Bills
1921,DEU,true,,,0.0348999984562397,Bills
1922,DEU,true,,,0.05939999967813492,Bills
1924,DEU,true,,,0.11110000312328339,Bills
1925,DEU,true,,,0.0820000022649765,Bills
1926,DEU,true,,,0.06030000001192093,Bills
1927,DEU,true,,,0.07259999960660934,Bills
1928,DEU,true,,,0.07460000365972519,Bills
1929,DEU,true,,,0.08269999921321869,Bills
1930,DEU,true,,,0.05660000070929527,Bills
1931,DEU,true,,,0.08449999988079071,Bills
1932,DEU,true,,,0.05040000006556511,Bills
1933,DEU,true,,,0.05050000175833702,Bills
1934,DEU,true,,,0.045499999076128006,Bills
1935,DEU,true,,,0.034699998795986176,Bills
1936,DEU,true,,,0.03310000151395798,Bills
1937,DEU,true,,,0.031700000166893005,Bills
1938,DEU,true,,,0.03009999915957451,Bills
1939,DEU,true,,,0.02500000037252903,Bills
1940,DEU,true,,,0.022199999541044235,Bills
1941,DEU,true,,,0.021800000220537186,Bills
1942,DEU,true,,,0.021299999207258224,Bills
1943,DEU,true,,,0.021299999207258224,Bills
1950,DEU,true,,,0.04309999942779541,Bills
1951,DEU,true,,,0.06019999831914902,Bills
1952,DEU,true,,,0.051100000739097595,Bills
1953,DEU,true,,,0.03579999879002571,Bills
1954,DEU,true,,,0.02889999933540821,Bills
1955,DEU,true,,,0.031300000846385956,Bills
1956,DEU,true,,,0.04699999839067459,Bills
1957,DEU,true,,,0.03959999978542328,Bills
1958,DEU,true,,,0.030799999833106995,Bills
1959,DEU,true,,,0.027049999684095383,Bills
1960,DEU,true,,,0.0456399992108345,Bills
1961,DEU,true,,,0.029319999739527702,Bills
1962,DEU,true,,,0.02662000060081482,Bills
1963,DEU,true,,,0.02996000088751316,Bills
1964,DEU,true,,,0.03288000077009201,Bills
1965,DEU,true,,,0.041039999574422836,Bills
1966,DEU,true,,,0.05339000001549721,Bills
1967,DEU,true,,,0.033479999750852585,Bills
1968,DEU,true,,,0.025930000469088554,Bills
1969,DEU,true,,,0.04806999862194061,Bills
1970,DEU,true,,,0.08647000044584274,Bills
1971,DEU,true,,,0.0616299994289875,Bills
1972,DEU,true,,,0.04301999881863594,Bills
1973,DEU,true,,,0.10182999819517136,Bills
1974,DEU,true,,,0.08866000175476074,Bills
1975,DEU,true,,,0.044039998203516006,Bills
1976,DEU,true,,,0.03884999826550484,Bills
1977,DEU,true,,,0.04139000177383423,Bills
1978,DEU,true,,,0.03359999880194664,Bills
1979,DEU,true,,,0.058720000088214874,Bills
1980,DEU,true,,,0.09060999751091003,Bills
1981,DEU,true,,,0.11263000220060349,Bills
1982,DEU,true,,,0.0866599977016449,Bills
1983,DEU,true,,,0.053630001842975616,Bills
1984,DEU,true,,,0.05544999986886978,Bills
1985,DEU,true,,,0.05192999914288521,Bills
1986,DEU,true,,,0.045729998499155045,Bills
1987,DEU,true,,,0.037220001220703125,Bills
1988,DEU,true,,,0.04008999839425087,Bills
1989,DEU,true,,,0.06588999927043915,Bills
1990,DEU,true,,,0.07923000305891037,Bills
1991,DEU,true,,,0.08839999884366989,Bills
1992,DEU,true,,,0.09415999799966812,Bills
1993,DEU,true,,,0.07489000260829926,Bills
1994,DEU,true,,,0.05347000062465668,Bills
1995,DEU,true,,,0.04503000155091286,Bills
1996,DEU,true,,,0.03272999823093414,Bills
1997,DEU,true,,,0.0318400003015995,Bills
1998,DEU,true,,,0.03413999825716019,Bills
1999,DEU,true,,,0.027319999411702156,Bills
2000,DEU,true,,,0.041120000183582306,Bills
2001,DEU,true,,,0.0437299981713295,Bills
2002,DEU,true,,,0.0327799990773201,Bills
2003,DEU,true,,,0.023180000483989716,Bills
2004,DEU,true,,,0.02048330008983612,Bills
2005,DEU,true,,,0.020899999886751175,Bills
2006,DEU,true,,,0.028358299285173416,Bills
2007,DEU,true,,,0.03859170153737068,Bills
2008,DEU,true,,,0.0381833016872406,Bills
2009,DEU,true,,,0.006258329842239618,Bills
2010,DEU,true,,,0.0038333300035446882,Bills
2011,DEU,true,,,0.008091670460999012,Bills
2012,DEU,true,,,0.0025500000920146704,Bills
2013,DEU,true,,,0.0008916666847653687,Bills
2014,DEU,true,,,0.0009666666737757623,Bills
2015,DEU,true,,,-0.001075000036507845,Bills
2016,DEU,true,,,-0.002637,Bills
2017,DEU,true,,,-0.003291,Bills
2018,DEU,true,,,-0.003221,Bills
2019,DEU,true,,,-0.003563,Bills
2020,DEU,true,,,-0.004252000000000001,Bills
1875,DNK,true,,,0.05380000174045563,Bills
1876,DNK,true,,,0.0560000017285347,Bills
1877,DNK,true,,,0.05620000138878822,Bills
1878,DNK,true,,,0.05130000039935112,Bills
1879,DNK,true,,,0.03999999910593033,Bills
1880,DNK,true,,,0.03480000048875809,Bills
1881,DNK,true,,,0.0357000008225441,Bills
1882,DNK,true,,,0.04349999874830246,Bills
1883,DNK,true,,,0.04670000076293945,Bills
1884,DNK,true,,,0.04529999941587448,Bills
1885,DNK,true,,,0.04340000078082085,Bills
1886,DNK,true,,,0.04050000011920929,Bills
1887,DNK,true,,,0.03500000014901161,Bills
1888,DNK,true,,,0.033399999141693115,Bills
1889,DNK,true,,,0.0357000008225441,Bills
1890,DNK,true,,,0.041099999099969864,Bills
1891,DNK,true,,,0.04390000179409981,Bills
1892,DNK,true,,,0.04280000180006027,Bills
1893,DNK,true,,,0.040800001472234726,Bills
1894,DNK,true,,,0.03999999910593033,Bills
1895,DNK,true,,,0.03920000046491623,Bills
1896,DNK,true,,,0.038600001484155655,Bills
1897,DNK,true,,,0.04619999974966049,Bills
1898,DNK,true,,,0.04580000042915344,Bills
1899,DNK,true,,,0.056699998676776886,Bills
1900,DNK,true,,,0.062199998646974564,Bills
1901,DNK,true,,,0.057500001043081284,Bills
1902,DNK,true,,,0.044599998742341995,Bills
1903,DNK,true,,,0.04540000110864639,Bills
1904,DNK,true,,,0.0478999987244606,Bills
1905,DNK,true,,,0.045499999076128006,Bills
1906,DNK,true,,,0.054499998688697815,Bills
1907,DNK,true,,,0.06419999897480011,Bills
1908,DNK,true,,,0.06780000030994415,Bills
1909,DNK,true,,,0.05339999869465828,Bills
1910,DNK,true,,,0.05350000038743019,Bills
1911,DNK,true,,,0.04989999905228615,Bills
1912,DNK,true,,,0.05380000174045563,Bills
1913,DNK,true,,,0.05979999899864197,Bills
1914,DNK,true,,,0.059700001031160355,Bills
1916,DNK,true,,,0.052799999713897705,Bills
1917,DNK,true,,,0.04769999906420708,Bills
1918,DNK,true,,,0.05469999834895134,Bills
1919,DNK,true,,,0.06109999865293503,Bills
1920,DNK,true,,,0.0731000006198883,Bills
1921,DNK,true,,,0.06199999898672104,Bills
1922,DNK,true,,,0.05640000104904175,Bills
1923,DNK,true,,,0.06109999865293503,Bills
1924,DNK,true,,,0.06392499804496765,Bills
1925,DNK,true,,,0.06392499804496765,Bills
1926,DNK,true,,,0.053325001150369644,Bills
1927,DNK,true,,,0.049424998462200165,Bills
1928,DNK,true,,,0.04922499880194664,Bills
1929,DNK,true,,,0.05152500048279762,Bills
1930,DNK,true,,,0.047325000166893005,Bills
1931,DNK,true,,,0.046025000512599945,Bills
1932,DNK,true,,,0.05252499878406525,Bills
1933,DNK,true,,,0.04532499983906746,Bills
1934,DNK,true,,,0.038724999874830246,Bills
1935,DNK,true,,,0.03682500123977661,Bills
1936,DNK,true,,,0.04312499985098839,Bills
1937,DNK,true,,,0.04582500085234642,Bills
1938,DNK,true,,,0.045524999499320984,Bills
1939,DNK,true,,,0.046424999833106995,Bills
1940,DNK,true,,,0.048124998807907104,Bills
1941,DNK,true,,,0.03999999910593033,Bills
1942,DNK,true,,,0.03999999910593033,Bills
1943,DNK,true,,,0.03999999910593033,Bills
1944,DNK,true,,,0.03999999910593033,Bills
1945,DNK,true,,,0.03999999910593033,Bills
1946,DNK,true,,,0.035208333283662796,Bills
1947,DNK,true,,,0.03500000014901161,Bills
1948,DNK,true,,,0.03500000014901161,Bills
1949,DNK,true,,,0.03500000014901161,Bills
1950,DNK,true,,,0.040833331644535065,Bills
1951,DNK,true,,,0.05000000074505806,Bills
1952,DNK,true,,,0.05000000074505806,Bills
1953,DNK,true,,,0.04874999821186066,Bills
1954,DNK,true,,,0.05000000074505806,Bills
1955,DNK,true,,,0.05791666731238365,Bills
1956,DNK,true,,,0.05999999865889549,Bills
1957,DNK,true,,,0.05999999865889549,Bills
1958,DNK,true,,,0.056458331644535065,Bills
1959,DNK,true,,,0.05145833268761635,Bills
1960,DNK,true,,,0.059583332389593124,Bills
1961,DNK,true,,,0.06624999642372131,Bills
1962,DNK,true,,,0.07000000029802322,Bills
1963,DNK,true,,,0.06812500208616257,Bills
1964,DNK,true,,,0.06541666388511658,Bills
1965,DNK,true,,,0.07000000029802322,Bills
1966,DNK,true,,,0.07000000029802322,Bills
1967,DNK,true,,,0.07041666656732559,Bills
1968,DNK,true,,,0.0716666653752327,Bills
1969,DNK,true,,,0.08500000089406967,Bills
1970,DNK,true,,,0.0949999988079071,Bills
1971,DNK,true,,,0.08187499642372131,Bills
1972,DNK,true,,,0.07770833373069763,Bills
1973,DNK,true,,,0.08104166388511658,Bills
1974,DNK,true,,,0.133366659283638,Bills
1975,DNK,true,,,0.06470832973718643,Bills
1976,DNK,true,,,0.10279999673366547,Bills
1977,DNK,true,,,0.14481666684150696,Bills
1978,DNK,true,,,0.1542000025510788,Bills
1979,DNK,true,,,0.1263333261013031,Bills
1980,DNK,true,,,0.16927500069141388,Bills
1981,DNK,true,,,0.14839999377727509,Bills
1982,DNK,true,,,0.16918332874774933,Bills
1983,DNK,true,,,0.12809999287128448,Bills
1984,DNK,true,,,0.11772499978542328,Bills
1985,DNK,true,,,0.1033250018954277,Bills
1986,DNK,true,,,0.09224999696016312,Bills
1987,DNK,true,,,0.10108333081007004,Bills
1988,DNK,true,,,0.08527500182390213,Bills
1989,DNK,true,,,0.09593600034713745,Bills
1990,DNK,true,,,0.10892999917268753,Bills
1991,DNK,true,,,0.09699500352144241,Bills
1992,DNK,true,,,0.11035100370645523,Bills
1993,DNK,true,,,0.10405399650335312,Bills
1994,DNK,true,,,0.061344001442193985,Bills
1995,DNK,true,,,0.06069299951195717,Bills
1996,DNK,true,,,0.03869299963116646,Bills
1997,DNK,true,,,0.0365849994122982,Bills
1998,DNK,true,,,0.0414620004594326,Bills
1999,DNK,true,,,0.03307599946856499,Bills
2000,DNK,true,,,0.04907400161027908,Bills
2001,DNK,true,,,0.04618600010871887,Bills
2002,DNK,true,,,0.03484800085425377,Bills
2003,DNK,true,,,0.02375260926783085,Bills
2004,DNK,true,,,0.02161666750907898,Bills
2005,DNK,true,,,0.021994750946760178,Bills
2006,DNK,true,,,0.031814899295568466,Bills
2007,DNK,true,,,0.04327499866485596,Bills
2008,DNK,true,,,0.04880833253264427,Bills
2009,DNK,true,,,0.01809166744351387,Bills
2010,DNK,true,,,0.007018666714429855,Bills
2011,DNK,true,,,0.008877333253622055,Bills
2012,DNK,true,,,0.0008008666918613017,Bills
2013,DNK,true,,,-0.00023101666010916233,Bills
2014,DNK,true,,,0.0006411583162844181,Bills
2015,DNK,true,,,-0.0012600832851603627,Bills
2016,DNK,true,,,-0.0044,Bills
2017,DNK,true,,,-0.0044,Bills
2018,DNK,true,,,-0.0049,Bills
2019,DNK,true,,,-0.0055000000000000005,Bills
2020,DNK,true,,,-0.0015,Bills
1900,ESP,true,,,0.03500000014901161,Bills
1901,ESP,true,,,0.03999999910593033,Bills
1902,ESP,true,,,0.03999999910593033,Bills
1903,ESP,true,,,0.03500000014901161,Bills
1904,ESP,true,,,0.029999999329447746,Bills
1905,ESP,true,,,0.03999999910593033,Bills
1906,ESP,true,,,0.04500000178813934,Bills
1907,ESP,true,,,0.04500000178813934,Bills
1908,ESP,true,,,0.03999999910593033,Bills
1909,ESP,true,,,0.04500000178813934,Bills
1910,ESP,true,,,0.03999999910593033,Bills
1911,ESP,true,,,0.03999999910593033,Bills
1912,ESP,true,,,0.04500000178813934,Bills
1913,ESP,true,,,0.04500000178813934,Bills
1914,ESP,true,,,0.03999999910593033,Bills
1915,ESP,true,,,0.04500000178813934,Bills
1916,ESP,true,,,0.04500000178813934,Bills
1917,ESP,true,,,0.04500000178813934,Bills
1918,ESP,true,,,0.04500000178813934,Bills
1919,ESP,true,,,0.05000000074505806,Bills
1920,ESP,true,,,0.05999999865889549,Bills
1921,ESP,true,,,0.05999999865889549,Bills
1922,ESP,true,,,0.03500000014901161,Bills
1923,ESP,true,,,0.03500000014901161,Bills
1924,ESP,true,,,0.03500000014901161,Bills
1925,ESP,true,,,0.03500000014901161,Bills
1926,ESP,true,,,0.03500000014901161,Bills
1927,ESP,true,,,0.03500000014901161,Bills
1928,ESP,true,,,0.03500000014901161,Bills
1929,ESP,true,,,0.03500000014901161,Bills
1930,ESP,true,,,0.03500000014901161,Bills
1931,ESP,true,,,0.03500000014901161,Bills
1932,ESP,true,,,0.03500000014901161,Bills
1933,ESP,true,,,0.035999998450279236,Bills
1934,ESP,true,,,0.035999998450279236,Bills
1935,ESP,true,,,0.035999998450279236,Bills
1941,ESP,true,,,0.029999999329447746,Bills
1942,ESP,true,,,0.029999999329447746,Bills
1943,ESP,true,,,0.029999999329447746,Bills
1944,ESP,true,,,0.029999999329447746,Bills
1945,ESP,true,,,0.029999999329447746,Bills
1946,ESP,true,,,0.029999999329447746,Bills
1947,ESP,true,,,0.029999999329447746,Bills
1948,ESP,true,,,0.029999999329447746,Bills
1949,ESP,true,,,0.029999999329447746,Bills
1950,ESP,true,,,0.029999999329447746,Bills
1951,ESP,true,,,0.029999999329447746,Bills
1952,ESP,true,,,0.029999999329447746,Bills
1953,ESP,true,,,0.029999999329447746,Bills
1954,ESP,true,,,0.029999999329447746,Bills
1955,ESP,true,,,0.029999999329447746,Bills
1956,ESP,true,,,0.029999999329447746,Bills
1957,ESP,true,,,0.029999999329447746,Bills
1958,ESP,true,,,0.029999999329447746,Bills
1959,ESP,true,,,0.029999999329447746,Bills
1960,ESP,true,,,0.029999999329447746,Bills
1961,ESP,true,,,0.029999999329447746,Bills
1962,ESP,true,,,0.029999999329447746,Bills
1963,ESP,true,,,0.029999999329447746,Bills
1964,ESP,true,,,0.029999999329447746,Bills
1965,ESP,true,,,0.029999999329447746,Bills
1966,ESP,true,,,0.029999999329447746,Bills
1967,ESP,true,,,0.029999999329447746,Bills
1968,ESP,true,,,0.029999999329447746,Bills
1969,ESP,true,,,0.04500000178813934,Bills
1970,ESP,true,,,0.054999999701976776,Bills
1971,ESP,true,,,0.03999999910593033,Bills
1972,ESP,true,,,0.03999999910593033,Bills
1973,ESP,true,,,0.05000000074505806,Bills
1974,ESP,true,,,0.05999999865889549,Bills
1975,ESP,true,,,0.06695166975259781,Bills
1976,ESP,true,,,0.09965833276510239,Bills
1977,ESP,true,,,0.13122832775115967,Bills
1978,ESP,true,,,0.2077208310365677,Bills
1979,ESP,true,,,0.13134583830833435,Bills
1980,ESP,true,,,0.15456749498844147,Bills
1981,ESP,true,,,0.1589466631412506,Bills
1982,ESP,true,,,0.17172832787036896,Bills
1983,ESP,true,,,0.19452832639217377,Bills
1984,ESP,true,,,0.1260174959897995,Bills
1985,ESP,true,,,0.11610499769449234,Bills
1986,ESP,true,,,0.11490833014249802,Bills
1987,ESP,true,,,0.16064833104610443,Bills
1988,ESP,true,,,0.11292000114917755,Bills
1989,ESP,true,,,0.14391666650772095,Bills
1990,ESP,true,,,0.14758333563804626,Bills
1991,ESP,true,,,0.13201667368412018,Bills
1992,ESP,true,,,0.1300666630268097,Bills
1993,ESP,true,,,0.12326666712760925,Bills
1994,ESP,true,,,0.078125,Bills
1995,ESP,true,,,0.0898333340883255,Bills
1996,ESP,true,,,0.0764833316206932,Bills
1997,ESP,true,,,0.054858334362506866,Bills
1998,ESP,true,,,0.04340000078082085,Bills
1999,ESP,true,,,0.027233334258198738,Bills
2000,ESP,true,,,0.04111666604876518,Bills
2001,ESP,true,,,0.04360833391547203,Bills
2002,ESP,true,,,0.032749999314546585,Bills
2003,ESP,true,,,0.023116666823625565,Bills
2004,ESP,true,,,0.020408334210515022,Bills
2005,ESP,true,,,0.020866665989160538,Bills
2006,ESP,true,,,0.02827499993145466,Bills
2007,ESP,true,,,0.038474999368190765,Bills
2008,ESP,true,,,0.03849999979138374,Bills
2009,ESP,true,,,0.006758333183825016,Bills
2010,ESP,true,,,0.004533333238214254,Bills
2011,ESP,true,,,0.010174999944865704,Bills
2012,ESP,true,,,0.0027000000700354576,Bills
2013,ESP,true,,,0.0014916666550561786,Bills
2014,ESP,true,,,0.0011500000255182385,Bills
2015,ESP,true,,,-0.0007583333062939346,Bills
2016,ESP,true,,,-0.0021,Bills
2017,ESP,true,,,-0.0029,Bills
2019,ESP,true,,,-0.0036,Bills
2020,ESP,true,,,-0.0036,Bills
1896,FIN,true,,,0.03999999910593033,Bills
1897,FIN,true,,,0.03999999910593033,Bills
1898,FIN,true,,,0.04500000178813934,Bills
1899,FIN,true,,,0.05000000074505806,Bills
1900,FIN,true,,,0.05000000074505806,Bills
1901,FIN,true,,,0.05000000074505806,Bills
1902,FIN,true,,,0.04500000178813934,Bills
1903,FIN,true,,,0.04500000178813934,Bills
1904,FIN,true,,,0.04500000178813934,Bills
1905,FIN,true,,,0.04500000178813934,Bills
1906,FIN,true,,,0.04500000178813934,Bills
1907,FIN,true,,,0.05000000074505806,Bills
1908,FIN,true,,,0.05000000074505806,Bills
1909,FIN,true,,,0.05000000074505806,Bills
1910,FIN,true,,,0.05000000074505806,Bills
1911,FIN,true,,,0.04500000178813934,Bills
1912,FIN,true,,,0.05000000074505806,Bills
1913,FIN,true,,,0.05000000074505806,Bills
1914,FIN,true,,,0.05000000074505806,Bills
1915,FIN,true,,,0.03999999910593033,Bills
1916,FIN,true,,,0.03999999910593033,Bills
1917,FIN,true,,,0.03999999910593033,Bills
1918,FIN,true,,,0.03999999910593033,Bills
1919,FIN,true,,,0.05000000074505806,Bills
1920,FIN,true,,,0.06499999761581421,Bills
1921,FIN,true,,,0.06499999761581421,Bills
1922,FIN,true,,,0.06499999761581421,Bills
1923,FIN,true,,,0.06499999761581421,Bills
1924,FIN,true,,,0.07000000029802322,Bills
1925,FIN,true,,,0.06499999761581421,Bills
1926,FIN,true,,,0.06499999761581421,Bills
1927,FIN,true,,,0.05999999865889549,Bills
1928,FIN,true,,,0.07000000029802322,Bills
1929,FIN,true,,,0.07000000029802322,Bills
1930,FIN,true,,,0.05999999865889549,Bills
1931,FIN,true,,,0.054999999701976776,Bills
1932,FIN,true,,,0.05000000074505806,Bills
1933,FIN,true,,,0.04500000178813934,Bills
1934,FIN,true,,,0.03999999910593033,Bills
1935,FIN,true,,,0.03709999844431877,Bills
1936,FIN,true,,,0.03635000064969063,Bills
1937,FIN,true,,,0.0340999998152256,Bills
1938,FIN,true,,,0.03395000100135803,Bills
1939,FIN,true,,,0.033649999648332596,Bills
1940,FIN,true,,,0.031599998474121094,Bills
1941,FIN,true,,,0.03085000067949295,Bills
1942,FIN,true,,,0.03085000067949295,Bills
1943,FIN,true,,,0.03135000169277191,Bills
1944,FIN,true,,,0.03164999932050705,Bills
1945,FIN,true,,,0.031199999153614044,Bills
1946,FIN,true,,,0.03085000067949295,Bills
1947,FIN,true,,,0.030300000682473183,Bills
1948,FIN,true,,,0.05195000022649765,Bills
1949,FIN,true,,,0.04309999942779541,Bills
1950,FIN,true,,,0.061650000512599945,Bills
1951,FIN,true,,,0.059450000524520874,Bills
1952,FIN,true,,,0.04809999838471413,Bills
1953,FIN,true,,,0.04874999821186066,Bills
1954,FIN,true,,,0.04935000091791153,Bills
1955,FIN,true,,,0.05485000088810921,Bills
1956,FIN,true,,,0.05104999989271164,Bills
1957,FIN,true,,,0.049150001257658005,Bills
1958,FIN,true,,,0.04194999858736992,Bills
1959,FIN,true,,,0.03985000029206276,Bills
1960,FIN,true,,,0.0406000018119812,Bills
1961,FIN,true,,,0.041600000113248825,Bills
1962,FIN,true,,,0.04050000011920929,Bills
1963,FIN,true,,,0.041200000792741776,Bills
1964,FIN,true,,,0.039250001311302185,Bills
1965,FIN,true,,,0.03884999826550484,Bills
1966,FIN,true,,,0.039500001817941666,Bills
1967,FIN,true,,,0.03739999979734421,Bills
1968,FIN,true,,,0.0430000014603138,Bills
1969,FIN,true,,,0.04154999926686287,Bills
1970,FIN,true,,,0.04170000180602074,Bills
1971,FIN,true,,,0.05079999938607216,Bills
1972,FIN,true,,,0.04320000112056732,Bills
1973,FIN,true,,,0.0568000003695488,Bills
1974,FIN,true,,,0.05705000087618828,Bills
1975,FIN,true,,,0.05640000104904175,Bills
1976,FIN,true,,,0.0575999990105629,Bills
1977,FIN,true,,,0.04699999839067459,Bills
1978,FIN,true,,,0.11754167079925537,Bills
1979,FIN,true,,,0.0926416665315628,Bills
1980,FIN,true,,,0.12346667051315308,Bills
1981,FIN,true,,,0.11461666971445084,Bills
1982,FIN,true,,,0.1166333332657814,Bills
1983,FIN,true,,,0.14668333530426025,Bills
1984,FIN,true,,,0.165024995803833,Bills
1985,FIN,true,,,0.13460832834243774,Bills
1986,FIN,true,,,0.11902499943971634,Bills
1987,FIN,true,,,0.09965833276510239,Bills
1988,FIN,true,,,0.12556666135787964,Bills
1989,FIN,true,,,0.1399666666984558,Bills
1990,FIN,true,,,0.13079166412353516,Bills
1991,FIN,true,,,0.13251666724681854,Bills
1992,FIN,true,,,0.07773333042860031,Bills
1993,FIN,true,,,0.05350000038743019,Bills
1994,FIN,true,,,0.057500001043081284,Bills
1995,FIN,true,,,0.036249998956918716,Bills
1996,FIN,true,,,0.0323166660964489,Bills
1997,FIN,true,,,0.03568333387374878,Bills
1998,FIN,true,,,0.029634999111294746,Bills
1999,FIN,true,,,0.043917667120695114,Bills
2000,FIN,true,,,0.042617835104465485,Bills
2001,FIN,true,,,0.033185917884111404,Bills
2002,FIN,true,,,0.023334667086601257,Bills
2003,FIN,true,,,0.02106333337724209,Bills
2004,FIN,true,,,0.0218468327075243,Bills
2005,FIN,true,,,0.030792249366641045,Bills
2006,FIN,true,,,0.04277608171105385,Bills
2007,FIN,true,,,0.046342331916093826,Bills
2008,FIN,true,,,0.012283583171665668,Bills
2009,FIN,true,,,0.008109583519399166,Bills
2010,FIN,true,,,0.013906000182032585,Bills
2011,FIN,true,,,0.005731833167374134,Bills
2012,FIN,true,,,0.0022066666278988123,Bills
2013,FIN,true,,,0.002099333330988884,Bills
2014,FIN,true,,,0.0020992739591747522,Bills
2015,FIN,true,,,-0.00019277077808510512,Bills
2016,FIN,true,,,-0.002637,Bills
2017,FIN,true,,,-0.003291,Bills
2018,FIN,true,,,-0.003221,Bills
2019,FIN,true,,,-0.003563,Bills
2020,FIN,true,,,-0.004252000000000001,Bills
1871,FRA,true,,,0.054999999701976776,Bills
1872,FRA,true,,,0.05000000074505806,Bills
1873,FRA,true,,,0.04749999940395355,Bills
1874,FRA,true,,,0.03500000014901161,Bills
1875,FRA,true,,,0.032499998807907104,Bills
1876,FRA,true,,,0.02500000037252903,Bills
1877,FRA,true,,,0.019999999552965164,Bills
1878,FRA,true,,,0.029999999329447746,Bills
1879,FRA,true,,,0.028750000521540642,Bills
1880,FRA,true,,,0.025200000032782555,Bills
1881,FRA,true,,,0.03680000081658363,Bills
1882,FRA,true,,,0.0340999998152256,Bills
1883,FRA,true,,,0.02669999934732914,Bills
1884,FRA,true,,,0.024800000712275505,Bills
1885,FRA,true,,,0.02449999935925007,Bills
1886,FRA,true,,,0.02199999988079071,Bills
1887,FRA,true,,,0.02419999986886978,Bills
1888,FRA,true,,,0.027300000190734863,Bills
1889,FRA,true,,,0.02539999969303608,Bills
1890,FRA,true,,,0.026200000196695328,Bills
1891,FRA,true,,,0.025100000202655792,Bills
1892,FRA,true,,,0.01810000091791153,Bills
1893,FRA,true,,,0.022199999541044235,Bills
1894,FRA,true,,,0.017899999395012856,Bills
1895,FRA,true,,,0.016300000250339508,Bills
1896,FRA,true,,,0.017100000753998756,Bills
1897,FRA,true,,,0.018200000748038292,Bills
1898,FRA,true,,,0.019899999722838402,Bills
1899,FRA,true,,,0.0284000001847744,Bills
1900,FRA,true,,,0.030400000512599945,Bills
1901,FRA,true,,,0.02410000003874302,Bills
1902,FRA,true,,,0.023900000378489494,Bills
1903,FRA,true,,,0.027000000700354576,Bills
1904,FRA,true,,,0.021400000900030136,Bills
1905,FRA,true,,,0.0210999995470047,Bills
1906,FRA,true,,,0.026799999177455902,Bills
1907,FRA,true,,,0.03350000083446503,Bills
1908,FRA,true,,,0.021400000900030136,Bills
1909,FRA,true,,,0.017500000074505806,Bills
1910,FRA,true,,,0.023900000378489494,Bills
1911,FRA,true,,,0.026100000366568565,Bills
1912,FRA,true,,,0.031199999153614044,Bills
1913,FRA,true,,,0.03819999843835831,Bills
1914,FRA,true,,,0.028699999675154686,Bills
1922,FRA,true,,,0.042899999767541885,Bills
1923,FRA,true,,,0.04390000179409981,Bills
1924,FRA,true,,,0.05209999904036522,Bills
1925,FRA,true,,,0.05689999833703041,Bills
1926,FRA,true,,,0.05660000070929527,Bills
1927,FRA,true,,,0.029100000858306885,Bills
1928,FRA,true,,,0.03020000085234642,Bills
1929,FRA,true,,,0.034699998795986176,Bills
1930,FRA,true,,,0.023499999195337296,Bills
1931,FRA,true,,,0.015599999576807022,Bills
1932,FRA,true,,,0.013000000268220901,Bills
1933,FRA,true,,,0.016300000250339508,Bills
1934,FRA,true,,,0.02019999921321869,Bills
1935,FRA,true,,,0.03240000084042549,Bills
1936,FRA,true,,,0.03680000081658363,Bills
1937,FRA,true,,,0.03830000013113022,Bills
1938,FRA,true,,,0.02759999968111515,Bills
1939,FRA,true,,,0.020500000566244125,Bills
1940,FRA,true,,,0.01720000058412552,Bills
1941,FRA,true,,,0.016699999570846558,Bills
1942,FRA,true,,,0.016200000420212746,Bills
1943,FRA,true,,,0.016499999910593033,Bills
1944,FRA,true,,,0.01640000008046627,Bills
1945,FRA,true,,,0.013700000010430813,Bills
1946,FRA,true,,,0.013100000098347664,Bills
1947,FRA,true,,,0.015699999406933784,Bills
1948,FRA,true,,,0.020899999886751175,Bills
1949,FRA,true,,,0.025200000032782555,Bills
1950,FRA,true,,,0.024299999698996544,Bills
1951,FRA,true,,,0.027000000700354576,Bills
1952,FRA,true,,,0.03709999844431877,Bills
1953,FRA,true,,,0.04039999842643738,Bills
1954,FRA,true,,,0.03590000048279762,Bills
1955,FRA,true,,,0.031599998474121094,Bills
1956,FRA,true,,,0.03189999982714653,Bills
1957,FRA,true,,,0.05350000038743019,Bills
1958,FRA,true,,,0.0649000033736229,Bills
1959,FRA,true,,,0.040699999779462814,Bills
1960,FRA,true,,,0.040800001472234726,Bills
1961,FRA,true,,,0.0364999994635582,Bills
1962,FRA,true,,,0.03610000014305115,Bills
1963,FRA,true,,,0.039799999445676804,Bills
1964,FRA,true,,,0.04740000143647194,Bills
1965,FRA,true,,,0.042100001126527786,Bills
1966,FRA,true,,,0.04780000075697899,Bills
1967,FRA,true,,,0.04800000041723251,Bills
1968,FRA,true,,,0.061500001698732376,Bills
1969,FRA,true,,,0.08959999680519104,Bills
1970,FRA,true,,,0.0868000015616417,Bills
1971,FRA,true,,,0.058400001376867294,Bills
1972,FRA,true,,,0.0494999997317791,Bills
1973,FRA,true,,,0.08910000324249268,Bills
1974,FRA,true,,,0.1290999948978424,Bills
1975,FRA,true,,,0.07919999957084656,Bills
1976,FRA,true,,,0.08560000360012054,Bills
1977,FRA,true,,,0.09070000052452087,Bills
1978,FRA,true,,,0.07980000227689743,Bills
1979,FRA,true,,,0.09040000289678574,Bills
1980,FRA,true,,,0.1185000017285347,Bills
1981,FRA,true,,,0.15299999713897705,Bills
1982,FRA,true,,,0.14869999885559082,Bills
1983,FRA,true,,,0.12533333897590637,Bills
1984,FRA,true,,,0.11740833520889282,Bills
1985,FRA,true,,,0.09934166818857193,Bills
1986,FRA,true,,,0.07742500305175781,Bills
1987,FRA,true,,,0.07975833117961884,Bills
1988,FRA,true,,,0.0752333328127861,Bills
1989,FRA,true,,,0.09071666747331619,Bills
1990,FRA,true,,,0.0984666645526886,Bills
1991,FRA,true,,,0.09490666538476944,Bills
1992,FRA,true,,,0.10351666808128357,Bills
1993,FRA,true,,,0.08749166876077652,Bills
1994,FRA,true,,,0.05692499876022339,Bills
1995,FRA,true,,,0.06354166567325592,Bills
1996,FRA,true,,,0.037283334881067276,Bills
1997,FRA,true,,,0.03240833431482315,Bills
1998,FRA,true,,,0.033925000578165054,Bills
1999,FRA,true,,,0.027305249124765396,Bills
2000,FRA,true,,,0.042405251413583755,Bills
2001,FRA,true,,,0.04257899895310402,Bills
2002,FRA,true,,,0.03295133262872696,Bills
2003,FRA,true,,,0.022755416110157967,Bills
2004,FRA,true,,,0.020249083638191223,Bills
2005,FRA,true,,,0.02071041613817215,Bills
2006,FRA,true,,,0.02889150008559227,Bills
2007,FRA,true,,,0.038640499114990234,Bills
2008,FRA,true,,,0.036189332604408264,Bills
2009,FRA,true,,,0.006472249981015921,Bills
2010,FRA,true,,,0.0037625832483172417,Bills
2011,FRA,true,,,0.006933583412319422,Bills
2012,FRA,true,,,0.0004933333257213235,Bills
2013,FRA,true,,,0.0004306666669435799,Bills
2014,FRA,true,,,0.0005729166441597044,Bills
2015,FRA,true,,,-0.001990749966353178,Bills
2016,FRA,true,,,-0.0031940000000000002,Bills
2017,FRA,true,,,-0.003534,Bills
2018,FRA,true,,,-0.003629,Bills
2019,FRA,true,,,-0.003917,Bills
2020,FRA,true,,,-0.004963,Bills
1947,GBR,true,,,0.005100000184029341,Bills
1948,GBR,true,,,0.005100000184029341,Bills
1949,GBR,true,,,0.005200000014156103,Bills
1950,GBR,true,,,0.005200000014156103,Bills
1951,GBR,true,,,0.00559999980032444,Bills
1952,GBR,true,,,0.02199999988079071,Bills
1953,GBR,true,,,0.023000000044703484,Bills
1954,GBR,true,,,0.017899999395012856,Bills
1955,GBR,true,,,0.03750000149011612,Bills
1956,GBR,true,,,0.0494999997317791,Bills
1957,GBR,true,,,0.04809999838471413,Bills
1958,GBR,true,,,0.04560000076889992,Bills
1959,GBR,true,,,0.033799998462200165,Bills
1960,GBR,true,,,0.048900000751018524,Bills
1961,GBR,true,,,0.05139999836683273,Bills
1962,GBR,true,,,0.04170000180602074,Bills
1963,GBR,true,,,0.03669999912381172,Bills
1964,GBR,true,,,0.045899998396635056,Bills
1965,GBR,true,,,0.05909999832510948,Bills
1966,GBR,true,,,0.06120000034570694,Bills
1967,GBR,true,,,0.05810000002384186,Bills
1968,GBR,true,,,0.07029999792575836,Bills
1969,GBR,true,,,0.0763000026345253,Bills
1970,GBR,true,,,0.07020000368356705,Bills
1971,GBR,true,,,0.055799998342990875,Bills
1972,GBR,true,,,0.0551999993622303,Bills
1973,GBR,true,,,0.09380000084638596,Bills
1974,GBR,true,,,0.11379999667406082,Bills
1975,GBR,true,,,0.10180000215768814,Bills
1976,GBR,true,,,0.11150000244379044,Bills
1977,GBR,true,,,0.07660000026226044,Bills
1978,GBR,true,,,0.08510000258684158,Bills
1979,GBR,true,,,0.12999999523162842,Bills
1980,GBR,true,,,0.15119999647140503,Bills
1981,GBR,true,,,0.1298000067472458,Bills
1982,GBR,true,,,0.11379999667406082,Bills
1983,GBR,true,,,0.09589999914169312,Bills
1984,GBR,true,,,0.09300000220537186,Bills
1985,GBR,true,,,0.11599999666213989,Bills
1986,GBR,true,,,0.10339999943971634,Bills
1987,GBR,true,,,0.09229999780654907,Bills
1988,GBR,true,,,0.09799999743700027,Bills
1989,GBR,true,,,0.13279999792575836,Bills
1990,GBR,true,,,0.14090000092983246,Bills
1991,GBR,true,,,0.10819999873638153,Bills
1992,GBR,true,,,0.08940000087022781,Bills
1993,GBR,true,,,0.05209999904036522,Bills
1994,GBR,true,,,0.051500000059604645,Bills
1995,GBR,true,,,0.0632999986410141,Bills
1996,GBR,true,,,0.05779999867081642,Bills
1997,GBR,true,,,0.06480000168085098,Bills
1998,GBR,true,,,0.0681999996304512,Bills
1999,GBR,true,,,0.05040000006556511,Bills
2000,GBR,true,,,0.057999998331069946,Bills
2001,GBR,true,,,0.047600001096725464,Bills
2002,GBR,true,,,0.038600001484155655,Bills
2003,GBR,true,,,0.035599999129772186,Bills
2004,GBR,true,,,0.04439999908208847,Bills
2005,GBR,true,,,0.045499999076128006,Bills
2006,GBR,true,,,0.04650000110268593,Bills
2007,GBR,true,,,0.05530000105500221,Bills
2008,GBR,true,,,0.04320000112056732,Bills
2009,GBR,true,,,0.0052999998442828655,Bills
2010,GBR,true,,,0.004999999888241291,Bills
2011,GBR,true,,,0.004800000227987766,Bills
2012,GBR,true,,,0.0031300000846385956,Bills
2013,GBR,true,,,0.003019999945536256,Bills
2014,GBR,true,,,0.003800000064074993,Bills
2015,GBR,true,,,0.004399999976158142,Bills
2016,GBR,true,,,0.0020239999999999998,Bills
2017,GBR,true,,,0.004123,Bills
2018,GBR,true,,,0.006998,Bills
2019,GBR,true,,,0.007098,Bills
2020,GBR,true,,,0.000394,Bills
1871,ITA,true,,,0.05999999865889549,Bills
1885,ITA,true,,,0.03999999910593033,Bills
1886,ITA,true,,,0.04500000178813934,Bills
1887,ITA,true,,,0.05249999836087227,Bills
1888,ITA,true,,,0.04749999940395355,Bills
1889,ITA,true,,,0.05249999836087227,Bills
1890,ITA,true,,,0.05249999836087227,Bills
1891,ITA,true,,,0.042500000447034836,Bills
1892,ITA,true,,,0.03500000014901161,Bills
1893,ITA,true,,,0.05999999865889549,Bills
1894,ITA,true,,,0.03999999910593033,Bills
1895,ITA,true,,,0.029999999329447746,Bills
1896,ITA,true,,,0.03999999910593033,Bills
1897,ITA,true,,,0.029999999329447746,Bills
1898,ITA,true,,,0.03500000014901161,Bills
1899,ITA,true,,,0.05000000074505806,Bills
1900,ITA,true,,,0.04500000178813934,Bills
1901,ITA,true,,,0.03999999910593033,Bills
1902,ITA,true,,,0.04500000178813934,Bills
1903,ITA,true,,,0.03999999910593033,Bills
1904,ITA,true,,,0.03375000134110451,Bills
1905,ITA,true,,,0.05000000074505806,Bills
1906,ITA,true,,,0.05000000074505806,Bills
1907,ITA,true,,,0.054999999701976776,Bills
1908,ITA,true,,,0.03750000149011612,Bills
1909,ITA,true,,,0.042500000447034836,Bills
1910,ITA,true,,,0.05000000074505806,Bills
1911,ITA,true,,,0.054999999701976776,Bills
1912,ITA,true,,,0.057500001043081284,Bills
1913,ITA,true,,,0.05375000089406967,Bills
1914,ITA,true,,,0.042500000447034836,Bills
1922,ITA,true,,,0.057999998331069946,Bills
1923,ITA,true,,,0.05380000174045563,Bills
1924,ITA,true,,,0.05350000038743019,Bills
1925,ITA,true,,,0.07150000333786011,Bills
1926,ITA,true,,,0.0843999981880188,Bills
1927,ITA,true,,,0.07720000296831131,Bills
1928,ITA,true,,,0.05460000038146973,Bills
1929,ITA,true,,,0.06689999997615814,Bills
1930,ITA,true,,,0.05999999865889549,Bills
1931,ITA,true,,,0.05999999865889549,Bills
1932,ITA,true,,,0.058800000697374344,Bills
1933,ITA,true,,,0.03880000114440918,Bills
1934,ITA,true,,,0.03750000149011612,Bills
1935,ITA,true,,,0.04500000178813934,Bills
1936,ITA,true,,,0.05000000074505806,Bills
1937,ITA,true,,,0.05040000006556511,Bills
1938,ITA,true,,,0.05249999836087227,Bills
1939,ITA,true,,,0.05260000005364418,Bills
1940,ITA,true,,,0.05260000005364418,Bills
1941,ITA,true,,,0.05260000005364418,Bills
1942,ITA,true,,,0.04919999837875366,Bills
1943,ITA,true,,,0.0502999983727932,Bills
1944,ITA,true,,,0.050999999046325684,Bills
1945,ITA,true,,,0.0471000000834465,Bills
1946,ITA,true,,,0.0471000000834465,Bills
1947,ITA,true,,,0.04859999939799309,Bills
1948,ITA,true,,,0.05260000005364418,Bills
1949,ITA,true,,,0.04859999939799309,Bills
1950,ITA,true,,,0.0471000000834465,Bills
1951,ITA,true,,,0.0471000000834465,Bills
1952,ITA,true,,,0.04360000044107437,Bills
1953,ITA,true,,,0.04170000180602074,Bills
1954,ITA,true,,,0.04170000180602074,Bills
1955,ITA,true,,,0.04170000180602074,Bills
1956,ITA,true,,,0.04170000180602074,Bills
1957,ITA,true,,,0.04170000180602074,Bills
1958,ITA,true,,,0.038600001484155655,Bills
1959,ITA,true,,,0.03629999980330467,Bills
1960,ITA,true,,,0.03629999980330467,Bills
1961,ITA,true,,,0.03629999980330467,Bills
1962,ITA,true,,,0.034699998795986176,Bills
1963,ITA,true,,,0.03590000048279762,Bills
1964,ITA,true,,,0.03629999980330467,Bills
1965,ITA,true,,,0.03629999980330467,Bills
1966,ITA,true,,,0.03579999879002571,Bills
1967,ITA,true,,,0.03579999879002571,Bills
1968,ITA,true,,,0.035599999129772186,Bills
1969,ITA,true,,,0.05000000074505806,Bills
1970,ITA,true,,,0.0737999975681305,Bills
1971,ITA,true,,,0.05758333206176758,Bills
1972,ITA,true,,,0.051750000566244125,Bills
1973,ITA,true,,,0.06925000250339508,Bills
1974,ITA,true,,,0.14569999277591705,Bills
1975,ITA,true,,,0.10634999722242355,Bills
1976,ITA,true,,,0.15676666796207428,Bills
1977,ITA,true,,,0.14034999907016754,Bills
1978,ITA,true,,,0.11989166587591171,Bills
1979,ITA,true,,,0.12511666119098663,Bills
1980,ITA,true,,,0.15915000438690186,Bills
1981,ITA,true,,,0.19702500104904175,Bills
1982,ITA,true,,,0.19437666237354279,Bills
1983,ITA,true,,,0.17894808948040009,Bills
1984,ITA,true,,,0.1536725014448166,Bills
1985,ITA,true,,,0.13711674511432648,Bills
1986,ITA,true,,,0.11404166370630264,Bills
1987,ITA,true,,,0.1072937473654747,Bills
1988,ITA,true,,,0.11186400055885315,Bills
1989,ITA,true,,,0.1257963329553604,Bills
1990,ITA,true,,,0.12378616631031036,Bills
1991,ITA,true,,,0.12536565959453583,Bills
1992,ITA,true,,,0.14317916333675385,Bills
1993,ITA,true,,,0.10580574721097946,Bills
1994,ITA,true,,,0.09165050089359283,Bills
1995,ITA,true,,,0.10849591344594955,Bills
1996,ITA,true,,,0.08462508022785187,Bills
1997,ITA,true,,,0.06333349645137787,Bills
1998,ITA,true,,,0.04592150077223778,Bills
1999,ITA,true,,,0.030064333230257034,Bills
2000,ITA,true,,,0.045278917998075485,Bills
2001,ITA,true,,,0.04051608219742775,Bills
2002,ITA,true,,,0.03264300152659416,Bills
2003,ITA,true,,,0.021879833191633224,Bills
2004,ITA,true,,,0.020795000717043877,Bills
2005,ITA,true,,,0.021724000573158264,Bills
2006,ITA,true,,,0.0318271666765213,Bills
2007,ITA,true,,,0.04035716503858566,Bills
2008,ITA,true,,,0.03757699951529503,Bills
2009,ITA,true,,,0.009549999609589577,Bills
2010,ITA,true,,,0.01133333332836628,Bills
2011,ITA,true,,,0.02785833366215229,Bills
2012,ITA,true,,,0.018950000405311584,Bills
2013,ITA,true,,,0.008552500046789646,Bills
2014,ITA,true,,,0.0042409999296069145,Bills
2015,ITA,true,,,0.0004866666567977518,Bills
2016,ITA,true,,,-0.0017000000000000001,Bills
2017,ITA,true,,,-0.0034000000000000002,Bills
2018,ITA,true,,,0.0012,Bills
2019,ITA,true,,,-0.0006,Bills
2020,ITA,true,,,-0.002,Bills
1886,JPN,true,,,0.04800000041723251,Bills
1887,JPN,true,,,0.03759999945759773,Bills
1888,JPN,true,,,0.036400001496076584,Bills
1889,JPN,true,,,0.0384799987077713,Bills
1890,JPN,true,,,0.041600000113248825,Bills
1891,JPN,true,,,0.04047999903559685,Bills
1892,JPN,true,,,0.035999998450279236,Bills
1893,JPN,true,,,0.03351999819278717,Bills
1894,JPN,true,,,0.041600000113248825,Bills
1895,JPN,true,,,0.04368000105023384,Bills
1896,JPN,true,,,0.04487999901175499,Bills
1897,JPN,true,,,0.05000000074505806,Bills
1898,JPN,true,,,0.0568000003695488,Bills
1899,JPN,true,,,0.04839999973773956,Bills
1900,JPN,true,,,0.05920000001788139,Bills
1901,JPN,true,,,0.05920000001788139,Bills
1902,JPN,true,,,0.052000001072883606,Bills
1903,JPN,true,,,0.04376000165939331,Bills
1904,JPN,true,,,0.04343999922275543,Bills
1905,JPN,true,,,0.047040000557899475,Bills
1906,JPN,true,,,0.04408000037074089,Bills
1907,JPN,true,,,0.04368000105023384,Bills
1908,JPN,true,,,0.04960000142455101,Bills
1909,JPN,true,,,0.041760001331567764,Bills
1910,JPN,true,,,0.03432000055909157,Bills
1911,JPN,true,,,0.036079999059438705,Bills
1912,JPN,true,,,0.048239998519420624,Bills
1913,JPN,true,,,0.04879999905824661,Bills
1914,JPN,true,,,0.04896000027656555,Bills
1915,JPN,true,,,0.03471999987959862,Bills
1916,JPN,true,,,0.03359999880194664,Bills
1917,JPN,true,,,0.04024000093340874,Bills
1918,JPN,true,,,0.04391999915242195,Bills
1919,JPN,true,,,0.04543999955058098,Bills
1920,JPN,true,,,0.052719999104738235,Bills
1921,JPN,true,,,0.04520000144839287,Bills
1922,JPN,true,,,0.05071999877691269,Bills
1923,JPN,true,,,0.05104000121355057,Bills
1924,JPN,true,,,0.05031999945640564,Bills
1925,JPN,true,,,0.05087999999523163,Bills
1926,JPN,true,,,0.0509600006043911,Bills
1927,JPN,true,,,0.04495999962091446,Bills
1928,JPN,true,,,0.04464000090956688,Bills
1929,JPN,true,,,0.03872000053524971,Bills
1930,JPN,true,,,0.03872000053524971,Bills
1931,JPN,true,,,0.03936000168323517,Bills
1932,JPN,true,,,0.036079999059438705,Bills
1933,JPN,true,,,0.03215999901294708,Bills
1934,JPN,true,,,0.030959999188780785,Bills
1935,JPN,true,,,0.030959999188780785,Bills
1936,JPN,true,,,0.02751999907195568,Bills
1937,JPN,true,,,0.02727999910712242,Bills
1938,JPN,true,,,0.02727999910712242,Bills
1939,JPN,true,,,0.0272000003606081,Bills
1940,JPN,true,,,0.026799999177455902,Bills
1941,JPN,true,,,0.026799999177455902,Bills
1942,JPN,true,,,0.026799999177455902,Bills
1943,JPN,true,,,0.026799999177455902,Bills
1944,JPN,true,,,0.026399999856948853,Bills
1945,JPN,true,,,0.026399999856948853,Bills
1948,JPN,true,,,0.03359999880194664,Bills
1949,JPN,true,,,0.03519999980926514,Bills
1950,JPN,true,,,0.03519999980926514,Bills
1951,JPN,true,,,0.03999999910593033,Bills
1952,JPN,true,,,0.03999999910593033,Bills
1953,JPN,true,,,0.03999999910593033,Bills
1954,JPN,true,,,0.03999999910593033,Bills
1955,JPN,true,,,0.03999999910593033,Bills
1956,JPN,true,,,0.03999999910593033,Bills
1957,JPN,true,,,0.11774200201034546,Bills
1958,JPN,true,,,0.09688329696655273,Bills
1959,JPN,true,,,0.08353330194950104,Bills
1960,JPN,true,,,0.08399999886751175,Bills
1961,JPN,true,,,0.08290830254554749,Bills
1962,JPN,true,,,0.08837500214576721,Bills
1963,JPN,true,,,0.07544170320034027,Bills
1964,JPN,true,,,0.1002419963479042,Bills
1965,JPN,true,,,0.06967499852180481,Bills
1966,JPN,true,,,0.058400001376867294,Bills
1967,JPN,true,,,0.06390000134706497,Bills
1968,JPN,true,,,0.07880000025033951,Bills
1969,JPN,true,,,0.07699999958276749,Bills
1970,JPN,true,,,0.08284170180559158,Bills
1971,JPN,true,,,0.06414169818162918,Bills
1972,JPN,true,,,0.04722829908132553,Bills
1973,JPN,true,,,0.07160750031471252,Bills
1974,JPN,true,,,0.12539100646972656,Bills
1975,JPN,true,,,0.10671299695968628,Bills
1976,JPN,true,,,0.06977000087499619,Bills
1977,JPN,true,,,0.05679750069975853,Bills
1978,JPN,true,,,0.04357000067830086,Bills
1979,JPN,true,,,0.05857190117239952,Bills
1980,JPN,true,,,0.10929799824953079,Bills
1981,JPN,true,,,0.07434120029211044,Bills
1982,JPN,true,,,0.06935250014066696,Bills
1983,JPN,true,,,0.06392259895801544,Bills
1984,JPN,true,,,0.0609997995197773,Bills
1985,JPN,true,,,0.07314830273389816,Bills
1996,JPN,true,,,0.004698200151324272,Bills
1997,JPN,true,,,0.004840400069952011,Bills
1998,JPN,true,,,0.003714800113812089,Bills
1999,JPN,true,,,0.0005855999770574272,Bills
2000,JPN,true,,,0.0010837999871000648,Bills
2001,JPN,true,,,0.0005796999903395772,Bills
2002,JPN,true,,,0.00010940000356640667,Bills
2003,JPN,true,,,0.00001359999987471383,Bills
2004,JPN,true,,,8.508330211043358e-6,Bills
2005,JPN,true,,,0.00001238329969055485,Bills
2006,JPN,true,,,0.0012452700175344944,Bills
2007,JPN,true,,,0.00472651980817318,Bills
2008,JPN,true,,,0.004614170175045729,Bills
2009,JPN,true,,,0.001052499981597066,Bills
2010,JPN,true,,,0.0009350000182166696,Bills
2011,JPN,true,,,0.000777499983087182,Bills
2012,JPN,true,,,0.0008258330053649843,Bills
2013,JPN,true,,,0.000750000006519258,Bills
2014,JPN,true,,,0.0006791666382923722,Bills
2015,JPN,true,,,0.0007283333106897771,Bills
2016,JPN,true,,,-0.00058,Bills
2017,JPN,true,,,-0.00062,Bills
2018,JPN,true,,,-0.00055,Bills
2019,JPN,true,,,-0.00068,Bills
2020,JPN,true,,,-0.00033,Bills
1900,NLD,true,,,0.03440000116825104,Bills
1901,NLD,true,,,0.029999999329447746,Bills
1902,NLD,true,,,0.024700000882148743,Bills
1903,NLD,true,,,0.03189999982714653,Bills
1904,NLD,true,,,0.027699999511241913,Bills
1905,NLD,true,,,0.023900000378489494,Bills
1906,NLD,true,,,0.037700001150369644,Bills
1907,NLD,true,,,0.04859999939799309,Bills
1908,NLD,true,,,0.03009999915957451,Bills
1909,NLD,true,,,0.02070000022649765,Bills
1910,NLD,true,,,0.036400001496076584,Bills
1911,NLD,true,,,0.031700000166893005,Bills
1912,NLD,true,,,0.03909999877214432,Bills
1913,NLD,true,,,0.04879999905824661,Bills
1914,NLD,true,,,0.029999999329447746,Bills
1915,NLD,true,,,0.02759999968111515,Bills
1916,NLD,true,,,0.018400000408291817,Bills
1917,NLD,true,,,0.026799999177455902,Bills
1918,NLD,true,,,0.029899999499320984,Bills
1919,NLD,true,,,0.03869999945163727,Bills
1920,NLD,true,,,0.0364999994635582,Bills
1921,NLD,true,,,0.039900001138448715,Bills
1922,NLD,true,,,0.03550000116229057,Bills
1923,NLD,true,,,0.026200000196695328,Bills
1924,NLD,true,,,0.04190000146627426,Bills
1925,NLD,true,,,0.03099999949336052,Bills
1926,NLD,true,,,0.0284000001847744,Bills
1927,NLD,true,,,0.03669999912381172,Bills
1928,NLD,true,,,0.04230000078678131,Bills
1929,NLD,true,,,0.04820000007748604,Bills
1930,NLD,true,,,0.020800000056624413,Bills
1931,NLD,true,,,0.014700000174343586,Bills
1932,NLD,true,,,0.008100000210106373,Bills
1933,NLD,true,,,0.010999999940395355,Bills
1934,NLD,true,,,0.008899999782443047,Bills
1935,NLD,true,,,0.03180000185966492,Bills
1936,NLD,true,,,0.01640000008046627,Bills
1937,NLD,true,,,0.0019000000320374966,Bills
1938,NLD,true,,,0.001500000013038516,Bills
1939,NLD,true,,,0.010999999940395355,Bills
1940,NLD,true,,,0.019600000232458115,Bills
1941,NLD,true,,,0.019999999552965164,Bills
1942,NLD,true,,,0.017500000074505806,Bills
1943,NLD,true,,,0.011699999682605267,Bills
1944,NLD,true,,,0.009700000286102295,Bills
1945,NLD,true,,,0.017100000753998756,Bills
1946,NLD,true,,,0.012000000104308128,Bills
1947,NLD,true,,,0.013500000350177288,Bills
1948,NLD,true,,,0.013000000268220901,Bills
1949,NLD,true,,,0.01269999984651804,Bills
1950,NLD,true,,,0.028218740597367287,Bills
1951,NLD,true,,,0.029117299243807793,Bills
1952,NLD,true,,,0.029804479330778122,Bills
1953,NLD,true,,,0.030113309621810913,Bills
1954,NLD,true,,,0.029743710532784462,Bills
1955,NLD,true,,,0.029681449756026268,Bills
1956,NLD,true,,,0.030939320102334023,Bills
1957,NLD,true,,,0.03480437025427818,Bills
1958,NLD,true,,,0.03703587129712105,Bills
1959,NLD,true,,,0.037385229021310806,Bills
1960,NLD,true,,,0.037385229021310806,Bills
1961,NLD,true,,,0.037385229021310806,Bills
1962,NLD,true,,,0.037385229021310806,Bills
1963,NLD,true,,,0.037385229021310806,Bills
1964,NLD,true,,,0.04026101157069206,Bills
1965,NLD,true,,,0.047325000166893005,Bills
1966,NLD,true,,,0.06424999982118607,Bills
1967,NLD,true,,,0.056716665625572205,Bills
1968,NLD,true,,,0.051908332854509354,Bills
1969,NLD,true,,,0.0775500014424324,Bills
1970,NLD,true,,,0.07954999804496765,Bills
1971,NLD,true,,,0.048500001430511475,Bills
1972,NLD,true,,,0.01926666684448719,Bills
1973,NLD,true,,,0.06435833126306534,Bills
1974,NLD,true,,,0.09204166382551193,Bills
1975,NLD,true,,,0.04167500138282776,Bills
1976,NLD,true,,,0.07280833274126053,Bills
1977,NLD,true,,,0.037941668182611465,Bills
1978,NLD,true,,,0.06238333508372307,Bills
1979,NLD,true,,,0.09031666815280914,Bills
1980,NLD,true,,,0.10125000029802322,Bills
1981,NLD,true,,,0.11011666804552078,Bills
1982,NLD,true,,,0.08061666786670685,Bills
1983,NLD,true,,,0.052841667085886,Bills
1984,NLD,true,,,0.0578249990940094,Bills
1985,NLD,true,,,0.06304166465997696,Bills
1986,NLD,true,,,0.056816671043634415,Bills
1987,NLD,true,,,0.05359166860580444,Bills
1988,NLD,true,,,0.0481666699051857,Bills
1989,NLD,true,,,0.07388333231210709,Bills
1990,NLD,true,,,0.08682499825954437,Bills
1991,NLD,true,,,0.09281667321920395,Bills
1992,NLD,true,,,0.0935249999165535,Bills
1993,NLD,true,,,0.06854166835546494,Bills
1994,NLD,true,,,0.05176667124032974,Bills
1995,NLD,true,,,0.04372499883174896,Bills
1996,NLD,true,,,0.029975000768899918,Bills
1997,NLD,true,,,0.0333416685461998,Bills
1998,NLD,true,,,0.03454999998211861,Bills
1999,NLD,true,,,0.029634999111294746,Bills
2000,NLD,true,,,0.04391767084598541,Bills
2001,NLD,true,,,0.042617831379175186,Bills
2002,NLD,true,,,0.0331859216094017,Bills
2003,NLD,true,,,0.023334670811891556,Bills
2004,NLD,true,,,0.02106332965195179,Bills
2005,NLD,true,,,0.02184683084487915,Bills
2006,NLD,true,,,0.030792249366641045,Bills
2007,NLD,true,,,0.04277608171105385,Bills
2008,NLD,true,,,0.04634232819080353,Bills
2009,NLD,true,,,0.012283580377697945,Bills
2010,NLD,true,,,0.008109582588076591,Bills
2011,NLD,true,,,0.013906000182032585,Bills
2012,NLD,true,,,0.005731834098696709,Bills
2013,NLD,true,,,0.0022066670935600996,Bills
2014,NLD,true,,,0.0020993330981582403,Bills
2015,NLD,true,,,-0.00019366669584996998,Bills
2016,NLD,true,,,-0.002637,Bills
2017,NLD,true,,,-0.003291,Bills
2018,NLD,true,,,-0.003221,Bills
2019,NLD,true,,,-0.003563,Bills
2020,NLD,true,,,-0.004252000000000001,Bills
1881,NOR,true,,,0.03500000014901161,Bills
1882,NOR,true,,,0.03959999978542328,Bills
1883,NOR,true,,,0.03500000014901161,Bills
1884,NOR,true,,,0.03500000014901161,Bills
1885,NOR,true,,,0.03500000014901161,Bills
1886,NOR,true,,,0.03500000014901161,Bills
1887,NOR,true,,,0.030799999833106995,Bills
1888,NOR,true,,,0.029999999329447746,Bills
1889,NOR,true,,,0.02539999969303608,Bills
1890,NOR,true,,,0.029600000008940697,Bills
1891,NOR,true,,,0.03880000114440918,Bills
1892,NOR,true,,,0.043299999088048935,Bills
1893,NOR,true,,,0.03999999910593033,Bills
1894,NOR,true,,,0.033799998462200165,Bills
1895,NOR,true,,,0.028300000354647636,Bills
1896,NOR,true,,,0.029999999329447746,Bills
1897,NOR,true,,,0.03629999980330467,Bills
1898,NOR,true,,,0.03290000185370445,Bills
1899,NOR,true,,,0.05000000074505806,Bills
1900,NOR,true,,,0.05380000174045563,Bills
1901,NOR,true,,,0.046300001442432404,Bills
1902,NOR,true,,,0.03579999879002571,Bills
1903,NOR,true,,,0.042100001126527786,Bills
1904,NOR,true,,,0.03750000149011612,Bills
1905,NOR,true,,,0.0333000011742115,Bills
1906,NOR,true,,,0.03669999912381172,Bills
1907,NOR,true,,,0.03629999980330467,Bills
1908,NOR,true,,,0.03790000081062317,Bills
1909,NOR,true,,,0.03500000014901161,Bills
1910,NOR,true,,,0.03500000014901161,Bills
1911,NOR,true,,,0.03629999980330467,Bills
1912,NOR,true,,,0.043800000101327896,Bills
1913,NOR,true,,,0.04500000178813934,Bills
1914,NOR,true,,,0.03790000081062317,Bills
1915,NOR,true,,,0.04170000180602074,Bills
1916,NOR,true,,,0.04039999842643738,Bills
1917,NOR,true,,,0.04540000110864639,Bills
1918,NOR,true,,,0.05000000074505806,Bills
1919,NOR,true,,,0.04670000076293945,Bills
1920,NOR,true,,,0.055799998342990875,Bills
1921,NOR,true,,,0.054999999701976776,Bills
1922,NOR,true,,,0.03959999978542328,Bills
1923,NOR,true,,,0.043299999088048935,Bills
1924,NOR,true,,,0.05130000039935112,Bills
1925,NOR,true,,,0.03999999910593033,Bills
1926,NOR,true,,,0.03830000013113022,Bills
1927,NOR,true,,,0.030799999833106995,Bills
1928,NOR,true,,,0.03999999910593033,Bills
1929,NOR,true,,,0.03920000046491623,Bills
1930,NOR,true,,,0.032499998807907104,Bills
1931,NOR,true,,,0.0333000011742115,Bills
1932,NOR,true,,,0.032099999487400055,Bills
1933,NOR,true,,,0.02669999934732914,Bills
1934,NOR,true,,,0.02500000037252903,Bills
1935,NOR,true,,,0.02500000037252903,Bills
1936,NOR,true,,,0.02539999969303608,Bills
1937,NOR,true,,,0.029999999329447746,Bills
1938,NOR,true,,,0.02500000037252903,Bills
1939,NOR,true,,,0.02630000002682209,Bills
1940,NOR,true,,,0.02329999953508377,Bills
1941,NOR,true,,,0.019999999552965164,Bills
1942,NOR,true,,,0.019999999552965164,Bills
1943,NOR,true,,,0.019999999552965164,Bills
1944,NOR,true,,,0.019999999552965164,Bills
1945,NOR,true,,,0.019999999552965164,Bills
1946,NOR,true,,,0.014999999664723873,Bills
1947,NOR,true,,,0.014999999664723873,Bills
1948,NOR,true,,,0.014999999664723873,Bills
1949,NOR,true,,,0.014999999664723873,Bills
1950,NOR,true,,,0.014999999664723873,Bills
1951,NOR,true,,,0.014999999664723873,Bills
1952,NOR,true,,,0.014999999664723873,Bills
1953,NOR,true,,,0.014999999664723873,Bills
1954,NOR,true,,,0.014999999664723873,Bills
1955,NOR,true,,,0.01899999938905239,Bills
1956,NOR,true,,,0.021400000900030136,Bills
1957,NOR,true,,,0.02160000056028366,Bills
1958,NOR,true,,,0.0215000007301569,Bills
1959,NOR,true,,,0.0215000007301569,Bills
1960,NOR,true,,,0.021900000050663948,Bills
1961,NOR,true,,,0.022700000554323196,Bills
1962,NOR,true,,,0.023900000378489494,Bills
1963,NOR,true,,,0.024399999529123306,Bills
1964,NOR,true,,,0.024900000542402267,Bills
1965,NOR,true,,,0.02590000070631504,Bills
1966,NOR,true,,,0.02630000002682209,Bills
1967,NOR,true,,,0.027499999850988388,Bills
1968,NOR,true,,,0.02810000069439411,Bills
1969,NOR,true,,,0.03480000048875809,Bills
1970,NOR,true,,,0.03840000182390213,Bills
1971,NOR,true,,,0.03819999843835831,Bills
1972,NOR,true,,,0.038100000470876694,Bills
1973,NOR,true,,,0.040300000458955765,Bills
1974,NOR,true,,,0.04439999908208847,Bills
1975,NOR,true,,,0.04670000076293945,Bills
1976,NOR,true,,,0.04859999939799309,Bills
1977,NOR,true,,,0.05090000107884407,Bills
1978,NOR,true,,,0.0632999986410141,Bills
1979,NOR,true,,,0.06870000064373016,Bills
1980,NOR,true,,,0.07129999995231628,Bills
1981,NOR,true,,,0.07590000331401825,Bills
1982,NOR,true,,,0.08060000091791153,Bills
1983,NOR,true,,,0.08380000293254852,Bills
1984,NOR,true,,,0.08720000088214874,Bills
1985,NOR,true,,,0.08980000019073486,Bills
1986,NOR,true,,,0.094200000166893,Bills
1987,NOR,true,,,0.10890000313520432,Bills
1988,NOR,true,,,0.11140000075101852,Bills
1989,NOR,true,,,0.09300000220537186,Bills
1990,NOR,true,,,0.08950000256299973,Bills
1991,NOR,true,,,0.08699999749660492,Bills
1992,NOR,true,,,0.08649999648332596,Bills
1993,NOR,true,,,0.06419999897480011,Bills
1994,NOR,true,,,0.04039999842643738,Bills
1995,NOR,true,,,0.04019999876618385,Bills
1996,NOR,true,,,0.03709999844431877,Bills
1997,NOR,true,,,0.027699999511241913,Bills
1998,NOR,true,,,0.040699999779462814,Bills
1999,NOR,true,,,0.050599999725818634,Bills
2000,NOR,true,,,0.048900000751018524,Bills
2001,NOR,true,,,0.05810000002384186,Bills
2002,NOR,true,,,0.05559999868273735,Bills
2003,NOR,true,,,0.03709999844431877,Bills
2004,NOR,true,,,0.013799999840557575,Bills
2005,NOR,true,,,0.013799999840557575,Bills
2006,NOR,true,,,0.02019999921321869,Bills
2007,NOR,true,,,0.034699998795986176,Bills
2008,NOR,true,,,0.049800001084804535,Bills
2009,NOR,true,,,0.024299999698996544,Bills
2010,NOR,true,,,0.020899999886751175,Bills
2011,NOR,true,,,0.023600000888109207,Bills
2012,NOR,true,,,0.024000000208616257,Bills
2013,NOR,true,,,0.022600000724196434,Bills
2014,NOR,true,,,0.021299999207258224,Bills
2015,NOR,true,,,0.014100000262260437,Bills
2016,NOR,true,,,0.0076,Bills
2017,NOR,true,,,0.0072,Bills
2018,NOR,true,,,0.0073,Bills
2019,NOR,true,,,0.009300000000000001,Bills
2020,NOR,true,,,0.006,Bills
1880,PRT,true,,,0.05770000070333481,Bills
1881,PRT,true,,,0.05040000006556511,Bills
1882,PRT,true,,,0.056299999356269836,Bills
1883,PRT,true,,,0.057999998331069946,Bills
1884,PRT,true,,,0.05900000035762787,Bills
1885,PRT,true,,,0.05999999865889549,Bills
1886,PRT,true,,,0.04500000178813934,Bills
1887,PRT,true,,,0.04774999991059303,Bills
1888,PRT,true,,,0.04500000178813934,Bills
1889,PRT,true,,,0.04500000178813934,Bills
1890,PRT,true,,,0.07000000029802322,Bills
1891,PRT,true,,,0.07000000029802322,Bills
1892,PRT,true,,,0.05999999865889549,Bills
1893,PRT,true,,,0.05999999865889549,Bills
1894,PRT,true,,,0.05000000074505806,Bills
1895,PRT,true,,,0.05999999865889549,Bills
1896,PRT,true,,,0.05999999865889549,Bills
1897,PRT,true,,,0.05999999865889549,Bills
1898,PRT,true,,,0.05999999865889549,Bills
1899,PRT,true,,,0.05000000074505806,Bills
1900,PRT,true,,,0.05000000074505806,Bills
1901,PRT,true,,,0.05000000074505806,Bills
1902,PRT,true,,,0.05000000074505806,Bills
1903,PRT,true,,,0.05000000074505806,Bills
1904,PRT,true,,,0.05000000074505806,Bills
1905,PRT,true,,,0.05000000074505806,Bills
1906,PRT,true,,,0.05000000074505806,Bills
1907,PRT,true,,,0.054999999701976776,Bills
1908,PRT,true,,,0.03999999910593033,Bills
1909,PRT,true,,,0.05000000074505806,Bills
1910,PRT,true,,,0.054999999701976776,Bills
1911,PRT,true,,,0.054999999701976776,Bills
1912,PRT,true,,,0.054999999701976776,Bills
1913,PRT,true,,,0.054999999701976776,Bills
1914,PRT,true,,,0.054999999701976776,Bills
1915,PRT,true,,,0.054999999701976776,Bills
1916,PRT,true,,,0.054999999701976776,Bills
1917,PRT,true,,,0.054999999701976776,Bills
1918,PRT,true,,,0.054999999701976776,Bills
1919,PRT,true,,,0.054999999701976776,Bills
1920,PRT,true,,,0.07000000029802322,Bills
1921,PRT,true,,,0.07000000029802322,Bills
1922,PRT,true,,,0.07000000029802322,Bills
1923,PRT,true,,,0.09000000357627869,Bills
1924,PRT,true,,,0.09000000357627869,Bills
1925,PRT,true,,,0.09000000357627869,Bills
1926,PRT,true,,,0.07999999821186066,Bills
1927,PRT,true,,,0.07999999821186066,Bills
1928,PRT,true,,,0.07999999821186066,Bills
1929,PRT,true,,,0.07999999821186066,Bills
1930,PRT,true,,,0.07500000298023224,Bills
1931,PRT,true,,,0.07000000029802322,Bills
1932,PRT,true,,,0.06499999761581421,Bills
1933,PRT,true,,,0.054999999701976776,Bills
1934,PRT,true,,,0.05000000074505806,Bills
1935,PRT,true,,,0.05000000074505806,Bills
1936,PRT,true,,,0.04500000178813934,Bills
1937,PRT,true,,,0.03999999910593033,Bills
1938,PRT,true,,,0.03999999910593033,Bills
1939,PRT,true,,,0.03999999910593033,Bills
1940,PRT,true,,,0.03999999910593033,Bills
1941,PRT,true,,,0.03500000014901161,Bills
1942,PRT,true,,,0.03500000014901161,Bills
1943,PRT,true,,,0.02500000037252903,Bills
1944,PRT,true,,,0.019999999552965164,Bills
1945,PRT,true,,,0.019999999552965164,Bills
1946,PRT,true,,,0.019999999552965164,Bills
1947,PRT,true,,,0.012500000186264515,Bills
1948,PRT,true,,,0.013749999925494194,Bills
1949,PRT,true,,,0.013749999925494194,Bills
1950,PRT,true,,,0.013749999925494194,Bills
1951,PRT,true,,,0.013749999925494194,Bills
1952,PRT,true,,,0.017500000074505806,Bills
1953,PRT,true,,,0.017500000074505806,Bills
1954,PRT,true,,,0.017500000074505806,Bills
1955,PRT,true,,,0.017500000074505806,Bills
1956,PRT,true,,,0.019999999552965164,Bills
1957,PRT,true,,,0.019999999552965164,Bills
1958,PRT,true,,,0.021250000223517418,Bills
1959,PRT,true,,,0.019999999552965164,Bills
1960,PRT,true,,,0.019999999552965164,Bills
1961,PRT,true,,,0.02250000089406967,Bills
1962,PRT,true,,,0.026249999180436134,Bills
1963,PRT,true,,,0.026249999180436134,Bills
1964,PRT,true,,,0.026249999180436134,Bills
1965,PRT,true,,,0.029999999329447746,Bills
1966,PRT,true,,,0.027499999850988388,Bills
1967,PRT,true,,,0.032499998807907104,Bills
1968,PRT,true,,,0.03500000014901161,Bills
1969,PRT,true,,,0.03500000014901161,Bills
1970,PRT,true,,,0.04500000178813934,Bills
1971,PRT,true,,,0.04749999940395355,Bills
1972,PRT,true,,,0.04749999940395355,Bills
1973,PRT,true,,,0.05249999836087227,Bills
1974,PRT,true,,,0.07750000059604645,Bills
1975,PRT,true,,,0.08500000089406967,Bills
1976,PRT,true,,,0.0949999988079071,Bills
1977,PRT,true,,,0.12540000677108765,Bills
1978,PRT,true,,,0.1842000037431717,Bills
1979,PRT,true,,,0.14869999885559082,Bills
1980,PRT,true,,,0.09950000047683716,Bills
1981,PRT,true,,,0.09239999949932098,Bills
1982,PRT,true,,,0.12417499721050262,Bills
1983,PRT,true,,,0.18244199454784393,Bills
1984,PRT,true,,,0.21273300051689148,Bills
1985,PRT,true,,,0.20166699588298798,Bills
1986,PRT,true,,,0.14522500336170197,Bills
1987,PRT,true,,,0.13692499697208405,Bills
1988,PRT,true,,,0.12968333065509796,Bills
1989,PRT,true,,,0.14827272295951843,Bills
1990,PRT,true,,,0.1690250039100647,Bills
1991,PRT,true,,,0.17737500369548798,Bills
1992,PRT,true,,,0.16705749928951263,Bills
1993,PRT,true,,,0.13245083391666412,Bills
1994,PRT,true,,,0.11106666922569275,Bills
1995,PRT,true,,,0.09786666929721832,Bills
1996,PRT,true,,,0.07366666942834854,Bills
1997,PRT,true,,,0.05741666629910469,Bills
1998,PRT,true,,,0.04308333247900009,Bills
1999,PRT,true,,,0.029634999111294746,Bills
2000,PRT,true,,,0.043917667120695114,Bills
2001,PRT,true,,,0.042617835104465485,Bills
2002,PRT,true,,,0.033185917884111404,Bills
2003,PRT,true,,,0.023334667086601257,Bills
2004,PRT,true,,,0.02106333337724209,Bills
2005,PRT,true,,,0.0218468327075243,Bills
2006,PRT,true,,,0.030792249366641045,Bills
2007,PRT,true,,,0.04277608171105385,Bills
2008,PRT,true,,,0.046342331916093826,Bills
2009,PRT,true,,,0.012283583171665668,Bills
2010,PRT,true,,,0.008109583519399166,Bills
2011,PRT,true,,,0.013906000182032585,Bills
2012,PRT,true,,,0.005731833167374134,Bills
2013,PRT,true,,,0.0022066666278988123,Bills
2014,PRT,true,,,0.002099333330988884,Bills
2015,PRT,true,,,-0.00019999999494757503,Bills
2016,PRT,true,,,-0.002637,Bills
2017,PRT,true,,,-0.003291,Bills
2018,PRT,true,,,-0.003221,Bills
2019,PRT,true,,,-0.003563,Bills
2020,PRT,true,,,-0.004252000000000001,Bills
1871,SWE,true,,,0.04500000178813934,Bills
1872,SWE,true,,,0.04500000178813934,Bills
1873,SWE,true,,,0.04600000008940697,Bills
1874,SWE,true,,,0.05000000074505806,Bills
1875,SWE,true,,,0.05000000074505806,Bills
1876,SWE,true,,,0.05000000074505806,Bills
1877,SWE,true,,,0.05000000074505806,Bills
1878,SWE,true,,,0.05000000074505806,Bills
1879,SWE,true,,,0.04800000041723251,Bills
1880,SWE,true,,,0.04100000113248825,Bills
1881,SWE,true,,,0.03999999910593033,Bills
1882,SWE,true,,,0.04500000178813934,Bills
1883,SWE,true,,,0.04500000178813934,Bills
1884,SWE,true,,,0.04100000113248825,Bills
1885,SWE,true,,,0.04500000178813934,Bills
1886,SWE,true,,,0.04100000113248825,Bills
1887,SWE,true,,,0.039000000804662704,Bills
1888,SWE,true,,,0.03099999949336052,Bills
1889,SWE,true,,,0.03099999949336052,Bills
1890,SWE,true,,,0.039000000804662704,Bills
1891,SWE,true,,,0.04100000113248825,Bills
1892,SWE,true,,,0.0430000014603138,Bills
1893,SWE,true,,,0.03700000047683716,Bills
1894,SWE,true,,,0.03500000014901161,Bills
1895,SWE,true,,,0.03500000014901161,Bills
1896,SWE,true,,,0.02800000086426735,Bills
1897,SWE,true,,,0.035999998450279236,Bills
1898,SWE,true,,,0.04100000113248825,Bills
1899,SWE,true,,,0.04899999871850014,Bills
1900,SWE,true,,,0.05000000074505806,Bills
1901,SWE,true,,,0.04800000041723251,Bills
1902,SWE,true,,,0.04100000113248825,Bills
1903,SWE,true,,,0.03999999910593033,Bills
1904,SWE,true,,,0.04100000113248825,Bills
1905,SWE,true,,,0.041999999433755875,Bills
1906,SWE,true,,,0.04600000008940697,Bills
1907,SWE,true,,,0.050999999046325684,Bills
1908,SWE,true,,,0.054999999701976776,Bills
1909,SWE,true,,,0.041999999433755875,Bills
1910,SWE,true,,,0.04100000113248825,Bills
1911,SWE,true,,,0.041999999433755875,Bills
1912,SWE,true,,,0.04100000113248825,Bills
1913,SWE,true,,,0.04500000178813934,Bills
1914,SWE,true,,,0.04500000178813934,Bills
1915,SWE,true,,,0.04500000178813934,Bills
1916,SWE,true,,,0.041999999433755875,Bills
1917,SWE,true,,,0.04699999839067459,Bills
1918,SWE,true,,,0.05400000140070915,Bills
1919,SWE,true,,,0.04899999871850014,Bills
1920,SWE,true,,,0.05400000140070915,Bills
1921,SWE,true,,,0.05000000074505806,Bills
1922,SWE,true,,,0.032999999821186066,Bills
1923,SWE,true,,,0.03200000151991844,Bills
1924,SWE,true,,,0.03999999910593033,Bills
1925,SWE,true,,,0.039000000804662704,Bills
1926,SWE,true,,,0.039000000804662704,Bills
1927,SWE,true,,,0.03999999910593033,Bills
1928,SWE,true,,,0.03799999877810478,Bills
1929,SWE,true,,,0.04100000113248825,Bills
1930,SWE,true,,,0.035999998450279236,Bills
1931,SWE,true,,,0.03700000047683716,Bills
1932,SWE,true,,,0.038600001484155655,Bills
1933,SWE,true,,,0.027899999171495438,Bills
1934,SWE,true,,,0.019999999552965164,Bills
1935,SWE,true,,,0.019999999552965164,Bills
1936,SWE,true,,,0.019999999552965164,Bills
1937,SWE,true,,,0.019999999552965164,Bills
1938,SWE,true,,,0.019999999552965164,Bills
1939,SWE,true,,,0.019999999552965164,Bills
1940,SWE,true,,,0.028300000354647636,Bills
1941,SWE,true,,,0.027499999850988388,Bills
1942,SWE,true,,,0.02500000037252903,Bills
1943,SWE,true,,,0.02500000037252903,Bills
1944,SWE,true,,,0.02500000037252903,Bills
1945,SWE,true,,,0.020500000566244125,Bills
1946,SWE,true,,,0.019999999552965164,Bills
1947,SWE,true,,,0.019999999552965164,Bills
1948,SWE,true,,,0.019999999552965164,Bills
1949,SWE,true,,,0.019999999552965164,Bills
1950,SWE,true,,,0.02539999969303608,Bills
1951,SWE,true,,,0.029999999329447746,Bills
1952,SWE,true,,,0.029999999329447746,Bills
1953,SWE,true,,,0.029999999329447746,Bills
1954,SWE,true,,,0.029999999329447746,Bills
1955,SWE,true,,,0.03689999878406525,Bills
1956,SWE,true,,,0.040300000458955765,Bills
1957,SWE,true,,,0.04600000008940697,Bills
1958,SWE,true,,,0.04670000076293945,Bills
1959,SWE,true,,,0.04500000178813934,Bills
1960,SWE,true,,,0.04740000143647194,Bills
1961,SWE,true,,,0.04749999940395355,Bills
1962,SWE,true,,,0.042500000447034836,Bills
1963,SWE,true,,,0.04749999940395355,Bills
1964,SWE,true,,,0.057500001043081284,Bills
1965,SWE,true,,,0.0625,Bills
1966,SWE,true,,,0.06750000268220901,Bills
1967,SWE,true,,,0.06499999761581421,Bills
1968,SWE,true,,,0.054999999701976776,Bills
1969,SWE,true,,,0.07500000298023224,Bills
1970,SWE,true,,,0.07500000298023224,Bills
1971,SWE,true,,,0.054999999701976776,Bills
1972,SWE,true,,,0.054999999701976776,Bills
1973,SWE,true,,,0.054999999701976776,Bills
1974,SWE,true,,,0.07500000298023224,Bills
1975,SWE,true,,,0.06499999761581421,Bills
1976,SWE,true,,,0.08500000089406967,Bills
1977,SWE,true,,,0.08500000089406967,Bills
1978,SWE,true,,,0.07000000029802322,Bills
1979,SWE,true,,,0.0949999988079071,Bills
1980,SWE,true,,,0.11249999701976776,Bills
1981,SWE,true,,,0.11749999970197678,Bills
1982,SWE,true,,,0.11249999701976776,Bills
1983,SWE,true,,,0.09749999642372131,Bills
1984,SWE,true,,,0.10750000178813934,Bills
1985,SWE,true,,,0.11999999731779099,Bills
1986,SWE,true,,,0.09000000357627869,Bills
1987,SWE,true,,,0.08749999850988388,Bills
1988,SWE,true,,,0.0949999988079071,Bills
1989,SWE,true,,,0.09160000085830688,Bills
1990,SWE,true,,,0.09929999709129333,Bills
1991,SWE,true,,,0.07959999889135361,Bills
1992,SWE,true,,,0.07800000160932541,Bills
1993,SWE,true,,,0.049508001655340195,Bills
1994,SWE,true,,,0.04740700125694275,Bills
1995,SWE,true,,,0.06010099872946739,Bills
1996,SWE,true,,,0.023631000891327858,Bills
1997,SWE,true,,,0.023711999878287315,Bills
1998,SWE,true,,,0.018244000151753426,Bills
1999,SWE,true,,,0.03072916716337204,Bills
2000,SWE,true,,,0.03954608365893364,Bills
2001,SWE,true,,,0.03995641693472862,Bills
2002,SWE,true,,,0.040665749460458755,Bills
2003,SWE,true,,,0.030328333377838135,Bills
2004,SWE,true,,,0.02109166607260704,Bills
2005,SWE,true,,,0.01716666668653488,Bills
2006,SWE,true,,,0.02331666648387909,Bills
2007,SWE,true,,,0.03552500158548355,Bills
2008,SWE,true,,,0.03905000165104866,Bills
2009,SWE,true,,,0.003991666715592146,Bills
2010,SWE,true,,,0.0050416667945683,Bills
2011,SWE,true,,,0.01654166728258133,Bills
2012,SWE,true,,,0.012533333152532578,Bills
2013,SWE,true,,,0.00925000011920929,Bills
2014,SWE,true,,,0.004208333324640989,Bills
2015,SWE,true,,,-0.0028916667215526104,Bills
2016,SWE,true,,,-0.00655,Bills
2017,SWE,true,,,-0.00695,Bills
2018,SWE,true,,,-0.0068579999999999995,Bills
2019,SWE,true,,,-0.004208,Bills
2020,SWE,true,,,-0.00135,Bills
1872,USA,true,,,0.05999999865889549,Bills
1873,USA,true,,,0.05999999865889549,Bills
1874,USA,true,,,0.05999999865889549,Bills
1875,USA,true,,,0.05999999865889549,Bills
1876,USA,true,,,0.05999999865889549,Bills
1877,USA,true,,,0.05999999865889549,Bills
1878,USA,true,,,0.05000000074505806,Bills
1879,USA,true,,,0.05000000074505806,Bills
1880,USA,true,,,0.05000000074505806,Bills
1881,USA,true,,,0.03999999910593033,Bills
1882,USA,true,,,0.03999999910593033,Bills
1883,USA,true,,,0.03999999910593033,Bills
1884,USA,true,,,0.03999999910593033,Bills
1885,USA,true,,,0.03999999910593033,Bills
1886,USA,true,,,0.03999999910593033,Bills
1887,USA,true,,,0.03999999910593033,Bills
1888,USA,true,,,0.03999999910593033,Bills
1889,USA,true,,,0.03999999910593033,Bills
1890,USA,true,,,0.03999999910593033,Bills
1891,USA,true,,,0.03999999910593033,Bills
1892,USA,true,,,0.03999999910593033,Bills
1893,USA,true,,,0.03999999910593033,Bills
1894,USA,true,,,0.03999999910593033,Bills
1895,USA,true,,,0.03999999910593033,Bills
1896,USA,true,,,0.03999999910593033,Bills
1897,USA,true,,,0.03999999910593033,Bills
1898,USA,true,,,0.03999999910593033,Bills
1900,AUS,true,,,0.01754399999999996,CPI
1901,AUS,true,,,0.01724110107019304,CPI
1902,AUS,true,,,0.06779675495549216,CPI
1903,AUS,true,,,0.01587314285714282,CPI
1904,AUS,true,,,-0.046874994140625736,CPI
1905,AUS,true,,,0.0,CPI
1906,AUS,true,,,0.016393178177943925,CPI
1907,AUS,true,,,0.0,CPI
1908,AUS,true,,,0.032258326743009824,CPI
1909,AUS,true,,,0.015624748046906571,CPI
1910,AUS,true,,,0.015384740355044928,CPI
1911,AUS,true,,,0.07575745454545459,CPI
1912,AUS,true,,,0.08450705177544245,CPI
1913,AUS,true,,,-0.01298680654408386,CPI
1914,AUS,true,,,0.052631362880909235,CPI
1915,AUS,true,,,0.11250001125000113,CPI
1916,AUS,true,,,0.02247209190760371,CPI
1917,AUS,true,,,0.06593406013766516,CPI
1918,AUS,true,,,0.07216477755342023,CPI
1919,AUS,true,,,0.12500008653846828,CPI
1920,AUS,true,,,0.017093948717948646,CPI
1921,AUS,true,,,-0.09243691377727145,CPI
1922,AUS,true,,,-0.01851844444444437,CPI
1923,AUS,true,,,0.0,CPI
1924,AUS,true,,,0.009433810608768856,CPI
1925,AUS,true,,,0.009345869857635207,CPI
1926,AUS,true,,,0.0,CPI
1927,AUS,true,,,0.01851844444444437,CPI
1928,AUS,true,,,0.009090982479344256,CPI
1929,AUS,true,,,0.0,CPI
1930,AUS,true,,,-0.08108108108108109,CPI
1931,AUS,true,,,-0.039215764705882436,CPI
1932,AUS,true,,,-0.04081616659723803,CPI
1933,AUS,true,,,0.0,CPI
1934,AUS,true,,,0.0,CPI
1935,AUS,true,,,0.01063812675420203,CPI
1936,AUS,true,,,0.03157895002770094,CPI
1937,AUS,true,,,0.02040832819659839,CPI
1938,AUS,true,,,0.019999918400006443,CPI
1939,AUS,true,,,0.029411764705882353,CPI
1940,AUS,true,,,0.05714285714285714,CPI
1941,AUS,true,,,0.05405405405405406,CPI
1942,AUS,true,,,0.05982912820512828,CPI
1943,AUS,true,,,0.008064386576491056,CPI
1944,AUS,true,,,0.008000064512004195,CPI
1948,AUS,true,,,0.08450703749256126,CPI
1949,AUS,true,,,0.08604950202340239,CPI
1950,AUS,true,,,0.0919036772089614,CPI
1951,AUS,true,,,0.19839674670842616,CPI
1952,AUS,true,,,0.17224118520870987,CPI
1953,AUS,true,,,0.04279584156174361,CPI
1954,AUS,true,,,0.006839471573670574,CPI
1955,AUS,true,,,0.020380814911835216,CPI
1956,AUS,true,,,0.06258360955777303,CPI
1957,AUS,true,,,0.024748638931689878,CPI
1958,AUS,true,,,0.013146045159908836,CPI
1959,AUS,true,,,0.01840691349581771,CPI
1960,AUS,true,,,0.03792594503975077,CPI
1961,AUS,true,,,0.025121383578097373,CPI
1962,AUS,true,,,-0.002784546787982989,CPI
1963,AUS,true,,,0.005305558566979155,CPI
1964,AUS,true,,,0.023610934010485175,CPI
1965,AUS,true,,,0.03962005069692252,CPI
1966,AUS,true,,,0.029757380802723467,CPI
1967,AUS,true,,,0.031938816626749245,CPI
1968,AUS,true,,,0.026529473469882214,CPI
1969,AUS,true,,,0.02919382730385504,CPI
1970,AUS,true,,,0.039060046168248666,CPI
1971,AUS,true,,,0.06064037095732817,CPI
1972,AUS,true,,,0.05864982709034204,CPI
1973,AUS,true,,,0.09465894822461542,CPI
1974,AUS,true,,,0.15110148819813599,CPI
1975,AUS,true,,,0.15071972798936648,CPI
1976,AUS,true,,,0.1352392365283332,CPI
1977,AUS,true,,,0.12300241669392466,CPI
1978,AUS,true,,,0.07923662766496531,CPI
1979,AUS,true,,,0.09090001538075766,CPI
1980,AUS,true,,,0.10126572853309089,CPI
1981,AUS,true,,,0.09691754380607981,CPI
1982,AUS,true,,,0.11145507019303708,CPI
1983,AUS,true,,,0.10113560353860214,CPI
1984,AUS,true,,,0.03950186735568526,CPI
1985,AUS,true,,,0.0673904342214603,CPI
1986,AUS,true,,,0.09084538389003102,CPI
1987,AUS,true,,,0.08488745091606792,CPI
1988,AUS,true,,,0.0723177074150578,CPI
1989,AUS,true,,,0.07559422012884419,CPI
1990,AUS,true,,,0.07272265806943812,CPI
1991,AUS,true,,,0.03222700000000003,CPI
1992,AUS,true,,,0.009859265452269615,CPI
1993,AUS,true,,,0.018131166035433487,CPI
1994,AUS,true,,,0.01894933025787144,CPI
1995,AUS,true,,,0.04638182381416952,CPI
1996,AUS,true,,,0.02612381172049874,CPI
1997,AUS,true,,,0.0022471910112359986,CPI
1998,AUS,true,,,0.00859491778774266,CPI
1999,AUS,true,,,0.014079288625416816,CPI
2000,AUS,true,,,0.04457435147972232,CPI
2001,AUS,true,,,0.04407135362014697,CPI
2002,AUS,true,,,0.030485762144053796,CPI
2003,AUS,true,,,0.027308192457737215,CPI
2004,AUS,true,,,0.023417721518987248,CPI
2005,AUS,true,,,0.02659245516388392,CPI
2006,AUS,true,,,0.03554216867469883,CPI
2007,AUS,true,,,0.023560209424083562,CPI
2008,AUS,true,,,0.04347826086956524,CPI
2009,AUS,true,,,0.017701525054466368,CPI
2010,AUS,true,,,0.02863259298902846,CPI
2011,AUS,true,,,0.033558792924037524,CPI
2012,AUS,true,,,0.016863830858293346,CPI
2013,AUS,true,,,0.0247524752475247,CPI
2014,AUS,true,,,0.024879227053140142,CPI
2015,AUS,true,,,0.014847984916332845,CPI
2016,AUS,true,,,0.012772875058058495,CPI
2017,AUS,true,,,0.019949552854849673,CPI
2018,AUS,true,,,0.019334532374100565,CPI
2019,AUS,true,,,0.015659461843846638,CPI
2020,AUS,true,,,0.008903365906623387,CPI
1871,BEL,true,,,0.019801980198019844,CPI
1872,BEL,true,,,0.03883495145631076,CPI
1873,BEL,true,,,0.07476635514018692,CPI
1874,BEL,true,,,-0.043478260869565306,CPI
1875,BEL,true,,,-0.0363636363636363,CPI
1876,BEL,true,,,0.05660377358490563,CPI
1877,BEL,true,,,0.0,CPI
1878,BEL,true,,,-0.044642857142857234,CPI
1879,BEL,true,,,-0.028037383177570156,CPI
1880,BEL,true,,,-0.04807692307692304,CPI
1881,BEL,true,,,0.0,CPI
1882,BEL,true,,,-0.010101010101010123,CPI
1883,BEL,true,,,0.010204081632653085,CPI
1884,BEL,true,,,-0.07070707070707055,CPI
1885,BEL,true,,,-0.03260869565217398,CPI
1886,BEL,true,,,-0.07865168539325841,CPI
1887,BEL,true,,,0.0609756097560975,CPI
1888,BEL,true,,,-0.022988505747126485,CPI
1889,BEL,true,,,0.023529411764705934,CPI
1890,BEL,true,,,0.03448275862068973,CPI
1891,BEL,true,,,0.0,CPI
1892,BEL,true,,,-0.0333333333333334,CPI
1893,BEL,true,,,-0.03448275862068973,CPI
1894,BEL,true,,,-0.023809523809523864,CPI
1895,BEL,true,,,-0.02439024390243908,CPI
1896,BEL,true,,,-0.03750000000000009,CPI
1897,BEL,true,,,0.012987012987013019,CPI
1898,BEL,true,,,0.0,CPI
1899,BEL,true,,,0.012820512820512851,CPI
1900,BEL,true,,,0.12658227848101275,CPI
1901,BEL,true,,,0.022471910112359425,CPI
1902,BEL,true,,,-0.021978021978022032,CPI
1903,BEL,true,,,0.0,CPI
1904,BEL,true,,,-0.12359550561797748,CPI
1905,BEL,true,,,0.0256410256410255,CPI
1906,BEL,true,,,0.10000000000000006,CPI
1907,BEL,true,,,0.022727272727272606,CPI
1908,BEL,true,,,0.011111111111111141,CPI
1909,BEL,true,,,-0.010989010989011018,CPI
1910,BEL,true,,,0.022222222222222282,CPI
1911,BEL,true,,,0.06521739130434782,CPI
1912,BEL,true,,,0.07142857142857129,CPI
1913,BEL,true,,,-0.04761904761904775,CPI
1920,BEL,true,,,0.20007792713812594,CPI
1921,BEL,true,,,-0.12307692307692314,CPI
1922,BEL,true,,,-0.06516290726817038,CPI
1923,BEL,true,,,0.14745308310991978,CPI
1924,BEL,true,,,0.1705607476635513,CPI
1925,BEL,true,,,0.033932135728542916,CPI
1926,BEL,true,,,0.19305019305019297,CPI
1927,BEL,true,,,0.2718446601941749,CPI
1928,BEL,true,,,0.043256997455470896,CPI
1929,BEL,true,,,0.06707317073170739,CPI
1930,BEL,true,,,-0.0011428571428570918,CPI
1931,BEL,true,,,-0.08695652173913043,CPI
1932,BEL,true,,,-0.09774436090225568,CPI
1933,BEL,true,,,-0.020833333333333277,CPI
1934,BEL,true,,,-0.05531914893617023,CPI
1935,BEL,true,,,-0.016516516516516533,CPI
1936,BEL,true,,,0.045801526717557314,CPI
1937,BEL,true,,,0.07299270072992704,CPI
1938,BEL,true,,,0.035374149659864074,CPI
1939,BEL,true,,,0.011826544021025096,CPI
1940,BEL,true,,,0.48173820314582816,CPI
1941,BEL,true,,,0.9354084202950699,CPI
1942,BEL,true,,,0.5089337175792507,CPI
1943,BEL,true,,,0.13135026737967914,CPI
1944,BEL,true,,,-0.03972634688641856,CPI
1945,BEL,true,,,-0.2349956822107081,CPI
1946,BEL,true,,,-0.11528150134048253,CPI
1947,BEL,true,,,0.0179591836734694,CPI
1948,BEL,true,,,0.1475541299117883,CPI
1949,BEL,true,,,-0.03284416491963663,CPI
1950,BEL,true,,,-0.008670520231213846,CPI
1951,BEL,true,,,0.09365889212827982,CPI
1952,BEL,true,,,0.00933022325891361,CPI
1953,BEL,true,,,-0.0033014196104325867,CPI
1954,BEL,true,,,0.012918184829413676,CPI
1955,BEL,true,,,-0.0049051667756703585,CPI
1956,BEL,true,,,0.028261583963194187,CPI
1957,BEL,true,,,0.031639501438159065,CPI
1958,BEL,true,,,0.013011152416356841,CPI
1959,BEL,true,,,0.012232415902140588,CPI
1960,BEL,true,,,0.0030211480362537175,CPI
1961,BEL,true,,,0.009939759036144552,CPI
1962,BEL,true,,,0.01401729794214123,CPI
1963,BEL,true,,,0.021470588235294016,CPI
1964,BEL,true,,,0.0417506478548805,CPI
1965,BEL,true,,,0.04063018242122724,CPI
1966,BEL,true,,,0.041699867197875155,CPI
1967,BEL,true,,,0.028556858745538007,CPI
1968,BEL,true,,,0.027516113039167137,CPI
1969,BEL,true,,,0.03763570566948121,CPI
1970,BEL,true,,,0.03906068356196236,CPI
1971,BEL,true,,,0.043410158872230854,CPI
1972,BEL,true,,,0.05447137036242764,CPI
1973,BEL,true,,,0.06955460646735818,CPI
1974,BEL,true,,,0.12683019585472527,CPI
1975,BEL,true,,,0.1275734053324334,CPI
1976,BEL,true,,,0.09173900029931163,CPI
1977,BEL,true,,,0.07100753941055522,CPI
1978,BEL,true,,,0.04466914117496493,CPI
1979,BEL,true,,,0.044719431511884365,CPI
1980,BEL,true,,,0.06649466400844377,CPI
1981,BEL,true,,,0.0763140532219046,CPI
1982,BEL,true,,,0.08724969350224779,CPI
1983,BEL,true,,,0.07667731629392988,CPI
1984,BEL,true,,,0.06344911851981146,CPI
1985,BEL,true,,,0.048666393106278245,CPI
1986,BEL,true,,,0.012991078416027535,CPI
1987,BEL,true,,,0.015528430160692283,CPI
1988,BEL,true,,,0.011639406618486042,CPI
1989,BEL,true,,,0.03105730184990231,CPI
1990,BEL,true,,,0.03449784844285615,CPI
1991,BEL,true,,,0.032078398195149446,CPI
1992,BEL,true,,,0.024318600997335856,CPI
1993,BEL,true,,,0.027475825275091702,CPI
1994,BEL,true,,,0.023820341403258307,CPI
1995,BEL,true,,,0.014707746925320186,CPI
1996,BEL,true,,,0.020617268524303383,CPI
1997,BEL,true,,,0.015030000000000116,CPI
1998,BEL,true,,,0.009069999999999955,CPI
1999,BEL,true,,,0.01135000000000002,CPI
2000,BEL,true,,,0.026790000000000046,CPI
2001,BEL,true,,,0.02435000000000007,CPI
2002,BEL,true,,,0.01547999999999989,CPI
2003,BEL,true,,,0.015169999999999953,CPI
2004,BEL,true,,,0.018569999999999896,CPI
2005,BEL,true,,,0.025369999999999813,CPI
2006,BEL,true,,,0.02328000000000003,CPI
2007,BEL,true,,,0.018159999999999923,CPI
2008,BEL,true,,,0.04488459573677612,CPI
2009,BEL,true,,,-0.00005555679015100232,CPI
2010,BEL,true,,,0.02333514828931144,CPI
2011,BEL,true,,,0.03352046301021791,CPI
2012,BEL,true,,,0.02625551586467729,CPI
2013,BEL,true,,,0.012479652740097718,CPI
2014,BEL,true,,,0.004904042548888624,CPI
2015,BEL,true,,,0.006198243160299008,CPI
2016,BEL,true,,,0.017700177001770137,CPI
2017,BEL,true,,,0.022246460120468797,CPI
2018,BEL,true,,,0.023108052252650488,CPI
2019,BEL,true,,,0.012486259477437495,CPI
2020,BEL,true,,,0.004277787057142186,CPI
1900,CHE,true,,,-0.03662950679827144,CPI
1901,CHE,true,,,0.01267418342033644,CPI
1902,CHE,true,,,0.0062578806699455525,CPI
1903,CHE,true,,,0.019900299864776743,CPI
1904,CHE,true,,,0.0,CPI
1905,CHE,true,,,0.034146625275622594,CPI
1906,CHE,true,,,0.0283018418129198,CPI
1907,CHE,true,,,0.028669989567636486,CPI
1908,CHE,true,,,0.013377902301648308,CPI
1909,CHE,true,,,0.016501620806097444,CPI
1910,CHE,true,,,0.04220771833283454,CPI
1911,CHE,true,,,0.023883376773430817,CPI
1912,CHE,true,,,0.03651110628159968,CPI
1913,CHE,true,,,-0.021526654139056422,CPI
1914,CHE,true,,,0.018000789217477893,CPI
1916,CHE,true,,,0.16521707897950508,CPI
1917,CHE,true,,,0.27611970379925116,CPI
1918,CHE,true,,,0.19298224425483843,CPI
1919,CHE,true,,,0.08823524830874682,CPI
1920,CHE,true,,,0.009009163735351915,CPI
1921,CHE,true,,,-0.1071429078014184,CPI
1922,CHE,true,,,-0.17999989673758288,CPI
1923,CHE,true,,,0.0,CPI
1924,CHE,true,,,0.0304875951920018,CPI
1925,CHE,true,,,-0.005917026267761387,CPI
1926,CHE,true,,,-0.03571442080378249,CPI
1927,CHE,true,,,-0.012345400556224583,CPI
1928,CHE,true,,,0.0062498572695238825,CPI
1929,CHE,true,,,0.0,CPI
1930,CHE,true,,,-0.01863361085414747,CPI
1931,CHE,true,,,-0.0506327713893722,CPI
1932,CHE,true,,,-0.08000029654844089,CPI
1933,CHE,true,,,-0.05072465019417836,CPI
1934,CHE,true,,,-0.015266833050771414,CPI
1935,CHE,true,,,-0.007751761372102913,CPI
1936,CHE,true,,,0.015624641234581238,CPI
1937,CHE,true,,,0.0538461585463094,CPI
1938,CHE,true,,,0.0,CPI
1939,CHE,true,,,0.007299105020374287,CPI
1940,CHE,true,,,0.09420308624600755,CPI
1941,CHE,true,,,0.15231811768864725,CPI
1942,CHE,true,,,0.10919519240952887,CPI
1943,CHE,true,,,0.05181353334441821,CPI
1944,CHE,true,,,0.02463037417461489,CPI
1945,CHE,true,,,0.009615549855245466,CPI
1946,CHE,true,,,-0.009523971631205663,CPI
1947,CHE,true,,,0.04326940151708703,CPI
1948,CHE,true,,,0.03215849919926782,CPI
1949,CHE,true,,,-0.007980556989894071,CPI
1950,CHE,true,,,-0.015470332204238095,CPI
1951,CHE,true,,,0.04776882377355294,CPI
1952,CHE,true,,,0.025194905292108428,CPI
1953,CHE,true,,,-0.00643633772383515,CPI
1954,CHE,true,,,0.007066975507321207,CPI
1955,CHE,true,,,0.009356624385332765,CPI
1956,CHE,true,,,0.015063779651429425,CPI
1957,CHE,true,,,0.019596819267732414,CPI
1958,CHE,true,,,0.018380273377176844,CPI
1959,CHE,true,,,-0.006459085051341847,CPI
1960,CHE,true,,,0.014385216964103952,CPI
1961,CHE,true,,,0.0184537006343657,CPI
1962,CHE,true,,,0.043156087877707854,CPI
1963,CHE,true,,,0.03439717595193279,CPI
1964,CHE,true,,,0.030813272668675173,CPI
1965,CHE,true,,,0.03414498594178893,CPI
1966,CHE,true,,,0.04776124621920725,CPI
1967,CHE,true,,,0.040214901169901215,CPI
1968,CHE,true,,,0.024123499762094103,CPI
1969,CHE,true,,,0.02489003615378494,CPI
1970,CHE,true,,,0.03616030901038098,CPI
1971,CHE,true,,,0.06573012532979872,CPI
1972,CHE,true,,,0.06660192363871442,CPI
1973,CHE,true,,,0.08755052838582857,CPI
1974,CHE,true,,,0.09766733157350534,CPI
1975,CHE,true,,,0.06696465077280607,CPI
1976,CHE,true,,,0.017158623266509427,CPI
1977,CHE,true,,,0.0128526140520804,CPI
1978,CHE,true,,,0.01055801821247121,CPI
1979,CHE,true,,,0.036476438267035644,CPI
1980,CHE,true,,,0.04022032821781729,CPI
1981,CHE,true,,,0.06490230689600195,CPI
1982,CHE,true,,,0.056552056362722584,CPI
1983,CHE,true,,,0.02967690326109872,CPI
1984,CHE,true,,,0.02915180068816075,CPI
1985,CHE,true,,,0.03442472110828967,CPI
1986,CHE,true,,,0.0075246048294684295,CPI
1987,CHE,true,,,0.014474879282367625,CPI
1988,CHE,true,,,0.01859440741153431,CPI
1989,CHE,true,,,0.031592241214886685,CPI
1990,CHE,true,,,0.05410621806716983,CPI
1991,CHE,true,,,0.05844099999999997,CPI
1992,CHE,true,,,0.040526585799302975,CPI
1993,CHE,true,,,0.03317788576783104,CPI
1994,CHE,true,,,0.008424468043969678,CPI
1995,CHE,true,,,0.018113889610287794,CPI
1996,CHE,true,,,0.008124138131747713,CPI
1997,CHE,true,,,0.005188606957549762,CPI
1998,CHE,true,,,0.0001851287189091346,CPI
1999,CHE,true,,,0.008078828460994038,CPI
2000,CHE,true,,,0.015617743311696002,CPI
2001,CHE,true,,,0.009900779513575054,CPI
2002,CHE,true,,,0.006412956488774713,CPI
2003,CHE,true,,,0.006361629330459547,CPI
2004,CHE,true,,,0.008005739179255802,CPI
2005,CHE,true,,,0.011727573722808391,CPI
2006,CHE,true,,,0.01063330886550864,CPI
2007,CHE,true,,,0.007343817776477427,CPI
2008,CHE,true,,,0.024284240779499106,CPI
2009,CHE,true,,,-0.004790583082398112,CPI
2010,CHE,true,,,0.006876633200385211,CPI
2011,CHE,true,,,0.002283060471832482,CPI
2012,CHE,true,,,-0.006930924382836213,CPI
2013,CHE,true,,,-0.0021565244667503818,CPI
2014,CHE,true,,,-0.00011788282447234027,CPI
2015,CHE,true,,,-0.011416332625953152,CPI
2016,CHE,true,,,-0.004342986623203736,CPI
2017,CHE,true,,,0.005330139242401436,CPI
2018,CHE,true,,,0.009343080312437432,CPI
2019,CHE,true,,,0.00361136190013183,CPI
2020,CHE,true,,,-0.00725604753007699,CPI
1871,DEU,true,,,0.04504504526029721,CPI
1872,DEU,true,,,0.06034483366616353,CPI
1873,DEU,true,,,0.056910563733241486,CPI
1874,DEU,true,,,0.00769230492561958,CPI
1875,DEU,true,,,-0.053435107313600655,CPI
1876,DEU,true,,,0.008064514418080312,CPI
1877,DEU,true,,,-0.015999998100996848,CPI
1878,DEU,true,,,-0.03252033269068532,CPI
1879,DEU,true,,,-0.025210082078998393,CPI
1880,DEU,true,,,0.04310345402296838,CPI
1881,DEU,true,,,-0.01652893301041131,CPI
1882,DEU,true,,,0.008403361676790174,CPI
1883,DEU,true,,,-0.03333333171350754,CPI
1884,DEU,true,,,-0.008620686935703784,CPI
1885,DEU,true,,,-0.026086959377101662,CPI
1886,DEU,true,,,-0.008928571445658765,CPI
1887,DEU,true,,,0.0,CPI
1888,DEU,true,,,0.009009009026405472,CPI
1889,DEU,true,,,0.03571428590975533,CPI
1890,DEU,true,,,0.025862066908494078,CPI
1891,DEU,true,,,0.016806730330162487,CPI
1892,DEU,true,,,-0.008264469935839062,CPI
1893,DEU,true,,,-0.05833332950102685,CPI
1894,DEU,true,,,-0.017699117598224758,CPI
1895,DEU,true,,,0.018018020664859347,CPI
1896,DEU,true,,,0.008849557842780978,CPI
1897,DEU,true,,,0.01754385688967772,CPI
1898,DEU,true,,,0.0,CPI
1899,DEU,true,,,0.02586206690849408,CPI
1900,DEU,true,,,0.025210092623102615,CPI
1901,DEU,true,,,0.0,CPI
1902,DEU,true,,,0.008196720667075833,CPI
1903,DEU,true,,,0.0,CPI
1904,DEU,true,,,0.0,CPI
1905,DEU,true,,,0.032520324081757715,CPI
1906,DEU,true,,,0.055118106551408155,CPI
1907,DEU,true,,,-0.007462684850910033,CPI
1908,DEU,true,,,0.0,CPI
1909,DEU,true,,,0.03007519043554318,CPI
1910,DEU,true,,,0.03649634852711415,CPI
1911,DEU,true,,,0.0,CPI
1912,DEU,true,,,0.014084505039701736,CPI
1913,DEU,true,,,0.0069444415801149795,CPI
1914,DEU,true,,,0.027586213550290575,CPI
1915,DEU,true,,,0.25503355590599514,CPI
1916,DEU,true,,,0.3155080226035666,CPI
1917,DEU,true,,,0.5000000028377557,CPI
1918,DEU,true,,,0.23035229860061526,CPI
1919,DEU,true,,,0.3281938343445795,CPI
1920,DEU,true,,,1.454394693124639,CPI
1921,DEU,true,,,0.3108108038645452,CPI
1922,DEU,true,,,10.237113438921776,CPI
1924,DEU,true,,,7.291766537270919,CPI
1925,DEU,true,,,0.09374999815190475,CPI
1926,DEU,true,,,0.007142858382786727,CPI
1927,DEU,true,,,0.04964538966581501,CPI
1928,DEU,true,,,0.02702702694264511,CPI
1929,DEU,true,,,0.013157895175181853,CPI
1930,DEU,true,,,-0.03896103929786936,CPI
1931,DEU,true,,,-0.08108108105529381,CPI
1932,DEU,true,,,-0.1102941175231129,CPI
1933,DEU,true,,,-0.024793388301925626,CPI
1934,DEU,true,,,0.025423728679150805,CPI
1935,DEU,true,,,0.016528924831336986,CPI
1936,DEU,true,,,0.008130082074432788,CPI
1937,DEU,true,,,0.008064516434208932,CPI
1938,DEU,true,,,0.00799999934563,CPI
1939,DEU,true,,,0.0,CPI
1940,DEU,true,,,0.031746032257670004,CPI
1941,DEU,true,,,0.023076923316147722,CPI
1942,DEU,true,,,0.030075188375392185,CPI
1943,DEU,true,,,0.0072992697415110485,CPI
1950,DEU,true,,,-0.06220097781855669,CPI
1951,DEU,true,,,0.07653061305708726,CPI
1952,DEU,true,,,0.021327015170155814,CPI
1953,DEU,true,,,-0.01856147504800519,CPI
1954,DEU,true,,,0.0023640770337392913,CPI
1955,DEU,true,,,0.016509412745893064,CPI
1956,DEU,true,,,0.025522062300496685,CPI
1957,DEU,true,,,0.02111611147242681,CPI
1958,DEU,true,,,0.02086411784053734,CPI
1959,DEU,true,,,0.009766684780961698,CPI
1960,DEU,true,,,0.014866561146005012,CPI
1961,DEU,true,,,0.022767379914976075,CPI
1962,DEU,true,,,0.028817957345064763,CPI
1963,DEU,true,,,0.029855737754868737,CPI
1964,DEU,true,,,0.023452769513275643,CPI
1965,DEU,true,,,0.032304275290237564,CPI
1966,DEU,true,,,0.03622630593032927,CPI
1967,DEU,true,,,0.016066646547020464,CPI
1968,DEU,true,,,0.016251826324959463,CPI
1969,DEU,true,,,0.018729291495549635,CPI
1970,DEU,true,,,0.034365707647772956,CPI
1971,DEU,true,,,0.05236533642603898,CPI
1972,DEU,true,,,0.05495646534418338,CPI
1973,DEU,true,,,0.06995075494626575,CPI
1974,DEU,true,,,0.06963626240181837,CPI
1975,DEU,true,,,0.05939955491618378,CPI
1976,DEU,true,,,0.04296597996139886,CPI
1977,DEU,true,,,0.03691078010176332,CPI
1978,DEU,true,,,0.026862033926962202,CPI
1979,DEU,true,,,0.0411597915708216,CPI
1980,DEU,true,,,0.05420362809988227,CPI
1981,DEU,true,,,0.06325001153455476,CPI
1982,DEU,true,,,0.05266870024658209,CPI
1983,DEU,true,,,0.03276003497611431,CPI
1984,DEU,true,,,0.024079011183937873,CPI
1985,DEU,true,,,0.021823303523831952,CPI
1986,DEU,true,,,-0.0012501119582181532,CPI
1987,DEU,true,,,0.0024198992411527172,CPI
1988,DEU,true,,,0.012736203298781047,CPI
1989,DEU,true,,,0.02778234503902985,CPI
1990,DEU,true,,,0.026964692401965307,CPI
1991,DEU,true,,,0.036362068759030704,CPI
1992,DEU,true,,,0.050579100057154644,CPI
1993,DEU,true,,,0.04457484422474602,CPI
1994,DEU,true,,,0.02733485355169598,CPI
1995,DEU,true,,,0.018403574324409037,CPI
1996,DEU,true,,,0.014877703427147225,CPI
1997,DEU,true,,,0.015186530207989398,CPI
1998,DEU,true,,,0.0058536585365853615,CPI
1999,DEU,true,,,0.0067895247332687625,CPI
2000,DEU,true,,,0.014026974951830438,CPI
2001,DEU,true,,,0.019001292087862033,CPI
2002,DEU,true,,,0.013052882822406157,CPI
2003,DEU,true,,,0.010933588573111469,CPI
2004,DEU,true,,,0.01750361118191858,CPI
2005,DEU,true,,,0.019290187891440474,CPI
2006,DEU,true,,,0.017848364972730124,CPI
2007,DEU,true,,,0.022893741304172856,CPI
2008,DEU,true,,,0.02745115672564589,CPI
2009,DEU,true,,,0.0024617067833698496,CPI
2010,DEU,true,,,0.011186903137789835,CPI
2011,DEU,true,,,0.02482460874257973,CPI
2012,DEU,true,,,0.021506055818852062,CPI
2013,DEU,true,,,0.01598069943912891,CPI
2014,DEU,true,,,0.007692151569888839,CPI
2015,DEU,true,,,0.0067975830815709464,CPI
2016,DEU,true,,,0.0037509377344336205,CPI
2017,DEU,true,,,0.017110114598903912,CPI
2018,DEU,true,,,0.019350034781075328,CPI
2019,DEU,true,,,0.013532996289959786,CPI
2020,DEU,true,,,0.003717401612138474,CPI
1875,DNK,true,,,-0.08653824986933364,CPI
1876,DNK,true,,,-0.05000008606814886,CPI
1877,DNK,true,,,-0.05940587242126203,CPI
1878,DNK,true,,,-0.06862763984320637,CPI
1879,DNK,true,,,0.010638333078237175,CPI
1880,DNK,true,,,0.07954543128892845,CPI
1881,DNK,true,,,0.021052571712395832,CPI
1882,DNK,true,,,-0.01030906397026334,CPI
1883,DNK,true,,,-0.05208336460043639,CPI
1884,DNK,true,,,-0.02197795673281487,CPI
1885,DNK,true,,,-0.03370796521063432,CPI
1886,DNK,true,,,-0.046511491542489465,CPI
1887,DNK,true,,,0.0,CPI
1888,DNK,true,,,-0.024390608170673622,CPI
1889,DNK,true,,,0.03750012381776548,CPI
1890,DNK,true,,,0.012048375771494332,CPI
1891,DNK,true,,,0.09523780936743836,CPI
1892,DNK,true,,,-0.054347872898964256,CPI
1893,DNK,true,,,-0.05747090269543392,CPI
1894,DNK,true,,,-0.024390608170673622,CPI
1895,DNK,true,,,-0.02499993246303694,CPI
1896,DNK,true,,,-0.025640954596230704,CPI
1897,DNK,true,,,0.0,CPI
1898,DNK,true,,,0.052631429280989794,CPI
1899,DNK,true,,,0.02500038270945687,CPI
1900,DNK,true,,,0.024390168906037703,CPI
1901,DNK,true,,,0.03571396410979678,CPI
1902,DNK,true,,,0.0,CPI
1903,DNK,true,,,-0.03448245881332031,CPI
1904,DNK,true,,,0.0,CPI
1905,DNK,true,,,0.023809452341859685,CPI
1906,DNK,true,,,0.011627663468731153,CPI
1907,DNK,true,,,0.05747131671513451,CPI
1908,DNK,true,,,0.021739462374474227,CPI
1909,DNK,true,,,-0.03191498737586137,CPI
1910,DNK,true,,,0.010988780455946147,CPI
1911,DNK,true,,,-0.010869339668626504,CPI
1912,DNK,true,,,0.05494508974249864,CPI
1913,DNK,true,,,0.04166654159825428,CPI
1914,DNK,true,,,0.03000009365123848,CPI
1916,DNK,true,,,0.16901403039663154,CPI
1917,DNK,true,,,0.1566264420627929,CPI
1918,DNK,true,,,0.17708342212584907,CPI
1919,DNK,true,,,0.18584069974847178,CPI
1920,DNK,true,,,0.1865670975721695,CPI
1921,DNK,true,,,-0.15094336136787007,CPI
1922,DNK,true,,,-0.14814815966109926,CPI
1923,DNK,true,,,0.043478173608359066,CPI
1924,DNK,true,,,0.058333395988977944,CPI
1925,DNK,true,,,-0.03149600054851502,CPI
1926,DNK,true,,,-0.1463415050215206,CPI
1927,DNK,true,,,-0.03809516196878417,CPI
1928,DNK,true,,,0.0,CPI
1929,DNK,true,,,-0.009900969530093022,CPI
1930,DNK,true,,,-0.050000104911758735,CPI
1931,DNK,true,,,-0.05263147432621242,CPI
1932,DNK,true,,,-0.011111087797386824,CPI
1933,DNK,true,,,0.033707793646826766,CPI
1934,DNK,true,,,0.03260862871886547,CPI
1935,DNK,true,,,0.04210517946097005,CPI
1936,DNK,true,,,0.010101202776453048,CPI
1937,DNK,true,,,0.039999916070593125,CPI
1938,DNK,true,,,0.00961536521601927,CPI
1939,DNK,true,,,0.02857137147658822,CPI
1940,DNK,true,,,0.24074085587026073,CPI
1941,DNK,true,,,0.14925358410690098,CPI
1942,DNK,true,,,0.03246760678520336,CPI
1943,DNK,true,,,0.006289295726620174,CPI
1944,DNK,true,,,0.02500008196232233,CPI
1945,DNK,true,,,0.012195096987087638,CPI
1946,DNK,true,,,-0.006024084202436776,CPI
1947,DNK,true,,,0.027272735365094943,CPI
1948,DNK,true,,,0.026548680234759703,CPI
1949,DNK,true,,,0.027274646818164806,CPI
1950,DNK,true,,,0.0614524496989798,CPI
1951,DNK,true,,,0.10526313461252637,CPI
1952,DNK,true,,,0.03809551063437222,CPI
1953,DNK,true,,,0.009174037800736886,CPI
1954,DNK,true,,,0.0,CPI
1955,DNK,true,,,0.054545749758120925,CPI
1956,DNK,true,,,0.0603448353939469,CPI
1957,DNK,true,,,0.027438844705397956,CPI
1958,DNK,true,,,0.007314155359709624,CPI
1959,DNK,true,,,0.017275316484425225,CPI
1960,DNK,true,,,0.012552297860706252,CPI
1961,DNK,true,,,0.03451635518698796,CPI
1962,DNK,true,,,0.07377818602583416,CPI
1963,DNK,true,,,0.06105035079734542,CPI
1964,DNK,true,,,0.030928164431761135,CPI
1965,DNK,true,,,0.05449998054796709,CPI
1966,DNK,true,,,0.07064956731571927,CPI
1967,DNK,true,,,0.08207869939364057,CPI
1968,DNK,true,,,0.0795360335074916,CPI
1969,DNK,true,,,0.03487913971355122,CPI
1970,DNK,true,,,0.06514854536995385,CPI
1971,DNK,true,,,0.05869860832789792,CPI
1972,DNK,true,,,0.0656236370537998,CPI
1973,DNK,true,,,0.09303372774166055,CPI
1974,DNK,true,,,0.1527518970673161,CPI
1975,DNK,true,,,0.09605635312857372,CPI
1976,DNK,true,,,0.09000002328974659,CPI
1977,DNK,true,,,0.11139122313099117,CPI
1978,DNK,true,,,0.10008961355147242,CPI
1979,DNK,true,,,0.09611039969032438,CPI
1980,DNK,true,,,0.12305342452594414,CPI
1981,DNK,true,,,0.11744374277075577,CPI
1982,DNK,true,,,0.1012081332019459,CPI
1983,DNK,true,,,0.06908248864361209,CPI
1984,DNK,true,,,0.06290775889338458,CPI
1985,DNK,true,,,0.0467874894426547,CPI
1986,DNK,true,,,0.03678185836003281,CPI
1987,DNK,true,,,0.03992522133481577,CPI
1988,DNK,true,,,0.045627361461399764,CPI
1989,DNK,true,,,0.04772729472417497,CPI
1990,DNK,true,,,0.026416048712884596,CPI
1991,DNK,true,,,0.023950999999999993,CPI
1992,DNK,true,,,0.020960963952376593,CPI
1993,DNK,true,,,0.012578748706254151,CPI
1994,DNK,true,,,0.01992038270713923,CPI
1995,DNK,true,,,0.020835436636468613,CPI
1996,DNK,true,,,0.021245824055978062,CPI
1997,DNK,true,,,0.019802118561167186,CPI
1998,DNK,true,,,0.013127783487495642,CPI
1999,DNK,true,,,0.020518577631098336,CPI
2000,DNK,true,,,0.02717031146454612,CPI
2001,DNK,true,,,0.023122580645161383,CPI
2002,DNK,true,,,0.02364677394945255,CPI
2003,DNK,true,,,0.02002045166138952,CPI
2004,DNK,true,,,0.008853512416658552,CPI
2005,DNK,true,,,0.016761448668063388,CPI
2006,DNK,true,,,0.0188401530762437,CPI
2007,DNK,true,,,0.016561687373591358,CPI
2008,DNK,true,,,0.036381000022738044,CPI
2009,DNK,true,,,0.010421466026020702,CPI
2010,DNK,true,,,0.02198506101532991,CPI
2011,DNK,true,,,0.026558167698894266,CPI
2012,DNK,true,,,0.023542682106526804,CPI
2013,DNK,true,,,0.005227079710437919,CPI
2014,DNK,true,,,0.003520241387980967,CPI
2015,DNK,true,,,0.0022550739163116084,CPI
2016,DNK,true,,,0.00016999999999998256,CPI
2017,DNK,true,,,0.010578201705710166,CPI
2018,DNK,true,,,0.007093742270591279,CPI
2019,DNK,true,,,0.007279550455831356,CPI
2020,DNK,true,,,0.0033355114938605026,CPI
1900,ESP,true,,,0.049945707825783094,CPI
1901,ESP,true,,,0.0020682709277041068,CPI
1902,ESP,true,,,-0.02270383820398382,CPI
1903,ESP,true,,,0.03167898951531114,CPI
1904,ESP,true,,,0.018423758264860875,CPI
1905,ESP,true,,,0.005025110730106507,CPI
1906,ESP,true,,,-0.02700000506336359,CPI
1907,ESP,true,,,0.04213773198084783,CPI
1908,ESP,true,,,-0.027613428226021468,CPI
1909,ESP,true,,,-0.013184580806915413,CPI
1910,ESP,true,,,0.009249768123917484,CPI
1911,ESP,true,,,-0.0356415669862899,CPI
1912,ESP,true,,,0.049630418680387804,CPI
1913,ESP,true,,,0.006036210940077485,CPI
1914,ESP,true,,,-0.002999998982762204,CPI
1915,ESP,true,,,0.09528584733944914,CPI
1916,ESP,true,,,0.1794871884991121,CPI
1917,ESP,true,,,0.1653726790009986,CPI
1918,ESP,true,,,0.45303131744492176,CPI
1919,ESP,true,,,0.02109123942910156,CPI
1920,ESP,true,,,0.022002692174839782,CPI
1921,ESP,true,,,-0.19420035759390408,CPI
1922,ESP,true,,,-0.12540893399046876,CPI
1923,ESP,true,,,0.007481291061220237,CPI
1924,ESP,true,,,0.10891089280366813,CPI
1925,ESP,true,,,0.01562500961191037,CPI
1926,ESP,true,,,-0.08406593835246244,CPI
1927,ESP,true,,,-0.018596288017915918,CPI
1928,ESP,true,,,0.025061133242857005,CPI
1929,ESP,true,,,0.028026240000989446,CPI
1930,ESP,true,,,0.0034802771496739143,CPI
1931,ESP,true,,,0.00635836612939295,CPI
1932,ESP,true,,,-0.007466970617784558,CPI
1933,ESP,true,,,-0.044560170429494006,CPI
1934,ESP,true,,,0.02059356447621279,CPI
1935,ESP,true,,,0.022551937228161106,CPI
1941,ESP,true,,,0.19821978523992673,CPI
1942,ESP,true,,,0.14114285885656214,CPI
1943,ESP,true,,,0.1449674584103322,CPI
1944,ESP,true,,,0.07675486481908442,CPI
1945,ESP,true,,,0.08793663407738976,CPI
1946,ESP,true,,,0.1907784179464649,CPI
1947,ESP,true,,,0.20379370037274355,CPI
1948,ESP,true,,,0.07258934101893298,CPI
1949,ESP,true,,,0.054083872099280374,CPI
1950,ESP,true,,,0.10848169097442323,CPI
1951,ESP,true,,,0.09427544369956262,CPI
1952,ESP,true,,,-0.01985495581631068,CPI
1953,ESP,true,,,0.01620572917138006,CPI
1954,ESP,true,,,0.012307163442219101,CPI
1955,ESP,true,,,0.040239727705848494,CPI
1956,ESP,true,,,0.05860082312348328,CPI
1957,ESP,true,,,0.10775929506128386,CPI
1958,ESP,true,,,0.13367070098885073,CPI
1959,ESP,true,,,0.07303137213671036,CPI
1960,ESP,true,,,0.012092292672554156,CPI
1961,ESP,true,,,0.0200591960955643,CPI
1962,ESP,true,,,0.05697050705874877,CPI
1963,ESP,true,,,0.08734940583639268,CPI
1964,ESP,true,,,0.06983525036770398,CPI
1965,ESP,true,,,0.11842464365920251,CPI
1966,ESP,true,,,0.07554525613620906,CPI
1967,ESP,true,,,0.06378157692424496,CPI
1968,ESP,true,,,0.0496272666449736,CPI
1969,ESP,true,,,0.02150973874595919,CPI
1970,ESP,true,,,0.05740961411567076,CPI
1971,ESP,true,,,0.08219045371078945,CPI
1972,ESP,true,,,0.08254500273961789,CPI
1973,ESP,true,,,0.114416225243349,CPI
1974,ESP,true,,,0.14972306231934732,CPI
1975,ESP,true,,,0.17665830380033587,CPI
1976,ESP,true,,,0.17635483334470814,CPI
1977,ESP,true,,,0.24539985247463925,CPI
1978,ESP,true,,,0.1977347853405786,CPI
1979,ESP,true,,,0.15660424618481913,CPI
1980,ESP,true,,,0.15555146626995592,CPI
1981,ESP,true,,,0.14552011754912883,CPI
1982,ESP,true,,,0.1441382527937742,CPI
1983,ESP,true,,,0.12175794664653743,CPI
1984,ESP,true,,,0.11278380150326633,CPI
1985,ESP,true,,,0.08814315492914486,CPI
1986,ESP,true,,,0.0879584234904957,CPI
1987,ESP,true,,,0.05247752244546694,CPI
1988,ESP,true,,,0.04837022956656708,CPI
1989,ESP,true,,,0.0679237640344799,CPI
1990,ESP,true,,,0.06721052885587131,CPI
1991,ESP,true,,,0.05934660003417135,CPI
1992,ESP,true,,,0.0592474646621742,CPI
1993,ESP,true,,,0.04568606548949358,CPI
1994,ESP,true,,,0.04717357988197316,CPI
1995,ESP,true,,,0.046760985785657426,CPI
1996,ESP,true,,,0.03557259849500756,CPI
1997,ESP,true,,,0.01877169805523981,CPI
1998,ESP,true,,,0.017626658624849165,CPI
1999,ESP,true,,,0.022359199276919244,CPI
2000,ESP,true,,,0.034841589611293106,CPI
2001,ESP,true,,,0.035895353071342555,CPI
2002,ESP,true,,,0.03104170891637955,CPI
2003,ESP,true,,,0.030395615058811092,CPI
2004,ESP,true,,,0.030389798801206444,CPI
2005,ESP,true,,,0.03368038830634708,CPI
2006,ESP,true,,,0.035151862738069514,CPI
2007,ESP,true,,,0.027875248164735352,CPI
2008,ESP,true,,,0.040751928670087915,CPI
2009,ESP,true,,,-0.002870090634441064,CPI
2010,ESP,true,,,0.01799510896617379,CPI
2011,ESP,true,,,0.03196317909797288,CPI
2012,ESP,true,,,0.024453050966173562,CPI
2013,ESP,true,,,0.01408634800619344,CPI
2014,ESP,true,,,-0.001507054402680998,CPI
2015,ESP,true,,,-0.005004617355297996,CPI
2016,ESP,true,,,-0.0020258874484795886,CPI
2017,ESP,true,,,0.019560000000000077,CPI
2019,ESP,true,,,0.006993749035344853,CPI
2020,ESP,true,,,-0.003228309496211246,CPI
1896,FIN,true,,,0.015624999999999905,CPI
1897,FIN,true,,,0.04807692307692312,CPI
1898,FIN,true,,,0.029357798165137564,CPI
1899,FIN,true,,,0.044563279857397546,CPI
1900,FIN,true,,,0.013651877133105839,CPI
1901,FIN,true,,,-0.013468013468013504,CPI
1902,FIN,true,,,0.0,CPI
1903,FIN,true,,,0.0,CPI
1904,FIN,true,,,0.0,CPI
1905,FIN,true,,,0.0,CPI
1906,FIN,true,,,0.04266211604095567,CPI
1907,FIN,true,,,0.026186579378068807,CPI
1908,FIN,true,,,0.052631578947368376,CPI
1909,FIN,true,,,-0.012121212121212258,CPI
1910,FIN,true,,,0.0,CPI
1911,FIN,true,,,0.038343558282208624,CPI
1912,FIN,true,,,0.023633677991137435,CPI
1913,FIN,true,,,0.0,CPI
1914,FIN,true,,,0.0,CPI
1915,FIN,true,,,0.20346320346320348,CPI
1916,FIN,true,,,0.3261390887290168,CPI
1917,FIN,true,,,0.9475587703435805,CPI
1918,FIN,true,,,2.4141132776230267,CPI
1919,FIN,true,,,-0.11340766929562146,CPI
1920,FIN,true,,,0.0,CPI
1921,FIN,true,,,0.2443251533742331,CPI
1922,FIN,true,,,-0.02539134722051037,CPI
1923,FIN,true,,,0.008347034273428672,CPI
1924,FIN,true,,,0.017559262510974553,CPI
1925,FIN,true,,,0.0427708615801799,CPI
1926,FIN,true,,,-0.02446808510638291,CPI
1927,FIN,true,,,0.017084696474009453,CPI
1928,FIN,true,,,0.02454133905170354,CPI
1929,FIN,true,,,-0.007674418604651092,CPI
1930,FIN,true,,,-0.08120459339114135,CPI
1931,FIN,true,,,-0.08009182502231854,CPI
1932,FIN,true,,,-0.009150145570497781,CPI
1933,FIN,true,,,-0.0299426332727018,CPI
1934,FIN,true,,,-0.009519688446560003,CPI
1935,FIN,true,,,0.009611183923110602,CPI
1936,FIN,true,,,0.0,CPI
1937,FIN,true,,,0.05005048319630744,CPI
1938,FIN,true,,,0.02939560439560436,CPI
1939,FIN,true,,,0.0176140912730184,CPI
1940,FIN,true,,,0.19053238919485982,CPI
1941,FIN,true,,,0.18173807688071364,CPI
1942,FIN,true,,,0.17699692422406557,CPI
1943,FIN,true,,,0.13066202090592338,CPI
1944,FIN,true,,,0.06359434094410982,CPI
1945,FIN,true,,,0.402212564203872,CPI
1946,FIN,true,,,0.5930309007232084,CPI
1947,FIN,true,,,0.29924532751606636,CPI
1948,FIN,true,,,0.3464479386472442,CPI
1949,FIN,true,,,0.013514879849010902,CPI
1950,FIN,true,,,0.14666467145517414,CPI
1951,FIN,true,,,0.16276372072790554,CPI
1952,FIN,true,,,0.009976306272602578,CPI
1953,FIN,true,,,0.019878997407087245,CPI
1954,FIN,true,,,0.0,CPI
1955,FIN,true,,,-0.02917675544794185,CPI
1956,FIN,true,,,0.10998877665544328,CPI
1957,FIN,true,,,0.11279631502078413,CPI
1958,FIN,true,,,0.06602725896012114,CPI
1959,FIN,true,,,0.015437067904157616,CPI
1960,FIN,true,,,0.03227009886215259,CPI
1961,FIN,true,,,0.01807011203469471,CPI
1962,FIN,true,,,0.04463968761093363,CPI
1963,FIN,true,,,0.04867895675813428,CPI
1964,FIN,true,,,0.10353208036292941,CPI
1965,FIN,true,,,0.048157392453384275,CPI
1966,FIN,true,,,0.039361255077741936,CPI
1967,FIN,true,,,0.05633423180592994,CPI
1968,FIN,true,,,0.09186016841030872,CPI
1969,FIN,true,,,0.022084599205421836,CPI
1970,FIN,true,,,0.027323653824168376,CPI
1971,FIN,true,,,0.06482305809036273,CPI
1972,FIN,true,,,0.07143230391388414,CPI
1973,FIN,true,,,0.10983222785797887,CPI
1974,FIN,true,,,0.16672525927227985,CPI
1975,FIN,true,,,0.1781167608286252,CPI
1976,FIN,true,,,0.14341890725406825,CPI
1977,FIN,true,,,0.12660422200475321,CPI
1978,FIN,true,,,0.0779788052515326,CPI
1979,FIN,true,,,0.0746863128813169,CPI
1980,FIN,true,,,0.11594078707770086,CPI
1981,FIN,true,,,0.12007832447063783,CPI
1982,FIN,true,,,0.09567065437219348,CPI
1983,FIN,true,,,0.08365661369040168,CPI
1984,FIN,true,,,0.07067382643339687,CPI
1985,FIN,true,,,0.05867443240036677,CPI
1986,FIN,true,,,0.028997503947837615,CPI
1987,FIN,true,,,0.04081632653061227,CPI
1988,FIN,true,,,0.05096374510992998,CPI
1989,FIN,true,,,0.06633478531425015,CPI
1990,FIN,true,,,0.06103047279517863,CPI
1991,FIN,true,,,0.041159999999999995,CPI
1992,FIN,true,,,0.026019055668677276,CPI
1993,FIN,true,,,0.021006318745611978,CPI
1994,FIN,true,,,0.010864681990299739,CPI
1995,FIN,true,,,0.009849982767065127,CPI
1996,FIN,true,,,0.0057661217891143875,CPI
1997,FIN,true,,,0.012163856764664941,CPI
1998,FIN,true,,,0.013490632270143132,CPI
1999,FIN,true,,,0.013107317006913529,CPI
2000,FIN,true,,,0.029508768166461145,CPI
2001,FIN,true,,,0.026657463959681722,CPI
2002,FIN,true,,,0.02006697447866452,CPI
2003,FIN,true,,,0.01290755800940096,CPI
2004,FIN,true,,,0.0014731879787861157,CPI
2005,FIN,true,,,0.0077473766794155735,CPI
2006,FIN,true,,,0.0127481510315297,CPI
2007,FIN,true,,,0.01583069088113775,CPI
2008,FIN,true,,,0.03916097145694898,CPI
2009,FIN,true,,,0.01633934870172713,CPI
2010,FIN,true,,,0.016860347954591275,CPI
2011,FIN,true,,,0.03323864887479631,CPI
2012,FIN,true,,,0.03161528871460987,CPI
2013,FIN,true,,,0.02215588654533447,CPI
2014,FIN,true,,,0.012095918511706863,CPI
2015,FIN,true,,,-0.0015575701905028304,CPI
2016,FIN,true,,,0.003889999999999913,CPI
2017,FIN,true,,,0.008397334369303275,CPI
2018,FIN,true,,,0.011686028133396639,CPI
2019,FIN,true,,,0.01136552262852113,CPI
2020,FIN,true,,,0.0038328232556792347,CPI
1871,FRA,true,,,0.04395604395604399,CPI
1872,FRA,true,,,-0.010526315789473691,CPI
1873,FRA,true,,,0.0,CPI
1874,FRA,true,,,0.0,CPI
1875,FRA,true,,,-0.021276595744680864,CPI
1876,FRA,true,,,0.03260869565217393,CPI
1877,FRA,true,,,0.0,CPI
1878,FRA,true,,,-0.021052631578947382,CPI
1879,FRA,true,,,0.0,CPI
1880,FRA,true,,,0.010752688172043019,CPI
1881,FRA,true,,,-0.010638297872340432,CPI
1882,FRA,true,,,0.0,CPI
1883,FRA,true,,,0.021505376344086037,CPI
1884,FRA,true,,,0.0,CPI
1885,FRA,true,,,-0.021052631578947382,CPI
1886,FRA,true,,,0.0,CPI
1887,FRA,true,,,-0.010752688172043019,CPI
1888,FRA,true,,,0.010869565217391311,CPI
1889,FRA,true,,,-0.010752688172043019,CPI
1890,FRA,true,,,0.0,CPI
1891,FRA,true,,,0.010869565217391311,CPI
1892,FRA,true,,,-0.010752688172043019,CPI
1893,FRA,true,,,-0.010869565217391311,CPI
1894,FRA,true,,,0.010989010989010997,CPI
1895,FRA,true,,,-0.0108695652173912,CPI
1896,FRA,true,,,0.0,CPI
1897,FRA,true,,,-0.02197802197802188,CPI
1898,FRA,true,,,0.01123595505617978,CPI
1899,FRA,true,,,0.0,CPI
1900,FRA,true,,,0.011111111111111117,CPI
1901,FRA,true,,,0.0,CPI
1902,FRA,true,,,0.0,CPI
1903,FRA,true,,,-0.010989010989010993,CPI
1904,FRA,true,,,0.0,CPI
1905,FRA,true,,,0.0,CPI
1906,FRA,true,,,0.011111111111111117,CPI
1907,FRA,true,,,0.010989010989010993,CPI
1908,FRA,true,,,0.01086956521739131,CPI
1909,FRA,true,,,0.0,CPI
1910,FRA,true,,,0.010752688172043015,CPI
1911,FRA,true,,,0.04255319148936172,CPI
1912,FRA,true,,,0.0,CPI
1913,FRA,true,,,0.0,CPI
1914,FRA,true,,,0.02040816326530613,CPI
1922,FRA,true,,,-0.03773584905660379,CPI
1923,FRA,true,,,0.11764705882352948,CPI
1924,FRA,true,,,0.14035087719298253,CPI
1925,FRA,true,,,0.06153846153846157,CPI
1926,FRA,true,,,0.3043478260869566,CPI
1927,FRA,true,,,0.04444444444444446,CPI
1928,FRA,true,,,0.0,CPI
1929,FRA,true,,,0.06382978723404265,CPI
1930,FRA,true,,,0.009999999999999967,CPI
1931,FRA,true,,,-0.03960396039603948,CPI
1932,FRA,true,,,-0.09278350515463915,CPI
1933,FRA,true,,,-0.03409090909090914,CPI
1934,FRA,true,,,-0.03529411764705887,CPI
1935,FRA,true,,,-0.08536585365853665,CPI
1936,FRA,true,,,0.06666666666666664,CPI
1937,FRA,true,,,0.26250000000000007,CPI
1938,FRA,true,,,0.1386138613861386,CPI
1939,FRA,true,,,0.060869565217391355,CPI
1940,FRA,true,,,0.1885245901639345,CPI
1941,FRA,true,,,0.1724137931034483,CPI
1942,FRA,true,,,0.20588235294117646,CPI
1943,FRA,true,,,0.23902439024390248,CPI
1944,FRA,true,,,0.22440944881889777,CPI
1945,FRA,true,,,0.4823151125401927,CPI
1946,FRA,true,,,0.5249457700650759,CPI
1947,FRA,true,,,0.492176386913229,CPI
1948,FRA,true,,,0.5862726406101049,CPI
1949,FRA,true,,,0.12698412698412698,CPI
1950,FRA,true,,,0.09859154929577468,CPI
1951,FRA,true,,,0.16666666666666677,CPI
1952,FRA,true,,,0.12087912087912085,CPI
1953,FRA,true,,,-0.019607843137254836,CPI
1954,FRA,true,,,0.0,CPI
1955,FRA,true,,,0.009999999999999966,CPI
1956,FRA,true,,,0.029702970297029604,CPI
1957,FRA,true,,,0.04807692307692309,CPI
1958,FRA,true,,,0.14678899082568822,CPI
1959,FRA,true,,,0.06399999999999992,CPI
1960,FRA,true,,,0.03759398496240602,CPI
1961,FRA,true,,,0.02898550724637696,CPI
1962,FRA,true,,,0.04929577464788727,CPI
1963,FRA,true,,,0.046979865771812145,CPI
1964,FRA,true,,,0.03205128205128216,CPI
1965,FRA,true,,,0.031055900621118113,CPI
1966,FRA,true,,,0.029661726167345522,CPI
1967,FRA,true,,,0.027917770943512603,CPI
1968,FRA,true,,,0.045432048640203074,CPI
1969,FRA,true,,,0.06045962841738929,CPI
1970,FRA,true,,,0.05299641245626655,CPI
1971,FRA,true,,,0.05397518655950899,CPI
1972,FRA,true,,,0.06063003097182106,CPI
1973,FRA,true,,,0.0738060106398905,CPI
1974,FRA,true,,,0.1364931747281381,CPI
1975,FRA,true,,,0.11685927249322645,CPI
1976,FRA,true,,,0.09625495781555381,CPI
1977,FRA,true,,,0.09494554671904289,CPI
1978,FRA,true,,,0.09250558467244276,CPI
1979,FRA,true,,,0.10646734171666469,CPI
1980,FRA,true,,,0.1356257884830154,CPI
1981,FRA,true,,,0.13314405568007134,CPI
1982,FRA,true,,,0.11978471952380558,CPI
1983,FRA,true,,,0.09459548472353202,CPI
1984,FRA,true,,,0.07673802622473197,CPI
1985,FRA,true,,,0.05831099738545144,CPI
1986,FRA,true,,,0.025385259178140735,CPI
1987,FRA,true,,,0.032888982140015136,CPI
1988,FRA,true,,,0.02700815275081063,CPI
1989,FRA,true,,,0.03498302207007398,CPI
1990,FRA,true,,,0.031942833802948115,CPI
1991,FRA,true,,,0.03213407324096934,CPI
1992,FRA,true,,,0.023637604626935805,CPI
1993,FRA,true,,,0.02104462771246292,CPI
1994,FRA,true,,,0.016555153292699947,CPI
1995,FRA,true,,,0.017964814209560268,CPI
1996,FRA,true,,,0.01982883650897291,CPI
1997,FRA,true,,,0.012039429402697132,CPI
1998,FRA,true,,,0.0065112686783297385,CPI
1999,FRA,true,,,0.005371416391346066,CPI
2000,FRA,true,,,0.016759598872093915,CPI
2001,FRA,true,,,0.016347807954959548,CPI
2002,FRA,true,,,0.019234122872706254,CPI
2003,FRA,true,,,0.020984721914692132,CPI
2004,FRA,true,,,0.021420896464023786,CPI
2005,FRA,true,,,0.01745869363804856,CPI
2006,FRA,true,,,0.016751244960872477,CPI
2007,FRA,true,,,0.014879980595385488,CPI
2008,FRA,true,,,0.02812861949147935,CPI
2009,FRA,true,,,0.0008762047815750009,CPI
2010,FRA,true,,,0.015311227042091893,CPI
2011,FRA,true,,,0.021115979517499998,CPI
2012,FRA,true,,,0.019541953161352925,CPI
2013,FRA,true,,,0.008637154978613214,CPI
2014,FRA,true,,,0.005077588229380936,CPI
2015,FRA,true,,,0.00037514380512228496,CPI
2016,FRA,true,,,0.0018333486112471513,CPI
2017,FRA,true,,,0.010322827506460349,CPI
2018,FRA,true,,,0.018508150831551284,CPI
2019,FRA,true,,,0.011082549228827605,CPI
2020,FRA,true,,,0.0047649885272516845,CPI
1947,GBR,true,,,0.06999999999999998,CPI
1948,GBR,true,,,0.07699999999999999,CPI
1949,GBR,true,,,0.02799999999999973,CPI
1950,GBR,true,,,0.03918495297805643,CPI
1951,GBR,true,,,0.09049773755656115,CPI
1952,GBR,true,,,0.1065006915629324,CPI
1953,GBR,true,,,0.03625000000000003,CPI
1954,GBR,true,,,0.022919179734620095,CPI
1955,GBR,true,,,0.05070754716981108,CPI
1956,GBR,true,,,0.05162738496071834,CPI
1957,GBR,true,,,0.03842049092849511,CPI
1958,GBR,true,,,0.028776978417266192,CPI
1959,GBR,true,,,0.005994005994006158,CPI
1960,GBR,true,,,0.007944389275074544,CPI
1961,GBR,true,,,0.032512315270935795,CPI
1962,GBR,true,,,0.04198473282442747,CPI
1963,GBR,true,,,0.021062271062270942,CPI
1964,GBR,true,,,0.03228699551569527,CPI
1965,GBR,true,,,0.042571676802779894,CPI
1966,GBR,true,,,0.040000000000000084,CPI
1967,GBR,true,,,0.022435897435897443,CPI
1968,GBR,true,,,0.039968652037617576,CPI
1969,GBR,true,,,0.051996985681989384,CPI
1970,GBR,true,,,0.06518624641833837,CPI
1971,GBR,true,,,0.0941492938802958,CPI
1972,GBR,true,,,0.07191149354640451,CPI
1973,GBR,true,,,0.0934633027522935,CPI
1974,GBR,true,,,0.15731515469323543,CPI
1975,GBR,true,,,0.2270049841413685,CPI
1976,GBR,true,,,0.15657311669128485,CPI
1977,GBR,true,,,0.14942528735632185,CPI
1978,GBR,true,,,0.07472222222222241,CPI
1979,GBR,true,,,0.11372447660894298,CPI
1980,GBR,true,,,0.15154328150382906,CPI
1981,GBR,true,,,0.11809754131398607,CPI
1982,GBR,true,,,0.08111031002162966,CPI
1983,GBR,true,,,0.04934978326108715,CPI
1984,GBR,true,,,0.04258023514458213,CPI
1985,GBR,true,,,0.0492227979274609,CPI
1986,GBR,true,,,0.03326071169208418,CPI
1987,GBR,true,,,0.03204947989879131,CPI
1988,GBR,true,,,0.037591936801961344,CPI
1989,GBR,true,,,0.05237595169335774,CPI
1990,GBR,true,,,0.06972683048521891,CPI
1991,GBR,true,,,0.07532649253731336,CPI
1992,GBR,true,,,0.04261548471047539,CPI
1993,GBR,true,,,0.025065002600103983,CPI
1994,GBR,true,,,0.01978490259740245,CPI
1995,GBR,true,,,0.0265645209431893,CPI
1996,GBR,true,,,0.02400308427305828,CPI
1997,GBR,true,,,0.018246062710850275,CPI
1998,GBR,true,,,0.015573975192950422,CPI
1999,GBR,true,,,0.013287103067263356,CPI
2000,GBR,true,,,0.007964563930879834,CPI
2001,GBR,true,,,0.01233511995184702,CPI
2002,GBR,true,,,0.012589129587851872,CPI
2003,GBR,true,,,0.013615926630131019,CPI
2004,GBR,true,,,0.013435230404932854,CPI
2005,GBR,true,,,0.020569437639501194,CPI
2006,GBR,true,,,0.02328712465674262,CPI
2007,GBR,true,,,0.023228416234869473,CPI
2008,GBR,true,,,0.036019155331397476,CPI
2009,GBR,true,,,0.021653204511010403,CPI
2010,GBR,true,,,0.032981715757716946,CPI
2011,GBR,true,,,0.044636932940694,CPI
2012,GBR,true,,,0.028282420990937106,CPI
2013,GBR,true,,,0.025647988215320647,CPI
2014,GBR,true,,,0.01461031408834174,CPI
2015,GBR,true,,,0.0004009937308258287,CPI
2016,GBR,true,,,0.006596661169451762,CPI
2017,GBR,true,,,0.02699999999999985,CPI
2018,GBR,true,,,0.024999999999999963,CPI
2019,GBR,true,,,0.01800000000000007,CPI
2020,GBR,true,,,0.00899999999999991,CPI
1871,ITA,true,,,0.035713955402643285,CPI
1885,ITA,true,,,0.022143245201014093,CPI
1886,ITA,true,,,-0.0011383215736299184,CPI
1887,ITA,true,,,-0.0022836719671505746,CPI
1888,ITA,true,,,0.01258672260765607,CPI
1889,ITA,true,,,0.016946771949383547,CPI
1890,ITA,true,,,0.03555582411132018,CPI
1891,ITA,true,,,-0.003217605134830971,CPI
1892,ITA,true,,,-0.008613552546851927,CPI
1893,ITA,true,,,-0.02171254080591145,CPI
1894,ITA,true,,,-0.004440612200905321,CPI
1895,ITA,true,,,-0.005573358738957319,CPI
1896,ITA,true,,,-0.00448541803660619,CPI
1897,ITA,true,,,-0.0022528138300896955,CPI
1898,ITA,true,,,0.0067737013784152774,CPI
1899,ITA,true,,,-0.01569460835332902,CPI
1900,ITA,true,,,0.004552513173088541,CPI
1901,ITA,true,,,0.0011362735512511972,CPI
1902,ITA,true,,,-0.006796705907195351,CPI
1903,ITA,true,,,0.02964951211625942,CPI
1904,ITA,true,,,0.012178177360032754,CPI
1905,ITA,true,,,0.0010964912280701513,CPI
1906,ITA,true,,,0.018577481172045468,CPI
1907,ITA,true,,,0.04720960280081692,CPI
1908,ITA,true,,,-0.01024449070075665,CPI
1909,ITA,true,,,-0.027951247170092067,CPI
1910,ITA,true,,,0.02769182400344185,CPI
1911,ITA,true,,,0.024868572532665733,CPI
1912,ITA,true,,,0.009100406906411443,CPI
1913,ITA,true,,,0.002004507222064349,CPI
1914,ITA,true,,,0.0,CPI
1922,ITA,true,,,-0.005998180787927535,CPI
1923,ITA,true,,,-0.005792475969381839,CPI
1924,ITA,true,,,0.035202540980669106,CPI
1925,ITA,true,,,0.12335907793161378,CPI
1926,ITA,true,,,0.07870536315259367,CPI
1927,ITA,true,,,-0.08573634517667274,CPI
1928,ITA,true,,,-0.07324317279363098,CPI
1929,ITA,true,,,0.015989473441379038,CPI
1930,ITA,true,,,-0.031700106979892076,CPI
1931,ITA,true,,,-0.09658668658051765,CPI
1932,ITA,true,,,-0.02621488035636025,CPI
1933,ITA,true,,,-0.059117881044550964,CPI
1934,ITA,true,,,-0.05161376788459703,CPI
1935,ITA,true,,,0.014197084065763534,CPI
1936,ITA,true,,,0.07553240056324174,CPI
1937,ITA,true,,,0.09463116018887269,CPI
1938,ITA,true,,,0.0767896250052922,CPI
1939,ITA,true,,,0.044168700343945363,CPI
1940,ITA,true,,,0.1669968617913036,CPI
1941,ITA,true,,,0.15707039336714965,CPI
1942,ITA,true,,,0.15581649157320462,CPI
1943,ITA,true,,,0.6770186573813866,CPI
1944,ITA,true,,,3.4439412661194635,CPI
1945,ITA,true,,,0.9695410295142323,CPI
1946,ITA,true,,,0.18018863448640698,CPI
1947,ITA,true,,,0.6206120698960382,CPI
1948,ITA,true,,,0.05880066526620908,CPI
1949,ITA,true,,,0.0069657615112161415,CPI
1950,ITA,true,,,-0.0069175753312229705,CPI
1951,ITA,true,,,0.14285714285714285,CPI
1952,ITA,true,,,0.01859504132231401,CPI
1953,ITA,true,,,0.014198782961460573,CPI
1954,ITA,true,,,0.03124999999999989,CPI
1955,ITA,true,,,0.03030303030303033,CPI
1956,ITA,true,,,0.02941176470588238,CPI
1957,ITA,true,,,0.014285714285714235,CPI
1958,ITA,true,,,0.028169014084507067,CPI
1959,ITA,true,,,0.0,CPI
1960,ITA,true,,,0.013698630136986375,CPI
1961,ITA,true,,,0.02702702702702693,CPI
1962,ITA,true,,,0.03947368421052641,CPI
1963,ITA,true,,,0.07594936708860754,CPI
1964,ITA,true,,,0.058823529411764705,CPI
1965,ITA,true,,,0.04444444444444448,CPI
1966,ITA,true,,,0.03191489361702116,CPI
1967,ITA,true,,,0.030927835051546466,CPI
1968,ITA,true,,,0.019999999999999928,CPI
1969,ITA,true,,,0.01960784313725501,CPI
1970,ITA,true,,,0.04807692307692307,CPI
1971,ITA,true,,,0.055045871559632996,CPI
1972,ITA,true,,,0.05217391304347823,CPI
1973,ITA,true,,,0.10743801652892568,CPI
1974,ITA,true,,,0.19402985074626863,CPI
1975,ITA,true,,,0.16874999999999996,CPI
1976,ITA,true,,,0.1657754010695188,CPI
1977,ITA,true,,,0.17431192660550462,CPI
1978,ITA,true,,,0.12109374999999992,CPI
1979,ITA,true,,,0.14634146341463414,CPI
1980,ITA,true,,,0.2127659574468085,CPI
1981,ITA,true,,,0.17794486215538852,CPI
1982,ITA,true,,,0.16382978723404262,CPI
1983,ITA,true,,,0.14625228519195613,CPI
1984,ITA,true,,,0.10845295055821366,CPI
1985,ITA,true,,,0.09208633093525188,CPI
1986,ITA,true,,,0.057971014492753506,CPI
1987,ITA,true,,,0.04732254047322537,CPI
1988,ITA,true,,,0.05112960760998825,CPI
1989,ITA,true,,,0.06221719457013574,CPI
1990,ITA,true,,,0.06496272630457928,CPI
1991,ITA,true,,,0.06299999999999997,CPI
1992,ITA,true,,,0.05079962370649112,CPI
1993,ITA,true,,,0.044762757385854966,CPI
1994,ITA,true,,,0.04027420736932307,CPI
1995,ITA,true,,,0.052443986820428286,CPI
1996,ITA,true,,,0.039590127944135585,CPI
1997,ITA,true,,,0.01848391052969672,CPI
1998,ITA,true,,,0.020313082370480913,CPI
1999,ITA,true,,,0.01650860554970151,CPI
2000,ITA,true,,,0.025805114029025543,CPI
2001,ITA,true,,,0.02324265330045668,CPI
2002,ITA,true,,,0.02611203286718825,CPI
2003,ITA,true,,,0.028129611806224007,CPI
2004,ITA,true,,,0.022566995768688276,CPI
2005,ITA,true,,,0.02206896551724154,CPI
2006,ITA,true,,,0.022297063284487394,CPI
2007,ITA,true,,,0.02024532710280374,CPI
2008,ITA,true,,,0.03492379741907406,CPI
2009,ITA,true,,,0.007656307048892024,CPI
2010,ITA,true,,,0.01619544331594838,CPI
2011,ITA,true,,,0.029357104267963206,CPI
2012,ITA,true,,,0.033148939296923384,CPI
2013,ITA,true,,,0.012446024892049972,CPI
2014,ITA,true,,,0.002338183642749645,CPI
2015,ITA,true,,,0.0010912767938489327,CPI
2016,ITA,true,,,-0.000500040003200392,CPI
2017,ITA,true,,,0.013257689459886748,CPI
2018,ITA,true,,,0.012422605587210147,CPI
2019,ITA,true,,,0.006339917093391722,CPI
2020,ITA,true,,,-0.0014538405621516534,CPI
1886,JPN,true,,,-0.11813643926788675,CPI
1887,JPN,true,,,0.06344339622641519,CPI
1888,JPN,true,,,-0.017076957196717656,CPI
1889,JPN,true,,,0.05888989169675093,CPI
1890,JPN,true,,,0.06626891114425737,CPI
1891,JPN,true,,,-0.04196642685851319,CPI
1892,JPN,true,,,-0.06758448060075078,CPI
1893,JPN,true,,,0.012080536912751547,CPI
1894,JPN,true,,,0.03183023872679038,CPI
1895,JPN,true,,,0.09447300771208221,CPI
1896,JPN,true,,,0.10041103934233697,CPI
1897,JPN,true,,,0.11419423692636074,CPI
1898,JPN,true,,,0.08461047254150697,CPI
1899,JPN,true,,,-0.056373270532823046,CPI
1900,JPN,true,,,0.12353766963032292,CPI
1901,JPN,true,,,-0.02179647369151756,CPI
1902,JPN,true,,,0.03874538745387456,CPI
1903,JPN,true,,,0.050006831534362584,CPI
1904,JPN,true,,,0.023162003903708497,CPI
1905,JPN,true,,,0.03853491033956501,CPI
1906,JPN,true,,,0.019715895175116308,CPI
1907,JPN,true,,,0.10459949561666891,CPI
1908,JPN,true,,,-0.03446401391606875,CPI
1909,JPN,true,,,-0.038846976691813986,CPI
1910,JPN,true,,,0.002577319587628986,CPI
1911,JPN,true,,,0.07455012853470441,CPI
1912,JPN,true,,,0.05545889517181396,CPI
1913,JPN,true,,,0.030290541932825033,CPI
1914,JPN,true,,,-0.07879999999999986,CPI
1915,JPN,true,,,-0.06404689535388626,CPI
1916,JPN,true,,,0.08037578288100208,CPI
1917,JPN,true,,,0.226731078904992,CPI
1918,JPN,true,,,0.34602257810448944,CPI
1919,JPN,true,,,0.33047266107535267,CPI
1920,JPN,true,,,0.04603205629397985,CPI
1921,JPN,true,,,-0.0835746986826125,CPI
1922,JPN,true,,,-0.015190905846969343,CPI
1923,JPN,true,,,-0.009006677364252903,CPI
1924,JPN,true,,,0.00893183598850893,CPI
1925,JPN,true,,,0.01211430938082432,CPI
1926,JPN,true,,,-0.045370843989769816,CPI
1927,JPN,true,,,-0.015324438729036076,CPI
1928,JPN,true,,,-0.037982260434238586,CPI
1929,JPN,true,,,-0.022908535550653242,CPI
1930,JPN,true,,,-0.10159777700590489,CPI
1931,JPN,true,,,-0.1152780462658676,CPI
1932,JPN,true,,,0.011143481427530974,CPI
1933,JPN,true,,,0.030540949362529542,CPI
1934,JPN,true,,,0.014118962745509294,CPI
1935,JPN,true,,,0.024743262802398608,CPI
1936,JPN,true,,,0.02313693839117582,CPI
1937,JPN,true,,,0.07803050223507768,CPI
1938,JPN,true,,,0.09598146228428545,CPI
1939,JPN,true,,,0.1181772658988482,CPI
1940,JPN,true,,,0.16261133502512812,CPI
1941,JPN,true,,,0.013995292103573575,CPI
1942,JPN,true,,,0.027562046260340936,CPI
1943,JPN,true,,,0.06042308482234552,CPI
1944,JPN,true,,,0.35292066935233934,CPI
1945,JPN,true,,,9.756406218684685,CPI
1948,JPN,true,,,0.7592742864646956,CPI
1949,JPN,true,,,0.3188738404877301,CPI
1950,JPN,true,,,-0.06866704380751704,CPI
1951,JPN,true,,,0.1796776798406428,CPI
1952,JPN,true,,,0.04989492939566439,CPI
1953,JPN,true,,,0.0655327817820509,CPI
1954,JPN,true,,,0.06431937741960089,CPI
1955,JPN,true,,,-0.011910192021463184,CPI
1956,JPN,true,,,0.00446446828523522,CPI
1957,JPN,true,,,0.031110938384517114,CPI
1958,JPN,true,,,-0.0043103216189132945,CPI
1959,JPN,true,,,0.008658162123880526,CPI
1960,JPN,true,,,0.03862659324992208,CPI
1961,JPN,true,,,0.05371890161332785,CPI
1962,JPN,true,,,0.06666666666666664,CPI
1963,JPN,true,,,0.07720597240365769,CPI
1964,JPN,true,,,0.03754261253506844,CPI
1965,JPN,true,,,0.06578941761385265,CPI
1966,JPN,true,,,0.05246913668392885,CPI
1967,JPN,true,,,0.03812323161222692,CPI
1968,JPN,true,,,0.05367228315662071,CPI
1969,JPN,true,,,0.053619258388606435,CPI
1970,JPN,true,,,0.07633593537726507,CPI
1971,JPN,true,,,0.06069362770940804,CPI
1972,JPN,true,,,0.04632149132576043,CPI
1973,JPN,true,,,0.11458337337022724,CPI
1974,JPN,true,,,0.24532713751096857,CPI
1975,JPN,true,,,0.11819884512297793,CPI
1976,JPN,true,,,0.09395973196977737,CPI
1977,JPN,true,,,0.07975458911984368,CPI
1978,JPN,true,,,0.03835231075341257,CPI
1979,JPN,true,,,0.035567709155187116,CPI
1980,JPN,true,,,0.08058124141352567,CPI
1981,JPN,true,,,0.04889971511903805,CPI
1982,JPN,true,,,0.02680654870597861,CPI
1983,JPN,true,,,0.01816117438197381,CPI
1984,JPN,true,,,0.022296547233997027,CPI
1985,JPN,true,,,0.019629244998181618,CPI
1996,JPN,true,,,0.0009345724978062941,CPI
1997,JPN,true,,,0.017740439205020803,CPI
1998,JPN,true,,,0.006422005352753238,CPI
1999,JPN,true,,,-0.002734710801193384,CPI
2000,JPN,true,,,-0.007312629057815685,CPI
2001,JPN,true,,,-0.00739709162100254,CPI
2002,JPN,true,,,-0.009241561610410804,CPI
2003,JPN,true,,,-0.0025859149726528688,CPI
2004,JPN,true,,,-0.00010288171689007446,CPI
2005,JPN,true,,,-0.0028295383222379797,CPI
2006,JPN,true,,,0.002517696101698345,CPI
2007,JPN,true,,,0.0006278433067785322,CPI
2008,JPN,true,,,0.013845030292432716,CPI
2009,JPN,true,,,-0.01349363364277381,CPI
2010,JPN,true,,,-0.007219622563891583,CPI
2011,JPN,true,,,-0.002724456921467317,CPI
2012,JPN,true,,,-0.0005609224057338616,CPI
2013,JPN,true,,,0.00342978298827662,CPI
2014,JPN,true,,,0.027613779959811954,CPI
2015,JPN,true,,,0.007922428738459105,CPI
2016,JPN,true,,,-0.0011400228004560277,CPI
2017,JPN,true,,,0.0048622861919225754,CPI
2018,JPN,true,,,0.009890544639324898,CPI
2019,JPN,true,,,0.0046808767101271945,CPI
2020,JPN,true,,,-0.00026994601079785075,CPI
1900,NLD,true,,,0.06548249687331337,CPI
1901,NLD,true,,,-0.017421178162756873,CPI
1902,NLD,true,,,0.008297280952814876,CPI
1903,NLD,true,,,0.02576093681307157,CPI
1904,NLD,true,,,0.03749903803300364,CPI
1905,NLD,true,,,-0.02959159436152773,CPI
1906,NLD,true,,,0.062042087466291695,CPI
1907,NLD,true,,,0.021989397116199162,CPI
1908,NLD,true,,,-0.0212709447120121,CPI
1909,NLD,true,,,0.002154678221540351,CPI
1910,NLD,true,,,0.028179404536004447,CPI
1911,NLD,true,,,0.028081465394856987,CPI
1912,NLD,true,,,0.010718627227492792,CPI
1913,NLD,true,,,0.03951291640886615,CPI
1914,NLD,true,,,0.0,CPI
1915,NLD,true,,,0.15000004262612152,CPI
1916,NLD,true,,,0.11304348148401666,CPI
1917,NLD,true,,,0.06249999306215491,CPI
1918,NLD,true,,,0.19117647673386975,CPI
1919,NLD,true,,,0.08641963397670124,CPI
1920,NLD,true,,,0.10227282818684778,CPI
1921,NLD,true,,,-0.1288656471553291,CPI
1922,NLD,true,,,-0.11834334948697332,CPI
1923,NLD,true,,,-0.0335573349811616,CPI
1924,NLD,true,,,0.006944506114184742,CPI
1925,NLD,true,,,-0.006896612546190559,CPI
1926,NLD,true,,,-0.041666543327186,CPI
1927,NLD,true,,,0.0,CPI
1928,NLD,true,,,0.00724633726835552,CPI
1929,NLD,true,,,-0.007194205627997151,CPI
1930,NLD,true,,,-0.03623199522669839,CPI
1931,NLD,true,,,-0.060150375136598676,CPI
1932,NLD,true,,,-0.07199995635084896,CPI
1933,NLD,true,,,-0.008620643193882324,CPI
1934,NLD,true,,,0.0,CPI
1935,NLD,true,,,-0.034782666712299286,CPI
1936,NLD,true,,,-0.045044930877198235,CPI
1937,NLD,true,,,0.05660373058953396,CPI
1938,NLD,true,,,0.017857172307586645,CPI
1939,NLD,true,,,0.008771881718754752,CPI
1940,NLD,true,,,0.14782602464234515,CPI
1941,NLD,true,,,0.14393980330412737,CPI
1942,NLD,true,,,0.07284735807529481,CPI
1943,NLD,true,,,0.03086446823476998,CPI
1944,NLD,true,,,0.029939523676633672,CPI
1945,NLD,true,,,0.15116333822101977,CPI
1946,NLD,true,,,0.09090915614648461,CPI
1947,NLD,true,,,0.03703669595019057,CPI
1948,NLD,true,,,0.03571460287294999,CPI
1949,NLD,true,,,0.060344732551773084,CPI
1950,NLD,true,,,0.09000001732768909,CPI
1951,NLD,true,,,0.11926589947926855,CPI
1952,NLD,true,,,0.0,CPI
1953,NLD,true,,,0.0,CPI
1954,NLD,true,,,0.03999998106263248,CPI
1955,NLD,true,,,0.019230988089033004,CPI
1956,NLD,true,,,0.018867688569692988,CPI
1957,NLD,true,,,0.06095684559557151,CPI
1958,NLD,true,,,0.021818326055186653,CPI
1959,NLD,true,,,0.010675821298671834,CPI
1960,NLD,true,,,0.023239754715705423,CPI
1961,NLD,true,,,0.01307616574273705,CPI
1962,NLD,true,,,0.02286069802473709,CPI
1963,NLD,true,,,0.03343182796656448,CPI
1964,NLD,true,,,0.05790864788663476,CPI
1965,NLD,true,,,0.05794888095773055,CPI
1966,NLD,true,,,0.05796884909191043,CPI
1967,NLD,true,,,0.034868009238273906,CPI
1968,NLD,true,,,0.03675596852067932,CPI
1969,NLD,true,,,0.0742823968627362,CPI
1970,NLD,true,,,0.03679953171917706,CPI
1971,NLD,true,,,0.07477573112196106,CPI
1972,NLD,true,,,0.07791756316631272,CPI
1973,NLD,true,,,0.08013524812342222,CPI
1974,NLD,true,,,0.09609360743069296,CPI
1975,NLD,true,,,0.1021272729188176,CPI
1976,NLD,true,,,0.09057484480250322,CPI
1977,NLD,true,,,0.06474114809889792,CPI
1978,NLD,true,,,0.04080010866152277,CPI
1979,NLD,true,,,0.042104534675643804,CPI
1980,NLD,true,,,0.06541501162033624,CPI
1981,NLD,true,,,0.0674845330268453,CPI
1982,NLD,true,,,0.05862070773563315,CPI
1983,NLD,true,,,0.02823021929345656,CPI
1984,NLD,true,,,0.03273491583494941,CPI
1985,NLD,true,,,0.02223924226081467,CPI
1986,NLD,true,,,0.0010002991771848964,CPI
1987,NLD,true,,,-0.007078078489667306,CPI
1988,NLD,true,,,0.007463974413523215,CPI
1989,NLD,true,,,0.010821588620352908,CPI
1990,NLD,true,,,0.024540931383522605,CPI
1991,NLD,true,,,0.031333000000000055,CPI
1992,NLD,true,,,0.03183646794973108,CPI
1993,NLD,true,,,0.025841808663489847,CPI
1994,NLD,true,,,0.028014953277876755,CPI
1995,NLD,true,,,0.019231900200490187,CPI
1996,NLD,true,,,0.020763520548891315,CPI
1997,NLD,true,,,0.018552417480241813,CPI
1998,NLD,true,,,0.01784364346945485,CPI
1999,NLD,true,,,0.020361547085201825,CPI
2000,NLD,true,,,0.023484817271640857,CPI
2001,NLD,true,,,0.05112515599210967,CPI
2002,NLD,true,,,0.03851505751088309,CPI
2003,NLD,true,,,0.02227412415488655,CPI
2004,NLD,true,,,0.01382843125465949,CPI
2005,NLD,true,,,0.01490890976373477,CPI
2006,NLD,true,,,0.016524675992473987,CPI
2007,NLD,true,,,0.01586516905602222,CPI
2008,NLD,true,,,0.022135961884499112,CPI
2009,NLD,true,,,0.009721099657879363,CPI
2010,NLD,true,,,0.009298551487439284,CPI
2011,NLD,true,,,0.024694442935520654,CPI
2012,NLD,true,,,0.028191861574672954,CPI
2013,NLD,true,,,0.02555245058106563,CPI
2014,NLD,true,,,0.003207480770197628,CPI
2015,NLD,true,,,0.002194960610980786,CPI
2016,NLD,true,,,0.001100077005390366,CPI
2017,NLD,true,,,0.01298662377750938,CPI
2018,NLD,true,,,0.01597664648217907,CPI
2019,NLD,true,,,0.02669436409171213,CPI
2020,NLD,true,,,0.011165948112850837,CPI
1881,NOR,true,,,0.0017301038062297919,CPI
1882,NOR,true,,,0.0034542314335087045,CPI
1883,NOR,true,,,0.008605851979346144,CPI
1884,NOR,true,,,-0.038395904436861396,CPI
1885,NOR,true,,,-0.042590949423247815,CPI
1886,NOR,true,,,-0.039851714550509905,CPI
1887,NOR,true,,,-0.022200772200771563,CPI
1888,NOR,true,,,0.00789733464955458,CPI
1889,NOR,true,,,0.014691478942214058,CPI
1890,NOR,true,,,0.014478764478765005,CPI
1891,NOR,true,,,0.04757373929591049,CPI
1892,NOR,true,,,-0.015440508628521473,CPI
1893,NOR,true,,,-0.05166051660516521,CPI
1894,NOR,true,,,-0.02723735408560274,CPI
1895,NOR,true,,,0.0,CPI
1896,NOR,true,,,0.020000000000000632,CPI
1897,NOR,true,,,-0.01764705882352861,CPI
1898,NOR,true,,,0.02794411177644648,CPI
1899,NOR,true,,,0.0533980582524221,CPI
1900,NOR,true,,,0.04239631336406097,CPI
1901,NOR,true,,,-0.019451812555262803,CPI
1902,NOR,true,,,0.009017132551848888,CPI
1903,NOR,true,,,0.02323503127792509,CPI
1904,NOR,true,,,-0.004366812227074508,CPI
1905,NOR,true,,,0.02982456140350599,CPI
1906,NOR,true,,,-0.006814310051106319,CPI
1907,NOR,true,,,0.024871355060037834,CPI
1908,NOR,true,,,-0.0025104602510449144,CPI
1909,NOR,true,,,-0.027684563758389,CPI
1910,NOR,true,,,0.03623813632441405,CPI
1911,NOR,true,,,0.020536761401906006,CPI
1912,NOR,true,,,0.061919846747323405,CPI
1913,NOR,true,,,0.037900926044723775,CPI
1914,NOR,true,,,0.011235597183227414,CPI
1915,NOR,true,,,0.14444468876487343,CPI
1916,NOR,true,,,0.19174762370696397,CPI
1917,NOR,true,,,0.24236248555697795,CPI
1918,NOR,true,,,0.4049178170355117,CPI
1919,NOR,true,,,0.06942838373977886,CPI
1920,NOR,true,,,0.16530268405463275,CPI
1921,NOR,true,,,-0.07613145218103305,CPI
1922,NOR,true,,,-0.16677829872739333,CPI
1923,NOR,true,,,-0.0547242146920619,CPI
1924,NOR,true,,,0.09400143913128917,CPI
1925,NOR,true,,,0.018416646735230677,CPI
1926,NOR,true,,,-0.15324095819633762,CPI
1927,NOR,true,,,-0.09554846761891535,CPI
1928,NOR,true,,,-0.06800061330879843,CPI
1929,NOR,true,,,-0.044254339063915696,CPI
1930,NOR,true,,,-0.027799294259401912,CPI
1931,NOR,true,,,-0.05338172804532729,CPI
1932,NOR,true,,,-0.021135322173383892,CPI
1933,NOR,true,,,-0.014426292156299978,CPI
1934,NOR,true,,,0.0024234199302056313,CPI
1935,NOR,true,,,0.02204815781839375,CPI
1936,NOR,true,,,0.02601949096414097,CPI
1937,NOR,true,,,0.07119144227222154,CPI
1938,NOR,true,,,0.033057851239671684,CPI
1939,NOR,true,,,0.012666666666665131,CPI
1940,NOR,true,,,0.1668861092824234,CPI
1941,NOR,true,,,0.1721438645980249,CPI
1942,NOR,true,,,0.06004452199025351,CPI
1943,NOR,true,,,0.024462228276291624,CPI
1944,NOR,true,,,0.01229916897506912,CPI
1945,NOR,true,,,0.01806042031523782,CPI
1946,NOR,true,,,0.024943554456508744,CPI
1947,NOR,true,,,0.00498269170250808,CPI
1948,NOR,true,,,-0.006784614581703605,CPI
1949,NOR,true,,,0.001245947722561488,CPI
1950,NOR,true,,,0.05235958112335087,CPI
1951,NOR,true,,,0.15843887309382226,CPI
1952,NOR,true,,,0.09002677376171325,CPI
1953,NOR,true,,,0.020161702998670435,CPI
1954,NOR,true,,,0.044341894060994515,CPI
1955,NOR,true,,,0.00854947166186321,CPI
1956,NOR,true,,,0.03771787789313292,CPI
1957,NOR,true,,,0.02753556677374892,CPI
1958,NOR,true,,,0.048771773112997005,CPI
1959,NOR,true,,,0.021889106549697963,CPI
1960,NOR,true,,,0.0031671945324225357,CPI
1961,NOR,true,,,0.02575606513791897,CPI
1962,NOR,true,,,0.052405637453426517,CPI
1963,NOR,true,,,0.02624490110059278,CPI
1964,NOR,true,,,0.05632218389080523,CPI
1965,NOR,true,,,0.04252751153709398,CPI
1966,NOR,true,,,0.033029147371287385,CPI
1967,NOR,true,,,0.043905333245435434,CPI
1968,NOR,true,,,0.03530154720555623,CPI
1969,NOR,true,,,0.030737059246210934,CPI
1970,NOR,true,,,0.10589977783263334,CPI
1971,NOR,true,,,0.06238839285714159,CPI
1972,NOR,true,,,0.07217144658051972,CPI
1973,NOR,true,,,0.07446600039192834,CPI
1974,NOR,true,,,0.0942002553346695,CPI
1975,NOR,true,,,0.11684307025585407,CPI
1976,NOR,true,,,0.09170957391239562,CPI
1977,NOR,true,,,0.090635680109366,CPI
1978,NOR,true,,,0.08153672599648736,CPI
1979,NOR,true,,,0.04772806022393864,CPI
1980,NOR,true,,,0.1089620675281393,CPI
1981,NOR,true,,,0.13667117726657524,CPI
1982,NOR,true,,,0.11342592592592567,CPI
1983,NOR,true,,,0.08411048411048379,CPI
1984,NOR,true,,,0.06279107994082694,CPI
1985,NOR,true,,,0.056658246120532926,CPI
1986,NOR,true,,,0.07186768149883019,CPI
1987,NOR,true,,,0.08725931995083877,CPI
1988,NOR,true,,,0.06698484467889158,CPI
1989,NOR,true,,,0.04555442203562701,CPI
1990,NOR,true,,,0.04113033362104603,CPI
1991,NOR,true,,,0.034206826947339265,CPI
1992,NOR,true,,,0.023421162693432206,CPI
1993,NOR,true,,,0.02271488897970373,CPI
1994,NOR,true,,,0.013985548266791228,CPI
1995,NOR,true,,,0.02456405372565705,CPI
1996,NOR,true,,,0.012596557581974036,CPI
1997,NOR,true,,,0.025797670296277282,CPI
1998,NOR,true,,,0.024881242596017008,CPI
1999,NOR,true,,,0.023331389050912366,CPI
2000,NOR,true,,,0.030860679097793657,CPI
2001,NOR,true,,,0.030173775671406604,CPI
2002,NOR,true,,,0.012881459898788049,CPI
2003,NOR,true,,,0.024753974261922496,CPI
2004,NOR,true,,,0.004653911501810921,CPI
2005,NOR,true,,,0.01522058823529331,CPI
2006,NOR,true,,,0.02332150358513765,CPI
2007,NOR,true,,,0.007289970981669491,CPI
2008,NOR,true,,,0.03766160764474358,CPI
2009,NOR,true,,,0.02166847237269803,CPI
2010,NOR,true,,,0.023992576882290798,CPI
2011,NOR,true,,,0.013009708737863989,CPI
2012,NOR,true,,,0.0070921985815605455,CPI
2013,NOR,true,,,0.021317091739626523,CPI
2014,NOR,true,,,0.02025096285252795,CPI
2015,NOR,true,,,0.02173648319532445,CPI
2016,NOR,true,,,0.03545676658124989,CPI
2017,NOR,true,,,0.01849999999999997,CPI
2018,NOR,true,,,0.027666666667000087,CPI
2019,NOR,true,,,0.021749999999999988,CPI
2020,NOR,true,,,0.0127500000000001,CPI
1880,PRT,true,,,-0.06976744186046503,CPI
1881,PRT,true,,,0.024999999999999967,CPI
1882,PRT,true,,,0.012195121951219568,CPI
1883,PRT,true,,,-0.04819277108433743,CPI
1884,PRT,true,,,-0.0759493670886075,CPI
1885,PRT,true,,,-0.04109589041095893,CPI
1886,PRT,true,,,0.0285714285714287,CPI
1887,PRT,true,,,-0.027777777777777898,CPI
1888,PRT,true,,,0.0,CPI
1889,PRT,true,,,0.08571428571428577,CPI
1890,PRT,true,,,0.13157894736842102,CPI
1891,PRT,true,,,-0.03488372093023258,CPI
1892,PRT,true,,,0.024096385542168784,CPI
1893,PRT,true,,,0.023529411764705847,CPI
1894,PRT,true,,,0.022988505747126537,CPI
1895,PRT,true,,,-0.056179775280898854,CPI
1896,PRT,true,,,0.011904761904761956,CPI
1897,PRT,true,,,0.08235294117647067,CPI
1898,PRT,true,,,0.04347826086956515,CPI
1899,PRT,true,,,-0.0208333333333333,CPI
1900,PRT,true,,,-0.03191489361702129,CPI
1901,PRT,true,,,-0.010989010989011035,CPI
1902,PRT,true,,,-0.03333333333333335,CPI
1903,PRT,true,,,0.03448275862068967,CPI
1904,PRT,true,,,0.0666666666666667,CPI
1905,PRT,true,,,-0.010416666666666711,CPI
1906,PRT,true,,,0.0,CPI
1907,PRT,true,,,-1.2250726748830893e-16,CPI
1908,PRT,true,,,0.010526315789473608,CPI
1909,PRT,true,,,0.010416666666666713,CPI
1910,PRT,true,,,-0.04123711340206192,CPI
1911,PRT,true,,,0.06451612903225798,CPI
1912,PRT,true,,,-0.010101010101010147,CPI
1913,PRT,true,,,0.030612244897959207,CPI
1914,PRT,true,,,-0.009900990099009832,CPI
1915,PRT,true,,,0.11999999999999997,CPI
1916,PRT,true,,,0.2232142857142857,CPI
1917,PRT,true,,,0.18248175182481752,CPI
1918,PRT,true,,,0.8086419753086419,CPI
1919,PRT,true,,,0.14334470989761094,CPI
1920,PRT,true,,,0.7313432835820894,CPI
1921,PRT,true,,,0.5672413793103448,CPI
1922,PRT,true,,,0.20902090209020907,CPI
1923,PRT,true,,,0.5705186533212011,CPI
1924,PRT,true,,,0.3899188876013905,CPI
1925,PRT,true,,,-0.0387661525635682,CPI
1926,PRT,true,,,-0.04249783174327832,CPI
1927,PRT,true,,,0.07382246376811592,CPI
1928,PRT,true,,,-0.043019822859552935,CPI
1929,PRT,true,,,0.040546496253856264,CPI
1930,PRT,true,,,-0.04997882253282511,CPI
1931,PRT,true,,,-0.11279536335265275,CPI
1932,PRT,true,,,-0.020603015075376912,CPI
1933,PRT,true,,,-0.0005130836326322409,CPI
1934,PRT,true,,,0.010266940451745525,CPI
1935,PRT,true,,,0.002032520325203167,CPI
1936,PRT,true,,,0.02535496957403649,CPI
1937,PRT,true,,,0.039564787339268055,CPI
1938,PRT,true,,,-0.030922930542340535,CPI
1939,PRT,true,,,-0.058419243986254275,CPI
1940,PRT,true,,,0.047445255474452365,CPI
1941,PRT,true,,,0.12394225983076174,CPI
1942,PRT,true,,,0.22143489813994682,CPI
1943,PRT,true,,,0.13052936910804927,CPI
1944,PRT,true,,,0.028864656831302047,CPI
1945,PRT,true,,,0.09008728179551115,CPI
1946,PRT,true,,,0.1381183871890192,CPI
1947,PRT,true,,,0.030904522613065186,CPI
1948,PRT,true,,,-0.17596880331464773,CPI
1949,PRT,true,,,0.15942028985507248,CPI
1950,PRT,true,,,-0.025765306122449025,CPI
1951,PRT,true,,,0.013877978528410563,CPI
1952,PRT,true,,,0.001549586776859488,CPI
1953,PRT,true,,,0.009025270758122777,CPI
1954,PRT,true,,,0.007922310247891813,CPI
1955,PRT,true,,,0.03372210953346864,CPI
1956,PRT,true,,,0.043904831984302194,CPI
1957,PRT,true,,,0.00023496240601491837,CPI
1958,PRT,true,,,0.014329339910735164,CPI
1959,PRT,true,,,0.013200555812876364,CPI
1960,PRT,true,,,0.022171428571428564,CPI
1961,PRT,true,,,-0.002459749552772727,CPI
1962,PRT,true,,,-0.0004483299708586584,CPI
1963,PRT,true,,,0.02601480152500561,CPI
1964,PRT,true,,,0.04896174863387986,CPI
1965,PRT,true,,,0.03250677224421751,CPI
1966,PRT,true,,,0.025428859737638778,CPI
1967,PRT,true,,,0.04172407006494779,CPI
1968,PRT,true,,,0.01983752125448713,CPI
1969,PRT,true,,,0.026861800666913706,CPI
1970,PRT,true,,,0.05033375428468338,CPI
1971,PRT,true,,,0.07402954311233259,CPI
1972,PRT,true,,,0.08395969934431466,CPI
1973,PRT,true,,,0.0768663322514015,CPI
1974,PRT,true,,,0.3788190163036034,CPI
1975,PRT,true,,,0.18531399046104927,CPI
1976,PRT,true,,,0.20638779445049873,CPI
1977,PRT,true,,,0.32971996386630537,CPI
1978,PRT,true,,,0.2676107859531771,CPI
1979,PRT,true,,,0.24100259718844055,CPI
1980,PRT,true,,,0.1839683752449921,CPI
1981,PRT,true,,,0.1607979574086024,CPI
1982,PRT,true,,,0.2239920719327081,CPI
1983,PRT,true,,,0.2550010861193941,CPI
1984,PRT,true,,,0.28800037764350445,CPI
1985,PRT,true,,,0.19600513102437228,CPI
1986,PRT,true,,,0.11799916240206738,CPI
1987,PRT,true,,,0.09153867940905053,CPI
1988,PRT,true,,,0.09947267096342174,CPI
1989,PRT,true,,,0.1260030147540235,CPI
1990,PRT,true,,,0.13399817450390455,CPI
1991,PRT,true,,,0.11400276644964351,CPI
1992,PRT,true,,,0.08899890283389972,CPI
1993,PRT,true,,,0.06500093378023734,CPI
1994,PRT,true,,,0.05199815413013381,CPI
1995,PRT,true,,,0.04100136861313867,CPI
1996,PRT,true,,,0.03100099024503588,CPI
1997,PRT,true,,,0.022000882814540535,CPI
1998,PRT,true,,,0.022152780834176964,CPI
1999,PRT,true,,,0.021687023667704673,CPI
2000,PRT,true,,,0.028054057091481375,CPI
2001,PRT,true,,,0.04409614517429383,CPI
2002,PRT,true,,,0.03701183122186164,CPI
2003,PRT,true,,,0.03237164925034078,CPI
2004,PRT,true,,,0.02509749269568845,CPI
2005,PRT,true,,,0.02129892432084349,CPI
2006,PRT,true,,,0.030453059318075643,CPI
2007,PRT,true,,,0.02422717795304137,CPI
2008,PRT,true,,,0.026519593742393866,CPI
2009,PRT,true,,,-0.00903182695105792,CPI
2010,PRT,true,,,0.013910489966828143,CPI
2011,PRT,true,,,0.03554878572041533,CPI
2012,PRT,true,,,0.027761088897636347,CPI
2013,PRT,true,,,0.004394363925900532,CPI
2014,PRT,true,,,-0.0015955205009331964,CPI
2015,PRT,true,,,0.00507563194130349,CPI
2016,PRT,true,,,0.006359999999999871,CPI
2017,PRT,true,,,0.01556103183751346,CPI
2018,PRT,true,,,0.011672961390187996,CPI
2019,PRT,true,,,0.0029982107452004177,CPI
2020,PRT,true,,,-0.0012149848126898595,CPI
1871,SWE,true,,,0.026184538653366528,CPI
1872,SWE,true,,,0.04009720534629408,CPI
1873,SWE,true,,,0.0794392523364487,CPI
1874,SWE,true,,,0.035714285714285594,CPI
1875,SWE,true,,,-0.006269592476489136,CPI
1876,SWE,true,,,0.00315457413249231,CPI
1877,SWE,true,,,-0.005241090146750614,CPI
1878,SWE,true,,,-0.06533192834562697,CPI
1879,SWE,true,,,-0.06200676437429538,CPI
1880,SWE,true,,,0.05168269230769222,CPI
1881,SWE,true,,,0.025142857142857116,CPI
1882,SWE,true,,,-0.026755852842809527,CPI
1883,SWE,true,,,-0.005727376861397426,CPI
1884,SWE,true,,,-0.03686635944700463,CPI
1885,SWE,true,,,-0.04665071770334913,CPI
1886,SWE,true,,,-0.04893350062735274,CPI
1887,SWE,true,,,-0.035620052770448635,CPI
1888,SWE,true,,,0.03556771545827659,CPI
1889,SWE,true,,,0.04491413474240393,CPI
1890,SWE,true,,,0.021491782553729494,CPI
1891,SWE,true,,,0.030940594059405815,CPI
1892,SWE,true,,,-0.018007202881152456,CPI
1893,SWE,true,,,-0.04034229828850861,CPI
1894,SWE,true,,,-0.0509554140127389,CPI
1895,SWE,true,,,0.018791946308724983,CPI
1896,SWE,true,,,-0.007905138339921087,CPI
1897,SWE,true,,,0.03187250996015939,CPI
1898,SWE,true,,,0.047619047619047596,CPI
1899,SWE,true,,,0.04422604422604418,CPI
1900,SWE,true,,,0.011764705882352833,CPI
1901,SWE,true,,,-0.024418604651162756,CPI
1902,SWE,true,,,0.008343265792610077,CPI
1903,SWE,true,,,0.016548463356974134,CPI
1904,SWE,true,,,-0.011627906976744238,CPI
1905,SWE,true,,,0.021176470588235356,CPI
1906,SWE,true,,,0.02073732718894015,CPI
1907,SWE,true,,,0.05191873589164802,CPI
1908,SWE,true,,,0.015021459227467787,CPI
1909,SWE,true,,,-0.00951374207188149,CPI
1910,SWE,true,,,0.0,CPI
1911,SWE,true,,,0.029882604055496215,CPI
1912,SWE,true,,,0.020725388601036353,CPI
1913,SWE,true,,,0.0030456852791878705,CPI
1914,SWE,true,,,0.013157894736842063,CPI
1915,SWE,true,,,0.14885114885114875,CPI
1916,SWE,true,,,0.1304347826086956,CPI
1917,SWE,true,,,0.2615384615384616,CPI
1918,SWE,true,,,0.4695121951219511,CPI
1919,SWE,true,,,0.10373443983402494,CPI
1920,SWE,true,,,0.018796992481203135,CPI
1921,SWE,true,,,-0.18450184501845013,CPI
1922,SWE,true,,,-0.167420814479638,CPI
1923,SWE,true,,,-0.05434782608695659,CPI
1924,SWE,true,,,0.0,CPI
1925,SWE,true,,,0.01724137931034482,CPI
1926,SWE,true,,,-0.03389830508474575,CPI
1927,SWE,true,,,-0.011695906432748584,CPI
1928,SWE,true,,,0.011834319526627267,CPI
1929,SWE,true,,,-0.0175438596491228,CPI
1930,SWE,true,,,-0.0357142857142857,CPI
1931,SWE,true,,,-0.030864197530864237,CPI
1932,SWE,true,,,-0.012738853503184764,CPI
1933,SWE,true,,,-0.025806451612903156,CPI
1934,SWE,true,,,0.006622516556291507,CPI
1935,SWE,true,,,0.01973684210526297,CPI
1936,SWE,true,,,0.012903225806451665,CPI
1937,SWE,true,,,0.031847133757961825,CPI
1938,SWE,true,,,0.018518518518518677,CPI
1939,SWE,true,,,0.03030303030303034,CPI
1940,SWE,true,,,0.1352941176470588,CPI
1941,SWE,true,,,0.13471502590673584,CPI
1942,SWE,true,,,0.06849315068493159,CPI
1943,SWE,true,,,0.004273504273504231,CPI
1944,SWE,true,,,-0.004255319148936129,CPI
1945,SWE,true,,,-0.004273504273504231,CPI
1946,SWE,true,,,0.0042918454935623055,CPI
1947,SWE,true,,,0.02991452991452985,CPI
1948,SWE,true,,,0.05809128630705393,CPI
1949,SWE,true,,,0.003921568627451048,CPI
1950,SWE,true,,,0.015625000000000056,CPI
1951,SWE,true,,,0.1692307692307692,CPI
1952,SWE,true,,,0.07236842105263157,CPI
1953,SWE,true,,,0.006134969325153314,CPI
1954,SWE,true,,,0.006097560975609696,CPI
1955,SWE,true,,,0.027272727272727414,CPI
1956,SWE,true,,,0.050147492625368634,CPI
1957,SWE,true,,,0.044943820224719266,CPI
1958,SWE,true,,,0.043010752688172046,CPI
1959,SWE,true,,,0.00773195876288659,CPI
1960,SWE,true,,,0.04092071611253197,CPI
1961,SWE,true,,,0.02211302211302209,CPI
1962,SWE,true,,,0.048076923076923114,CPI
1963,SWE,true,,,0.029816513761467902,CPI
1964,SWE,true,,,0.031180400890868525,CPI
1965,SWE,true,,,0.05183585313174953,CPI
1966,SWE,true,,,0.06570841889117043,CPI
1967,SWE,true,,,0.0404624277456647,CPI
1968,SWE,true,,,0.020370370370370417,CPI
1969,SWE,true,,,0.02722323049001812,CPI
1970,SWE,true,,,0.06890459363957609,CPI
1971,SWE,true,,,0.07438016528925612,CPI
1972,SWE,true,,,0.0600000000000001,CPI
1973,SWE,true,,,0.06676342525399132,CPI
1974,SWE,true,,,0.09931972789115645,CPI
1975,SWE,true,,,0.09777227722772275,CPI
1976,SWE,true,,,0.10372040586245765,CPI
1977,SWE,true,,,0.11338100102145045,CPI
1978,SWE,true,,,0.10091743119266057,CPI
1979,SWE,true,,,0.07166666666666671,CPI
1980,SWE,true,,,0.13608087091757387,CPI
1981,SWE,true,,,0.12114989733059557,CPI
1982,SWE,true,,,0.08547008547008546,CPI
1983,SWE,true,,,0.08942632170978636,CPI
1984,SWE,true,,,0.08002065049044929,CPI
1985,SWE,true,,,0.07361376673040146,CPI
1986,SWE,true,,,0.04229741763134467,CPI
1987,SWE,true,,,0.04228961982058948,CPI
1988,SWE,true,,,0.05819672131147536,CPI
1989,SWE,true,,,0.06429124709527492,CPI
1990,SWE,true,,,0.10480349344978168,CPI
1991,SWE,true,,,0.09321475625823467,CPI
1992,SWE,true,,,0.02289846339258818,CPI
1993,SWE,true,,,0.04653902798232699,CPI
1994,SWE,true,,,0.021953278919223218,CPI
1995,SWE,true,,,0.025337372624621317,CPI
1996,SWE,true,,,0.0045662100456619874,CPI
1997,SWE,true,,,0.0053475935828877314,CPI
1998,SWE,true,,,-0.0015957446808511188,CPI
1999,SWE,true,,,0.004794885455514169,CPI
2000,SWE,true,,,0.00980911983032877,CPI
2001,SWE,true,,,0.02441585718036235,CPI
2002,SWE,true,,,0.02152742183495629,CPI
2003,SWE,true,,,0.019317611640742582,CPI
2004,SWE,true,,,0.003691853310361823,CPI
2005,SWE,true,,,0.00465914664051025,CPI
2006,SWE,true,,,0.013668537954600836,CPI
2007,SWE,true,,,0.02191187093667245,CPI
2008,SWE,true,,,0.03440150801131011,CPI
2009,SWE,true,,,-0.002733485193621765,CPI
2010,SWE,true,,,0.01279122887163099,CPI
2011,SWE,true,,,0.026161479476770392,CPI
2012,SWE,true,,,0.008791208791208838,CPI
2013,SWE,true,,,-0.0004357298474944429,CPI
2014,SWE,true,,,-0.0017436791630339355,CPI
2015,SWE,true,,,-0.00043668122270750117,CPI
2016,SWE,true,,,0.009829619921363091,CPI
2017,SWE,true,,,0.017953709712307857,CPI
2018,SWE,true,,,0.019549511262218437,CPI
2019,SWE,true,,,0.017924135056273577,CPI
2020,SWE,true,,,0.004914004914004904,CPI
1872,USA,true,,,0.0,CPI
1873,USA,true,,,-0.0204415372035978,CPI
1874,USA,true,,,-0.0485809682804675,CPI
1875,USA,true,,,-0.03649763116336198,CPI
1876,USA,true,,,-0.022764523766162715,CPI
1877,USA,true,,,-0.023201639955273863,CPI
1878,USA,true,,,-0.04769627015167414,CPI
1879,USA,true,,,0.0,CPI
1880,USA,true,,,0.025042572373034047,CPI
1881,USA,true,,,0.0,CPI
1882,USA,true,,,0.0,CPI
1883,USA,true,,,-0.01622202677611657,CPI
1884,USA,true,,,-0.02483361478096752,CPI
1885,USA,true,,,-0.016909442803300374,CPI
1886,USA,true,,,-0.02590405139363808,CPI
1887,USA,true,,,0.008828847994894208,CPI
1888,USA,true,,,0.0,CPI
1889,USA,true,,,-0.026254744833403766,CPI
1890,USA,true,,,-0.01808337845154312,CPI
1891,USA,true,,,0.0,CPI
1892,USA,true,,,0.0,CPI
1893,USA,true,,,-0.009153065725628514,CPI
1894,USA,true,,,-0.04629938786866975,CPI
1895,USA,true,,,-0.01937215544404245,CPI
1896,USA,true,,,0.0,CPI
1897,USA,true,,,-0.009996429846483428,CPI
1898,USA,true,,,0.0,CPI
