year,iso,eq_tr,bond_tr,bill_rate,cpi,xrusd,eq_tr_usd,bond_tr_usd,bill_rate_usd,xrusd_return,cpi_return
1870,AUS,-0.004903895314782858,,0.04879999905824661,2.708333,0.36694614706545575,,,,,
1871,AUS,0.11019296944141388,,0.04600000008940697,2.666667,0.3691464495849117,0.10357564888884974,,0.03976530261869948,0.005996254592267121,-0.015384371124230366
1872,AUS,0.1767493039369583,,0.04600000008940697,2.541667,0.36923880927016545,0.17645495731735727,,0.04573835849497487,0.00025019795086092035,-0.046874994140625736
1873,AUS,0.15168581902980804,,0.04399999976158142,2.541667,0.3624047757834013,0.1734036880520009,,0.0636871877770524,-0.01850843767011448,0.0
1874,AUS,0.19148139655590057,,0.04500000178813934,2.666667,0.37222345512135085,0.16005195918715476,,0.017434517172535857,0.02709312899291893,0.04918032141897424
1875,AUS,0.12440787255764008,,0.04600000008940697,2.75,0.3609256158331147,0.15960454157006487,,0.07874231423418454,-0.030352303523035258,0.031249871093766153
1876,AUS,0.11881456524133682,,0.04600000008940697,2.791667,0.3720217079912038,0.08544428265550508,,0.014801518524917956,0.030743432084963804,0.015151636363636327
1877,AUS,0.136591374874115,,0.04500000178813934,2.875,0.39991067984815576,0.05732776311272314,,-0.02787621059871148,0.0749659798282829,0.02985062330141815
1878,AUS,-0.0789373591542244,,0.04800000041723251,2.833333,0.41257288115076557,-0.10720552970913966,,0.015836017817588477,0.03166257352121126,-0.014492869565217356
1879,AUS,0.12413585931062698,,0.04899999871850014,2.75,0.4150882566293221,0.11732375675191475,,0.0426432087307298,0.0060968027552865895,-0.029411650519017743
1880,AUS,0.11423738300800323,,0.04699999839067459,2.666667,0.41252253898543567,0.12116747347067847,,0.05351190044486742,-0.006181137632562857,-0.030302909090909127
1881,AUS,0.07269452512264252,,0.04699999839067459,2.625,0.415874878239073,0.06404760713866375,,0.03856020224808221,0.00812643901078014,-0.015625123046859583
1882,AUS,0.09030421078205109,,0.04500000178813934,2.666667,0.4124365263221646,0.09939372961440474,,0.05371183386411538,-0.008267755752565057,0.01587314285714282
1883,AUS,0.28716498613357544,,0.04699999839067459,2.958333,0.4131763213548113,0.2848603084119288,,0.0451253377241323,0.0017937185128671985,0.10937473632815804
1884,AUS,0.04399999976158142,,0.04899999871850014,3.0,0.4137967507243865,0.04243467025970715,,0.04742717242938621,0.0015016092101812237,0.014084621305309408
1885,AUS,0.11300000548362732,,0.04800000041723251,3.0,0.41309466050859567,0.11489164555726816,,0.049781167342836774,-0.0016967030663284557,0.0
1886,AUS,0.029000001028180122,,0.04699999839067459,3.0,0.4121250083411612,0.03142104333595741,,0.04946339128650923,-0.0023472880676807155,0.0
1887,AUS,0.28200000524520874,,0.04600000008940697,2.916667,0.41447168205588253,0.2747415221091378,,0.040077712000549326,0.005694082298395014,-0.0277776666666667
1888,AUS,0.2619999945163727,,0.04600000008940697,2.791667,0.4129029645341571,0.2667946355673245,,0.04997400528870677,-0.0037848605577688907,-0.042857137959184236
1889,AUS,-0.010999999940395355,,0.04500000178813934,2.791667,0.4117739386444417,-0.00828830184538798,,0.04786524396605718,-0.002734361306873156,0.0
1890,AUS,0.0139999995008111,,0.0430000014603138,2.791667,0.4127704266670076,0.011552055585489107,,0.04048204730990701,0.0024199880785227596,0.0
1891,AUS,-0.10399999469518661,,0.0430000014603138,2.75,0.41335053898449514,-0.10525747615589354,,0.041536214454076514,0.0014054115314698868,-0.014925490755165248
1892,AUS,0.06300000101327896,,0.0430000014603138,2.708333,0.4123145091878488,0.06567101949636389,,0.04562076559869821,-0.0025064193679089786,-0.015151636363636327
1893,AUS,-0.049000002443790436,,0.041999999433755875,2.625,0.4131714963323109,-0.05097253631779619,,0.039838716257227125,0.0020784792321524755,-0.030769111479275295
1894,AUS,0.10600000619888306,,0.039000000804662704,2.458333,0.4124115766942889,0.1080379488073322,,0.04091448756772853,-0.0018392353895844947,-0.06349219047619044
1895,AUS,0.20100000500679016,,0.035999998450279236,2.291667,0.41104284708261263,0.20499920918256742,,0.03944976989293969,-0.0033188438177400763,-0.06779634817577611
1896,AUS,0.017000000923871994,,0.032999999821186066,2.291667,0.4130498688942322,0.012058367145520554,,0.027980621564041464,0.0048827557172310306,0.0
1897,AUS,0.08500000089406967,,0.03099999949336052,2.291667,0.4129649029197701,0.08522323556054023,,0.0312121238627876,-0.00020570391340280479,0.0
1898,AUS,0.1550000011920929,,0.029999999329447746,2.25,0.4162815219700577,0.14579782717075496,,0.021793731601287725,0.008031237102325662,-0.01818196099171472
1899,AUS,0.1210000067949295,,0.03099999949336052,2.375,0.4155174733995985,0.12306128822713713,,0.03289578998638465,-0.001835413128219882,0.05555555555555555
1900,AUS,0.12200000137090683,0.01996787264943123,0.03099999949336052,2.416667,0.4155043641520236,0.12203540070017027,0.0200000528441886,0.031032527753973804,-0.00003154920891211029,0.01754399999999996
1901,AUS,-0.03200000151991844,0.0019368263892829418,0.02879999950528145,2.458333,0.4150841148947982,-0.031019956112836256,0.002951230920720027,0.02984160148452153,-0.0010114195986438103,0.01724110107019304
1902,AUS,0.15600000321865082,0.004963635001331568,0.02879999950528145,2.625,0.4152713811266021,0.15547870612377102,0.004510447612120938,0.028336063130314892,0.0004511524895415251,0.06779675495549216
1903,AUS,0.21899999678134918,-0.014857573434710503,0.031300000846385956,2.666667,0.4155164907043526,0.21828091924490178,-0.015438700416675055,0.03069164591127116,0.0005902395129794753,0.01587314285714282
1904,AUS,0.07500000298023224,0.01384330727159977,0.032499998807907104,2.541667,0.4146392388698032,0.07727437944138305,0.015988294571098738,0.034684458051550626,-0.0021112322956481112,-0.046874994140625736
1905,AUS,0.1459999978542328,0.08857621252536774,0.032499998807907104,2.541667,0.41488145716796226,0.14533093404245068,0.08794067417324625,0.03189719916902334,0.0005841663678992181,0.0
1906,AUS,0.10199999809265137,0.07954419404268265,0.032499998807907104,2.583333,0.4149464723511342,0.10182733309486136,0.07937504749440571,0.03233822329944891,0.00015670785485503796,0.016393178177943925
1907,AUS,0.08799999952316284,-0.03257241100072861,0.03189999982714653,2.583333,0.41196953439646916,0.09586200926619148,-0.02558167098811781,0.039356624694819375,-0.007174269822797517,0.0
1908,AUS,0.17299999296665192,0.051706720143556595,0.03189999982714653,2.666667,0.41480299208149884,0.16498740407973722,0.044522667604218524,0.0248512440551103,0.006877833063992627,0.032258326743009824
1909,AUS,0.13500000536441803,0.025407500565052032,0.031300000846385956,2.708333,0.41355515351010147,0.13842469194662832,0.028501508751735072,0.034411788739283855,-0.003008268009677723,0.015624748046906571
1910,AUS,0.06700000166893005,0.03399746119976044,0.031300000846385956,2.75,0.41395996734233387,0.06595657623230977,0.03298630913722134,0.03029148664583614,0.0009788629854965887,0.015384740355044928
1911,AUS,0.10700000077486038,0.02622406557202339,0.032499998807907104,2.958333,0.4146558862439013,0.10514211752725289,0.024501748951984315,0.030767149259942173,0.0016811260906104551,0.07575745454545459
1912,AUS,0.0860000029206276,0.004786519333720207,0.033799998462200165,3.208333,0.41416473580788926,0.0872878705945932,0.005978077412915672,0.035025963099202695,-0.001184477182902355,0.08450705177544245
1913,AUS,0.08899999409914017,0.046712275594472885,0.032999999821186066,3.166667,0.41384943971647487,0.08982966162732375,0.04750972572405732,0.033787003091258816,-0.0007612818382505818,-0.01298680654408386
1914,AUS,0.11399999260902405,0.034674618393182755,0.032999999821186066,3.333333,0.40966984169970594,0.12536541833934245,0.04523073832892188,0.04353903470025289,-0.010099320225327205,0.052631362880909235
1915,AUS,-0.03500000014901161,0.015299476683139801,0.034730080515146255,3.708333,0.4272693557290839,-0.07474900346039304,-0.02652139613235638,-0.007891152026961112,0.042960238313755804,0.11250001125000113
1916,AUS,-0.03400000184774399,0.03868512809276581,0.03524843975901604,3.791667,0.42591712884425026,-0.030933087934712833,0.04198280705415258,0.03853520771907171,-0.0031648112992476367,0.02247209190760371
1917,AUS,0.1550000011920929,0.052007488906383514,0.03680352121591568,4.041667,0.42450906625965557,0.15883104372132517,0.055496913518428004,0.04024251548443192,-0.003305954349418981,0.06593406013766516
1918,AUS,0.07500000298023224,0.012830662541091442,0.03732188045978546,4.333333,0.424438120878588,0.07517969062162799,0.012999958496794362,0.03749527015425169,-0.00016712335897241078,0.07216477755342023
1919,AUS,0.18700000643730164,0.04032709449529648,0.03732188045978546,4.875,0.4573750556384178,0.10152061421865222,-0.03458994616501343,-0.037378745821544435,0.07760126421173066,0.12500008653846828
1920,AUS,0.08100000023841858,0.022570228204131126,0.03939530998468399,4.958333,0.5594117322889597,-0.11617435474380367,-0.16394653879467025,-0.15019035122954016,0.2230919141580995,0.017093948717948646
1921,AUS,0.19900000095367432,0.09520445019006729,0.04084672033786774,4.5,0.5297549951485833,0.2661224031683451,0.15651617125302275,0.0991153876862998,-0.053014149379794324,-0.09243691377727145
1922,AUS,0.21299999952316284,0.06473860144615173,0.04084672033786774,4.416667,0.45266236183674174,0.4195852428622808,0.24607354222007793,0.21811265033312588,-0.14552507105708165,-0.01851844444444437
1923,AUS,0.16200000047683716,0.04092918708920479,0.041468750685453415,4.416667,0.435687530180402,0.20727270861377578,0.08148485254443005,0.08204543809007991,-0.03749998472915208,0.0
1924,AUS,0.13699999451637268,0.03612132370471954,0.041468750685453415,4.458333,0.44232046227806776,0.11994981393048709,0.02058389559279905,0.025851133834631224,0.01522405769777091,0.009433810608768856
1925,AUS,0.1770000010728836,0.08992226421833038,0.04209078103303909,4.5,0.41447141948415456,0.2560846420334355,0.16315600326849777,0.1121106410085495,-0.06296123550441968,0.009345869857635207
1926,AUS,0.14100000262260437,0.041868820786476135,0.04209078103303909,4.5,0.41257451845657517,0.1462459981473394,0.04665903915513869,0.04688201991218155,-0.004576675105705109,0.0
1927,AUS,0.12399999797344208,0.0581154003739357,0.04209078103303909,4.583333,0.41433834413409815,0.11921516430784318,0.053611035428271725,0.037654632402534416,0.004275168723752936,0.01851844444444437
1928,AUS,0.1770000010728836,0.04486045241355896,0.04209078103303909,4.625,0.4151414263418,0.17472311975160482,0.04283919222216159,0.0400748787116727,0.00193822806667865,0.009090982479344256
1929,AUS,-0.05300000309944153,-0.01681390590965748,0.04343852028250694,4.625,0.4365832221661474,-0.09950976240364107,-0.06510086339333276,-0.007807598604403165,0.0516493764866859,0.0
1930,AUS,-0.29600000381469727,-0.044330671429634094,0.04343852028250694,4.25,0.5307128194828947,-0.4208645891783641,-0.2138324542468366,-0.14163039860035553,0.21560516423355605,-0.08108108108108109
1931,AUS,0.1770000010728836,0.03795658424496651,0.042816489934921265,4.083333,0.5523449889357013,0.13090369535963298,-0.00269419228929324,0.0019753789076983885,0.040760593410734014,-0.039215764705882436
1932,AUS,0.24799999594688416,0.33444881439208984,0.03286398947238922,3.916667,0.7169864074720653,-0.03857794684916127,0.028019649939285518,-0.2043123232298677,0.29807714713517575,-0.04081616659723803
1933,AUS,0.25600001215934753,0.05805879086256027,0.02768038958311081,3.916667,0.5933163830278935,0.5177988713328083,0.2785990629203976,0.24188863081174428,-0.1724858702415362,0.0
1934,AUS,0.23200000822544098,0.0723716989159584,0.02591796964406967,3.916667,0.5002905825283235,0.4610824474779529,0.2717722857121192,0.2166807857073323,-0.15678953617432234,0.0
1935,AUS,0.10100000351667404,0.021961230784654617,0.023326169699430466,3.958333,0.5122578566716348,0.0752786432636936,-0.0019136401487070964,-0.0005805886866452337,0.02392064644277772,0.01063812675420203
1936,AUS,0.1979999989271164,0.03695134073495865,0.023326169699430466,4.083333,0.504946822636257,0.21534562498890875,0.051965172301545515,0.03814272487033965,-0.014272175507235394,0.03157895002770094
1937,AUS,0.024000000208616257,-0.012195300310850143,0.023326169699430466,4.166667,0.5077324401141773,0.018381938267705067,-0.01761478076714529,0.01771180465455191,0.005516655126923972,0.02040832819659839
1938,AUS,-0.004999999888241291,-0.016877157613635063,0.023326169699430466,4.25,0.5134151834605164,-0.01601317170784211,-0.02775886694203633,0.011999469264125873,0.011192397604260221,0.019999918400006443
1939,AUS,0.05300000309944153,0.020138269290328026,0.024155549705028534,4.375,0.5659629860207143,-0.04476758528615654,-0.07457821514918295,-0.07093392601354975,0.10234952968475852,0.029411764705882353
1940,AUS,0.03500000014901161,0.11944659054279327,0.023326169699430466,4.625,0.655393891728929,-0.1062295544584515,-0.03330601174362213,-0.11631044783100841,0.15801546729584467,0.05714285714285714
1941,AUS,-0.054999999701976776,-0.0033347487915307283,0.022496800869703293,4.875,0.6225099601593626,-0.0050806131349167005,0.04931384161835406,0.0765099363724544,-0.05017430278884454,0.05405405405405406
1942,AUS,0.18400000035762787,0.0647120252251625,0.021563749760389328,5.166667,0.6220839813374806,0.18481075732998442,0.065441098449607,0.02226327673046935,-0.0006842923794712455,0.05982912820512828
1943,AUS,0.08899999409914017,0.05429811775684357,0.021563749760389328,5.208333,0.6198090987975704,0.09299694586597362,0.05816770338344712,0.025313190583771128,-0.0036568736829055665,0.008064386576491056
1944,AUS,0.07999999821186066,0.04938143864274025,0.021563749760389328,5.25,0.6195786864931846,0.08040163450721671,0.049771688341008424,0.021943654464651408,-0.0003717472118960618,0.008000064512004195
1945,AUS,0.14100000262260437,0.03436411917209625,,5.375,0.6211180124223602,0.13817224549094975,0.031800639322846935,,0.0024844720496894276,0.023809523809523808
1946,AUS,0.13300000131130219,0.09984293580055237,,5.5,0.6223937262712392,0.13067770317196836,0.09758859934829012,,0.0020538992966952453,0.023255813953488372
1947,AUS,0.16600000858306885,-0.034264713525772095,,5.916667,0.6230529595015576,0.16476629972977253,-0.035286528417790564,,0.0010591900311525038,0.07575763636363643
1948,AUS,0.024000000208616257,0.0579167939722538,0.02250000089406967,6.416667,0.6203473045260441,0.028466193057808953,0.06253091547549317,0.026959651471571977,-0.004342576235699087,0.08450703749256126
1949,AUS,0.08100000023841858,-0.04020370915532112,0.019899999722838402,6.968818,0.892856999892857,-0.2489329910377277,-0.3331440062730756,-0.2913846049366259,0.43928569267342094,0.08604950202340239
1950,AUS,0.3140000104904175,0.04981490224599838,0.019500000402331352,7.609278,0.892856999892857,0.3140000104904175,0.04981490224599838,0.019500000402331352,0.0,0.0919036772089614
1951,AUS,-0.04600000008940697,-0.08226433396339417,0.020099999383091927,9.118934,0.899280575941751,-0.05281443789003781,-0.08881973502651053,0.012813408191403086,0.0071944063267296065,0.19839674670842616
1952,AUS,-0.13300000131130219,0.014635879546403885,0.024900000542402267,10.68959,0.8920606609217285,-0.1259829153808183,0.022847860129676878,0.033195054042790106,-0.008028545498674442,0.17224118520870987
1953,AUS,0.12999999523162842,0.0874667838215828,0.030700000002980232,11.14706,0.8920606609217285,0.12999999523162842,0.0874667838215828,0.030700000002980232,0.0,0.04279584156174361
1954,AUS,0.1860000044107437,0.07898322492837906,0.033399999141693115,11.2233,0.899280575941751,0.17647814941390383,0.0703205590147351,0.025103300230253867,0.008093524730215625,0.006839471573670574
1955,AUS,0.10300000011920929,-0.09786063432693481,0.03790000081062317,11.45204,0.8940545381262892,0.10944739171028384,-0.09258733808070707,0.043966861859471296,-0.0058113540481945555,0.020380814911835216
1956,AUS,0.07699999958276749,-0.006890301592648029,0.0471000000834465,12.16875,0.899280575941751,0.07074117127528656,-0.012661613658788817,0.041014931259097054,0.005845323291366846,0.06258360955777303
1957,AUS,0.16700001060962677,0.04079161584377289,0.04569999873638153,12.46991,0.8924587245813981,0.17592042383506,0.04874730668394944,0.053693208688188276,-0.007585898709319871,0.024748638931689878
1958,AUS,0.1889999955892563,0.09300865232944489,0.042899999767541885,12.63384,0.8940545381262892,0.1868777287510235,0.09105772211468866,0.04103850936105724,0.0017881090754529175,0.013146045159908836
1959,AUS,0.4429999887943268,0.07289112359285355,0.039900001138448715,12.86639,0.8948545865299573,0.44170986875146623,0.0719319008949304,0.03897027428851274,0.0008948541387025388,0.01840691349581771
1960,AUS,-0.06199999898672104,-0.013662530109286308,0.04390000179409981,13.35436,0.8936550499500042,-0.060740939002363104,-0.012338587637995557,0.04530120938312998,-0.001340482127498074,0.03792594503975077
1961,AUS,0.11600000411272049,0.041182514280080795,0.04989999905228615,13.68984,0.8924587245813981,0.11749598267118078,0.04257820129716561,0.05130737170580013,-0.0013386880862734144,0.025121383578097373
1962,AUS,0.041999999433755875,0.14103387296199799,0.042899999767541885,13.65172,0.8940545381262892,0.040140115453570546,0.13899722169297313,0.04103850936105724,0.0017881090754529175,-0.002784546787982989
1963,AUS,0.26600000262260437,0.049746498465538025,0.03819999843835831,13.72415,0.8960573484724516,0.2631703200048383,0.04740017191449897,0.03587947988917972,0.002240143370179322,0.005305558566979155
1964,AUS,0.04399999976158142,0.00975099578499794,0.041200000792741776,14.04819,0.8976660690269841,0.0421290320192349,0.007941406186006139,0.039334050969696666,0.0017953321372510317,0.023610934010485175
1965,AUS,-0.0819999948143959,0.05283568426966667,0.048500001430511475,14.60478,0.8940545381262892,-0.07829173626395658,0.05708861118289832,0.0527354143645824,-0.004023245419769028,0.03962005069692252
1966,AUS,0.06700000166893005,0.03102748841047287,0.04919999837875366,15.03938,0.8976660682226211,0.06270719975157202,0.026879412710215433,0.044978810227218835,0.0040394964091348485,0.029757380802723467
1967,AUS,0.42500001192092896,0.042242784053087234,0.045499999076128006,15.51972,0.8920606609206608,0.4339542297471821,0.04879188499216136,0.05206956725209988,-0.00624442373438371,0.031938816626749245
1968,AUS,0.3479999899864197,0.021812694147229195,0.04809999838471413,15.93145,0.9009009009009008,0.33477251580704626,0.011785987078689386,0.03781534276971299,0.009909909009008767,0.026529473469882214
1969,AUS,0.10100000351667404,0.11040104180574417,0.0478999987244606,16.39655,0.8944543836265245,0.10893513768526253,0.1184039311967755,0.055452430203645875,-0.007155634174557677,0.02919382730385504
1970,AUS,-0.13699999451637268,-0.005159309599548578,0.05381666496396065,17.037,0.8968609873514449,-0.13931573693029642,-0.007828828449164882,0.050988892157413535,0.002690582962054413,0.039060046168248666
1971,AUS,-0.061000000685453415,0.11616829037666321,0.054116666316986084,18.07013,0.8396305632574564,0.0030035867691735607,0.19224792279343994,0.12596677099137277,-0.06381192280756673,0.06064037095732817
1972,AUS,0.36400002241134644,0.0883873850107193,0.04319166764616966,19.12994,0.7843137261053441,0.46020153540778197,0.1651502233127038,0.11676689867543377,-0.06588235299284895,0.05864982709034204
1973,AUS,-0.257999986410141,-0.12465823441743851,0.0521249994635582,20.94076,0.6720430112043301,-0.13404233698378998,0.021575331241635354,0.22789176421767943,-0.14314516138652217,0.09465894822461542
1974,AUS,-0.2619999945163727,0.006274927873164415,0.09069166332483292,24.10494,0.7535795032054102,-0.34185080161497106,-0.10260293737983084,-0.027320001939487804,0.12132630001607075,0.15110148819813599
1975,AUS,0.5460000038146973,0.06314481049776077,0.07509999722242355,27.73803,0.7954816647804325,0.4645641331680632,0.007143437242451922,0.01846888202839292,0.055604168368152365,0.15071972798936648
1976,AUS,0.035999998450279236,0.07441657781600952,0.07511666417121887,31.4893,0.9204712812960235,-0.10467711461959561,-0.07147707336899556,-0.07087205084341719,0.15712444679675988,0.1352392365283332
1977,AUS,0.13199999928474426,0.16124147176742554,0.08524999767541885,35.36256,0.8761170500053592,0.18930854018005072,0.22003038909618744,0.1401917767502514,-0.04818643687417769,0.12300241669392466
1978,AUS,0.24299998581409454,0.13986517488956451,0.08646667003631592,38.16457,0.8691873106207626,0.2529100084887206,0.1489529382508601,0.09512870499863624,-0.007909604526648847,0.07923662766496531
1979,AUS,0.38999998569488525,0.007620513904839754,0.0887666642665863,41.63373,0.9045680695654166,0.3356323199750788,-0.03179097950248666,0.04618126667025302,0.04070556313044364,0.09090001538075766
1980,AUS,0.5230000019073486,-0.04250805824995041,0.10667499899864197,45.8498,0.846955196787461,0.6265998212171924,0.02262391288052057,0.18195492663317614,-0.06369103079841701,0.10126572853309089
1981,AUS,-0.1080000028014183,-0.0033732643350958824,0.13250833749771118,50.29345,0.8866034230752756,-0.14788955975235818,-0.047941648927012026,0.08186343170409383,0.046812660738374486,0.09691754380607981
1982,AUS,-0.15299999713897705,0.19335214793682098,0.14642499387264252,55.89891,1.0197838068731224,-0.26361538904610016,0.03750431431066481,-0.0032943090328984015,0.15021415475241104,0.11145507019303708
1983,AUS,0.6370000243186951,0.15729685127735138,0.11060833185911179,61.55228,1.1086474501108647,0.505786277219304,0.06453371498746163,0.021587514132680452,0.08713968847006646,0.10113560353860214
1984,AUS,0.004999999888241291,0.13867172598838806,0.10984999686479568,63.98371,1.2080212611741967,-0.07767294910478262,0.04500272147803486,0.018551915082791304,0.08963517757912545,0.03950186735568526
1985,AUS,0.4209999740123749,0.05632564052939415,0.1542000025510788,68.2956,1.4686444411807902,0.16883170126241365,-0.13112813646235277,-0.05062239461581364,0.21574386840945806,0.0673904342214603
1986,AUS,0.5109999775886536,0.22134605050086975,0.15386666357517242,74.49994,1.5042117930204575,0.4752721179335242,0.19246710878686746,0.12658328380786377,0.024217809867629468,0.09084538389003102
1987,AUS,-0.09600000083446503,0.16009521484375,0.12798333168029785,80.82405,1.3840830449826989,-0.017539110413509085,0.260783382558077,0.2258844120622976,-0.07986159169550193,0.08488745091606792
1988,AUS,0.2110000103712082,0.11884356290102005,0.12141666561365128,86.66906,1.168907071887785,0.4339245797544202,0.3248036928191316,0.3278504601141572,-0.15546464056107528,0.0723177074150578
1989,AUS,0.17899999022483826,0.1347299963235855,0.1679999977350235,93.22074,1.2615112905260504,0.09245270865134914,0.05143245831175469,0.08226019661549167,0.07922290904503605,0.07559422012884419
1990,AUS,-0.15299999713897705,0.18066853284835815,0.1415083259344101,100.0,1.29315918789603,-0.1737288984326617,0.15177365516795183,0.11357182849133274,0.025087288245182856,0.07272265806943812
1991,AUS,0.2750000059604645,0.2986027002334595,0.09955833107233047,103.2227,1.3161358252171624,0.25274150333474843,0.2759321500548073,0.08036262763320412,0.0177678336404317,0.03222700000000003
1992,AUS,-0.02199999988079071,0.13209065794944763,0.06265000253915787,104.2404,1.4522218995062446,-0.11364727549080333,0.026003720800197083,-0.03692972920707527,0.10339819924484461,0.009859265452269615
1993,AUS,0.40456143021583557,0.2528584599494934,0.05001666769385338,106.1304,1.476886722788362,0.3811044792319813,0.23193503228550982,0.032480809897630136,0.016984197312066032,0.018131166035433487
1994,AUS,-0.08810185641050339,-0.1244513988494873,0.05694166570901871,108.1415,1.2873326799004294,0.04617111165611876,0.004469259877043497,0.21257165084024865,-0.12834704243941913,0.01894933025787144
1995,AUS,0.20723018050193787,0.23438693583011627,0.07643807679414749,113.1573,1.342281879194631,0.15780961332406784,0.18385464839151577,0.03237176603897418,0.04268453691275174,0.04638182381416952
1996,AUS,0.14342470467090607,0.15034890174865723,0.07016424834728241,116.1134,1.2554926390529346,0.22246695325986598,0.22986980372376742,0.14414217466227242,-0.06465798390556375,0.02612381172049874
1997,AUS,0.11419185996055603,0.17412561178207397,0.05290240794420242,116.37432898876405,1.5320974179240476,-0.08696427374142113,-0.03785095799372018,-0.13718853164950062,0.22031573126527162,0.0022471910112359986
1998,AUS,0.08479026705026627,0.1356986165046692,0.048368144780397415,117.3745567790262,1.628929766591794,0.020304497605356575,0.06818658089066476,-0.013952497772494965,0.06320247494376147,0.00859491778774266
1999,AUS,0.19295363128185272,-0.0689505934715271,0.047584500163793564,119.02710704119848,1.5295197308045272,0.27048879528781145,-0.008437706348439877,0.11567150195532383,-0.06102782196390339,0.014079288625416816
2000,AUS,0.0502253957092762,0.17290611565113068,0.059760842472314835,124.33266314606739,1.8050541516245486,-0.11008738265075102,-0.0061333923665856105,-0.10200748435352958,0.18014440433213005,0.04457435147972232
2001,AUS,0.10134624689817429,0.01772843301296234,0.04800190031528473,129.81217191011234,1.9584802193497843,0.015067497592432755,-0.06199975108949718,-0.034097887543349525,0.08499804151978059,0.04407135362014697
2002,AUS,-0.080964095890522,0.1277306079864502,0.045508332550525665,133.76959490636705,1.7661603673613564,0.01911110244180647,0.25053088570687043,0.15935530334921189,-0.09819851642529132,0.030485762144053796
2003,AUS,0.15864193439483643,0.022816898301243782,0.04809166491031647,137.42260074906366,1.3333333333333333,0.5347605983682928,0.354844001635346,0.3883234699447853,-0.2450666666666667,0.027308192457737215
2004,AUS,0.2756807804107666,0.08236133307218552,0.05249999836087227,140.6407249438202,1.2836970474967908,0.3250071039199829,0.1242126379509767,0.09319666496415935,-0.037227214377406836,0.023417721518987248
2005,AUS,0.21087831258773804,0.0635770782828331,0.05457499995827675,144.38070711610487,1.362954886193267,0.14046395114970922,0.0017285010733179007,-0.006750093107332877,0.06174185634455494,0.02659245516388392
2006,AUS,0.24965542554855347,0.009242787025868893,0.0580499991774559,149.51231056179776,1.2637432073802604,0.3477611261231708,0.08847460457076473,0.14111348555147996,-0.07279160874510297,0.03554216867469883
2007,AUS,0.1795337051153183,0.027799386531114578,0.06387526541948318,153.03485191011234,1.134301270417423,0.31413738712203276,0.14508775327414458,0.1852804675771722,-0.10242740471869327,0.023560209424083562
2008,AUS,-0.4038478434085846,0.2755560278892517,0.06671666353940964,159.68854112359548,1.443418013856813,-0.5315174522611926,0.002387949321317473,-0.16172719543999203,0.2725173210161662,0.04347826086956524
2009,AUS,0.3957807421684265,-0.07558394223451614,0.03278174623847008,162.515271835206,1.11495149960977,0.8069800052697147,0.19675052282023708,0.33704091830438987,-0.2275616010703513,0.017701525054466368
2010,AUS,0.03306250274181366,0.07380643486976624,0.0434604175388813,167.16850546816477,0.983961428711995,0.17058916438455518,0.21675714099469934,0.18237130376270194,-0.11748499458821411,0.02863259298902846
2011,AUS,-0.11430837959051132,0.196348175406456,0.046927083283662796,172.77847872659174,0.984639621898385,-0.11491842006506214,0.19552416308451992,0.046205988175626045,0.0006892477353282213,0.033558792924037524
2012,AUS,0.18840819597244263,0.07906865328550339,0.03696666657924652,175.69218576779022,0.961076405574243,0.21754502551134935,0.10552474767976183,0.0623905243951417,-0.023930802498798663,0.016863830858293346
2013,AUS,0.19655711948871613,-0.04908798262476921,0.027374999597668648,180.04100224719096,1.12803158488438,0.019459765907490212,-0.18982844459092785,-0.12468242465801971,0.1737168640721976,0.0247524752475247
2014,AUS,0.05609947443008423,0.18441404402256012,0.02500000037252903,184.52028322097374,1.21921482565228,-0.022884614858931118,0.09583350130547852,-0.05165820608510918,0.08083394294074299,0.024879227053140142
2015,AUS,0.025605125352740288,0.0223712045699358,0.02109166607260704,187.26003760299622,1.36873802354229,-0.08643366912617134,-0.08931431107193699,-0.09045407067465383,0.12263892690938621,0.014847984916332845
2016,AUS,0.1193000003695488,0.014192426577210426,0.019867,189.65188666666663,1.38197899391929,0.10857580107775044,0.004475280415095151,0.010095484807006727,0.009673852957436233,0.012772875058058495
2017,AUS,0.12319999933242798,0.03612414747476578,0.0174,193.43535700374525,1.28205128205128,0.21074626793711104,0.1168834093840756,0.09669983416252048,-0.07230769230769214,0.019949552854849673
2018,AUS,-0.037300001829862595,0.030469045042991638,0.019483,197.17533917602987,1.4168319637291,-0.12887992473271448,-0.06755762565212409,-0.07749858794871844,0.10512893170869984,0.019334532374100565
2019,AUS,0.23810000717639923,0.10067927092313766,0.013442,200.26299887640442,1.42734798743934,0.22897827292119977,0.09256998754427337,0.005975439501272328,0.007422209534687375,0.015659461843846638
2020,AUS,0.04919999837875366,0.009823489934206009,0.002567,202.04601363295876,1.29836406128278,0.15343111440382473,0.11014280894565931,0.10216543448473225,-0.09036613866528576,0.008903365906623387
1870,BEL,0.05885546654462814,0.005250237416476011,0.03320297971367836,0.7120699379582628,4.513422395676972,,,,,
1871,BEL,0.10193062573671341,0.09977610409259796,0.0332646481692791,0.7261703327693175,4.613972775695403,0.0779167122269886,0.07580914317245391,0.010747143605682519,0.022278078850926922,0.019801980198019844
1872,BEL,0.25858625769615173,0.05920558422803879,0.030574839562177658,0.754371122391427,4.669705653604547,0.24356504663027634,0.04656397897805964,0.01827494188763823,0.012079151875954364,0.03883495145631076
1873,BEL,0.18055005371570587,-0.08932191878557205,0.03345952928066254,0.8107727016356459,4.573538023952095,0.2053734398463869,-0.07017312151129962,0.05519004791900528,-0.020593938202126395,0.07476635514018692
1874,BEL,0.02039906196296215,0.001665135147050023,0.0335787795484066,0.775521714608009,4.649791374824896,0.0036652256615281598,-0.01476147775884551,0.01662880502733355,0.016672726994605633,-0.043478260869565306
1875,BEL,-0.07999185472726822,0.048008136451244354,0.03364000841975212,0.7473209249858996,4.503980103979203,-0.050207629718794444,0.08193621666136242,0.06710293670655343,-0.031358669473893055,-0.0363636363636363
1876,BEL,-0.10533401370048523,0.050690099596977234,0.03374059125781059,0.7896221094190637,4.647440688137627,-0.13295121500201157,0.01825663232489494,0.001830333754438529,0.031851957789884235,0.05660377358490563
1877,BEL,0.0018992917612195015,0.0697764977812767,0.033955398947000504,0.7896221094190637,4.957429200440308,-0.06074956480794458,0.00288327316111725,-0.03069792900742363,0.0667009076832141,0.0
1878,BEL,-0.006560247391462326,0.043411947786808014,0.033992718905210495,0.7543711223914269,5.146446999999999,-0.04304712776411357,0.005089697425548323,-0.003983583675619684,0.038128189413759644,-0.044642857142857234
1879,BEL,0.32134297490119934,0.1131322830915451,0.03402120992541313,0.7332205301748448,5.200773922607739,0.30754031810358473,0.10150458069655821,0.02321989629741905,0.010556199764175185,-0.028037383177570156
1880,BEL,0.061406396329402924,0.0644107237458229,0.03402163088321686,0.697969543147208,5.2164447555244475,0.058217802742556835,0.06121310479492581,0.030915304454153913,0.0030131732603463275,-0.04807692307692304
1881,BEL,0.0033816054929047823,0.053281500935554504,0.03408151865005493,0.697969543147208,5.23,0.0007810160159009705,0.050551579664663615,0.031401360372243614,0.002598559960056567,0.0
1882,BEL,-0.06664087623357773,0.013115929439663887,0.03360145166516304,0.6909193457416807,5.26,-0.07196421724365243,0.007337701705217192,0.02770638635148348,0.005736137667303892,-0.010101010101010123
1883,BEL,-0.03271814435720444,0.02446814626455307,0.033456820994615555,0.697969543147208,5.16,-0.013972371961026187,0.044322180106889375,0.05348505395962744,-0.019011406844106397,0.010204081632653085
1884,BEL,-0.03409774228930473,0.06159873306751251,0.03456123173236847,0.6486181613085167,5.14,-0.030339367745683132,0.06572946743742514,0.03858676181693044,-0.0038759689922481513,-0.07070707070707055
1885,BEL,-0.030099039897322655,0.11011754721403122,0.03459674119949341,0.6274675690919346,5.17,-0.03572709189018153,0.10367585931917223,0.028593278484602802,0.00583657587548643,-0.03260869565217398
1886,BEL,0.0036220739129930735,0.09694076329469681,0.03469594940543175,0.5781161872532431,5.14,0.009479790297699298,0.10334314129058031,0.040735030822194984,-0.005802707930367553,-0.07865168539325841
1887,BEL,0.06295962631702423,0.00034998502815142274,0.034018829464912415,0.6133671742808798,5.21,0.04867801905364777,-0.013090417841708502,0.020126062082466367,0.013618677042801612,0.0609756097560975
1888,BEL,0.1556205302476883,0.04112618789076805,0.0338466614484787,0.5992667794698251,5.2,0.15784287742124148,0.04312835363671175,0.035834828105110406,-0.0019193857965450647,-0.022988505747126485
1889,BEL,0.2971450984477997,0.03812418133020401,0.033179640769958496,0.6133671742808798,5.18,0.3021533806811889,0.042132382802521295,0.037168751352081975,-0.003846153846153935,0.023529411764705934
1890,BEL,0.015375316143035889,0.09577672183513641,0.03278009966015816,0.6345177664974619,5.23,0.005668095147404406,0.08530084495334722,0.022906484940653726,0.00965250965250979,0.03448275862068973
1891,BEL,-0.01920868083834648,0.05984026566147804,0.032783009111881256,0.6345177664974619,5.24,-0.021080419997051902,0.057817669734643085,0.030812049170828137,0.0019120458891012976,0.0
1892,BEL,0.02862100675702095,0.007228630594909191,0.032807111740112305,0.6133671742808798,5.3,0.016976240642790685,-0.004173957675976503,0.021114955758148923,0.011450381679389238,-0.0333333333333334
1893,BEL,0.00837431475520134,0.07002045214176178,0.032760139554739,0.5922165820642977,5.56,-0.03877987981968223,0.019983524523621732,-0.015534399345302763,0.04905660377358487,-0.03448275862068973
1894,BEL,0.1291980892419815,0.06302352249622345,0.03244104981422424,0.578116187253243,5.66,0.10924759296562137,0.04424218817650205,0.01420004186697632,0.017985611510791463,-0.023809523809523864
1895,BEL,0.03400697559118271,0.0007995596388354897,0.03159615024924278,0.5640157924421882,5.39,0.0858032433851752,0.05093237616990898,0.0832716531374238,-0.047703180212014216,-0.02439024390243908
1896,BEL,0.10684456676244736,0.025933148339390755,0.03174474835395813,0.5428652002256061,5.51,0.0827390589563688,0.0035897766877162063,0.00927480828091376,0.022263450834879427,-0.03750000000000009
1897,BEL,0.13035796582698822,0.04627842456102371,0.031837739050388336,0.5499153976311335,5.39,0.15552363482499154,0.06957219282583305,0.0548100078233098,-0.02177858439201454,0.012987012987013019
1898,BEL,0.1487068384885788,0.0032150717452168465,0.030935190618038177,0.5499153976311335,5.56,0.11358450709594226,-0.027458770376489472,-0.0005862090951033183,0.03153988868274581,0.0
1899,BEL,0.03951157629489899,-0.025586750358343124,0.030915550887584686,0.5569655950366609,5.52,0.047044268876746065,-0.01852578478122968,0.03838595343024842,-0.007194244604316554,0.012820512820512851
1900,BEL,-0.09390377998352051,0.0029913559556007385,0.031164009124040604,0.6274675690919345,5.47,-0.08562136480969529,0.012159467070368635,0.040589639920421305,-0.009057971014492723,0.12658227848101275
1901,BEL,-0.10635245591402054,0.06926711648702621,0.03134629875421524,0.6415679639029891,5.35,-0.086308025018634,0.09325067797832398,0.05447929984776767,-0.02193784277879344,0.022471910112359425
1902,BEL,0.017839796841144562,0.06137609854340553,0.031370680779218674,0.6274675690919344,5.19,0.04921828768788483,0.09409674898019627,0.06316630870304807,-0.02990654205607463,-0.021978021978022032
1903,BEL,0.11917615681886673,0.012097341008484364,0.03101206012070179,0.6274675690919344,5.13,0.13226593643078344,0.023934736809753332,0.043070680706909004,-0.011560693641618592,0.0
1904,BEL,0.13691067695617676,0.015363634563982487,0.03143617883324623,0.5499153976311335,5.13,0.13691067695617676,0.015363634563982487,0.03143617883324623,0.0,-0.12359550561797748
1905,BEL,0.163978710770607,0.022577369585633278,0.03146369010210037,0.5640157924421881,5.11,0.16853440044094192,0.02657962934917779,0.035500729985083135,-0.003898635477582763,0.0256410256410255
1906,BEL,0.11540910601615906,0.0327976793050766,0.031209399923682213,0.620417371686407,5.16,0.10460087824468478,0.022789949854446157,0.021217060777134922,0.009784735812133037,0.10000000000000006
1907,BEL,-0.07092306017875671,0.0019060677150264382,0.03132813051342964,0.6345177664974616,5.17,-0.07272011422096414,-0.000031855046511375384,0.02933329853951583,0.0019379844961239896,0.022727272727272606
1908,BEL,0.023607909679412842,0.02055974490940571,0.03135325014591217,0.641567963902989,5.11,0.03562678924512008,0.03254283389072943,0.043463073043907174,-0.011605415860734934,0.011111111111111141
1909,BEL,0.1726027876138687,0.0117541728541255,0.030959440395236015,0.6345177664974616,5.13,0.1680312367849648,0.00780971214124393,0.026940105344962273,0.0039138943248531455,-0.010989010989011018
1910,BEL,0.0881141945719719,0.003273796522989869,0.0309192705899477,0.6486181613085163,5.17,0.07969551608398762,-0.004488476564228572,0.022943106020586468,0.007797270955165699,0.022222222222222282
1911,BEL,0.00031368143390864134,-0.007943892851471901,0.030939970165491104,0.6909193457416805,5.18,-0.0016174260592068945,-0.009859059081488208,0.02894973856285521,0.001934235976789127,0.06521739130434782
1912,BEL,0.0775059312582016,-0.063906729221344,0.031060589477419853,0.7402707275803718,5.21,0.07130148251775115,-0.0692969016058661,0.02512358032495876,0.00579150579150584,0.07142857142857129
1913,BEL,-0.039487529546022415,-0.012981298379600048,0.03113899938762188,0.705019740552735,5.25,-0.046805719797100354,-0.020501440868136434,0.02328270224943041,0.007677543186180429,-0.04761904761904775
1914,BEL,-0.012594593688845634,,0.03167058899998665,0.705019740552735,5.23,-0.008818664792818343,,0.03561579201719489,-0.0038095238095237284,0.0
1915,BEL,0.011960053816437721,,,0.9837772210868649,6.06,-0.12664173573267823,,,0.15869980879541093,0.39538961038961024
1916,BEL,0.01129187736660242,,,1.5874495754380051,6.57,-0.06721023183537134,,,0.08415841584158427,0.6136270909832721
1917,BEL,0.08238741010427475,,,3.0707081389187962,7.41,-0.040312377275966926,,,0.12785388127853878,0.9343657817109146
1918,BEL,0.21018804609775543,,,4.2889234989488765,7.85,0.14235584988335903,,,0.059379217273954045,0.39672131147540995
1919,BEL,0.2525513470172882,,0.027819029986858368,2.6730262651899688,8.76,0.12243471165362019,,-0.07895212495469883,0.11592356687898092,-0.3767605633802817
1920,BEL,-0.08467575907707214,-0.04893560707569122,0.02845766954123974,3.2078398195149442,13.5501,-0.4082523117552751,-0.3851466718314297,-0.33511271612893934,0.5468150684931508,0.20007792713812594
1921,BEL,0.006892587058246136,0.061725977808237076,0.02854277938604355,2.8130287648054124,13.4302,0.015881762289313706,0.07120468584975614,0.037725239755091566,-0.008848643183445231,-0.12307692307692314
1922,BEL,0.2804209589958191,0.10920051485300064,0.028658630326390266,2.6297236322617015,13.0159,0.3211771420728222,0.14450669985008857,0.06140114298738353,-0.030848386472278822,-0.06516290726817038
1923,BEL,0.5130442976951599,-0.14293687045574188,0.030416779220104218,3.0174844895657063,19.1608,0.02780850874548224,-0.4177984224126805,-0.3000395726352263,0.4721071919728945,0.14745308310991978
1924,BEL,-0.030854078009724617,0.06463775783777237,0.033241111785173416,3.5321489001692026,21.5341,-0.13766485796614358,-0.052697296363535706,-0.08063367892350515,0.12386226044841554,0.1705607476635513
1925,BEL,0.07084638625383377,-0.048033200204372406,0.03632991015911102,3.6520022560631675,21.0172,0.09718293427424607,-0.024620393607187152,0.061817555067150476,-0.02400378933876966,0.033932135728542916
1926,BEL,0.636900782585144,0.3197217285633087,0.03634915128350258,4.357021996615902,30.6251,0.12336191972429433,-0.09430971609690186,-0.28878085680191645,0.45714462440287007,0.19305019305019297
1927,BEL,0.6365461945533752,0.12871266901493073,0.036575619131326675,5.541455160744498,35.930499999999995,0.3948982302727928,-0.03794997676488887,-0.11648232021656257,0.17323698534861912,0.2718446601941749
1928,BEL,0.25942015647888184,0.16934822499752045,0.03667815029621124,5.7811618725324285,35.8985,0.2605428063112514,0.17039058451671818,0.037602247425881696,-0.0008906082576083406,0.043256997455470896
1929,BEL,-0.3022567927837372,0.08836474269628525,0.03989103063941002,6.168922729836433,35.939,-0.3030430862224045,0.0871382541440382,0.03871916757307803,0.001128180843210762,0.06707317073170739
1930,BEL,-0.28866109251976013,0.27591532468795776,0.03480000048875809,6.161872532430906,35.836,-0.28661655888122717,0.27958256652418,0.03777422752443016,-0.0028659673335374256,-0.0011428571428570918
1931,BEL,-0.3138085603713989,-0.08202063292264938,0.023000000044703484,5.6260575296108275,35.8975,-0.3149841512492362,-0.08359332547993781,0.021247384960010773,0.00171615135617821,-0.08695652173913043
1932,BEL,0.02667750045657158,0.0038182763382792473,0.02449999935925007,5.076142131979694,35.936,0.025577570476396305,0.0027428365664898813,0.023402402242839404,0.0010724980848248232,-0.09774436090225568
1933,BEL,-0.09682412445545197,0.05443792790174484,0.02500000037252903,4.970389170896784,27.933500000000002,0.16192128675493134,0.3565174925117547,0.31864607061009886,-0.22268755565449683,-0.020833333333333277
1934,BEL,-0.188296839594841,0.15415020287036896,0.02329999953508377,4.695431472081217,21.4715,0.05599097553396404,0.5014998808597189,0.33126938206521506,-0.23133513523189012,-0.05531914893617023
1935,BEL,0.5263822078704834,0.12498270720243454,0.019700000062584877,4.617879300620416,27.1385,0.20764653817606282,-0.10993362943062168,-0.19323144052383912,0.2639312577137136,-0.016516516516516533
1936,BEL,0.2667202055454254,0.11984797567129135,0.018200000748038292,4.829385222786237,29.5565,0.16309056546595624,0.028233866924546103,-0.06509834654642321,0.08909851318237924,0.045801526717557314
1937,BEL,-0.05840388312935829,0.04506854712963104,0.01600000075995922,5.181895093062605,29.6275,-0.060660345007607086,0.04256412161798795,0.013565235759403604,0.0024021788777426794,0.07299270072992704
1938,BEL,-0.08698742091655731,-0.12002300471067429,0.01600000075995922,5.3652002256063165,29.596,-0.08601567148281197,-0.11908641613952908,0.01708136310703101,-0.0010632014176019304,0.035374149659864074
1939,BEL,-0.19987210631370544,-0.07770851254463196,0.01600000075995922,5.428652002256063,29.6705,-0.20188115665258177,-0.08002430485738121,0.013448914662434142,0.002517232058386284,0.011826544021025096
1940,BEL,1.2579715251922607,0.3171686828136444,0.01600000075995922,8.043841063326902,29.62,1.261821206556954,0.3194143620331613,0.017732208728844512,-0.001702027266139753,0.48173820314582816
1941,BEL,0.7595657110214233,0.10447195172309875,0.015200000256299973,15.568117725478134,31.124944419742107,0.6744876924951759,0.05106883947679841,-0.033886660098949584,0.05080838689203599,0.9354084202950699
1942,BEL,0.08186884969472885,0.05406656116247177,0.014000000432133675,23.49125775521715,31.11111111111111,0.08234989409210325,0.054535243492913166,0.014450867484348873,-0.00044444444444443823,0.5089337175792507
1943,BEL,-0.08733639121055603,0.06017499789595604,0.014000000432133675,26.576840742449882,31.11111111111111,-0.08733639121055603,0.06017499789595604,0.014000000432133675,0.0,0.13135026737967914
1944,BEL,0.1462046355009079,0.08028627187013626,0.01269999984651804,25.521039947970216,43.821,-0.18624176145821947,-0.2330410936318249,-0.28102457229530975,0.4085321428571428,-0.03972634688641856
1945,BEL,-0.018135979771614075,-0.019574381411075592,0.012500000186264515,19.52370575467022,43.821,-0.018135979771614075,-0.019574381411075592,0.012500000186264515,0.0,-0.2349956822107081
1946,BEL,-0.09290892630815506,-0.05446666106581688,0.01269999984651804,17.27298364354202,57.0,-0.3026379308728011,-0.27308392200991516,-0.2214469001179954,0.30074621756692005,-0.11528150134048253
1947,BEL,-0.3096922039985657,-0.027305971831083298,0.014000000432133675,17.583192329385223,48.75,-0.19287088467524593,0.13730378678211808,0.18560000050526404,-0.14473684210526316,0.0179591836734694
1948,BEL,0.008931809104979038,0.046822480857372284,0.014000000432133675,20.17766497461929,53.75,-0.08492231267222838,-0.05055635457122054,-0.08032558100341369,0.10256410256410256,0.1475541299117883
1949,BEL,0.21361523866653442,0.10190453380346298,0.014000000432133675,19.51494641849972,50.4,0.2942821245699647,0.17514620420508198,0.08139880998466631,-0.06232558139534886,-0.03284416491963663
1950,BEL,0.15921634435653687,0.038445837795734406,0.014000000432133675,19.345741680767063,51.7,0.13006777090076316,0.01233404690338502,-0.0114970982247673,0.02579365079365088,-0.008670520231213846
1951,BEL,0.4205018877983093,0.04145427793264389,0.014000000432133675,21.157642413987592,54.0,0.3599990296143072,-0.0029039598311539905,-0.02918888847516099,0.044487427466150815,0.09365889212827982
1952,BEL,-0.007112113758921623,0.06213293969631195,0.014000000432133675,21.355047941342356,51.1,0.0492357310571081,0.12241054292760944,0.07154598871497475,-0.05370370370370368,0.00933022325891361
1953,BEL,0.09432537108659744,0.06532295793294907,0.014000000432133675,21.28454596728708,50.45,0.10842470688850603,0.07904862537906232,0.027064420655738886,-0.012720156555772966,-0.0033014196104325867
1954,BEL,0.42230522632598877,0.06770085543394089,0.014000000432133675,21.559503666102646,49.999999999,0.4351059733916247,0.07731016315439243,0.023126000456485274,-0.008919722517343891,0.012918184829413676
1955,BEL,0.2837921380996704,0.040223944932222366,0.014000000432133675,21.453750705019736,49.959999999,0.28481999409496717,0.041056790364530915,0.014811849912079733,-0.000800000000016125,-0.0049051667756703585
1956,BEL,-0.02480674721300602,0.010365473106503487,0.014000000432133675,22.060067681895088,50.224999999,-0.029952117287544655,0.005034525363774689,0.008649875989727107,0.005304243394821954,0.028261583963194187
1957,BEL,-0.1783108115196228,-0.08094849437475204,0.016200000420212746,22.758037225042294,50.017499999,-0.17490199447332722,-0.0771357650815836,0.020415754907970207,-0.004131408661107565,0.031639501438159065
1958,BEL,0.16084563732147217,0.20549842715263367,0.021400000900030136,23.054145516074442,49.842499999,0.16492143581744112,0.2097310042656586,0.02498619742229713,-0.003498775428670026,0.013011152416356841
1959,BEL,-0.027247795835137367,0.03711068257689476,0.016499999910593033,23.336153412295534,49.937499999,-0.029098338201045126,0.0351377060593121,0.014566232701713089,0.0019060039123621805,0.012232415902140588
1960,BEL,-0.13784801959991455,-0.019229106605052948,0.03189999982714653,23.406655386350806,49.699999999,-0.13372807804359377,-0.014542324166703091,0.03683111149643992,-0.004755944931259278,0.0030211480362537175
1961,BEL,0.1671425849199295,0.0623239167034626,0.033799998462200165,23.639311900733208,49.779999999,0.16526690378703535,0.06061668662435493,0.03213860834812543,0.00160965794771847,0.009939759036144552
1962,BEL,-0.03470245376229286,0.111630380153656,0.026900000870227814,23.97067117879299,49.751299999,-0.034145603196024776,0.1122716456464381,0.02749238800434428,-0.0005765367617633015,0.01401729794214123
1963,BEL,0.15607059001922607,0.034408483654260635,0.025800000876188278,24.485335589396485,49.827499999,0.1543026390090163,0.03282658758369639,0.024231269551752366,0.0015316182693021422,0.021470588235294016
1964,BEL,0.03931485116481781,0.023207567632198334,0.03350000083446503,25.50761421319795,49.632499999,0.043398191636912165,0.027227624564496677,0.03756049547339679,-0.003913501580531108,0.0417506478548805
1965,BEL,-0.04563142731785774,0.05655631050467491,0.046300001442432404,26.54399323181047,49.642499999,-0.0458236756076702,0.05634347748648971,0.046089234458202455,0.0002014808845052455,0.04063018242122724
1966,BEL,-0.19022873044013977,0.03951545059680939,0.05209999904036522,27.650874224478265,50.052499999,-0.19686189003309051,0.03100036474189305,0.04348182812752044,0.008259052223563592,0.041699867197875155
1967,BEL,0.24981649219989777,0.0820431262254715,0.05220000073313713,28.44049633389733,49.627499999,0.260519671066366,0.09130952748797894,0.061210831428227364,-0.008491084361590096,0.028556858745538007
1968,BEL,0.16184508800506592,0.061994414776563644,0.04010000079870224,29.223068245910866,50.14,0.14996942767869093,0.051139366140046105,0.029468743290735677,0.01032693569110526,0.027516113039167137
1969,BEL,0.04663727805018425,-0.03184523433446884,0.06949999928474426,30.32289904117313,49.666299999,0.05661974261205005,-0.022611308846297806,0.0797005205786776,-0.009447546888711557,0.03763570566948121
1970,BEL,0.051439132541418076,0.06480719894170761,0.07859999686479568,31.507332205301726,49.674999999,0.05125498517446703,0.06462071031300143,0.07841109258753542,0.00017516907843291438,0.03906068356196236
1971,BEL,0.09117309749126434,0.12267017364501953,0.05090000107884407,32.87507050197403,44.754999999,0.2111277760696797,0.2460873841121609,0.16642738361539733,-0.09904378460189321,0.043410158872230854
1972,BEL,0.30950459837913513,0.06647101789712906,0.038600001484155655,34.66582064297798,44.0625,0.33008518125727515,0.08323200918966323,0.05492296318603751,-0.01547313147168969,0.05447137036242764
1973,BEL,0.06918996572494507,0.016270125284790993,0.06159999966621399,37.07698815566833,41.319999999,0.14015447400521652,0.08372222643864546,0.13206074507319987,-0.06224113477446816,0.06955460646735818
1974,BEL,-0.24737221002578735,-0.025416510179638863,0.10209999978542328,41.779469825155076,36.122499999,-0.1390800669432416,0.11481181533718732,0.26067608806954845,-0.12578654404951076,0.12683019585472527
1975,BEL,0.23179574310779572,0.12322814762592316,0.06989999860525131,47.10941906373375,39.527499999,0.12568570565568882,0.02647040067094175,-0.02226392512741704,0.09426257872778085,0.1275734053324334
1976,BEL,-0.03501074016094208,0.0216154083609581,0.09769999980926514,51.43119007332202,35.982499999,0.060060111676048855,0.12226507480270743,0.20584552887011376,-0.08968439694110901,0.09173900029931163
1977,BEL,0.020513959228992462,0.16404473781585693,0.07079999893903732,55.08319232938519,32.939999999,0.11477363503495686,0.2715616204786455,0.1697043400705165,-0.08455499201235467,0.07100753941055522
1978,BEL,0.13515537977218628,0.06387480348348618,0.0714000016450882,57.543711223914244,28.799999999,0.29833396562010406,0.21680680648954742,0.22541375188691748,-0.12568306011310515,0.04466914117496493
1979,BEL,0.10138563811779022,-0.08388116210699081,0.10760000348091125,60.11703327693173,28.048,0.1309150875888112,-0.059318934312516114,0.13729606742522282,-0.026111111077295607,0.044719431511884365
1980,BEL,-0.11453817039728165,-0.015812644734978676,0.14079999923706055,64.11449520586574,31.523,-0.21214879939418696,-0.1243064765259233,0.015041664137330768,0.12389475185396469,0.06649466400844377
1981,BEL,0.11069336533546448,0.04029020294547081,0.1525000035762787,69.00733220530172,38.459999999,-0.08964152479510634,-0.14734612406909164,-0.055375517065011426,0.22006154233416864,0.0763140532219046
1982,BEL,0.2801415026187897,0.20092655718326569,0.14090000092983246,75.02820078962209,46.919999999,0.049323149839894054,-0.015608793924725917,-0.06481214757980303,0.21996879875766953,0.08724969350224779
1983,BEL,0.4491335153579712,0.20938289165496826,0.10540000349283218,80.78116187253242,55.639999999,0.22202272718132465,0.019846248674722844,-0.0678402558642981,0.18584825234837696,0.07667731629392988
1984,BEL,0.2465037703514099,0.1366405189037323,0.11420000344514847,85.9066553863508,63.08,0.09948430217352477,0.002578923124080923,-0.017214835279425245,0.1337167505595564,0.06344911851981146
1985,BEL,0.38154616951942444,0.2775988280773163,0.0957999974489212,90.08742244782853,50.36,0.7304990542749263,0.6002965463684891,0.37257871006906185,-0.20164870006341154,0.048666393106278245
1986,BEL,0.43664881587028503,0.2770873010158539,0.08100000023841858,91.25775521714607,40.41,0.790389368157079,0.5915396307636329,0.34717050264802696,-0.19757744241461483,0.012991078416027535
1987,BEL,-0.10943236947059631,0.029076511040329933,0.07090000063180923,92.67484489565707,33.1525,0.0855241067700232,0.2543543265557566,0.30533350503073375,-0.17959663449641164,0.015528430160692283
1988,BEL,0.5234041213989258,0.06990482658147812,0.06719999760389328,93.75352509870275,37.345,0.35238064358489485,-0.050206995227139894,-0.052608169217751244,0.1264610512027749,0.011639406618486042
1989,BEL,0.1465015560388565,-0.045030608773231506,0.0868000015616417,96.66525662718556,35.76,0.1973182497279391,-0.002703246214662447,0.13497052735792825,-0.042442093988485766,0.03105730184990231
1990,BEL,-0.1968134641647339,0.05517009273171425,0.09669999778270721,100.0,30.9825,-0.07296213922475225,0.2178772699454885,0.2658110843446979,-0.1335989932885905,0.03449784844285615
1991,BEL,0.12569156289100647,0.1664387285709381,0.09309999644756317,103.20783981951494,31.27,0.11534182434507878,0.1557143558666163,0.08304990853650884,0.009279431937383937,0.032078398195149446
1992,BEL,-0.014005719684064388,0.200479656457901,0.09359999746084213,105.71771009588268,33.18,-0.07076428132973767,0.1313742874454058,0.030647134436423418,0.06108090821874001,0.024318600997335856
1993,BEL,0.3458561599254608,0.20278139412403107,0.08160000294446945,108.62239142695995,36.11,0.23665210153217364,0.1051865593197272,-0.006162057665535903,0.08830620855937311,0.027475825275091702
1994,BEL,-0.029763035476207733,-0.03273160010576248,0.0568000003695488,111.2098138747885,31.8375,0.10043994625690256,0.0970730088788665,0.19861949001474377,-0.11831902520077543,0.023820341403258307
1995,BEL,0.13405321538448334,0.18958310782909393,0.04780000075697899,112.84545967287085,29.415,0.22744923490747881,0.2875523438894707,0.1340925556382906,-0.07608951707891635,0.014707746925320186
1996,BEL,0.25928059220314026,0.13658398389816284,0.032099999487400055,115.17202481669487,32.005,0.157373492256065,0.04460608924744425,-0.05142254382371925,0.08805031446540892,0.020617268524303383
1997,BEL,0.3497387170791626,0.09938362240791321,0.034299999475479126,116.90306034968981,36.92,0.17005383640624583,-0.0469725667615043,-0.10339188832034918,0.15356975472582404,0.015030000000000116
1998,BEL,0.41247206926345825,0.17192663252353668,0.03550000116229057,117.96337110706149,34.5745,0.5082927821720307,0.25142898010872106,0.10574730055132453,-0.06352925243770317,0.009069999999999955
1999,BEL,-0.07302501797676086,-0.05340249836444855,0.027799999341368675,119.30225536912664,40.1551861437388,-0.20185411664540798,-0.18495869492061845,-0.11504155527942805,0.16141046562463093,0.01135000000000002
2000,BEL,0.02351401560008526,0.05384042114019394,0.042399998754262924,122.49836279046555,43.35292853304674,-0.05198109544507312,-0.023891586829633105,-0.034488155643199514,0.07963460505104765,0.026790000000000046
2001,BEL,-0.02317841351032257,0.07630744576454163,0.04149999842047691,125.4811979244134,45.77317599001475,-0.07482765806195313,0.019397906450607794,-0.013569104128999254,0.055826619766254505,0.02435000000000007
2002,BEL,-0.2669452726840973,0.09968044608831406,0.032099999487400055,127.4236468682833,38.466577667588446,-0.1277039685280983,0.3085610845487514,0.22814395717966196,-0.15962620387145982,0.01547999999999989
2003,BEL,0.18687132000923157,0.05081488937139511,0.022199999541044235,129.35666359127515,31.93974663499604,0.4294063861654043,0.2655470632936703,0.23108477106926562,-0.16967537608867783,0.015169999999999953
2004,BEL,0.3925911784172058,0.09360256791114807,0.020099999383091927,131.75881683416512,29.61596064899787,0.5018594173571465,0.17941097209166657,0.10014109988892295,-0.0727553043095221,0.018569999999999896
2005,BEL,0.2718643844127655,0.060672055929899216,0.02070000022649765,135.10153801724786,34.19504958887853,0.10154791446423839,-0.0813634649581515,-0.11598282779003077,0.15461558023226263,0.025369999999999813
2006,BEL,0.23117119073867798,-0.0029505807906389236,0.028999999165534973,138.2467018222894,30.630144267274105,0.37446169212752345,0.11309153606741451,0.1487607009417733,-0.10425208807896755,0.02328000000000003
2007,BEL,-0.04153551906347275,-0.008605130016803741,0.03889999911189079,140.75726192738216,27.40296175531552,0.07134059406732152,0.10814911776937275,0.16124881449705009,-0.10535969023843532,0.018159999999999923
2008,BEL,-0.5605587363243103,0.0322677381336689,0.03669999912381172,147.07509472600822,28.986060214126592,-0.5845591966188048,-0.024110446871389857,-0.019920257604368774,0.057771071351584435,0.04488459573677612
2009,BEL,0.5247774124145508,0.10888000577688217,0.006599999964237213,147.06692370583409,28.00215188116061,0.5783533378777048,0.1478425927442526,0.04196878633935475,-0.03394418992086637,-0.00005555679015100232
2010,BEL,0.11460345983505249,0.014645150862634182,0.00430000014603138,150.49875217896258,30.190016464601108,0.03382836528640576,-0.05888598460179728,-0.06848142427104942,0.07813201616524537,0.02333514828931144
2011,BEL,-0.13232307136058807,0.0065366607159376144,0.010099999606609344,155.54354003446144,31.17698431099776,-0.1597910657337711,-0.02532720752854989,-0.021876673034731398,0.032691861813123155,0.03352046301021791
2012,BEL,0.39016497135162354,0.24321061372756958,0.0013000000035390258,159.6274159174843,30.57442777019858,0.41756214792590773,0.267711634401542,0.021033480179820208,-0.01932696680309224,0.02625551586467729
2013,BEL,0.18959812819957733,0.0010905904928222299,0.0005000000237487257,161.61951063593366,29.250888260459725,0.24342487388209566,0.04638777728410726,0.045770463872026435,-0.04328910158799213,0.012479652740097718
2014,BEL,0.17930616438388824,0.15686185657978058,0.0005000000237487257,162.41209959282284,33.22617576805864,0.038210147326864785,0.018451149353572616,-0.11920306719684315,0.13590313812700727,0.004904042548888624
2015,BEL,0.09957490861415863,0.022625360637903214,-0.002199999988079071,163.41876927827386,37.053274547625605,-0.01399620870749163,-0.0829979160477019,-0.10525915491888782,0.11518324607329852,0.006198243160299008
2016,BEL,-0.02419999986886978,0.04965917766094208,-0.002637,166.31131041991074,38.26951902096575,-0.05521192234938521,0.01629993494295867,-0.03433421668044456,0.03282421022673379,0.017700177001770137
2017,BEL,0.041999999433755875,0.031766749918460846,-0.003291,170.0111483547502,33.63620445259737,0.18553325047045122,0.17389039292022512,0.13400351361350826,-0.12107062453097586,0.022246460120468797
2018,BEL,-0.20669999718666077,0.002424935344606638,-0.003221,173.93977485446487,35.23135371179039,-0.2426177743506428,-0.0429612682651751,-0.04835157591928563,0.047423580786025495,0.023108052252650488
2019,BEL,0.24879999458789825,0.09046313166618347,-0.003563,176.11163201674478,35.90875912408758,0.22524184621838006,0.06989194944435861,-0.022360414148471452,0.019227345558126895,0.012486259477437495
2020,BEL,-0.1031000018119812,0.04437213018536568,-0.004252000000000001,176.8650000767982,32.87417488387254,-0.020308004471677243,0.14077714166856148,0.08766456364607422,-0.08450819004156125,0.004277787057142186
1870,CAN,,,,6.196613,0.8686332999999999,,,,,
1871,CAN,,,,6.380275,0.89059016,,,,0.025277479000632465,0.029639094776452875
1872,CAN,,,,6.971189,0.8914961,,,,0.001017235582301958,0.09261575715780271
1873,CAN,,,,6.915292,0.8703261299999999,,,,-0.02374656490364915,-0.008018287841571914
1874,CAN,,,,6.73163,0.8961534000000001,,,,0.029675393062138882,-0.026558820654283288
1875,CAN,,,,6.436172,0.8663232500000001,,,,-0.033286879232952746,-0.04389100411044576
1876,CAN,,,,6.436172,0.89540952,,,,0.033574384619135936,0.0
1877,CAN,,,,6.196613,0.9533815000000001,,,,0.06474353768318226,-0.03722072685440971
1878,CAN,,,,6.076833,0.9876122999999999,,,,0.03590461950436397,-0.01932991458398329
1879,CAN,,,,6.020936,0.996319,,,,0.008815908833861292,-0.00919837685188977
1880,CAN,,,,6.196613,0.9981504000000001,,,,0.0018381662901140595,0.02917768931607981
1881,CAN,,,,6.469993,0.9984230999999999,,,,0.0002732053205607016,0.04411764943203642
1882,CAN,,,,6.880063,0.99451426,,,,-0.003915013584921977,0.06338028495548607
1883,CAN,,,,6.925626,0.99582228,,,,0.00131523503745433,0.0066224684279781254
1884,CAN,,,,6.059923,0.9959688,,,,0.00014713468752681336,-0.12499996390218009
1885,CAN,,,,6.059923,0.99622656,,,,0.00025880328781383087,0.0
1886,CAN,,,,6.014359,0.99735702,,,,0.0011347418804012366,-0.007518907418460697
1887,CAN,,,,6.378866,0.9956691000000001,,,,-0.0016923929607473498,0.06060612610587439
1888,CAN,,,,6.105486,0.9961771900000002,,,,0.0005103000585235316,-0.042857147336219384
1889,CAN,,,,6.242176,0.99590244,,,,-0.0002758043476182197,0.022388062146076457
1890,CAN,,,,6.105486,0.9922350899999999,,,,-0.003682439014809704,-0.021897812557672158
1891,CAN,,,,6.105486,0.9947446299999999,,,,0.0025291788461140117,0.0
1892,CAN,,,,6.105486,0.9962460000000001,,,,0.0015093019401373078,0.0
1893,CAN,,,,6.059923,0.99463112,,,,-0.001620965102996746,-0.007462632786317023
1894,CAN,,,,5.558726,0.996956,,,,0.002337429377838061,-0.08270682647287768
1895,CAN,,,,5.285346,0.9979365000000001,,,,0.0009834937549903526,-0.04918033376712585
1896,CAN,,,,5.558726,0.9961771900000002,,,,-0.0017629478428737282,0.051724144455254285
1897,CAN,,,,5.60429,0.9955357599999999,,,,-0.0006438914747689373,0.00819684222607837
1898,CAN,,,,5.832106,0.9952530900000001,,,,-0.0002839375654369446,0.040650287547575124
1899,CAN,,,,5.649853,0.9931919200000001,,,,-0.0020710008546669725,-0.031249946417297517
1900,CAN,,,,5.832106,1.0,,,,0.0068547476705206,0.032258007420723926
1901,CAN,,,,5.877669,1.0,,,,0.0,0.00781244373816259
1902,CAN,,,,5.968796,1.0,,,,0.0,0.015503935318576153
1903,CAN,,,,6.014359,1.0,,,,0.0,0.007633532792878091
1904,CAN,,,,6.105486,1.0,,,,0.0,0.015151573093658059
1905,CAN,,,,6.15105,1.0,,,,0.0,0.007462796573442264
1906,CAN,,,,6.287739,1.0,,,,0.0,0.022222059648352804
1907,CAN,,,,6.469993,1.0,,,,0.0,0.028985617882676024
1908,CAN,,,,6.606683,1.0,,,,0.0,0.021126761651828783
1909,CAN,,,,6.743372,0.9997,,,,-0.00029999999999996696,0.02068950485440267
1910,CAN,,,,6.925626,0.9998999999999999,,,,0.00020006001800526853,0.02702713123345418
1911,CAN,,,,7.107879,0.9998999999999999,,,,0.0,0.02631574387643793
1912,CAN,,,,7.426823,1.0002,,,,0.00030003000300037806,0.0448718949773906
1913,CAN,,,,7.654639,1.0003,,,,0.00009998000399918915,0.030674758237809182
1914,CAN,,,,7.701031,1.0004,,,,0.0000999700089972898,0.006060638522600476
1915,CAN,,,,7.840206,1.0,,,,-0.0003998400639743662,0.01807225552007255
1916,CAN,,,,8.489691,1.000313097999674,,,,0.00031309799967393914,0.0828402978187053
1917,CAN,,,,10.05155,1.0025776270792206,,,,0.002263820281944764,0.1839712422984535
1918,CAN,,,,11.36598,1.0151562833098156,,,,0.012546316505426095,0.13076888639065615
1919,CAN,,,,12.49485,1.0775281504229297,,,,0.06144065513711536,0.09932007622747877
1920,CAN,,,,14.47423,1.1584800741427248,,,,0.07512743280815584,0.1584156672549091
1921,CAN,,,,12.74227,1.0778835540838851,,,,-0.0695709161147904,-0.11965817870795205
1922,CAN,,,,11.65979,1.00554659501812,,,,-0.06711017975150928,-0.08495189632616483
1923,CAN,,,,11.69072,1.024674153619149,,,,0.019022050987785828,0.0026527064381092163
1924,CAN,,,,11.48969,1.0034689923064033,,,,-0.02069454102833483,-0.01719569025688761
1925,CAN,,,,11.59794,1.0004311858410975,,,,-0.0030273047683552633,0.009421490048904711
1926,CAN,,,,11.72165,1.000658433249078,,,,0.00022714946434768463,0.010666549404463283
1927,CAN,,,,11.52062,1.0010270537571548,,,,0.0003683779557825299,-0.01715031586849984
1928,CAN,,,,11.56701,1.0021325380409511,,,,0.0011043500569211347,0.004026693007841644
1929,CAN,,,,11.70619,1.0093445114873498,,,,0.007196626366904742,0.012032495865396472
1930,CAN,,,,11.62887,1.0010380764853153,,,,-0.008229534026785704,-0.006605052540578983
1931,CAN,,,,10.48454,1.209096273081648,,,,0.20784244024646223,-0.09840423016165788
1932,CAN,,,,9.525773,1.1547490787989223,,,,-0.04494860789224817,-0.09144578589046364
1933,CAN,,,,9.07732,0.9945142593454505,,,,-0.13876159106369265,-0.04707785919315933
1934,CAN,,,,9.201031,0.9870791341341835,,,,-0.00747613736193234,0.013628582004380161
1935,CAN,,,,9.262887,1.0096390237598352,,,,0.022855198580851478,0.0067227248772446044
1936,CAN,,,,9.448454,0.9993833804542597,,,,-0.010157732678937161,0.020033386999107377
1937,CAN,,,,9.742268,1.000516266393459,,,,0.0011335849298238433,0.031096515895616295
1938,CAN,,,,9.850515,1.0094453804246333,,,,0.00892450660833416,0.011111067771898743
1939,CAN,,,,9.773196,1.1413518628003754,,,,0.13067223342015227,-0.007849234278613783
1940,CAN,,,,10.15979,1.175,,,,0.029480949999999954,0.0395565585710139
1941,CAN,,,,10.76289,1.1449,,,,-0.025617021276595757,0.05936146317984932
1942,CAN,,,,11.2732,1.099476439790576,,,,-0.03967469666296092,0.04741384516612162
1943,CAN,,,,11.47423,1.099476439790576,,,,0.0,0.017832558634638007
1944,CAN,,,,11.53608,1.099476439790576,,,,0.0,0.005390339918234142
1945,CAN,,,,11.59794,1.099476439790576,,,,0.0,0.005362306780119361
1946,CAN,,,,11.98454,1.0718113612004287,,,,-0.02516204767008638,0.03333350577775031
1947,CAN,,,,13.1134,1.12,,,,0.044960000000000076,0.09419301867238955
1948,CAN,,,,15.00386,1.09,,,,-0.02678571428571431,0.1441624597739716
1949,CAN,,,,15.48398,1.13,,,,0.03669724770642185,0.031999765393705436
1950,CAN,,,,15.9441,1.05,,,,-0.07079646017699102,0.029715874084053316
1951,CAN,,,,17.60453,1.0169,,,,-0.03152380952380965,0.10414071662872158
1952,CAN,,,,18.04464,0.970599999,,,,-0.045530534959189566,0.02499981538842563
1953,CAN,,,,17.8846,0.974399999,,,,0.003915104063378342,-0.008869115704164902
1954,CAN,,,,17.98463,0.966299999,,,,-0.008312807890304603,0.005593080080068902
1955,CAN,,,,18.02464,0.999099999,,,,0.033943909794001824,0.00222467740509548
1956,CAN,,,,18.28471,0.959699999,,,,-0.03943549198221948,0.01442858220746705
1957,CAN,,,,18.86986,0.984699999,,,,0.026049807258570208,0.03200214824298546
1958,CAN,,,,19.36332,0.964099999,,,,-0.02092007720211246,0.026150697461454535
1959,CAN,,,,19.5717,0.952799999,,,,-0.011720775865284465,0.01076158427377114
1960,CAN,,,,19.82844,0.995999999,,,,0.04534005042541989,0.01311792026241975
1961,CAN,,,,20.00015,1.043399999,,,,0.04759036149356462,0.008659783623926083
1962,CAN,,,,20.23586,1.077199999,,,,0.03239409625493018,0.011785411609412799
1963,CAN,,,,20.59388,1.0806,,,,0.00315633216037529,0.017692354068470518
1964,CAN,,,,20.96302,1.073799999,,,,-0.006292801221543587,0.017924742690546978
1965,CAN,,,,21.47892,1.074999999,,,,0.0011175265422961598,0.02461000371129725
1966,CAN,,,,22.28168,1.083799999,,,,0.008186046519242757,0.03737431863427038
1967,CAN,,,,23.07778,1.0806,,,,-0.002952573355741449,0.03572890374513946
1968,CAN,,,,24.02064,1.072799999,,,,-0.007218213029798364,0.04085574955649978
1969,CAN,,,,25.10359,1.072799999,,,,0.0,0.04508414430256647
1970,CAN,,,,25.9486,1.011199999,,,,-0.057419835996849106,0.03366092260110998
1971,CAN,,,,26.68465,1.0022,,,,-0.008900315475573923,0.028365692176071246
1972,CAN,,,,27.95885,0.995599999,,,,-0.006585512871682321,0.04775029839252156
1973,CAN,,,,30.08695,0.995799999,,,,0.0002008838893139543,0.07611543393236846
1974,CAN,,,,33.35582,0.991199999,,,,-0.00461940149088115,0.10864743684554265
1975,CAN,,,,36.96269,1.016399999,,,,0.02542372883920888,0.10813315337473342
1976,CAN,,,,39.7379,1.0092,,,,-0.007083824288748363,0.07508138612205988
1977,CAN,,,,42.91337,1.0944,,,,0.08442330558858495,0.07991036265127238
1978,CAN,,,,46.73817,1.186,,,,0.08369883040935663,0.089128399843685
1979,CAN,,,,51.01216,1.168099999,,,,-0.015092749578414746,0.09144538607309625
1980,CAN,,,,56.20678,1.194699999,,,,0.02277202296273605,0.10183101440911344
1981,CAN,,,,63.21149,1.185899999,,,,-0.007365865913924655,0.12462393326926031
1982,CAN,,,,70.04046,1.229399999,,,,0.03668100180173781,0.10803368185119507
1983,CAN,,,,74.11412,1.244399999,,,,0.01220107370440963,0.05816152549540657
1984,CAN,,,,77.3298,1.3214,,,,0.061877210753678094,0.04338822345863388
1985,CAN,,,,80.38505,1.3975,,,,0.057590434387770596,0.039509348271946916
1986,CAN,,,,83.74023,1.3805,,,,-0.012164579606440002,0.04173885567030175
1987,CAN,,,,87.39537,1.2998,,,,-0.05845708076783773,0.04364855458362132
1988,CAN,,,,90.911,1.1927,,,,-0.08239729189106014,0.04022673054648091
1989,CAN,,,,95.45201,1.1578,,,,-0.029261339817221555,0.04995006104871798
1990,CAN,,,,100.0,1.1603,,,,0.002159267576438218,0.04764687511556853
1991,CAN,,,,105.6152,1.1556,,,,-0.004050676549168446,0.056152000000000014
1992,CAN,,,,107.2056,1.2711,,,,0.09994807892004148,0.015058438558086359
1993,CAN,,,,109.1797,1.324,,,,0.04161749665643944,0.018414150007089115
1994,CAN,,,,109.382,1.4028,,,,0.059516616314199376,0.0018529085535132278
1995,CAN,,,,111.7536,1.3652,,,,-0.026803535785571767,0.02168181236400871
1996,CAN,,,,113.4975,1.3696,,,,0.003222970993261031,0.015604866420410585
1997,CAN,,,,115.32647854933933,1.4291,,,,0.04344334112149541,0.016114703401742994
1998,CAN,,,,116.46496345234749,1.5305,,,,0.07095374711356793,0.009871843112950791
1999,CAN,,,,118.4968782119764,1.4433,,,,-0.05697484482195357,0.017446575342465784
2000,CAN,,,,121.7400285915097,1.5002,,,,0.03942354326889763,0.027369078649748947
2001,CAN,,,,124.79300604441946,1.5926,,,,0.06159178776163181,0.025077844060262332
2002,CAN,,,,127.63283666010683,1.5796,,,,-0.008162752731382722,0.022756328304781376
2003,CAN,,,,131.13252904132696,1.2924,,,,-0.18181818181818177,0.027419999999999996
2004,CAN,,,,133.54606598256956,1.2036,,,,-0.06870937790157845,0.01840532596211853
2005,CAN,,,,136.52501639021645,1.1645,,,,-0.03248587570621462,0.022306538090277436
2006,CAN,,,,139.27933300534156,1.1653,,,,0.0006869901245168844,0.020174446324567396
2007,CAN,,,,142.24679645768902,0.9881,,,,-0.15206384621985758,0.021305841924398453
2008,CAN,,,,145.63927725611464,1.2246,,,,0.23934824410484762,0.02384925975773879
2009,CAN,,,,146.0757815574922,1.0466,,,,-0.14535358484403066,0.0029971605847092394
2010,CAN,,,,148.66034649985934,1.0009,,,,-0.04366520160519786,0.017693315858453303
2011,CAN,,,,152.95774411020514,1.021,,,,0.020081926266360284,0.028907490877870805
2012,CAN,,,,155.2972540061849,0.9952,,,,-0.025269343780607186,0.015295138599155478
2013,CAN,,,,156.7331234186111,1.064,,,,0.06913183279742774,0.009245942058763093
2014,CAN,,,,159.74270570705642,1.1599,,,,0.0901315789473683,0.01920195439739422
2015,CAN,,,,161.52956542029793,1.384,,,,0.19320631088886972,0.011185861071605598
2016,CAN,,,,163.84865406241207,1.3427,,,,-0.029841040462427672,0.014357053682896371
2017,CAN,,,,166.47533784087707,1.2545,,,,-0.06568853802040668,0.01603115871470308
2018,CAN,,,,170.25094872324865,1.3641,,,,0.08736548425667608,0.022679700977573273
2019,CAN,,,,173.56960602350765,1.3059,,,,-0.0426654937321311,0.019492738954739294
2020,CAN,,,,174.81410251110478,1.2856,,,,-0.015544834979707468,0.0071700138987962105
1870,CHE,,,0.04100000113248825,12.8357,4.498449,,,,,
1871,CHE,,,0.04149999842047691,14.08927,4.624884,,,0.01302748920720953,0.028106353990008524,0.0976627686842168
1872,CHE,,,0.04149999842047691,16.98898,4.6520188000000005,,,0.03542502422709215,0.005867130937770694,0.20580981129611403
1873,CHE,,,0.04149999842047691,18.05872,4.5707853,,,0.06000987901401311,-0.017461988760664644,0.06296669958996946
1874,CHE,,,0.041999999433755875,15.09038,4.6532745,,,0.023528330428780775,0.01804705200220198,-0.1643715612180709
1875,CHE,,,0.041999999433755875,14.21081,4.5072066,,,0.07576875361451396,-0.03139034673325209,-0.05828680258548819
1876,CHE,,,0.041999999433755875,15.3944,4.6487240000000005,,,0.010279223857518893,0.031398028215525016,0.08328800399132764
1877,CHE,,,0.041999999433755875,15.52564,4.957307999999999,,,-0.02286273006081352,0.06638036588104582,0.008525177986800397
1878,CHE,,,0.042500000447034836,13.88131,5.1589215,,,0.0017585249583831342,0.04066995635534459,-0.10591060980416911
1879,CHE,,,0.042500000447034836,13.17633,5.202736,,,0.03372065506614552,0.008492957297373078,-0.050786273053479755
1880,CHE,,,0.04149999842047691,13.18473,5.2169664,,,0.03865908275394658,0.002735176261105648,0.0006375068019698932
1881,CHE,,,0.04100000113248825,12.50219,5.234823,,,0.03744902708423048,0.0034227937523231894,-0.05176746129803185
1882,CHE,,,0.04100000113248825,12.53848,5.1754077,,,0.052951006918426025,-0.01135001126112564,0.0029026914484581714
1883,CHE,,,0.039500001817941666,11.98727,5.2016012,,,0.03426543225931833,0.005061147163343239,-0.0439614690137879
1884,CHE,,,0.03799999877810478,10.77349,5.196555999999999,,,0.03900776576720988,-0.0009699321047527687,-0.10125574880685927
1885,CHE,,,0.03799999877810478,9.656342,5.2119466999999995,,,0.03493482035231743,0.0029617115643515057,-0.10369416038813793
1886,CHE,,,0.03750000149011612,9.257564,5.1984504,,,0.040193575573291174,-0.002589493096696462,-0.04129700460070698
1887,CHE,,,0.03700000047683716,9.455994,5.221131300000001,,,0.03249521177121406,0.004363011715953086,0.021434364374904685
1888,CHE,,,0.03700000047683716,9.301783,5.205586800000001,,,0.04009660555264016,-0.0029772283259759907,-0.01630828022945024
1889,CHE,,,0.0364999994635582,10.02392,5.194976799999999,,,0.03861690304516996,-0.0020381948102376397,0.07763425571205004
1890,CHE,,,0.0364999994635582,10.46347,5.2003017,,,0.035438665109218004,0.0010250093898399378,0.04385011053559872
1891,CHE,,,0.0364999994635582,10.74528,5.208529700000001,,,0.03486262337341395,0.0015822158933588009,0.026932747931613522
1892,CHE,,,0.035999998450279236,10.59825,5.174118,,,0.042890162367428264,-0.006606797307885294,-0.013683217189314667
1893,CHE,,,0.035999998450279236,10.37565,5.1897552,,,0.03287843711425209,0.0030221962467805283,-0.021003467553605538
1894,CHE,,,0.035999998450279236,10.31382,5.1659999999999995,,,0.040763913890307535,-0.004577325728196214,-0.005959144728282131
1895,CHE,,,0.03449999913573265,10.04175,5.1696282,,,0.03377395603327815,0.0007023228803717626,-0.026379168920923516
1896,CHE,,,0.03400000184774399,9.918081,5.1877257,,,0.030392869143438084,0.0035007353140018185,-0.012315482859063368
1897,CHE,,,0.03400000184774399,10.06648,5.1936616,,,0.03281823047261856,0.0011442200962939832,0.014962471066731507
1898,CHE,,,0.03449999913573265,10.44985,5.2373381000000006,,,0.025872841913965328,0.008409577551221303,0.038083818772798365
1899,CHE,,,0.0364999994635582,10.12831,5.214016,,,0.04113622548156215,-0.004453044572394623,-0.030769819662483083
1900,CHE,0.06717817485332489,0.013076472096145153,0.039000000804662704,9.757315,5.2010632,0.06983589019568792,0.015599451806864062,0.04158754083117544,-0.0024842271293375154,-0.03662950679827144
1901,CHE,0.03180791437625885,0.10005735605955124,0.03849999979138374,9.880981,5.17617,0.036770077669611156,0.10534774408310166,0.04349434661438356,-0.004786175257397405,0.01267418342033644
1902,CHE,0.08464536815881729,0.03958592563867569,0.03709999844431877,9.942815,5.1852621,0.08274349628394395,0.03776306326215306,0.0352814950178757,0.0017565304076180184,0.0062578806699455525
1903,CHE,0.07650520652532578,0.028933629393577576,0.03669999912381172,10.14068,5.1774192,0.0781359268433286,0.030492286950603464,0.03827042139580539,-0.001512536849390889,0.019900299864776743
1904,CHE,0.1426810771226883,0.022632785141468048,0.0364999994635582,10.14068,5.180187999999999,0.14207031640003942,0.02208618998787526,0.03594599231198092,0.0005347838166164405,0.0
1905,CHE,0.07414871454238892,0.033728450536727905,0.0364999994635582,10.48695,5.179064,0.07438183449517277,0.03395279817529784,0.03672494860483089,-0.00021698054201874813,0.034146625275622594
1906,CHE,0.06805161386728287,0.03706636279821396,0.03700000047683716,10.78375,5.1914529,0.06550281203975605,0.034591504274106066,0.034525300319987684,0.002392111779271212,0.0283018418129198
1907,CHE,-0.07123715430498123,-0.0056486292742192745,0.03799999877810478,11.09292,5.1906876,-0.07110022019131779,-0.005502024977706466,0.038153038502372505,-0.0001474153796135594,0.028669989567636486
1908,CHE,0.09107472747564316,0.026209447532892227,0.039500001817941666,11.24132,5.1701745,0.09540365776458803,0.030281019395347997,0.04362430506675685,-0.003951904175470029,0.013377902301648308
1909,CHE,0.11583172529935837,0.04698408022522926,0.039500001817941666,11.42682,5.1681672,0.1162651108566588,0.04739072557219792,0.03990374037223021,-0.00038824608337684213,0.016501620806097444
1910,CHE,0.06308232992887497,0.008411150425672531,0.039500001817941666,11.90912,5.193867200000001,0.057822046054236687,0.003421387390156294,0.03435640668583617,0.004972749333651686,0.04220771833283454
1911,CHE,0.037536170333623886,0.0187847763299942,0.039500001817941666,12.19355,5.1986561,0.036580412370308846,0.01784629178292696,0.03854243481159436,0.0009220297353770287,0.023883376773430817
1912,CHE,0.007718436885625124,-0.005695336498320103,0.03999999910593033,12.63875,5.199355499999999,0.007582881954873333,-0.005829087052913295,0.03986010176685184,0.00013453476947616338,0.03651110628159968
1913,CHE,0.046336449682712555,0.03339231386780739,0.04149999842047691,12.36668,5.1978524,0.04663902624635585,0.03369114728350309,0.041801176393061246,-0.00028909352322590377,-0.021526654139056422
1914,CHE,0.06035903841257095,0.021213848143815994,0.04149999842047691,12.58929,5.114616,0.07761555758525662,0.03783330977097199,0.05844960137571875,-0.016013613622426166,0.018000789217477893
1915,CHE,-0.01672138273715973,,0.041999999433755875,14.47768,5.3274,-0.055994941564290523,,0.00038102434656273054,0.04160312328432869,0.1499997219859102
1916,CHE,0.08325892686843872,0.032046668231487274,0.041999999433755875,16.86964,5.2202,0.10550431152042439,0.05324037782775082,0.06339810677433633,-0.020122386154596942,0.16521707897950508
1917,CHE,-0.0221231859177351,0.013565425761044025,0.041999999433755875,21.52768,4.7687,0.07046208502783546,0.10952969059865425,0.1406564466299185,-0.0864909390444811,0.27611970379925116
1918,CHE,0.050554729998111725,-0.0014545847661793232,0.041999999433755875,25.68214,4.3793,0.14396829195122396,0.08733439627920458,0.13465288911464213,-0.08165747478348401,0.19298224425483843
1919,CHE,-0.06939145922660828,0.0010305343894287944,0.041999999433755875,27.94821,5.2679,-0.22636838538907067,-0.16782531573271597,-0.13376666270805304,0.20290914073025376,0.08823524830874682
1920,CHE,-0.15303678810596466,-0.04482516273856163,0.0430000014603138,28.2,5.9161,-0.24583467082426125,-0.14947929798185788,-0.0712767350631689,0.12304713453178688,0.009009163735351915
1921,CHE,-0.13197241723537445,0.20491088926792145,0.045499999076128006,25.17857,5.7624,-0.10881959211547254,0.23704937387164216,0.07338653070496348,-0.02597995300958397,-0.1071429078014184
1922,CHE,0.27203482389450073,0.21727648377418518,0.04349999874830246,20.64643,5.2452,0.3974631032581546,0.3373053477656458,0.14639373003645595,-0.08975426905456073,-0.17999989673758288
1923,CHE,0.14259107410907745,-0.0005320432246662676,0.039500001817941666,20.64643,5.5371,0.08235695615338945,-0.053221121728345144,-0.015299451060037272,0.05565088080530772,0.0
1924,CHE,0.12084880471229553,0.03707001358270645,0.04100000113248825,21.27589,5.4876,0.13095923838699086,0.04642473434813099,0.05039017170907134,-0.008939697675678622,0.0304875951920018
1925,CHE,0.17510651051998138,0.07999330013990402,0.04349999874830246,21.15,5.1742,0.24628241798335004,0.14540822423712596,0.10670453270673419,-0.057110576572636435,-0.005917026267761387
1926,CHE,0.21690000593662262,0.0546724833548069,0.041999999433755875,20.39464,5.1779,0.21603043911957998,0.05391884033574268,0.04125541186004744,0.0007150863901666458,-0.03571442080378249
1927,CHE,0.26099103689193726,0.05093833804130554,0.041999999433755875,20.14286,5.1916,0.2576634351496192,0.04816503978428166,0.03925028836351885,0.002645860290851512,-0.012345400556224583
1928,CHE,0.21114370226860046,0.047416362911462784,0.041999999433755875,20.26875,5.1922,0.21100374498240937,0.04729532562134553,0.04187958804751113,0.00011557130749662721,0.0062498572695238825
1929,CHE,-0.061824049800634384,0.04743756353855133,0.041999999433755875,20.26875,5.1869,-0.060865416987960774,0.04850784040657552,0.04306472017196161,-0.0010207619120989335,0.0
1930,CHE,-0.055574674159288406,0.05876965448260307,0.04100000113248825,19.89107,5.1594,-0.050540814318876914,0.06441297841528337,0.04654861144204814,-0.005301818041604785,-0.01863361085414747
1931,CHE,-0.3009048402309418,0.05930499732494354,0.03550000116229057,18.88393,5.1544,-0.3002266864596308,0.06033257085176036,0.036504482771364755,-0.0009691049346823067,-0.0506327713893722
1932,CHE,0.051598332822322845,0.04856889322400093,0.03020000085234642,17.37321,5.1533,0.051822802223697506,0.048792715974965706,0.03041990266301875,-0.00021340990221948257,-0.08000029654844089
1933,CHE,0.09540724009275436,0.037287913262844086,0.029883330687880516,16.49196,4.0265,0.40195259663975924,0.32756880750463524,0.3180920819654425,-0.21865600683057446,-0.05072465019417836
1934,CHE,-0.07246813923120499,0.03398767486214638,0.030391670763492584,16.24018,3.0896,0.20879953307403998,0.3475373423201815,0.3428508746534191,-0.23268347199801326,-0.015266833050771414
1935,CHE,-0.11325202882289886,0.03771854564547539,0.030158329755067825,16.11429,3.0772,-0.10967875609360078,0.04190017503778143,0.03430949421917906,-0.004013464526152242,-0.007751761372102913
1936,CHE,0.5251672863960266,0.05434153974056244,0.030033329501748085,16.36607,3.3125,0.4168286109276538,-0.020552517406895454,-0.04313401915689685,0.07646561809437152,0.015624641234581238
1937,CHE,0.0778479129076004,0.04113081842660904,0.029758330434560776,17.24732,4.3596,-0.18103238565317326,-0.20893067344753136,-0.21757168786941872,0.3161056603773586,0.0538461585463094
1938,CHE,0.017958728596568108,0.05638665333390236,0.02645833045244217,17.24732,4.3723,0.01500191505376991,0.053318220130018634,0.023476828543436357,0.002913111294614118,0.0
1939,CHE,-0.16496822237968445,0.017322026193141937,0.024833330884575844,17.37321,4.4396,-0.17762648858246122,0.0019004178584274278,0.009297858506764234,0.01539235642567993,0.007299105020374287
1940,CHE,0.03621809557080269,0.017672305926680565,0.02592499926686287,19.00982,4.4099,0.04319686548360191,0.024526172791240475,0.03283444675506564,-0.006689791873141737,0.09420308624600755
1941,CHE,0.3466092646121979,0.0609738714993,0.026249999180436134,21.90536,4.3086,0.3782695529901434,0.08591855264465575,0.050378283290583026,-0.02297104242726596,0.15231811768864725
1942,CHE,0.06427798420190811,0.03429487347602844,0.02503333054482937,24.29732,4.3,0.066406540170312,0.03636346322298056,0.027083397205919013,-0.0019960079840320253,0.10919519240952887
1943,CHE,-0.015993637964129448,0.03362831845879555,0.024900000542402267,25.55625,4.297,-0.015306642598500564,0.03434995796435203,0.025615546272359735,-0.0006976744186046776,0.05181353334441821
1944,CHE,0.05572018772363663,0.02958478219807148,0.024783330038189888,26.18571,4.29,0.057442808076565655,0.03126475736715917,0.026455470669953796,-0.0016290435187339245,0.02463037417461489
1945,CHE,0.16046442091464996,0.026013130322098732,0.02463332936167717,26.4375,4.29,0.16046442091464996,0.026013130322098732,0.02463332936167717,0.0,0.009615549855245466
1946,CHE,0.07589972764253616,0.033547550439834595,0.02419167011976242,26.18571,3.6,0.2821138421073557,0.23164416427413625,0.22049507355938358,-0.16083916083916083,-0.009523971631205663
1947,CHE,0.0986817479133606,0.030030973255634308,0.023116670548915863,27.31875,4.14,-0.04462456703186024,-0.1043208928211875,-0.11033332995746437,0.14999999999999988,0.04326940151708703
1948,CHE,-0.052148569375276566,0.02395438589155674,0.023283330723643303,28.19728,3.99,-0.01651505694577582,0.062448911676953545,0.06175262887114852,-0.03623188405797089,0.03215849919926782
1949,CHE,0.14061886072158813,0.04379802197217941,0.023683330044150352,27.97225,4.3,0.058388198669566904,-0.031452533100233326,-0.05011709607531145,0.07769423558897233,-0.007980556989894071
1950,CHE,0.09681397676467896,0.05742369219660759,0.023133330047130585,27.53951,4.29,0.0993706527011935,0.059888549287975046,0.02551825622439674,-0.0023255813953487877,-0.015470332204238095
1951,CHE,0.19533558189868927,0.006578271277248859,0.023099999874830246,28.85504,4.36,0.17614441429939842,-0.009582389041422501,0.006674082445647267,0.016317016317016382,0.04776882377355294
1952,CHE,0.0836869552731514,0.021785032004117966,0.023116670548915863,29.58204,4.28,0.10394278621283637,0.04088381764905469,0.04224034663394227,-0.018348623853211024,0.025194905292108428
1953,CHE,0.10475537180900574,0.038632556796073914,0.023116670548915863,29.39164,4.29,0.10218018446213173,0.03621150188512745,0.02073178320497915,0.002336448598130791,-0.00643633772383515
1954,CHE,0.26142799854278564,0.031547416001558304,0.023099999874830246,29.59935,4.28,0.26437526022162383,0.0339575735155806,0.025490420435285266,-0.002331002331002281,0.007066975507321207
1955,CHE,0.05989021435379982,0.014787260442972183,0.02318333089351654,29.8763,4.28,0.05989021435379982,0.014787260442972183,0.02318333089351654,0.0,0.009356624385332765
1956,CHE,0.02119489386677742,0.02091924101114273,0.02329999953508377,30.32635,4.28,0.02119489386677742,0.02091924101114273,0.02329999953508377,0.0,0.015063779651429425
1957,CHE,-0.10254386067390442,0.00791328214108944,0.0244416706264019,30.92065,4.28,-0.10254386067390442,0.00791328214108944,0.0244416706264019,0.0,0.019596819267732414
1958,CHE,0.22764143347740173,0.028065593913197517,0.028483329340815544,31.48898,4.307999999,0.21966233437858462,0.021383645071928914,0.021798665413298446,0.006542055841121378,0.018380273377176844
1959,CHE,0.2919606864452362,0.06524688005447388,0.027416670694947243,31.28559,4.322999999,0.28747782493675533,0.06155067297501193,0.023851727353751295,0.0034818941512261984,-0.006459085051341847
1960,CHE,0.4446042478084564,0.05846892669796944,0.02710000053048134,31.73564,4.304999999,0.4506444049435534,0.06289458074790888,0.031394495307216275,-0.004163775157104894,0.014385216964103952
1961,CHE,0.4939022660255432,0.036640580743551254,0.027283329516649246,32.32128,4.315999999,0.490094822807265,0.03399854033789307,0.02466513752700572,0.002555168409420509,0.0184537006343657
1962,CHE,-0.17714400589466095,0.023125000298023224,0.027516670525074005,33.71614,4.318999999,-0.17771556597405158,0.022414332318952734,0.026802952068882835,0.0006950880446467103,0.043156087877707854
1963,CHE,-0.0015776043292135,0.012087677605450153,0.02784167043864727,34.87588,4.314999999,-0.0006520679251328376,0.01302588171005259,0.028794478476354524,-0.0009261403104713359,0.03439717595193279
1964,CHE,-0.06931748241186142,0.02083478681743145,0.02970832958817482,35.95052,4.314999999,-0.06931748241186142,0.02083478681743145,0.02970832958817482,0.0,0.030813272668675173
1965,CHE,-0.06999652832746506,0.04602928087115288,0.03188332915306091,37.17805,4.317999999,-0.07064266320835055,0.04530253519182459,0.0311664116013759,0.0006952491310997364,0.03414498594178893
1966,CHE,-0.12094684690237045,0.022613447159528732,0.03322499990463257,38.95372,4.326999999,-0.12277524495638159,0.020486449002246054,0.031075930110019634,0.0020842982867262045,0.04776124621920725
1967,CHE,0.47190824151039124,0.05555327981710434,0.035716671496629715,40.52024,4.324999999,0.47258889272049553,0.05604139694083199,0.03619561562228801,-0.0004622140051911241,0.040214901169901215
1968,CHE,0.3949434161186218,0.0594896525144577,0.03604166954755783,41.49773,4.301999999,0.4024012725989068,0.06515405558593534,0.04158071148273512,-0.005317919076374013,0.024123499762094103
1969,CHE,0.044843293726444244,0.0038751510437577963,0.0625,42.53061,4.317999999,0.0409717113495347,0.0001553728083663053,0.05856299212507232,0.003719200372784568,0.02489003615378494
1970,CHE,-0.10649757087230682,0.03671877831220627,0.06750000268220901,44.06853,4.315999999,-0.1060835289680736,0.03719918553118351,0.06799467367522571,-0.00046317739705045046,0.03616030901038098
1971,CHE,0.15500229597091675,0.10269123315811157,0.011500000022351742,46.96516,3.914999999,0.27330521316188494,0.2156361078986857,0.11510447003833324,-0.09291010196777338,0.06573012532979872
1972,CHE,0.20729142427444458,0.0382579006254673,0.026900000870227814,50.09313,3.773999999,0.25239690675133986,0.07704814016626793,0.06526589916409864,-0.0360153256796974,0.06660192363871442
1973,CHE,-0.19998852908611298,-0.0030071339569985867,0.036400001496076584,54.47881,3.243999999,-0.06928381893966895,0.15988010992884538,0.20572552583708936,-0.14043455223646908,0.08755052838582857
1974,CHE,-0.33138006925582886,0.01875598356127739,0.059700001031160355,59.79961,2.539999999,-0.14606178916558676,0.3011198468327354,0.3534121274168489,-0.21701602965999267,0.09766733157350534
1975,CHE,0.46756646037101746,0.14222437143325806,0.027499999850988388,63.80407,2.619999999,0.42275527072426455,0.1073472913761826,-0.003874045957963146,0.03149606300452604,0.06696465077280607
1976,CHE,0.07885533571243286,0.14057113230228424,0.01510000042617321,64.89886,2.4495,0.15395018513481062,0.21996177403201211,0.08575709332577008,-0.0650763355210215,0.017158623266509427
1977,CHE,0.08091741800308228,0.08230247348546982,0.024700000882148743,65.73298,1.999999999,0.3238536083612018,0.3255499550641041,0.2550013267079123,-0.18350683853847727,0.0128526140520804
1978,CHE,-0.005118068773299456,0.07655122131109238,0.006599999964237213,66.42699,1.619999999,0.22824929795479543,0.3290755820214253,0.24271604948431502,-0.19000000009499995,0.01055801821247121
1979,CHE,0.10928911715745926,-0.02095283754169941,0.0100166667252779,68.85001,1.579999999,0.1373723859640299,0.0038331665868562848,0.03558670893703808,-0.02469135803993296,0.036476438267035644
1980,CHE,0.06066768616437912,0.022679021582007408,0.02290833368897438,71.61918,1.763499999,-0.049699493036942544,-0.08373526850402191,-0.08352981733930176,0.11613924057983496,0.04022032821781729
1981,CHE,-0.11905225366353989,0.018928594887256622,0.029341666027903557,76.26743,1.798499999,-0.13619607970686476,-0.000900429767112465,0.009309996119086117,0.019846895389762868,0.06490230689600195
1982,CHE,0.13255594670772552,0.10715265572071075,0.013225000351667404,80.58051,1.994499999,0.021259398366782367,-0.001647505036401209,-0.08634486686743359,0.10897970537057541,0.056552056362722584
1983,CHE,0.27294543385505676,0.032839879393577576,0.018433332443237305,82.97189,2.179499999,0.1648954658021844,-0.05482948411891664,-0.0680131766590546,0.09275507650677108,0.02967690326109872
1984,CHE,0.04520061984658241,0.03260357677936554,0.03340666741132736,85.39067,2.585,-0.11875638301337499,-0.12937737154428486,-0.12870025895954296,0.18605184729802796,0.02915180068816075
1985,CHE,0.6135658025741577,0.059935711324214935,0.021250000223517418,88.33022,2.076499999,1.0087009880389592,0.31949617871061475,0.2713369862023258,-0.19671179922630555,0.03442472110828967
1986,CHE,0.09712424874305725,0.07173249125480652,0.028750000521540642,88.99487,1.6235,0.40325130977384327,0.3707745716161832,0.31579881432351664,-0.21815554982815108,0.0075246048294684295
1987,CHE,-0.2748204469680786,0.04552105441689491,0.005625000223517418,90.28306,1.278,-0.0787722970678213,0.3281716994098818,0.2774899748535842,-0.21281182630120107,0.014474879282367625
1988,CHE,0.23610004782676697,0.029050083830952644,0.04874999821186066,91.96182,1.504,0.05035629064003211,-0.12558111227662394,-0.10884142439178324,0.17683881064162751,0.01859440741153431
1989,CHE,0.22585652768611908,-0.0806799978017807,0.09687499701976776,94.8671,1.5465,0.19216826229545614,-0.10594420736752552,0.06673132590865216,0.028257978723404242,0.031592241214886685
1990,CHE,-0.19314707815647125,0.002926075831055641,0.08749999850988388,100.0,1.2955,-0.03682127083672926,0.19724058376899078,0.2982004999579586,-0.1623019721952796,0.05410621806716983
1991,CHE,0.17670057713985443,0.08829621970653534,0.07562500238418579,105.8441,1.3555,0.1246149743155156,0.04012375701203741,0.028013419836748543,0.04631416441528354,0.05844099999999997
1992,CHE,0.17640012502670288,0.1404396891593933,0.0637499988079071,110.1336,1.456,0.0951994295835823,0.061721152922773026,-0.009675052620798041,0.07414238288454447,0.040526585799302975
1993,CHE,0.5081000328063965,0.1819738894701004,0.04125000163912773,113.7876,1.4795,0.4841457571923711,0.16319971819429946,0.024711052643845877,0.016140109890109944,0.03317788576783104
1994,CHE,-0.07619982957839966,-0.022423813119530678,0.03500000014901161,114.7462,1.3115,0.04213675344167567,0.10280134844807809,0.16758101427408523,-0.11355187563365997,0.008424468043969678
1995,CHE,0.23059991002082825,0.1556437909603119,0.017500000074505806,116.8247,1.1505,0.4028090238959725,0.3173636087305076,0.15988809221878708,-0.1227601982462829,0.018113889610287794
1996,CHE,0.182899609208107,0.05100618302822113,0.014999999664723873,117.7738,1.3464,0.010788770346054077,-0.10191427987673174,-0.13268159565191262,0.17027379400260753,0.008124138131747713
1997,CHE,0.5518854260444641,0.08880503475666046,0.009999999776482582,118.38488195809707,1.4553,0.43575794518399413,0.0073298280741893596,-0.06557823149930864,0.08088235294117646,0.005188606957549762
1998,CHE,0.15365493297576904,0.11432509124279022,0.008750000037252903,118.40679839963218,1.3765,0.21969780164158137,0.1781164586165147,0.0664975481686989,-0.05414691128976842,0.0001851287189091346
1999,CHE,0.11690592765808105,-0.05112598463892937,0.010937499813735485,119.36338661251831,1.5996,-0.03887158700840898,-0.18346769058232426,-0.13006034727831506,0.16207773338176523,0.008078828460994038
2000,CHE,0.11910942941904068,0.0467250794172287,0.03500000014901161,121.22757334544735,1.6365,0.09387561460354243,0.02312339568334787,0.011662694921086958,0.02306826706676679,0.015617743311696002
2001,CHE,-0.2202742099761963,0.038154486566782,0.016499999910593033,122.42782082010638,1.6773,-0.23924088989807735,0.012901578290430482,-0.008226167141426322,0.024931255728689244,0.009900779513575054
2002,CHE,-0.25951531529426575,0.13740773499011993,0.004399999976158142,123.21294510804123,1.3868,-0.10440224858888947,0.3756662776888724,0.21479674066917354,-0.17319501579920107,0.006412956488774713
2003,CHE,0.22063781321048737,-0.0025380710139870644,0.0008999999845400453,123.99678019353284,1.2369,0.36856699762333567,0.1183444119312822,0.12219914300150392,-0.10809056821459469,0.006361629330459547
2004,CHE,0.06890685111284256,0.060954637825489044,0.005499999970197678,124.98946607482978,1.1316,0.16837299765064961,0.15968079845028949,0.09906588013709583,-0.08513218530196472,0.008005739179255802
2005,CHE,0.35608187317848206,0.06502807885408401,0.006300000008195639,126.4552892527968,1.3143,0.16757380178708825,-0.08302079127194606,-0.13358511754601388,0.1614528101802758,0.011727573722808391
2006,CHE,0.20666758716106415,-0.02138919197022915,0.01940000057220459,127.79992740109903,1.2203,0.29961747914921477,0.05399343193766115,0.09792462570847227,-0.07152096172867692,0.01063330886550864
2007,CHE,-0.0005397464265115559,-0.01394559070467949,0.019999999552965164,128.73846677977974,1.1255,0.08364402259949189,0.0691090143607993,0.10591381559705337,-0.07768581496353355,0.007343817776477427
2008,CHE,-0.3404650092124939,0.10948916524648666,0.00009999999747378752,131.86478270464346,1.0637,-0.3021466276851199,0.17394947399165228,0.0582048979948826,-0.05490892936472666,0.024284240779499106
2009,CHE,0.23181472718715668,0.04250982776284218,0.0005000000237487257,131.2330735074545,1.0305,0.2715005582813963,0.07609675283001982,0.032733478918254955,-0.031211807840556657,-0.004790583082398112
2010,CHE,0.02918740175664425,0.05230806767940521,0.00039999998989515007,132.13551521772445,0.9396,0.12875438219478674,0.1541118175219529,0.09718199232608216,-0.08820960698689954,0.006876633200385211
2011,CHE,-0.07721107453107834,0.11861874908208847,0.000699999975040555,132.43718858944325,0.9409,-0.07848605125879593,0.11707320293073709,-0.0006826230454370918,0.0013835674755214643,0.002283060471832482
2012,CHE,0.17722399532794952,0.041854072362184525,-0.00019999999494757503,131.5192764498544,0.9166,0.2084334030155659,0.0694746854523014,0.026305716784588373,-0.025826336486342853,-0.006930924382836213
2013,CHE,0.24600191414356232,-0.04045632854104042,0.00009999999747378752,131.23565191234098,0.8915,0.2810828429657759,-0.01344057290041245,0.028257610765770602,-0.02738380973161686,-0.0021565244667503818
2014,CHE,0.13001148402690887,0.09706760197877884,-0.019999999552965164,131.2201814830221,0.9891,0.018506963916681274,-0.011186162001737499,-0.11670205196791872,0.10947840717891197,-0.00011788282447234027
2015,CHE,0.026751631870865822,0.04209879785776138,-0.009999999776482582,129.72212824397397,0.9921,0.023646849192090924,0.03894760705686107,-0.012993649610844593,0.003033060357901125,-0.011416332625953152
2016,CHE,-0.007899999618530273,-0.0024187390226870775,-0.009000000000000001,129.15874677627687,1.016,-0.03123778506057473,-0.02588546356733057,-0.0323119094488189,0.0240903134764641,-0.004342986623203736
2017,CHE,0.2004999965429306,0.005397496744990349,-0.01,129.8471808809685,0.9753,0.2505977611889856,0.04735348784262294,0.0313134420178407,-0.0400590551181103,0.005330139242401436
2018,CHE,-0.09059999883174896,0.008491598069667816,-0.0095,131.06035352028297,0.9847,-0.09928118092881577,-0.0011355178253814602,-0.0189553671168885,0.009638060084076772,0.009343080312437432
2019,CHE,0.29899999499320984,0.026516979560256004,-0.01,131.53365988760393,0.9682,0.32113746650466224,0.04401081364695747,0.006871514149969116,-0.016756372499238417,0.00361136190013183
2020,CHE,0.03999999910593033,-0.009036127477884293,-0.0085,130.5792453996545,0.8806,0.1434567330619596,0.089542608875667,0.09013206904383364,-0.09047717413757478,-0.00725604753007699
1870,DEU,0.045156121253967285,0.03348425030708313,0.06750000268220901,1.1503618935597576e-11,3.633879e-12,,,,,
1871,DEU,0.37325242161750793,0.14190393686294556,0.04125000163912773,1.2021799971208781e-11,3.6960599999999995e-12,0.35014938518720196,0.12269301260899024,0.023732437976221377,0.017111466837503232,0.04504504526029721
1872,DEU,0.13346737623214722,0.0497431755065918,0.04125000163912773,1.2747253490839265e-11,3.6989832e-12,0.13257162957555169,0.04891359367701176,0.040427131720499165,0.0007908962516844394,0.06034483366616353
1873,DEU,-0.09736505150794983,0.06456244736909866,0.04625000059604645,1.3472706873053457e-11,3.6105075e-12,-0.07524592866654922,0.09064961315526432,0.07188841879009145,-0.023918924530395375,0.056910563733241486
1874,DEU,-0.03579087555408478,0.06197554990649223,0.03500000014901161,1.3576343042494475e-11,3.7361250000000005e-12,-0.0682099032070902,0.026269380107468043,0.000200813152131607,0.03479220026547531,0.00769230492561958
1875,DEU,-0.08155450224876404,0.047438640147447586,0.04749999940395355,1.2850889695092527e-11,3.6608307e-12,-0.06266433318376696,0.06898188146774542,0.06904450273351803,-0.020153046271203623,-0.053435107313600655
1876,DEU,0.0756855234503746,0.040216390043497086,0.03750000149011612,1.2954525880323761e-11,3.7680296e-12,0.04508271054789503,0.01062265947019303,0.007983551059434824,0.02928267073372182,0.008064514418080312
1877,DEU,0.007354984991252422,0.038433268666267395,0.03999999910593033,1.2747253490839266e-11,4.026483e-12,-0.05730549435957022,-0.02822207520576947,-0.026755910646805492,0.06859112784039698,-0.015999998100996848
1878,DEU,0.09365593641996384,0.05011950060725212,0.04500000178813934,1.2332708566424673e-11,4.1765035e-12,0.054371685751985144,0.012399083866107441,0.00746347805045855,0.03725844614270064,-0.03252033269068532
1879,DEU,0.3330463767051697,0.05951946601271629,0.03500000014901161,1.202179997120874e-11,4.209198e-12,0.3226920800521762,0.05128976069081115,0.026960747183275124,0.007828198874968047,-0.025210082078998393
1880,DEU,0.1281481832265854,0.06521216034889221,0.03375000134110451,1.253998107354106e-11,4.216752e-12,0.12612718901680164,0.06330391137924085,0.03189811450732094,0.0017946411644213915,0.04310345402296838
1881,DEU,0.17513629794120789,0.04694615304470062,0.04125000163912773,1.2332708566424673e-11,4.229631e-12,0.171558070814259,0.04375825804746292,0.03807945111802802,0.003054246491138124,-0.01652893301041131
1882,DEU,-0.003734889905899763,0.042354702949523926,0.038750000298023224,1.2436344776962788e-11,4.202491e-12,0.0026990644054727397,0.049086307285630904,0.045458325195825156,-0.00641663539916362,0.008403361676790174
1883,DEU,0.0836617574095726,0.046306971460580826,0.03500000014901161,1.202179997120874e-11,4.213696999999999e-12,0.08077984310640107,0.043524399310236994,0.032247498010943954,0.0026665137414926565,-0.03333333171350754
1884,DEU,0.06552354246377945,0.05099194496870041,0.02889999933540821,1.1918163797253297e-11,4.207962e-12,0.06697573654633748,0.05242433404550173,0.030302279464408333,-0.0013610375876574588,-0.008620686935703784
1885,DEU,0.010078897699713707,0.05138763412833214,0.02850000001490116,1.1607255142424707e-11,4.2015954e-12,0.01160945161980198,0.05298078241468107,0.030058467091501395,-0.0015129889480940551,-0.026086959377101662
1886,DEU,0.09612987190485,0.053658198565244675,0.02160000056028366,1.1503618935597578e-11,4.1946343999999996e-12,0.09794890052825744,0.05540674540408541,0.023295346787335136,-0.0016567516234429374,-0.008928571445658765
1887,DEU,0.006245369091629982,0.03385138884186745,0.023000000044703484,1.1503618935597578e-11,4.1948e-12,0.006205645092125289,0.03381057502714602,0.02295961461512208,0.00003947900679980012,0.0
1888,DEU,0.16583238542079926,0.05711447820067406,0.0210999995470047,1.1607255142424705e-11,4.1797e-12,0.17004418746875816,0.06093351512218259,0.0247889269803514,-0.003599694860303186,0.009009009026405472
1889,DEU,0.1727822870016098,0.030128387734293938,0.02630000002682209,1.2021799971208739e-11,4.1864e-12,0.17090534229424548,0.02847974923873231,0.024657488561080854,0.0016029858602291938,0.03571428590975533
1890,DEU,-0.043401967734098434,0.0009446745971217752,0.03779999911785126,1.2332708566424672e-11,4.181899999999999e-12,-0.042372605208644054,0.0020217570323037837,0.038916740311096376,-0.0010749092298874062,0.025862066908494078
1891,DEU,-0.04240553081035614,0.03385338559746742,0.03020000085234642,1.2539981073541056e-11,4.1794e-12,-0.041832724624546236,0.0344718077307864,0.03081623763325525,-0.0005978143905879232,0.016806730330162487
1892,DEU,0.056862808763980865,0.046211425215005875,0.017999999225139618,1.2436344776962785e-11,4.1784e-12,0.057115743573660005,0.04646181087104995,0.018243633151816097,-0.0002392687945637395,-0.008264469935839062
1893,DEU,0.045284271240234375,0.03657173737883568,0.031700000166893005,1.171089137929984e-11,4.1875e-12,0.043012728107509446,0.034319127752531875,0.02945797747996326,0.002177867126172705,-0.05833332950102685
1894,DEU,0.16976386308670044,0.08479717373847961,0.017400000244379044,1.1503618935597576e-11,4.180799999999999e-12,0.17163848466216014,0.08653563074767612,0.01903044896271955,-0.0016000000000001837,-0.017699117598224758
1895,DEU,0.1318591684103012,0.04678182303905487,0.020099999383091927,1.171089137929984e-11,4.1753e-12,0.1333501332334892,0.04816071797515886,0.021443747136931535,-0.0013155376961345969,0.018018020664859347
1896,DEU,0.08897232264280319,0.024239683523774147,0.030400000512599945,1.181452758995148e-11,4.1812e-12,0.08743569758215242,0.022794401276383436,0.028946025576451317,0.0014130721145786428,0.008849557842780978
1897,DEU,0.07765394449234009,0.02068159356713295,0.030899999663233757,1.2021799971208738e-11,4.1856e-12,0.07652108961949833,0.01960862935371188,0.029816293623832424,0.001052329474791989,0.01754385688967772
1898,DEU,0.08969160169363022,0.008858573623001575,0.03550000116229057,1.2021799971208738e-11,4.2091e-12,0.08360769951981628,0.0032259736657325178,0.02971865835092613,0.005614487767584013,0.0
1899,DEU,0.03726273402571678,-0.01499930489808321,0.04450000077486038,1.233270856642467e-11,4.1963e-12,0.040426702997317765,-0.011994751148993621,0.047686045626257556,-0.0030410301489629866,0.02586206690849408
1900,DEU,-0.06725689768791199,0.026910047978162766,0.04410000145435333,1.2643617291677967e-11,4.2012e-12,-0.06834478714838266,0.025712328461097833,0.04288223271991409,0.0011676953506661856,0.025210092623102615
1901,DEU,0.038567397743463516,0.06220318749547005,0.03060000017285347,1.2643617291677967e-11,4.1853e-12,0.04251292652852601,0.06623850890162464,0.03451526072830924,-0.003784632962010941,0.0
1902,DEU,0.08680732548236847,0.040763821452856064,0.021900000050663948,1.2747253490839261e-11,4.1937e-12,0.0846304455114475,0.03867916682801309,0.019853129745104336,0.0020070245860511417,0.008196720667075833
1903,DEU,0.10097536444664001,0.03314999118447304,0.03009999915957451,1.2747253490839261e-11,4.196399999999999e-12,0.10026698738916084,0.032485253557889004,0.029437223924198896,0.0006438228771728008,0.0
1904,DEU,0.1247231513261795,0.027774188667535782,0.03139999881386757,1.2747253490839261e-11,4.1788e-12,0.12946018766755496,0.03210290162832541,0.03574398272769996,-0.004194071108569117,0.0
1905,DEU,0.08828467130661011,0.027354072779417038,0.02850000001490116,1.3161798305513671e-11,4.184200000000001e-12,0.0868801645370827,0.026028201168831977,0.027172649505823765,0.0012922370058391797,0.032520324081757715
1906,DEU,0.05856289342045784,0.017608584836125374,0.04039999842643738,1.3887251706925117e-11,4.2154e-12,0.05072801125631754,0.010076823236541355,0.03269954770980221,0.007456622532383561,0.055118106551408155
1907,DEU,0.025070125237107277,0.003328117774799466,0.05119999870657921,1.3783615523991073e-11,4.203299999999999e-12,0.02802098492244265,0.006216388948657059,0.054226078211813356,-0.0028704274801918503,-0.007462684850910033
1908,DEU,0.020598167553544044,0.05757177248597145,0.03519999980926514,1.3783615523991073e-11,4.197e-12,0.02213015908453908,0.059159264067258244,0.036753909744646984,-0.0014988223538646487,0.0
1909,DEU,0.14028215408325195,0.03441371023654938,0.028599999845027924,1.4198160385765414e-11,4.1879999999999995e-12,0.1427326171650929,0.036636662335911785,0.03081045829741713,-0.0021443888491780956,0.03007519043554318
1910,DEU,0.07810017466545105,0.03398488461971283,0.03539999946951866,1.4716341395648174e-11,4.2023e-12,0.07443150929227049,0.03046633909700791,0.03187663845473754,0.0034145176695322015,0.03649634852711415
1911,DEU,0.05248943716287613,0.024636516347527504,0.03539999946951866,1.4716341395648174e-11,4.197900000000001e-12,0.053592596724446384,0.025710482061796158,0.036485246854560005,-0.0010470456654687805,0.0
1912,DEU,0.05938301980495453,0.0017900161910802126,0.0421999990940094,1.492361378020115e-11,4.201e-12,0.058601280371154196,0.0010507757601847523,0.04143093934699893,0.0007384644703302725,0.014084505039701736
1913,DEU,0.040864042937755585,0.022681813687086105,0.049800001084804535,1.5027249944261957e-11,4.2107e-12,0.038466251307742505,0.02032590763992892,0.0473816240903564,0.0023089740537966786,0.0069444415801149795
1914,DEU,-0.08573048561811447,0.0455005057156086,0.03629999980330467,1.544179487029796e-11,4.28e-12,-0.10053396163369033,0.028572191452503004,0.019520656348545495,0.016458071104566964,0.027586213550290575
1915,DEU,0.09815901517868042,0.06536457687616348,0.03889999911189079,1.9379970725641004e-11,4.86e-12,-0.03289699897844589,-0.061777697730456715,-0.08508395139940472,0.13551401869158866,0.25503355590599514
1916,DEU,0.1535072773694992,0.04319523647427559,0.04619999974966049,2.5494506967403004e-11,5.519999999999999e-12,0.015587928988363364,-0.08153462875634432,-0.07888913065519021,0.13580246913580232,0.3155080226035666
1917,DEU,0.23372343182563782,0.03154205530881882,0.046300001442432404,3.824176052345169e-11,6.58e-12,0.034977711805094236,-0.1346334125676779,-0.12225288632792919,0.19202898550724654,0.5000000028377557
1918,DEU,-0.26594823598861694,0.038628607988357544,0.046300001442432404,4.7050837962563053e-11,6.01e-12,-0.1963293498843759,0.13713414984415873,0.14553311306010075,-0.0866261398176292,0.23035229860061526
1919,DEU,0.590096652507782,0.06736224889755249,0.046300001442432404,6.249263288262212e-11,1.976e-11,-0.5163724250216716,-0.6753619880630419,-0.681768066362904,2.2878535773710484,0.3281938343445795
1920,DEU,0.6850277781486511,0.12000566720962524,0.03590000048279762,1.5338158650649405e-10,6.306e-11,-0.47199256428453296,-0.6490435777979353,-0.6753982871940996,2.191295546558704,1.454394693124639
1921,DEU,1.2381927967071533,0.43171799182891846,0.0348999984562397,2.0105424070659674e-10,1.0457e-10,0.349722078611008,-0.13661531448090647,-0.3759128440025774,0.6582619727243894,0.3108108038645452
1922,DEU,20.694435119628906,0.047298237681388855,0.05939999967813492,2.259269310196312e-9,1.88578e-9,0.2029966806624286,-0.9419253694946691,-0.941254304337546,17.033661662044565,10.237113438921776
1923,DEU,2639074816.0,0.06114140897989273,,2.388266141806678,0.5349,8.304009176298859,-0.9999999962589657,,283649205.16402763,1057096703.2433544
1924,DEU,0.04148393124341965,0.06827491521835327,0.11110000312328339,19.802945276729737,4.2011511154056205,-0.8673959256596943,-0.8639848373806647,-0.8585322509606366,6.854086960937783,7.291766537270919
1925,DEU,-0.3478185534477234,0.0672944039106369,0.0820000022649765,21.65947135982542,4.200445247196203,-0.3477089569352583,0.06747375851365489,0.08218182808563168,-0.00016801780988757713,0.09374999815190475
1926,DEU,1.3776044845581055,0.04826834797859192,0.06030000001192093,21.81418189639468,4.202386955790889,1.3765059148378502,0.047783996660586414,0.05981008948139954,0.0004622625651367924,0.007142858382786727
1927,DEU,-0.07390796393156052,0.04713355004787445,0.07259999960660934,22.89715545688216,4.184100418410042,-0.06986049495563529,0.05171002883443432,0.07728777906362261,-0.004351464435146395,0.04964538966581501
1928,DEU,0.11162931472063065,0.05308752879500389,0.07460000365972519,23.515997494325248,4.201680672268907,0.10697814603979139,0.04868130482515065,0.07010376933478946,0.004201680672268781,0.02702702694264511
1929,DEU,-0.22215013206005096,0.046711549162864685,0.08269999921321869,23.82541852429542,4.184100418410042,-0.21888185530400095,0.0511094968484227,0.08724915887377827,-0.004184100418409917,0.013157895175181853
1930,DEU,-0.27195248007774353,0.06838693469762802,0.05660000070929527,22.89715545688216,4.201680672268907,-0.27499870401047244,0.06391669647713605,0.05217908020423567,0.004201680672268781,-0.03896103929786936
1931,DEU,-0.34182441234588623,-0.12421856820583344,0.08449999988079071,21.040629339347035,4.23728813559322,-0.3473552996370972,-0.13157807603603644,0.07538655450364118,0.008474576271186461,-0.08108108105529381
1932,DEU,0.13711504638195038,0.24399156868457794,0.05040000006556511,18.719971694232836,4.201680672268907,0.1467516145716279,0.2545338701141082,0.05930169498137494,-0.008403361344537836,-0.1102941175231129
1933,DEU,0.14418908953666687,0.20961789786815643,0.05050000175833702,18.255840167016665,2.679528403001072,0.7941654126684201,0.8967621827075458,0.6472546246059299,-0.36227224008574477,-0.024793388301925626
1934,DEU,0.1400829404592514,0.045467033982276917,0.045499999076128006,18.71997169423284,2.488181139586962,0.22775812907441884,0.12586602614543696,0.12590152633626972,-0.07141079870614585,0.025423728679150805
1935,DEU,0.16027472913265228,0.04637465626001358,0.034699998795986176,19.02939269921157,2.486325211337643,0.1611408212419827,0.04715572716540817,0.03547235510262681,-0.0007458975634013574,0.016528924831336986
1936,DEU,0.2989019751548767,0.07111585885286331,0.03310000151395798,19.184103223682772,2.4857071836937608,0.299224924427665,0.0713821730892763,0.03335686377191771,-0.0002485707183693725,0.008130082074432788
1937,DEU,0.017761338502168655,0.0956096276640892,0.031700000166893005,19.338813739405722,2.481389578163772,0.01953223817144889,0.09751598296949515,0.033495153038175074,-0.0017369727047144628,0.008064516434208932
1938,DEU,-0.027276359498500824,0.06661681830883026,0.03009999915957451,19.49352423666623,2.450980392156863,-0.015207827978631072,0.07985027759305896,0.04288039617147987,-0.012254901960784373,0.00799999934563
1939,DEU,0.1336694359779358,0.04571683332324028,0.02500000037252903,19.49352423666623,2.4937655860349124,0.11421922506654991,0.02777561314367527,0.007414216052412437,0.01745635910224418,0.0
1940,DEU,0.3376937210559845,0.07767151296138763,0.022199999541044235,20.112366285899107,2.5012506253126565,0.3336906475765149,0.07444656080289946,0.019141046923963456,0.0030015007503753975,0.031746032257670004
1941,DEU,0.0747654065489769,0.0690060630440712,0.021800000220537186,20.576497820385075,2.4893917963224896,0.0798853154277801,0.07409853587611748,0.02666759538280461,-0.004741159830268718,0.023076923316147722
1942,DEU,0.1425996869802475,0.06112852692604065,0.021299999207258224,21.195339868439003,2.4893917963224896,0.1425996869802475,0.06112852692604065,0.021299999207258224,0.0,0.030075188375392185
1943,DEU,0.04271024838089943,0.06454386562108994,0.021299999207258224,21.350050371401743,2.4893917963224896,0.04271024838089943,0.06454386562108994,0.021299999207258224,0.0,0.0072992697415110485
1944,DEU,0.03170304745435715,,0.021299999207258224,21.814181896394675,2.4893917963224896,0.03170304745435715,,0.021299999207258224,0.0,0.021739130209015058
1945,DEU,-0.13434875011444092,,,22.433023935057417,,,,,,0.028368794282632257
1946,DEU,-0.09704092890024185,,,24.44426054889492,17.5,,,,,0.08965517175303438
1947,DEU,0.08538708835840225,,,26.146076159445776,23.5,-0.1917330193075728,,,0.34285714285714286,0.06962025327568323
1948,DEU,-0.8841469287872314,,,30.168549425585496,20.5,-0.8671928208048751,,,-0.1276595744680851,0.15384615426076173
1949,DEU,1.3681889772415161,0.06458775699138641,,32.29096830178449,6.05,7.024441989000177,2.607280829474945,,-0.7048780487804878,0.07035203603123856
1950,DEU,-0.08310543745756149,0.03701186180114746,0.04309999942779541,30.282438498705474,4.199999999,0.3207647868339327,0.49379089652160313,0.5025607138192199,-0.30578512413223136,-0.06220097781855669
1951,DEU,1.1774762868881226,0.03591920807957649,0.06019999831914902,32.599972081874945,4.199999999,1.1774762868881226,0.03591920807957649,0.06019999831914902,0.0,0.07653061305708726
1952,DEU,0.21791709959506989,0.06294126808643341,0.051100000739097595,33.29523218101175,4.199999999,0.21791709959506989,0.06294126808643341,0.051100000739097595,0.0,0.021327015170155814
1953,DEU,0.25189876556396484,0.014948978088796139,0.03579999879002571,32.67722355966636,4.199999999,0.25189876556396484,0.014948978088796139,0.03579999879002571,0.0,-0.01856147504800519
1954,DEU,0.8926240801811218,0.07128824293613434,0.02889999933540821,32.75447503341013,4.199799999,0.8927142094292115,0.07133925909134153,0.028948996906701385,-0.00004761904763048598,0.0023640770337392913
1955,DEU,0.1104106679558754,0.1024467870593071,0.031300000846385956,33.29523218101175,4.215199999,0.10635384401144155,0.09841905871314527,0.027532203347619078,0.0036668412790293267,0.016509412745893064
1956,DEU,-0.04888329654932022,-0.056685127317905426,0.04699999839067459,34.14499517104503,4.198599999,-0.045122867529875155,-0.05295554438782091,0.05113952108334008,-0.003938128678102704,0.025522062300496685
1957,DEU,0.07799005508422852,-0.002312250202521682,0.03959999978542328,34.866004695302294,4.201699999,0.07719471767995012,-0.00304834083848049,0.03883298643366051,0.0007383413520550236,0.02111611147242681
1958,DEU,0.6110981702804565,0.12705065310001373,0.030799999833106995,35.59345312589381,4.177499999,0.6204311626754582,0.13357958806387948,0.03677136069532905,-0.005759573507332539,0.02086411784053734
1959,DEU,0.8196190595626831,0.09175792336463928,0.027049999684095383,35.94108316284035,4.169999999,0.8228917557137607,0.09372151675245677,0.02889721191418615,-0.0017953321368750727,0.009766684780961698
1960,DEU,0.37916263937950134,0.020545650273561478,0.0456399992108345,36.47540347333437,4.170999999,0.3788319842273291,0.020300973780989384,0.04538930633155802,0.00023980815353480628,0.014866561146005012
1961,DEU,-0.06964285671710968,0.09988727420568466,0.029319999739527702,37.30585284176381,3.996499999,-0.029020481753144423,0.14791187808330686,0.07426341022357397,-0.041836490060377984,0.022767379914976075
1962,DEU,-0.21530503034591675,0.05538468062877655,0.02662000060081482,38.38093131767902,3.997999999,-0.21559943816351945,0.05498871338982236,0.0262348255129492,0.0003753284124547442,0.028817957345064763
1963,DEU,0.12049345672130585,0.054772816598415375,0.02996000088751316,39.526822337887275,3.975199999,0.1269201147057275,0.060822529876865206,0.035867398760863756,-0.0057028514271393205,0.029855737754868737
1964,DEU,0.09510250389575958,0.06930676847696304,0.03288000077009201,40.45383579176994,3.976999999,0.09460685780385414,0.0688227975984761,0.03241251673643508,0.00045280740603054166,0.023452769513275643
1965,DEU,-0.11891141533851624,0.0017618751153349876,0.041039999574422836,41.76066763973334,4.005599999,-0.12520239135399713,-0.005390708676219824,0.033606969817267185,0.007191350265826441,0.032304275290237564
1966,DEU,-0.1363368034362793,0.0009717082721181214,0.05339000001549721,43.27350236150512,3.977299999,-0.13019151178895605,0.008094002127553512,0.060885269924212615,-0.007065108849377202,0.03622630593032927
1967,DEU,0.3791571855545044,0.15889610350131989,0.033479999750852585,43.96876242879908,3.998999999,0.37167338687132956,0.15260751999237598,0.0278719687430502,0.005455962589056901,0.016066646547020464
1968,DEU,0.1598810851573944,0.08920188248157501,0.025930000469088554,44.68333511951533,3.999499999,0.15973608189630562,0.08906571522532358,0.025801743186837367,0.000125031257845761,0.016251826324959463
1969,DEU,0.19145603477954865,0.009404388256371021,0.04806999862194061,45.52022232796206,3.689899999,0.2914248112959086,0.09409817364049156,0.13600801094240755,-0.07740967622888105,0.018729291495549635
1970,DEU,-0.21519063413143158,0.054736021906137466,0.08647000044584274,47.08455698054643,3.647999999,-0.2061765133970821,0.0668504515470314,0.09894891849166498,-0.011355321285496997,0.034365707647772956
1971,DEU,0.07233686000108719,0.08538829535245895,0.0616299994289875,49.55015564730375,3.268499999,0.19684407691860906,0.21141089232730415,0.18489406089650018,-0.10402960529167483,0.05236533642603898
1972,DEU,0.16431158781051636,0.040691763162612915,0.04301999881863594,52.27325705893369,3.201499999,0.18867793996034332,0.06247103792559083,0.06484799817602349,-0.020498699715618303,0.05495646534418338
1973,DEU,-0.15124717354774475,0.03290973976254463,0.10182999819517136,55.929810853706314,2.702999999,0.005283823175518343,0.2234038224344359,0.3050346797724919,-0.1557082618009396,0.06995075494626575
1974,DEU,0.024214988574385643,0.08233438432216644,0.08866000175476074,59.824553838399076,2.409499999,0.1489741084213836,0.21417299894362096,0.22126913669878712,-0.1085830559040264,0.06963626240181837
1975,DEU,0.3115616738796234,0.1349460780620575,0.044039998203516006,63.378105709459255,2.622299999,0.205128266447973,0.042845050146217645,-0.040683989022366696,0.08831707826865208,0.05939955491618378
1976,DEU,-0.022198447957634926,0.11145351082086563,0.03884999826550484,66.1012081293633,2.362499999,0.08532868149342687,0.23367811282445716,0.1530905187580418,-0.0990733326084251,0.04296597996139886
1977,DEU,0.12450765818357468,0.13562846183776855,0.04139000177383423,68.54105528708712,2.104999999,0.26206619600772174,0.2745473830074334,0.16878094029362223,-0.10899470904084443,0.03691078010176332
1978,DEU,0.11918660998344421,0.03743641823530197,0.03359999880194664,70.38220743959864,1.827999999,0.28877889178596394,0.19464095215673693,0.1902231934544425,-0.1315914489936301,0.026862033926962202
1979,DEU,-0.09371468424797058,0.005099039059132338,0.058720000088214874,73.27912442810685,1.731499999,-0.04320556901806594,0.06111524311643657,0.11772460884797065,-0.052789934383364316,0.0411597915708216
1980,DEU,0.03376498818397522,0.03102438896894455,0.09060999751091003,77.25111883609296,1.959,-0.08628684226299743,-0.088709173829146,-0.036043282491306505,0.13138896975535033,0.05420362809988227
1981,DEU,0.027976246550679207,0.05071915313601494,0.11263000220060349,82.1372529935331,2.254799999,-0.10688066884606173,-0.08712133142348222,-0.03333236860136146,0.1509954053088309,0.06325001153455476
1982,DEU,0.14812473952770233,0.18569885194301605,0.0866599977016449,86.46331535052717,2.376499999,0.08932954455218489,0.12497949560294241,0.031012397543455084,0.05397374492370671,0.05266870024658209
1983,DEU,0.3932937681674957,0.04906577616930008,0.053630001842975616,89.29585658556124,2.723799999,0.21564088401218906,-0.08469608013342411,-0.08071381920644416,0.14613928051594338,0.03276003497611431
1984,DEU,0.10989166051149368,0.13191428780555725,0.05544999986886978,91.44601251496428,3.148,-0.03966870908789233,-0.02061367979896367,-0.08677423488329816,0.15573830720160742,0.024079011183937873
1985,DEU,0.6665141582489014,0.10259690135717392,0.05192999914288521,93.44166660212248,2.4613,1.131469780265527,0.41022022730767604,0.3454173149562436,-0.21813850063532403,0.021823303523831952
1986,DEU,0.15035311877727509,0.0862049013376236,0.045729998499155045,93.32485405730733,1.9408,0.4588644534452324,0.37751242975179977,0.3261826284552609,-0.21147361150611463,-0.0012501119582181532
1987,DEU,-0.3350880444049835,0.06814783066511154,0.037220001220703125,93.5506908008213,1.5815,-0.18402711133809158,0.3108196710432176,0.27286536729000366,-0.1851298433635615,0.0024198992411527172
1988,DEU,0.2789909243583679,0.0494999997317791,0.04008999839425087,94.74217141760197,1.7803,0.1361703908738745,-0.06769406865370531,-0.0760532873894807,0.12570344609547904,0.012736203298781047
1989,DEU,0.3148202896118164,0.016102906316518784,0.06588999927043915,97.3743311136727,1.6978,0.3787104261962051,0.06547767941765725,0.11768404152501066,-0.04634050440936922,0.02778234503902985
1990,DEU,-0.06978867948055267,0.014066016301512718,0.07923000305891037,100.0,1.494,0.05710360105616985,0.15239711009150492,0.22645026719773642,-0.12003769584167745,0.026964692401965307
1991,DEU,0.12855538725852966,0.11170704662799835,0.08839999884366989,103.63620687590307,1.516,0.1121779344091316,0.0955740947640038,0.0726052759053053,0.014725568942436425,0.036362068759030704
1992,DEU,-0.02086845226585865,0.13408750295639038,0.09415999799966812,108.87803295302335,1.614,-0.08032005801427622,0.06522717130228495,0.027724012991014124,0.06464379947229557,0.050579100057154644
1993,DEU,0.46705931425094604,0.14661875367164612,0.07489000260829926,113.73125431140113,1.7263,0.3716235493257414,0.0720284240433513,0.004965802125815433,0.06957868649318454,0.04457484422474602
1994,DEU,-0.07063193619251251,-0.025139128789305687,0.05347000062465668,116.84008149225397,1.5488,0.035878156347407986,0.0865846603635212,0.1742027776848818,-0.10282106238776574,0.02733485355169598
1995,DEU,0.0699237659573555,0.16692912578582764,0.04503000155091286,118.99035661606668,1.4335,0.15598041765940152,0.2607881618535681,0.12908438535197342,-0.07444473140495865,0.018403574324409037
1996,DEU,0.22141863405704498,0.07546108961105347,0.03272999823093414,120.760659852491,1.5548,0.12612786977152934,-0.008442582996240566,-0.0478399456752997,0.08461806766655038,0.014877703427147225
1997,DEU,0.4082593023777008,0.06561748683452606,0.0318400003015995,122.59459526127759,1.7921,0.2217853709820039,-0.07548570474285976,-0.10479056276495347,0.15262413172112174,0.015186530207989398
1998,DEU,0.1553555130958557,0.11240861564874649,0.03413999825716019,123.312222160368,1.673,0.2376046712606592,0.19160040651770394,0.10775988695556293,-0.06645834495842864,0.0058536585365853615
1999,DEU,0.316754549741745,-0.019451305270195007,0.027319999411702156,124.14945354264015,1.9468743778618356,0.1315215746674514,-0.15738889733368178,-0.11719709368030451,0.16370255700049943,0.0067895247332687625
2000,DEU,-0.09912479668855667,0.06855292618274689,0.041120000183582306,125.8908948177662,2.101912950026867,-0.16557398299691606,-0.010264286469195527,-0.035673740622313876,0.07963460505104764,0.014026974951830438
2001,DEU,-0.17913822829723358,0.05624079331755638,0.0437299981713295,128.2829844814009,2.2192556450697833,-0.22254112906862134,0.000392274208234511,-0.011457015165618034,0.05582661976625459,0.019001292087862033
2002,DEU,-0.39940106868743896,0.09019169956445694,0.0327799990773201,129.95744724594516,1.865004291026986,-0.28531930186374366,0.2972699822231317,0.22895312042707983,-0.15962620387145987,0.013052882822406157
2003,DEU,0.37576285004615784,0.04087153449654579,0.023180000483989716,131.37834850614416,1.5485589865399843,0.6568975680445288,0.25357180134369917,0.23226503348076566,-0.16967537608867778,0.010933588573111469
2004,DEU,0.08466467261314392,0.0670132040977478,0.02048330008983612,133.6779440361183,1.4358931062330225,0.16977177400345478,0.15073530110969302,0.10055447589260957,-0.07275530430952216,0.01750361118191858
2005,DEU,0.28201770782470703,0.040816325694322586,0.020899999886751175,136.2566166935165,1.657904552004747,0.1103415974750801,-0.09856029702548119,-0.11580961025886494,0.15461558023226257,0.019290187891440474
2006,DEU,0.24087242782115936,0.002688172273337841,0.028358299285173416,138.68857451821177,1.485064540622627,0.3852920127493997,0.1193865583487208,0.14804431648603322,-0.10425208807896748,0.017848364972730124
2007,DEU,0.2042311728000641,0.025137992575764656,0.03859170153737068,141.8636748650762,1.3285986006385428,0.3460506526036258,0.1458660887401546,0.1609042094405193,-0.1053596902384353,0.022893741304172856
2008,DEU,-0.4257866144180298,0.10143991559743881,0.0381833016872406,145.75799683747348,1.4053531651936473,-0.4571477693672794,0.0412838329848213,-0.018517966878518588,0.05777107135158439,0.02745115672564589
2009,DEU,0.254040002822876,0.04924718290567398,0.006258329842239618,146.1168102870187,1.3576495904484234,0.29810305961531625,0.08611445835590592,0.04161511099427373,-0.03394418992086641,0.0024617067833698496
2010,DEU,0.1845751404762268,0.04006709158420563,0.0038333300035446882,147.75140489050239,1.4637254901960783,0.09872921192859452,-0.035306366947928214,-0.06891427491966162,0.07813201616524537,0.011186903137789835
2011,DEU,-0.14815965294837952,0.08290884643793106,0.008091670460999012,151.4192757080756,1.5115774016539145,-0.17512630964669085,0.04862726867687406,-0.023821424629930643,0.03269186181312318,0.02482460874257973
2012,DEU,0.2926276624202728,0.046400036662817,0.0025500000920146704,154.6757071035036,1.482363195391845,0.31810258736943187,0.06702234204569191,0.022308115094987313,-0.019326966803092153,0.021506055818852062
2013,DEU,0.2674599885940552,-0.0048566716723144054,0.0008916666847653687,157.14753308925944,1.4181930244362266,0.32480981527214015,0.040171414352517365,0.04617985260342583,-0.043289101587992256,0.01598069943912891
2014,DEU,0.03094451129436493,0.07100376486778259,0.0009666666737757623,158.35633573261615,1.6109299069269414,-0.09240103606519556,-0.05713460160541284,-0.11879223405943629,0.1359031381270073,0.007692151569888839
2015,DEU,0.11329784989356995,0.005129074677824974,-0.001075000036507845,159.43277608125175,1.7964820428033434,-0.0016906604240759515,-0.09868707388044817,-0.10425035214541334,0.1151832460732987,0.0067975830815709464
2016,DEU,0.0568000003695488,0.04064487665891647,-0.002637,160.03079849716042,1.8554501470448723,0.023213814999119675,0.007572117650559429,-0.03433421668044434,0.03282421022673365,0.0037509377344336205
2017,DEU,0.16380000114440918,0.011384469456970692,-0.003291,162.76894379880093,1.6308096389560587,0.3241109395432018,0.15070049731500235,0.13400351361350826,-0.12107062453097583,0.017110114598903912
2018,DEU,-0.16850000619888306,0.02532372996211052,-0.003221,165.91852852258663,1.7081484716157205,-0.20614734186418782,-0.021099248889671185,-0.04835157591928563,0.04742358078602554,0.019350034781075328
2019,DEU,0.22769999504089355,0.05853414162993431,-0.003563,168.16390335351838,1.7409916325440622,0.2045398903309521,0.038565287953771454,-0.022360414148471452,0.019227345558126867,0.013532996289959786
2020,DEU,0.07590000331401825,0.032080188393592834,-0.004252000000000001,168.78903611894825,1.5938635808002606,0.17521532318553645,0.1273505422625758,0.08766456364607422,-0.08450819004156127,0.003717401612138474
1870,DNK,,0.05740181356668472,,2.81371,3.226296,,,,,
1871,DNK,,0.11077844351530075,,3.037528,3.2972335999999998,,0.0868808473866216,,0.021987319204437444,0.0795455110867858
1872,DNK,,0.0760563388466835,,3.171046,3.3032934,,0.07408234337835995,,0.001837843700246188,0.04395613801749318
1873,DNK,-0.010062160901725292,0.054644808173179626,,3.347215,3.259824,0.0031385529720600047,0.0687083824717929,,-0.013159412361009098,0.055555485477031805
1874,DNK,0.11027878522872925,0.04324324056506157,,3.179854,3.345723,0.08177318647702081,0.016458730573858604,,0.026350809123437322,-0.05000007468895773
1875,DNK,0.08056949824094772,0.045945946127176285,0.05380000174045563,2.904675,3.2547277,0.11077993509662831,0.07518838172374753,0.0832620201140275,-0.02719749961368586,-0.08653824986933364
1876,DNK,-0.02071562595665455,0.013477089814841747,0.0560000017285347,2.759441,3.3457535999999997,-0.047358425206196375,-0.014095970027274696,0.0272700466722684,0.02796728586541957,-0.05000008606814886
1877,DNK,-0.06005743145942688,0.01666666567325592,0.05620000138878822,2.595514,3.5828390000000003,-0.12225577747482674,-0.050608705365691176,-0.013691389156324618,0.07086158406883301,-0.05940587242126203
1878,DNK,0.14749807119369507,0.08285713940858841,0.05130000039935112,2.41739,3.7182189999999995,0.10571777560642559,0.043430413997004536,0.013022267416419542,0.03778567778233941,-0.06862763984320637
1879,DNK,0.17056792974472046,0.08264462649822235,0.03999999910593033,2.443107,3.7388999999999997,0.16409316033258037,0.07665618778078964,0.03424744087182141,0.005562071518649164,0.010638333078237175
1880,DNK,0.19821083545684814,0.07692307233810425,0.03480000048875809,2.637445,3.741,0.1975382231193823,0.07631854455090559,0.03421911837140268,0.0005616625210624609,0.07954543128892845
1881,DNK,0.0901954174041748,0.043589744716882706,0.0357000008225441,2.69297,3.7667789999999997,0.08273436177408278,0.036447647973469666,0.028611899736389557,0.00689093825180421,0.021052571712395832
1882,DNK,0.05709286034107208,0.046035803854465485,0.04349999874830246,2.665208,3.7378971000000005,0.06526078189329576,0.054118289989073975,0.05156289128053615,-0.007667532393060259,-0.01030906397026334
1883,DNK,0.06907913833856583,0.04325699806213379,0.04670000076293945,2.526395,3.750778,0.06540771297747416,0.03967425094504562,0.04310542970599429,0.003446028516943234,-0.05208336460043639
1884,DNK,0.041174620389938354,0.050761424005031586,0.04529999941587448,2.47087,3.746934,0.042242767104233137,0.05183940587337399,0.04637237837898267,-0.0010248540436144072,-0.02197795673281487
1885,DNK,-0.0791454091668129,0.04522613063454628,0.04340000078082085,2.387582,3.7477918000000003,-0.07935617569552389,0.04498689776817977,0.04316118588169271,0.00022893384297677854,-0.03370796521063432
1886,DNK,0.11672041565179825,0.02500000037252903,0.04050000011920929,2.276532,3.7328378999999994,0.12119404292171443,0.02910619193942554,0.04466828531364109,-0.003990056224574952,-0.046511491542489465
1887,DNK,0.03440308943390846,0.027918782085180283,0.03500000014901161,2.276532,3.7419515999999997,0.03188375181442282,0.025415237302748972,0.032479208725263886,0.002441493642142976,0.0
1888,DNK,0.12778066098690033,0.04859334975481033,0.033399999141693115,2.221006,3.7274268,0.13217532503360996,0.052679441716835695,0.03742688662008242,-0.003881610868510374,-0.024390608170673622
1889,DNK,0.09005042165517807,0.030303029343485832,0.0357000008225441,2.304294,3.7354044,0.0877224310783622,0.02810263962212356,0.03348808493826594,0.0021402432369698717,0.03750012381776548
1890,DNK,0.010680236853659153,0.012690356001257896,0.041099999099969864,2.332057,3.7404488000000002,0.009317225177952082,0.011324633462344247,0.039695963082832186,0.00135042942070745,0.012048375771494332
1891,DNK,0.03563785180449486,0.005194805096834898,0.04390000179409981,2.554157,3.7342778,0.037349272733994354,0.0068559180280294285,0.045625076160841216,-0.0016498020237571888,0.09523780936743836
1892,DNK,0.057856570929288864,0.040214475244283676,0.04280000180006027,2.415344,3.722328,0.061252610840680566,0.04355387868650418,0.04614770556542158,-0.003200029735334637,-0.054347872898964256
1893,DNK,0.07704534381628036,0.04278074577450752,0.040800001472234726,2.276532,3.7326680000000003,0.07406178115947282,0.039892100732594304,0.03791684336247969,0.0027778315075942363,-0.05747090269543392
1894,DNK,0.10303031653165817,0.11170212924480438,0.03999999910593033,2.221006,3.717059999999999,0.1076619601372033,0.11637018594371562,0.044366977305380084,-0.004181459481529344,-0.024390608170673622
1895,DNK,0.1120045855641365,0.024752475321292877,0.03920000046491623,2.165481,3.7149222,0.11264450297694739,0.025342182379421985,0.039798021538141715,-0.0005751319591287117,-0.02499993246303694
1896,DNK,0.07126051187515259,0.029999999329447746,0.038600001484155655,2.109956,3.7282480000000002,0.06743152750256098,0.02631849155661059,0.03488775490083351,0.0035871006935219406,-0.025640954596230704
1897,DNK,0.03643586486577988,0.0477386936545372,0.04619999974966049,2.109956,3.7302008000000004,0.0358932796095357,0.04719019124657864,0.04565230286441202,0.0005237848984295569,0.0
1898,DNK,0.0662151426076889,0.017369726672768593,0.04580000042915344,2.221006,3.7536285000000005,0.059560523351555705,0.011019968633162014,0.039272799170410266,0.006280546612933022,0.052631429280989794
1899,DNK,-0.025713680312037468,-0.015151514671742916,0.056699998676776886,2.276532,3.746032,-0.023737945447116382,-0.013154361011871174,0.0588428585188574,-0.002023775128519098,0.02500038270945687
1900,DNK,0.04688404127955437,0.01595744676887989,0.062199998646974564,2.332057,3.7501440000000006,0.04573614211148458,0.014843458340405125,0.061035305666002015,0.0010976948408343975,0.024390168906037703
1901,DNK,0.050443459302186966,0.10054347664117813,0.057500001043081284,2.415344,3.7282788,0.05660398472381978,0.10699782314162087,0.06370191089564048,-0.005830496108949571,0.03571396410979678
1902,DNK,0.084967240691185,0.040920715779066086,0.044599998742341995,2.415344,3.7348176000000004,0.08306771451527961,0.039098304859631394,0.042771146251185055,0.001753838795532244,0.0
1903,DNK,0.07942571491003036,0.04071246460080147,0.04540000110864639,2.332057,3.7413032,0.07755451574696348,0.038908375383863936,0.04358778598339552,0.0017365238934291022,-0.03448245881332031
1904,DNK,0.06914178282022476,0.027848100289702415,0.0478999987244606,2.332057,3.7343774,0.07112461994843144,0.029754353892508023,0.04984344070522173,-0.0018511731420217082,0.0
1905,DNK,0.09799419343471527,0.040816325694322586,0.045499999076128006,2.387582,3.7371912,0.09716749340890796,0.04003267593692228,0.04471282289488232,0.0007534857082199982,0.023809452341859685
1906,DNK,0.10399577021598816,0.022842638194561005,0.054499998688697815,2.415344,3.7555542,0.0985977188901741,0.01784138981285288,0.049343959807426785,0.004913583227960173,0.011627663468731153
1907,DNK,0.0023283278569579124,0.02313624694943428,0.06419999897480011,2.554157,3.760995,0.0008783211522949141,0.02165613870882166,0.06266048633135823,0.0014487342507264814,0.05747131671513451
1908,DNK,-0.05052150785923004,0.0234375,0.06780000030994415,2.609683,3.740922,-0.04542680613255912,0.02892905019471126,0.07352959034315543,-0.005337151471884437,0.021739462374474227
1909,DNK,0.113736592233181,0.023746702820062637,0.05339999869465828,2.526395,3.7348452,0.11554870335459566,0.02541239540718676,0.05511393883655957,-0.0016244123774833508,-0.03191498737586137
1910,DNK,0.056907858699560165,0.04010694846510887,0.05350000038743019,2.554157,3.7427424,0.05467777929529194,0.037912319042197495,0.05127711157652537,0.0021144651457040142,0.010988780455946147
1911,DNK,0.1311631202697754,0.029333334416151047,0.04989999905228615,2.526395,3.7433286,0.13098598171423914,0.02917214226202547,0.04973558618737117,0.00015662312212560238,-0.010869339668626504
1912,DNK,0.07642561197280884,-0.032258063554763794,0.05380000174045563,2.665208,3.7444154999999997,0.07611315546320063,-0.032538972206787586,0.05349411281816829,0.00029035655592719796,0.05494508974249864
1913,DNK,0.0367041751742363,-0.005780347157269716,0.05979999899864197,2.776258,3.7377,0.03856681446802179,-0.003994039513888659,0.061704134400968336,-0.0017934708367700846,0.04166654159825428
1914,DNK,0.0031264189165085554,0.039393939077854156,0.059700001031160355,2.859546,3.7558,-0.001707860912659398,0.034384878345837144,0.05459308106240157,0.004842550231425745,0.03000009365123848
1915,DNK,0.4419366121292114,,0.05979999899864197,3.383796,3.8765,0.3970399917025389,,0.026801711915155124,0.03213696149954744,0.18333329836274706
1916,DNK,0.6746337413787842,0.16417910158634186,0.052799999713897705,3.955705,3.5315,0.8382323937292531,0.27791031779681563,0.15565034656404486,-0.0889978073003999,0.16901403039663154
1917,DNK,0.055031534284353256,0.0033557049464434385,0.04769999906420708,4.575273,3.3294,0.11907366592334734,0.06426102962046132,0.11129709458017856,-0.05722780688092871,0.1566264420627929
1918,DNK,0.24182665348052979,0.045614033937454224,0.05469999834895134,5.385478,3.3065,0.2504272372896039,0.05285569774424914,0.06200458929472208,-0.006878116177088941,0.17708342212584907
1919,DNK,-0.0395403727889061,-0.13732394576072693,0.06109999865293503,6.386319,4.2946,-0.26052257314453453,-0.33580813734872705,-0.18303750161925914,0.29883562679570536,0.18584069974847178
1920,DNK,-0.08175387978553772,0.017316017299890518,0.0731000006198883,7.577796,6.3391,-0.37790856937530104,-0.31079090598095793,-0.2729984914795204,0.4760629627904811,0.1865670975721695
1921,DNK,-0.207868292927742,0.24434389173984528,0.06199999898672104,6.433978,5.6192,-0.10638487608525227,0.40376216616743554,0.1980574091644225,-0.11356501711599438,-0.15094336136787007
1922,DNK,-0.08430855721235275,0.16858237981796265,0.05640000104904175,5.480796,4.774,0.07780757337920985,0.37547090671828576,0.24342750018742687,-0.15041287015945332,-0.14814815966109926
1923,DNK,0.17091070115566254,-0.024561403319239616,0.06109999865293503,5.719091,5.4454,0.026541243493064304,-0.14482979017997755,-0.06973015874515887,0.1406367825722665,0.043478173608359066
1924,DNK,0.12003561854362488,-0.023872679099440575,0.06392499804496765,6.052705,5.9799,0.019923737389831775,-0.11112163861738378,-0.03117156066923077,0.09815624196569572,0.058333395988977944
1925,DNK,0.02256849966943264,0.07758620381355286,0.06392499804496765,5.862069,4.7324,0.29212606102046323,0.3616468895665337,0.3443844763352848,-0.20861552868777064,-0.03149600054851502
1926,DNK,-0.07233268022537231,0.09014084935188293,0.053325001150369644,5.004205,3.8131,0.1513185660227765,0.3529628269578169,0.3072710486071728,-0.19425661398022148,-0.1463415050215206
1927,DNK,0.12051218003034592,0.08446866273880005,0.049424998462200165,4.813569,3.7418,0.1418635399202821,0.10513321339711323,0.0694217920883573,-0.018698696598568074,-0.03809516196878417
1928,DNK,0.10877277702093124,0.09259258955717087,0.04922499880194664,4.813569,3.7393,0.1095140740397722,0.09332306891798514,0.04992648370473729,-0.0006681276391041602,0.0
1929,DNK,0.07345010340213776,0.06361323595046997,0.05152500048279762,4.76591,3.7481,0.07092979687084489,0.06111602496987589,0.04905617094136372,0.002353381648971711,-0.009900969530093022
1930,DNK,0.010390120558440685,0.06532663106918335,0.047325000166893005,4.527614,3.7362,0.013608267990228518,0.06871975427182875,0.050660787197026824,-0.003174941970598383,-0.050000104911758735
1931,DNK,-0.08999190479516983,-0.02227722853422165,0.046025000512599945,4.289319,3.9907,-0.1480260993549285,-0.08462980961975564,-0.020683437262842053,0.06811733847224445,-0.05263147432621242
1932,DNK,-0.10433220863342285,0.13866667449474335,0.05252499878406525,4.24166,5.3102,-0.32689136849711886,-0.1442738318884087,-0.20901067518218353,0.33064374671110336,-0.011111087797386824
1933,DNK,0.2489832043647766,0.08599508553743362,0.04532499983906746,4.384637,5.2436,0.26484678690553,0.09978852376628278,0.058601879271000135,-0.01254190049339012,0.033707793646826766
1934,DNK,0.23683631420135498,0.05061368644237518,0.038724999874830246,4.527614,4.4445,0.4592136116877543,0.23950903953858438,0.22548282356702876,-0.1523953009382867,0.03260862871886547
1935,DNK,0.08058654516935349,0.007594936527311802,0.03682500123977661,4.71825,4.5697,0.050980786486025664,-0.020011008294715915,0.008418215202351753,0.028169647879401606,0.04210517946097005
1936,DNK,0.144076406955719,0.023560209199786186,0.04312499985098839,4.76591,4.5067,0.1600696644696895,0.03786874830369524,0.05770703881311423,-0.013786463006324206,0.010101202776453048
1937,DNK,-0.005098729860037565,0.03999999910593033,0.04582500085234642,4.956546,4.5312,-0.010478117465622883,0.034376764647487734,0.04017027086451064,0.0054363503228525845,0.039999916070593125
1938,DNK,0.028394000604748726,0.08021389693021774,0.045524999499320984,5.004205,4.582,0.016992338616376612,0.0682377149214759,0.033933408496578776,0.011211158192090337,0.00961536521601927
1939,DNK,0.08144742250442505,-0.012886597774922848,0.046424999833106995,5.147182,4.9149,0.008197947041704845,-0.07974656473268982,-0.024452308442634574,0.07265386294194684,0.02857137147658822
1940,DNK,0.01573232375085354,0.08516483008861542,0.048124998807907104,6.386319,5.1791,-0.0360829491604584,0.029807615879696492,-0.0053427127027895205,0.053754908543408766,0.24074085587026073
1941,DNK,0.2533999979496002,0.058047495782375336,0.03999999910593033,7.3395,5.165538461538461,0.25669065823728365,0.06082528011503019,0.042730401772155924,-0.002618512571979422,0.14925358410690098
1942,DNK,0.13024911284446716,0.10129870474338531,0.03999999910593033,7.577796,4.789118756429307,0.21908550621759892,0.1878596264411554,0.1217429069115521,-0.07287133914729282,0.03246760678520336
1943,DNK,0.1349419355392456,0.04303797334432602,0.03999999910593033,7.625455,4.766780432309443,0.14026055702251328,0.047925909897888364,0.044873698953151964,-0.0046643913538111795,0.006289295726620174
1944,DNK,0.10178676247596741,0.07828282564878464,0.03999999910593033,7.816092,4.766780432309443,0.10178676247596741,0.07828282564878464,0.03999999910593033,0.0,0.02500008196232233
1945,DNK,-0.08303241431713104,0.07366889715194702,0.03999999910593033,7.91141,4.773840720063804,-0.08438856660539928,0.07208099093317855,0.03846188761692271,0.001481143898826536,0.012195096987087638
1946,DNK,0.057748839259147644,0.03117506019771099,0.035208333283662796,7.863751,8.1,-0.37660191599314286,-0.3922635195202374,-0.38988645738531713,0.6967470167064436,-0.006024084202436776
1947,DNK,0.052977100014686584,0.009661835618317127,0.03500000014901161,8.078217,8.15,0.046517117806007535,0.00346759122802065,0.02865030689656356,0.006172839506172928,0.027272735365094943
1948,DNK,0.04570000246167183,-0.02238805964589119,0.03500000014901161,8.292683,9.6,-0.11224426874347637,-0.17004819647020952,-0.1213281248734952,0.17791411042944777,0.026548680234759703
1949,DNK,-0.027696968987584114,0.058355435729026794,0.03500000014901161,8.518863,9.3,0.003667644916042212,0.09249593365576958,0.06838709692801204,-0.03124999999999989,0.027274646818164806
1950,DNK,0.2555214762687683,-0.02872062660753727,0.040833331644535065,9.042368,9.7,0.2037473947731494,-0.06877338427320556,-0.0020876304851362715,0.04301075268817189,0.0614524496989798
1951,DNK,-0.028101220726966858,-0.03651685640215874,0.05000000074505806,9.994196,8.8,0.07129751806232032,0.06202119237489301,0.15738636445762055,-0.09278350515463904,0.10526313461252637
1952,DNK,-0.011065546423196793,0.04892966151237488,0.05000000074505806,10.37493,7.8,0.11572092198408579,0.18340782324473093,0.18461538545596312,-0.11363636363636373,0.03809551063437222
1953,DNK,0.09309585392475128,0.08749999850988388,0.04874999821186066,10.47011,7.45,0.14444935041786056,0.13859060246672406,0.09802013235604212,-0.04487179487179483,0.009174037800736886
1954,DNK,0.15272089838981628,-0.0535714291036129,0.05000000074505806,10.47011,7.48,0.14809768623049901,-0.057367265617903174,0.045788770795546,0.004026845637583926,0.0
1955,DNK,0.16086648404598236,0.04307692497968674,0.05791666731238365,11.04121,7.11,0.2212772574773485,0.09735800265092198,0.11296999599108704,-0.04946524064171124,0.054545749758120925
1956,DNK,0.16992928087711334,0.043887149542570114,0.05999999865889549,11.70749,7.52,0.10614324295695177,-0.01302691047238369,0.002207445540524988,0.05766526019690566,0.0603448353939469
1957,DNK,0.10950013995170593,0.10862619429826736,0.05999999865889549,12.02873,6.913999999,0.20674588568752883,0.20579534022689705,0.15290714363144375,-0.08058510651595745,0.027438844705397956
1958,DNK,0.0657549798488617,0.1834862381219864,0.056458331644535065,12.11671,6.905999999,0.06698956424504243,0.1848572039352423,0.05768214668281746,-0.001157072606473399,0.007314155359709624
1959,DNK,0.3021252453327179,0.01089918240904808,0.05145833268761635,12.32603,6.907999999,0.3017482548157746,0.01060650748647829,0.05115391510428102,0.00028960324359835957,0.017275316484425225
1960,DNK,0.16120368242263794,0.022792022675275803,0.059583332389593124,12.48075,6.905999999,0.16153997077554583,0.023088226562569147,0.05989019115951599,-0.00028951939784165997,0.012552297860706252
1961,DNK,0.04479999840259552,-0.02064896747469902,0.06624999642372131,12.91154,6.885999999,0.04783456127960495,-0.01780449744081125,0.06934685961448106,-0.002896032435982567,0.03451635518698796
1962,DNK,0.06029679626226425,0.0833333283662796,0.07000000029802322,13.86413,6.901999999,0.05783884947254325,0.08082197901009702,0.06751955984493008,0.002323555039547425,0.07377818602583416
1963,DNK,-0.0029285233467817307,0.14465409517288208,0.06812500208616257,14.71054,6.910999999,-0.0042269813544763,0.14316344449164253,0.06673401308020588,0.0013039698639965677,0.06105035079734542
1964,DNK,0.24081949889659882,-0.058139532804489136,0.06541666388511658,15.16551,6.920999999,0.23902666621479574,-0.059500406185982624,0.06387726688462658,0.001446968600990704,0.030928164431761135
1965,DNK,0.07116587460041046,-0.03618421033024788,0.07000000029802322,15.99203,6.890999999,0.07582920013265215,-0.03198823388353633,0.07465825019115924,-0.004334633724076706,0.05449998054796709
1966,DNK,0.09230412542819977,0.0074930633418262005,0.07000000029802322,17.12186,6.915999999,0.08835565765207853,0.0038511711227418033,0.06613215761275448,0.0036279204765096904,0.07064956731571927
1967,DNK,-0.1491570919752121,0.06332392245531082,0.07041666656732559,18.5272,7.461999999,-0.21141389013171052,-0.014480267003065483,-0.007906504167609185,0.07894736843246772,0.08207869939364057
1968,DNK,0.08233288675546646,0.19751057028770447,0.0716666653752327,20.00078,7.500999999,0.07670550606101356,0.19128434548468531,0.06609474163770357,0.005226480836937426,0.0795360335074916
1969,DNK,0.1981286257505417,-0.08863253891468048,0.08500000089406967,20.69839,7.491999999,0.19956791534386742,-0.08753773016523259,0.08630339117828645,-0.001199840021490492,0.03487913971355122
1970,DNK,-0.051789622753858566,0.07820869982242584,0.0949999988079071,22.04686,7.488999999,-0.05140978150240727,0.07864061678061796,0.0954386421510589,-0.00040042712231721047,0.06514854536995385
1971,DNK,-0.011852901428937912,0.14233244955539703,0.08187499642372131,23.34098,7.061999999,0.04789487698363515,0.21140296159578575,0.14728998134843718,-0.05701695821298125,0.05869860832789792
1972,DNK,0.48656490445137024,0.09866905957460403,0.07770833373069763,24.8727,6.846999999,0.5332439543277723,0.13316794198194137,0.1115490364889773,-0.030444633252682596,0.0656236370537998
1973,DNK,0.6243217587471008,-0.056724678725004196,0.08104166388511658,27.1867,6.289999999,0.7681607444014689,0.026805425254916804,0.17677142650510702,-0.08134949614157293,0.09303372774166055
1974,DNK,-0.22610144317150116,0.004801061004400253,0.133366659283638,31.33952,5.649999999,-0.13843859778072198,0.1186192343064596,0.26174801540220627,-0.1017488076473368,0.1527518970673161
1975,DNK,0.16444967687129974,0.2961331307888031,0.06470832973718643,34.34988,6.177499999,0.0650167016144736,0.18545563558819267,-0.02620767900863019,0.09336283187493144,0.09605635312857372
1976,DNK,0.3568114936351776,-0.01991800218820572,0.10279999673366547,37.44137,5.787499999,0.4482424193559811,0.04612640026754278,0.17711394901020006,-0.06313233509722913,0.09000002328974659
1977,DNK,0.07841011136770248,0.017880035564303398,0.14481666684150696,41.61201,5.777499999,0.0802766801458148,0.0196418357127075,0.1467981755685337,-0.0017278617713568293,0.11139122313099117
1978,DNK,-0.0009329179883934557,0.21741901338100433,0.1542000025510788,45.77694,5.089999999,0.13400983623909624,0.381854292725577,0.3100963683486746,-0.1189961056025956,0.10008961355147242
1979,DNK,0.020366918295621872,0.0492144450545311,0.1263333261013031,50.17658,5.364999999,-0.031935207069447746,-0.004566351300320237,0.06859955821023278,0.05402750492220587,0.09611039969032438
1980,DNK,-0.015120103023946285,0.0901615172624588,0.16927500069141388,56.35098,6.014999999,-0.12154935209142148,-0.027644798005771243,0.04291943118588204,0.1211556384196002,0.12305342452594414
1981,DNK,0.7752422094345093,0.1686018705368042,0.14839999377727509,62.96905,7.324999999,0.4577586197175547,-0.040390409410254735,-0.056979390803422625,0.2177888612165901,0.11744374277075577
1982,DNK,0.34867653250694275,0.12275335192680359,0.16918332874774933,69.34203,8.383999999,0.1783224714268845,-0.019063895190599034,0.021501417334158113,0.14457337885932744,0.1012081332019459
1983,DNK,0.8164311051368713,0.6857261061668396,0.12809999287128448,74.13235,9.875,0.5421730008760606,0.43120280227008156,-0.042228826419772325,0.17783874059850172,0.06908248864361209
1984,DNK,0.09639935195446014,0.04011356830596924,0.11772499978542328,78.79585,11.26,-0.03845971575929896,-0.08782224804427652,-0.019757160490137204,0.140253164556962,0.06290775889338458
1985,DNK,0.06628897786140442,0.44490325450897217,0.1033250018954277,82.48251,8.969,0.33865691723931457,0.8139826787569435,0.3851532524632084,-0.2034635879218473,0.0467874894426547
1986,DNK,0.02779509499669075,-0.08035556972026825,0.09224999696016312,85.51637,7.3425,0.2554707806639862,0.12336273683063181,0.3342036394600889,-0.1813468614115285,0.03678185836003281
1987,DNK,-0.1387002319097519,0.09140429645776749,0.10108333081007004,88.93063,6.0965,0.03733183748095592,0.31446502858052305,0.32612225973475617,-0.16969696969696976,0.03992522133481577
1988,DNK,0.15420204401016235,0.345295786857605,0.08527500182390213,92.9883,6.874,0.023653296669763568,0.19313293054660874,-0.03747758966839987,0.12753219060116458,0.045627361461399764
1989,DNK,0.4185817837715149,0.021850839257240295,0.09593600034713745,97.42638,6.6075,0.4757973789853036,0.06306510314858427,0.140138337705066,-0.03876927553098629,0.04772729472417497
1990,DNK,0.11323237419128418,0.07979787886142731,0.10892999917268753,100.0,5.776,0.2734908089454484,0.23524315868713308,0.2685690736727031,-0.12584184638668183,0.026416048712884596
1991,DNK,0.09394088387489319,0.19857338070869446,0.09699500352144241,102.3951,5.9135,0.06850470030631306,0.17070429474480742,0.0714878059253996,0.023805401662049894,0.023950999999999993
1992,DNK,-0.06935238093137741,0.07661158591508865,0.11035100370645523,104.5414,6.2555,-0.12023264401529854,0.017751197075993375,0.049646017171788515,0.05783377018686051,0.020960963952376593
1993,DNK,0.033562153577804565,0.26268067955970764,0.10405399650335312,105.8564,6.7725,-0.0453380506894121,0.16628999497759334,0.0197725766152419,0.08264727040204627,0.012578748706254151
1994,DNK,0.20573121309280396,-0.11028869450092316,0.061344001442193985,107.9651,6.083,0.34239925048019293,-0.009441095431119928,0.1816459394652734,-0.10180878552971573,0.01992038270713923
1995,DNK,0.012022796086966991,0.20457930862903595,0.06069299951195717,110.2146,5.546,0.11001346350469166,0.32121455722870995,0.16339623440880535,-0.08827880979779712,0.020835436636468613
1996,DNK,0.31960150599479675,0.11511840671300888,0.03869299963116646,112.5562,5.9445,0.23113970094156677,0.040364485428606045,-0.030937610235604374,0.07185358817165513,0.021245824055978062
1997,DNK,0.4376201927661896,0.12217415124177933,0.0365849994122982,114.78505121719445,6.826,0.251967951347585,-0.022741833862180205,-0.09727812349744991,0.14828833375389014,0.019802118561167186
1998,DNK,-0.03903428465127945,0.1447409987449646,0.0414620004594326,116.29192451717488,6.3865,0.027096527514345325,0.22351868119206597,0.11313232837016951,-0.06438617052446526,0.013127783487495642
1999,DNK,0.23249000310897827,-0.043158650398254395,0.03307599946856499,118.67806939825036,7.3988,0.06386135655180447,-0.1740731903509286,-0.10826892596015691,0.15850622406639,0.020518577631098336
2000,DNK,0.16969966888427734,0.08502339571714401,0.04907400161027908,121.90258950781184,8.0205,0.07903171998516179,0.0009190325081982476,-0.03224378491189683,0.08402713953614108,0.02717031146454612
2001,DNK,-0.12866342067718506,0.05423121899366379,0.04618600010871887,124.72129196456022,8.4095,-0.1689690190310199,0.005465425047705752,-0.002207644464952696,0.04850071691291059,0.023122580645161383
2002,DNK,-0.20234304666519165,0.0985339805483818,0.03484800085425377,127.67054816232985,7.0822,-0.05285135281846465,0.304414095820736,0.2287925027793407,-0.15783340269932805,0.02364677394945255
2003,DNK,0.33083227276802063,0.04259059578180313,0.02375260926783085,130.22657020039688,5.9576,0.5820498728007377,0.23939759591880727,0.2170036137633664,-0.1587924656180283,0.02002045166138952
2004,DNK,0.24031348526477814,0.08519765734672546,0.02161666750907898,131.37953275664495,5.4676,0.35146894795036987,0.18245181860575976,0.1131727738591135,-0.08224788505438435,0.008853512416658552
2005,DNK,0.43154194951057434,0.07861414551734924,0.021994750946760178,133.5816440509796,6.3241,0.2376620804769085,-0.06746719659229627,-0.11641838359979972,0.1566500841319774,0.016761448668063388
2006,DNK,0.22443418204784393,-0.012141002342104912,0.031814899295568466,136.09834267307636,5.6614,0.36776136833447004,0.10349367419512734,0.15259487134544525,-0.10478961433247407,0.0188401530762437
2007,DNK,0.07134317606687546,0.0030361106619238853,0.04327499866485596,138.35236087649176,5.0753,0.19506280554548683,0.11886758160136668,0.1637532909268844,-0.10352562970290034,0.016561687373591358
2008,DNK,-0.4795536398887634,0.12009971588850021,0.04880833253264427,143.38575812068527,5.2849,-0.5001946278127195,0.07567637761337109,0.00721242220343421,0.04129805134671842,0.036381000022738044
2009,DNK,0.35473018884658813,0.005764995235949755,0.01809166744351387,144.8800479275552,5.1901,0.3794750727414373,0.02413584002667979,0.036687665608028164,-0.017937898541126644,0.010421466026020702
2010,DNK,0.32678353786468506,0.0763423815369606,0.007018666714429855,148.06524462114643,5.6133,0.22675418022758498,-0.0048056233561398765,-0.06890285890393122,0.08153985472341566,0.02198506101532991
2011,DNK,-0.1632012575864792,0.1424882709980011,0.008877333253622055,151.99758621817264,5.7456,-0.18246964968152735,0.11618097528423132,-0.014353394814717868,0.023569023569023545,0.026558167698894266
2012,DNK,0.26641517877578735,0.061103448271751404,0.0008008666918613017,155.57601707146648,5.6591,0.28577248169747205,0.07732253757491026,0.016098224039998943,-0.015054998607630191,0.023542682106526804
2013,DNK,0.3064801096916199,-0.06716862320899963,-0.00023101666010916233,156.3892253137315,5.4127,0.3659544384052036,-0.02470374408373832,0.045281034163869416,-0.04354049230442995,0.005227079710437919
2014,DNK,0.19768305122852325,0.1434582769870758,0.0006411583162844181,156.93975313731517,6.1214,0.05902229087865973,0.011075344830911993,-0.11520724056285292,0.13093280617806277,0.003520241387980967
2015,DNK,0.3398592174053192,-0.02894405834376812,-0.0012600832851603627,157.2936638810475,6.83,0.20085127575767503,-0.12968933510183633,-0.10487752178942622,0.11575783317541732,0.0022550739163116084
2016,DNK,-0.060600001364946365,0.047262340784072876,-0.0044,157.32040380390728,7.0528,-0.09027592010585639,0.014179019333486975,-0.035851293103448256,0.03262079062957545,0.00016999999999998256
2017,DNK,0.18719999492168427,0.03171081840991974,-0.0044,158.9845707677688,6.2077,0.34882228912216373,0.17216522384804067,0.131138373310566,-0.11982475045372055,0.010578201705710166
2018,DNK,-0.0794999971985817,0.020567787811160088,-0.0049,160.11236633779592,6.5194,-0.12351015931061682,-0.028226730006543743,-0.05247687363867837,0.050211833690416756,0.007093742270591279
2019,DNK,0.2971000075340271,0.06944725662469864,-0.0055000000000000005,161.27791238715446,6.6759,0.26669269897951375,0.04437670498944857,-0.02881359816653939,0.02400527655919261,0.007279550455831356
2020,DNK,0.30570000410079956,0.017344053834676743,-0.0015,161.81585671762764,6.0576,0.438972969059781,0.1211844903913959,0.10041702159271026,-0.09261672583471899,0.0033355114938605026
1870,ESP,,,0.05000000074505806,0.28234712601742945,4.35686,,,,,
1871,ESP,,,0.05000000074505806,0.28304020487732034,4.391304,,,0.041764132760135464,0.007905693549941861,0.0024547048509645894
1872,ESP,,,0.05583333224058151,0.29145616246170897,4.495139,,,0.03144421901111283,0.02364559593232446,0.029734141791044832
1873,ESP,,,0.05999999865889549,0.3141627460619417,4.424562,,,0.07690825305907101,-0.015700738063939762,0.07790737175857762
1874,ESP,,,0.05999999865889549,0.3103673142101587,4.53501,,,0.034184205562104664,0.024962470861522538,-0.012081100955982619
1875,ESP,,,0.05999999865889549,0.3036675518978807,4.463555,,,0.07696905133197118,-0.01575630483725491,-0.021586558911101627
1876,ESP,,,0.05999999865889549,0.2995420824937686,4.792556,,,-0.012767238606308129,0.07370828857267354,-0.013585479839147943
1877,ESP,,,0.05166666582226753,0.3024134091990306,4.9762200000000005,,,0.012851399111474926,0.038322765555582505,0.009585720581753982
1878,ESP,,,0.04333333298563957,0.30099424772401606,5.147265,,,0.008663085788239044,0.03437247549344672,-0.004692786205391183
1879,ESP,,,0.03999999910593033,0.30310648805892143,5.209739999999999,,,0.027528359457091423,0.012137513805875386,0.007017543859649099
1880,ESP,,,0.03999999910593033,0.3074299799944309,5.1434880000000005,,,0.05339598252044686,-0.012716949406304088,0.014263937282230028
1881,ESP,,,0.04541666805744171,0.3094795219468866,5.18949,,,0.036149619163623914,0.008943736235021768,0.006666695136540818
1882,ESP,,,0.04833333194255829,0.32075195513321875,5.265945,,,0.033112830229443446,0.014732661591023426,0.036423841924722686
1883,ESP,,,0.054999999701976776,0.3057220408735227,5.274596,,,0.053269667180316116,0.0016428200446452668,-0.04685837145857336
1884,ESP,,,0.04500000178813934,0.2783949299706558,5.24682,,,0.05053209933478042,-0.005265995727445333,-0.08938547847183896
1885,ESP,,,0.03999999910593033,0.2749790409355164,5.2936890000000005,,,0.03079209891419321,0.008932839319816754,-0.012269939813557123
1886,ESP,,,0.03999999910593033,0.27292951007261723,5.28649,,,0.041416243153221455,-0.0013599212193993343,-0.0074534075612685885
1887,ESP,,,0.03999999910593033,0.2630234350816002,5.245245,,,0.04817784398507774,-0.007801963117304672,-0.036295360616671185
1888,ESP,,,0.03500000014901161,0.2678056709192151,5.259786,,,0.032138679364826395,0.002772225129617465,0.018181786106364447
1889,ESP,,,0.03500000014901161,0.27224632496808293,5.338346,,,0.019768765603385363,0.014935968877821173,0.016581628139634833
1890,ESP,,,0.03999999910593033,0.2862514730788334,5.411967,,,0.025852492305874497,0.01379097570670769,0.05144292806300469
1891,ESP,,,0.03999999910593033,0.26643932389261427,5.537444,,,0.01643387728369361,0.02318510072215889,-0.06921239207304587
1892,ESP,,,0.04500000178813934,0.2739542750224791,5.954904,,,-0.028258223826660878,0.07538857277834325,0.028205112594016563
1893,ESP,,,0.05000000074505806,0.26678090499112256,6.159776,,,0.015077367169966882,0.03440391314452759,-0.02618455226065713
1894,ESP,,,0.05000000074505806,0.2568748309073702,6.172549999999999,,,0.04782704143172456,0.0020737767087633378,-0.03713187075395076
1895,ESP,,,0.04500000178813934,0.27156315189265373,5.910894,,,0.09125874377672472,-0.042390260103198754,0.057180849261873404
1896,ESP,,,0.03999999910593033,0.25892436188198664,6.239067,,,-0.01470368009908396,0.0555200279348607,-0.046540887165954975
1897,ESP,,,0.03999999910593033,0.28146922596352975,6.704616,,,-0.03221457061495547,0.07461836841950877,0.0870712354668993
1898,ESP,,,0.05000000074505806,0.30913793008523693,8.095212,,,-0.13036906198437692,0.20740874645169843,0.09830099197164897
1899,ESP,,,0.03999999910593033,0.31460334999125,6.459952,,,0.3032636268446447,-0.2020033570461156,0.017679551339772892
1900,ESP,0.04194788634777069,0.08271805942058563,0.03500000014901161,0.33031643699092555,6.694336000000001,0.005466909983014467,0.04480962613620387,-0.0012377148439207675,0.03628262253341826,0.049945707825783094
1901,ESP,0.022268075495958328,0.07742112129926682,0.03999999910593033,0.3309996208744967,7.16,-0.04421704197719101,0.007349022272912009,-0.027638347204637093,0.0695608944636181,0.0020682709277041068
1902,ESP,0.043839555233716965,0.07750304043292999,0.03999999910593033,0.32348465903658213,7.0,0.06769874506763052,0.10213168135711137,0.06377142765692301,-0.022346368715083817,-0.02270383820398382
1903,ESP,0.05404460430145264,0.0744122713804245,0.03500000014901161,0.333732326158566,6.99,0.055552536496447535,0.07594934186880842,0.036480686844503785,-0.0014285714285713982,0.03167898951531114
1904,ESP,-0.0013100476935505867,0.059901781380176544,0.029999999329447746,0.33988092986088114,7.13,-0.02091966807544443,0.03909024570090236,0.009775595415545402,0.02002861230329037,0.018423758264860875
1905,ESP,-0.05744031071662903,0.06795503944158554,0.03999999910593033,0.34158886916848363,6.78,-0.008783099617930001,0.12308546183163771,0.0936873146939945,-0.04908835904628326,0.005025110730106507
1906,ESP,0.10474343597888947,0.068261057138443,0.04500000178813934,0.33236596797134593,5.84,0.2825617287563136,0.24020718619839787,0.21320205687047689,-0.1386430678466077,-0.02700000506336359
1907,ESP,0.07707184553146362,0.0603632777929306,0.04500000178813934,0.34637111604927756,5.77,0.09013857502664613,0.07322730369336483,0.057677644790768534,-0.011986301369863063,0.04213773198084783
1908,ESP,0.04249191656708717,0.06476330757141113,0.03999999910593033,0.3368066220966839,5.85,0.028235616853349077,0.050202441826844746,0.025777776895934634,0.013864818024263445,-0.027613428226021468
1909,ESP,0.048455577343702316,0.061131976544857025,0.04500000178813934,0.33236596797134593,5.7,0.07604651358958914,0.08905650224340578,0.07250000183519556,-0.02564102564102555,-0.013184580806915413
1910,ESP,0.02423804998397827,0.04076983407139778,0.03999999910593033,0.33544027610736227,5.54,0.05381893229398482,0.07082816862941654,0.07003610016314132,-0.028070175438596516,0.009249768123917484
1911,ESP,0.021169040352106094,0.054538849741220474,0.03999999910593033,0.32348465903658213,5.61,0.00842718066856829,0.04138061097439594,0.027023172022612174,0.012635379061371892,-0.0356415669862899
1912,ESP,0.05338047072291374,0.03584335371851921,0.04500000178813934,0.3395393381012502,5.52,0.07055515231078746,0.052732104050886575,0.0620380452955549,-0.016042780748663235,0.049630418680387804
1913,ESP,0.027530286461114883,0.008317871950566769,0.04500000178813934,0.34158886916848363,5.54,0.023820790842121742,0.004677735228723501,0.04122743860478861,0.003623188405797185,0.006036210940077485
1914,ESP,-0.07236882299184799,-0.00703732855618,0.03999999910593033,0.3405641029084553,5.42,-0.051830863353291234,0.014947084833720092,0.0630258293444379,-0.021660649819494605,-0.002999998982762204
1915,ESP,0.12925145030021667,0.014213294722139835,0.04500000178813934,0.3730150420274868,5.23,0.17027588157307338,0.051058519578202066,0.08296367298120733,-0.03505535055350544,0.09528584733944914
1916,ESP,0.09042031317949295,0.08720002323389053,0.04500000178813934,0.43996646318887855,5.19,0.09882432330033697,0.09557921416440229,0.05305395170558169,-0.0076481835564053595,0.1794871884991121
1917,ESP,0.15157994627952576,0.06025832146406174,0.04500000178813934,0.5127248958770176,4.43,0.3491421943997155,0.24215365426602276,0.2242776544651115,-0.1464354527938344,0.1653726790009986
1918,ESP,0.1326514482498169,0.05580171197652817,0.04500000178813934,0.7450053309429933,4.17,0.203272401857719,0.12163107531319395,0.11015587719939002,-0.05869074492099318,0.45303131744492176
1919,ESP,0.021468309685587883,0.05979105830192566,0.05000000074505806,0.760718416753869,4.06,0.049143559455394614,0.08850460914261826,0.07844827662731357,-0.026378896882494084,0.02109123942910156
1920,ESP,0.06401766091585159,0.010231894440948963,0.05999999865889549,0.7774562699094358,6.37,-0.32183489743824845,-0.3561159354112633,-0.32439560525037436,0.5689655172413794,0.022002692174839782
1921,ESP,-0.050043996423482895,0.03809772804379463,0.05999999865889549,0.6264739842794006,7.38,-0.18005152536823665,-0.1039725572304917,-0.08506775183507265,0.15855572998430137,-0.19420035759390408
1922,ESP,0.21264490485191345,0.09575322270393372,0.03500000014901161,0.5479085497381593,6.45,0.3874913795049799,0.2537455478379891,0.1842325583100317,-0.1260162601626016,-0.12540893399046876
1923,ESP,0.1751825362443924,0.04235083982348442,0.03500000014901161,0.5520076130736815,6.96,0.08907002281269127,-0.03402831654289151,-0.04084051710328651,0.07906976744186044,0.007481291061220237
1924,ESP,0.09121785312891006,0.048107050359249115,0.03500000014901161,0.612127255047958,7.51,0.01130176534982863,-0.02865178821566272,-0.040798934615563165,0.0790229885057471,0.10891089280366813
1925,ESP,0.05101613700389862,0.03896767273545265,0.03500000014901161,0.6216917492917946,6.97,0.13244349912471698,0.11946158138353646,0.11518651379039846,-0.0719041278295606,0.01562500961191037
1926,ESP,0.17691169679164886,0.039843037724494934,0.03500000014901161,0.5694286490215961,6.72,0.22069561408300475,0.07852767454460263,0.07350446444026937,-0.035868005738880916,-0.08406593835246244
1927,ESP,0.3053540885448456,0.06967757642269135,0.03500000014901161,0.5588393898587377,5.86,0.49692482508896973,0.22666097501032167,0.1868941981230987,-0.1279761904761904,-0.018596288017915918
1928,ESP,0.24964042007923126,0.05892150476574898,0.03500000014901161,0.5728445382693444,6.03,0.21441009314499082,0.029067996339517066,0.005820895667198567,0.029010238907849817,0.025061133242857005
1929,ESP,0.02551354095339775,0.012517832219600677,0.03500000014901161,0.5888992167821371,6.82,-0.09327761701627735,-0.10476795772959058,-0.08489002919376243,0.13101160862354894,0.028026240000989446
1930,ESP,0.004128334578126669,0.013179928995668888,0.03500000014901161,0.5909487492697648,8.68,-0.2110420228314719,-0.20393005578911727,-0.18678571416863377,0.27272727272727265,0.0034802771496739143
1931,ESP,-0.2420930117368698,-0.02272876724600792,0.03500000014901161,0.5947062177813288,10.55,-0.37643292340057155,-0.19595125115595724,-0.14845497618071846,0.2154377880184333,0.00635836612939295
1932,ESP,-0.09457386285066605,0.0973108783364296,0.03500000014901161,0.5902655639269418,12.41,-0.23027834432510275,-0.06715312115637917,-0.12012489914810032,0.17630331753554496,-0.007466970617784558
1933,ESP,0.12095972150564194,0.11161752790212631,0.035999998450279236,0.5639632297996959,7.39,0.8824235648017615,0.866735253215885,0.7397510122825395,-0.40451248992747785,-0.044560170429494006
1934,ESP,-0.01797538809478283,0.07807275652885437,0.035999998450279236,0.5755772429347892,7.35,-0.012631036465366563,0.08393981914941961,0.04163809367994076,-0.005412719891745607,0.02059356447621279
1935,ESP,0.5931804776191711,0.13342753052711487,0.035999998450279236,0.5885576247874126,7.3109,0.6017010915893948,0.1394893035569209,0.04154071162367856,-0.005319727891156391,0.022551937228161106
1936,ESP,-0.06590405106544495,-0.04754848778247833,,0.5994884648404608,8.121,-0.15908360139568545,-0.14255907392302936,,0.11080715096636533,0.018572251199695963
1937,ESP,0.08781150728464127,,,0.6732716630360474,16.5218,-0.46530539949287786,,,1.034453884989533,0.12307692728536843
1938,ESP,0.08781150728464127,,,0.7409062573414761,17.8571,0.006468248542898181,,,0.08082049171397791,0.10045661806177567
1939,ESP,0.08781150728464127,,0.029999999329447746,0.8389422699892648,9.4072,1.06492461803008,,0.9551846445303473,-0.4731955356692856,0.1323190507252052
1940,ESP,0.09783615171909332,,0.029999999329447746,0.9977810884319989,10.7277,-0.03729930493471545,,-0.09678533201972661,0.1403712050344418,0.18933223908811578
1941,ESP,0.30140000581741333,0.04722337797284126,0.029999999329447746,1.19556104149745,10.9529,0.27464222647951364,0.025691664479658316,0.008822411672389618,0.02099238420164613,0.19821978523992673
1942,ESP,0.13562317192554474,0.04443301633000374,0.029999999329447746,1.364305944831929,10.95,0.13592393057381713,0.04470962416081248,0.030272784717398027,-0.00026477006089714567,0.14114285885656214
1943,ESP,-0.07233235985040665,0.039807289838790894,0.029999999329447746,1.5620859101483207,10.95,-0.07233235985040665,0.039807289838790894,0.029999999329447746,0.0,0.1449674584103322
1944,ESP,0.019766593351960182,0.08768846839666367,0.029999999329447746,1.6819836030175515,10.95,0.019766593351960182,0.08768846839666367,0.029999999329447746,0.0,0.07675486481908442
1945,ESP,0.1719476580619812,0.06095123291015625,0.029999999329447746,1.8298915796402755,10.95,0.1719476580619812,0.06095123291015625,0.029999999329447746,0.0,0.08793663407738976
1946,ESP,0.35947513580322266,0.016804279759526253,0.029999999329447746,2.178995400217605,29.0,-0.48668094010188667,-0.6160687288494202,-0.611086207149743,1.6484018264840183,0.1907784179464649
1947,ESP,0.43663299083709717,-0.00249754567630589,0.029999999329447746,2.623060935923138,41.5,0.003912210464477539,-0.3029500921593462,-0.28024096432400036,0.43103448275862066,0.20379370037274355
1948,ESP,-0.2906784117221832,0.0253619272261858,0.029999999329447746,2.813467200714304,37.5,-0.2150174423058827,0.13473386613031235,0.13986666592458885,-0.0963855421686747,0.07258934101893298
1949,ESP,-0.1040574461221695,0.029855959117412567,0.029999999329447746,2.965630400953257,47.75,-0.2963801932896619,-0.19121259755177034,-0.1910994769664024,0.2733333333333333,0.054083872099280374
1950,ESP,0.06613561511039734,0.0252761822193861,0.029999999329447746,3.287347001653823,51.45,-0.010534973342634202,-0.0484560213610169,-0.04407191510240771,0.07748691099476446,0.10848169097442323
1951,ESP,0.1954616755247116,0.034093569964170456,0.029999999329447746,3.597263098829164,52.0,0.18281736934127713,0.023156041820318718,0.0191057685673095,0.010689990281826961,0.09427544369956262
1952,ESP,0.09629630297422409,0.04602577164769173,0.029999999329447746,3.525839598942266,47.7,0.19512385229894447,0.14032159592620475,0.12285115230883181,-0.08269230769230763,-0.01985495581631068
1953,ESP,0.041314754635095596,0.052049897611141205,0.029999999329447746,3.5829784005844516,43.25,0.14845581031431343,0.1602954940127499,0.13597687787317136,-0.09329140461215939,0.01620572917138006
1954,ESP,0.2604258060455322,0.052417267113924026,0.029999999329447746,3.6270747013703852,44.0,0.23894127526066522,0.03447833642448228,0.012443181159059513,0.017341040462427744,0.012307163442219101
1955,ESP,0.377144992351532,0.04316599667072296,0.029999999329447746,3.7730271997223013,43.85,0.3818558646172727,0.046734409430144064,0.03352337446968545,-0.003409090909090877,0.040239727705848494
1956,ESP,0.4941006898880005,0.009478663094341755,0.029999999329447746,3.9941296992933193,50.5,0.29735277725918463,-0.12345268561016065,-0.10563366394858842,0.15165336374002278,0.05860082312348328
1957,ESP,0.09216836094856262,0.013888729736208916,0.029999999329447746,4.424534300072505,60.0,-0.08075829620162644,-0.14664365247202416,-0.13308333389771476,0.18811881188118812,0.10775929506128386
1958,ESP,-0.11816783249378204,0.05576278641819954,0.029999999329447746,5.015964901512411,59.6,-0.11224949579910959,0.06284844270288525,0.03691275100279956,-0.006666666666666643,0.13367070098885073
1959,ESP,-0.05387706309556961,0.04792387783527374,0.029999999329447746,5.382287700859441,60.75,-0.0717872092262708,0.028086635703412632,0.010502056955310035,0.019295302013422794,0.07303137213671036
1960,ESP,0.022008666768670082,0.08568171411752701,0.029999999329447746,5.447371898986122,61.5,0.00954514644222293,0.07244169321365468,0.017439023727869207,0.012345679012345678,0.012092292672554156
1961,ESP,0.2837013304233551,0.046176861971616745,0.029999999329447746,5.5566418001133515,61.15,0.29104876240451905,0.05216479168036692,0.035895338655127285,-0.005691056910569129,0.0200591960955643
1962,ESP,0.2533000707626343,0.07040824741125107,0.029999999329447746,5.873206501009648,60.3,0.27096682134552386,0.08549692088222227,0.044519070630111734,-0.013900245298446468,0.05697050705874877
1963,ESP,0.08891188353300095,0.044273387640714645,0.029999999329447746,6.386227599227279,60.15,0.09162737451437986,0.04687756067722515,0.03256857788139156,-0.002487562189054703,0.08734940583639268
1964,ESP,0.015990160405635834,0.03400472179055214,0.029999999329447746,6.832211402524457,60.17,0.01565245385406344,0.033661027350867734,0.029657636025698597,0.00033250207813804035,0.06983525036770398
1965,ESP,0.09911638498306274,0.04119895026087761,0.029999999329447746,7.641313603272756,60.25,0.09765697733495249,0.03981644543065577,0.028632364475566385,0.0013295662290177545,0.11842464365920251
1966,ESP,0.0783480703830719,0.04981051757931709,0.029999999329447746,8.218578596649095,59.999999999,0.08284118736104884,0.05418472808680064,0.034291666010558775,-0.004149377609958448,0.07554525613620906
1967,ESP,0.0803629457950592,0.05986524000763893,0.029999999329447746,8.742772499619223,69.7,-0.06998885585906467,-0.08763393975038059,-0.1133428987268742,0.16166666668602775,0.06378157692424496
1968,ESP,0.2247946411371231,0.047318216413259506,0.029999999329447746,9.176652401674168,69.82,0.22268958016696505,0.045518185104614695,0.028229732931287943,0.0017216642754661453,0.0496272666449736
1969,ESP,0.5244439840316772,0.05287754163146019,0.04500000178813934,9.374039797396659,70.059999999,0.51922179512719,0.049270767310274355,0.041420213044380816,0.0034374104697795114,0.02150973874595919
1970,ESP,0.09525782614946365,0.01168357115238905,0.054999999701976776,9.912199804870141,69.719999999,0.10059901463047582,0.0166171972883149,0.060144864875582904,-0.004852983157363066,0.05740961411567076
1971,ESP,0.04052033647894859,0.07701534777879715,0.03999999910593033,10.726888004104417,66.019999999,0.09883486609164782,0.13737519005147036,0.09828536712698765,-0.05306942054006108,0.08219045371078945
1972,ESP,0.34751248359680176,0.09501674026250839,0.03999999910593033,11.61233900379079,63.569999999,0.39944587332252324,0.13721889558239764,0.0800817986631055,-0.03710996667732686,0.08254500273961789
1973,ESP,0.2975999414920807,0.00848248228430748,0.05000000074505806,12.940978998850644,56.949999999,0.44843596630030547,0.12571082351063478,0.1720544345475925,-0.10413717162347232,0.114416225243349
1974,ESP,0.0412130244076252,0.010435054078698158,0.05999999865889549,14.878542003968924,56.111999999,0.05676293377583774,0.025525312407273848,0.07583048053250518,-0.01471466198445506,0.14972306231934732
1975,ESP,-0.1133933886885643,0.07111278921365738,0.06695166975259781,17.506959997412125,59.773999999,-0.16771054013696662,0.005492033798827567,0.0015858415547294058,0.06526233247906439,0.17665830380033587
1976,ESP,-0.10935620218515396,0.10709350556135178,0.09965833276510239,20.594397010128212,68.287999999,-0.22039974270042229,-0.030936515913685958,-0.03744468746245133,0.14243651085994635,0.17635483334470814
1977,ESP,-0.2875902056694031,-0.09845157712697983,0.13122832775115967,25.648258998217827,80.911999999,-0.39874134819140983,-0.2391123850478033,-0.04526745049813752,0.18486410496990502,0.24539985247463925
1978,ESP,-0.1326136440038681,-0.038204897195100784,0.2077208310365677,30.719811985589992,70.109999999,0.0010264560903248121,0.10998096360431053,0.3937970030097968,-0.13350306505998505,0.1977347853405786
1979,ESP,-0.0715109258890152,-0.012500000186264515,0.13134583830833435,35.530664984532685,66.149,-0.01591302990230159,0.046631468139404886,0.19909079083079062,-0.056496933376929,0.15660424618481913
1980,ESP,0.00961595680564642,0.1353181004524231,0.15456749498844147,41.057512020423324,79.25,-0.15728598199701316,-0.052363949188298564,-0.036296716391288064,0.19805288061799875,0.15555146626995592
1981,ESP,0.42419999837875366,0.11086869984865189,0.1589466631412506,47.0322059959101,97.45,0.15821292838908385,-0.09659985158537032,-0.05750104613705376,0.2296529968454259,0.14552011754912883
1982,ESP,7.298133823496755e-6,0.1490514725446701,0.17172832787036896,53.81134599319745,125.600999999,-0.22412471872105333,-0.1084858719248285,-0.09089158882591253,0.2888763468342739,0.1441382527937742
1983,ESP,0.12420602887868881,0.10193490982055664,0.19452832639217377,60.36330498761555,156.699999999,-0.09890618102763826,-0.11675732860144827,-0.04254018938770676,0.247601531836909,0.12175794664653743
1984,ESP,0.4670845866203308,0.1683332324028015,0.1260174959897995,67.17130799541991,173.4,0.32579097302156135,0.05581209640340634,0.01757175098313457,0.10657306956672993,0.11278380150326633
1985,ESP,0.3446483910083771,0.1305326521396637,0.11610499769449234,73.09199900285351,154.15,0.5125658838848692,0.27171172157650125,0.2554823652301328,-0.11101499423298732,0.08814315492914486
1986,ESP,1.1325998306274414,0.12416651099920273,0.11490833014249802,79.52105600491339,132.395,1.4830262766057638,0.3088883090035659,0.2981088341060165,-0.1411287706779111,0.0879584234904957
1987,ESP,0.47929155826568604,0.11574339121580124,0.16064833104610443,83.69412400629847,109.0,0.796796384005372,0.35521877321115625,0.4097617962279727,-0.17670606896030824,0.05247752244546694
1988,ESP,0.14383281767368317,0.1356482058763504,0.11292000114917755,87.74242799785586,113.45,0.09896674417304063,0.09110316827256226,0.0692664621001351,0.04082568807339452,0.04837022956656708
1989,ESP,0.126303568482399,0.10226000100374222,0.14391666650772095,93.70222397299456,109.72,0.16459296248931987,0.1397320189015181,0.18280482879421212,-0.0328779197884531,0.0679237640344799
1990,ESP,-0.11797450482845306,0.1391867697238922,0.14758333563804626,100.00000000119083,96.909,-0.0013741001328864133,0.28978291360044395,0.29928947348756485,-0.11676084578928174,0.06721052885587131
1991,ESP,0.05410340055823326,0.1810174584388733,0.13201667368412018,105.93466000467863,96.688,0.056512767299952804,0.18371691295561798,0.1346041269863314,-0.002280489944174469,0.05934660003417135
1992,ESP,-0.08082805573940277,0.0344066396355629,0.1300666630268097,112.21102002980527,114.623,-0.2246504022171063,-0.1274464184929438,-0.04675426821199791,0.18549354625186168,0.0592474646621742
1993,ESP,0.5609999895095825,0.429264098405838,0.12326666712760925,117.33750003952983,142.214,0.25814970254375,0.15197194897529331,-0.09465878755841228,0.24071085209774645,0.04568606548949358
1994,ESP,-0.09200000017881393,-0.12512464821338654,0.078125,122.87272997079562,131.739,-0.019801941911126164,-0.05556043936130195,0.16385025504975737,-0.07365660202230438,0.04717357988197316
1995,ESP,0.15700000524520874,0.2522870898246765,0.0898333340883255,128.61837995040491,121.409,0.2554425429004321,0.35883706254407066,0.18256104242240623,-0.07841261889038173,0.046760985785657426
1996,ESP,0.42899999022483826,0.290670245885849,0.0764833316206932,133.193669939459,131.275,0.32160319796768144,0.19366965441062667,-0.004419997648168139,0.08126250936915715,0.03557259849500756
1997,ESP,0.45399999618530273,0.1692834049463272,0.054858334362506866,135.6939412944318,151.702,0.2582157750011578,0.011836884051160235,-0.0871806051110855,0.15560464673395538,0.01877169805523981
1998,ESP,0.39500001072883606,0.17690154910087585,0.04340000078082085,138.08577207508907,142.60699,0.4839685742444033,0.2519605020882991,0.10994465922359109,-0.05995313179786688,0.017626658624849165
1999,ESP,0.19699999690055847,-0.06519570201635361,0.027233334258198738,141.17325937022324,165.62412900656977,0.03065035035581576,-0.1951074521924102,-0.11552347653152162,0.16140260029729103,0.022359199276919244
2000,ESP,-0.10400000214576721,0.08714491873979568,0.04111666604876518,146.0919601372892,178.81354110693175,-0.1700895898831738,0.006956347688015008,-0.035676828829010576,0.07963460505104782,0.034841589611293106
2001,ESP,-0.036376893520355225,0.05825338512659073,0.04360833391547203,151.3359826273017,188.79609667536593,-0.08732827110100927,0.0022984506309127184,-0.011572246448462775,0.055826619766254394,0.035895353071342555
2002,ESP,-0.20465430617332458,0.12270617485046387,0.032749999314546585,156.03371014859266,158.65929245732812,-0.0535810403766771,0.3359604738065147,0.22891742230927603,-0.15962620387145987,0.03104170891637955
2003,ESP,0.32978054881095886,0.05054610222578049,0.023116666823625565,160.7764507384674,131.73871733966746,0.6015188644495482,0.26522334996773234,0.23218875769833036,-0.16967537608867775,0.030395615058811092
2004,ESP,0.23081998527050018,0.10246747732162476,0.020408334210515022,165.6624147283815,122.15402687027384,0.3273950134100938,0.18897145752952116,0.10047362789243275,-0.0727553043095221,0.030389798801206444
2005,ESP,0.2578282356262207,0.07018428295850754,0.020866665989160538,171.2419891842005,141.04094261252862,0.0893913586140902,-0.07312502855432712,-0.11583848038513145,0.1546155802322626,0.03368038830634708
2006,ESP,0.40547147393226624,-0.01611456833779812,0.02827499993145466,177.2614640829975,126.33712984054668,0.569048004720518,0.09839545096136315,0.14795132229357133,-0.10425208807896756,0.035151862738069514
2007,ESP,0.09162062406539917,0.01035739853978157,0.038474999368190765,182.20267138435537,113.02628897493369,0.22017822375601748,0.12934481882339655,0.16077376353068673,-0.10535969023843537,0.027875248164735352
2008,ESP,-0.3694705069065094,0.09730370342731476,0.03849999979138374,189.6277816521101,119.5559387799094,-0.40390741421220644,0.037373523578421164,-0.018218565512078788,0.05777107135158452,0.040751928670087915
2009,ESP,0.3560526967048645,0.050090767443180084,0.006758333183825016,189.08353273196053,115.49770928779668,0.403700161581539,0.08698768382456357,0.04213268289474614,-0.033944189920866355,-0.002870090634441064
2010,ESP,-0.14669620990753174,-0.06035424768924713,0.004533333238214254,192.48611150718125,124.52177817691963,-0.20853496853980613,-0.12845019142188874,-0.06826500078238174,0.0781320161652454,0.01799510896617379
2011,ESP,-0.08770720660686493,0.09407396614551544,0.010174999944865704,198.63857956315766,128.59262694180384,-0.11658760262582135,0.059438934886755224,-0.021804046977502045,0.03269186181312305,0.03196317909797288
2012,ESP,0.05010807141661644,0.06485568732023239,0.0027000000700354576,203.49589887306388,126.10732150977718,0.07080345422913958,0.08584171408170227,0.02246107125156871,-0.01932696680309221,0.024453050966173562
2013,ESP,0.2988026738166809,0.15901830792427063,0.0014916666550561786,206.362412922423,120.64824885795085,0.3575706892986088,0.2114613827939682,0.04680700127632864,-0.04328910158799215,0.01408634800619344
2014,ESP,0.09084642678499222,0.2909969389438629,0.0011500000255182385,206.0514135394804,137.0447244872745,-0.03966598016122147,0.13653787511546978,-0.11863083530492202,0.1359031381270073,-0.001507054402680998
2015,ESP,-0.031990598887205124,0.015871023759245872,-0.0007583333062939346,205.02020505919702,152.82998071093965,-0.13197279055143762,-0.08905462188724922,-0.10396639277700548,0.11518324607329868,-0.005004617355297996
2016,ESP,0.022700000554323196,0.055494289845228195,-0.0021,204.6048571990829,157.84650412674318,-0.009802451929537992,0.0219496012913154,-0.033814283089923736,0.03282421022673366,-0.0020258874484795886
2017,ESP,0.09719999879598618,0.03233438357710838,-0.0029,208.60692820589696,138.73592929208715,0.24833693061002293,0.174536216890262,0.13444837301963686,-0.12107062453097572,0.019560000000000077
2018,ESP,-0.1088000014424324,0.03185267373919487,,212.10157916685728,145.31528384279477,-0.14915033907411357,-0.014865912256000202,,0.04742358078602553,0.01675232453215102
2019,ESP,0.1623000055551529,0.1178174540400505,-0.0036,213.5849643815506,148.10931102011747,0.1403736473717545,0.09673024267999386,-0.022396716157205065,0.01922734555812686,0.006993749035344853
2020,ESP,-0.09809999912977219,0.05083153396844864,-0.0036,212.8954460127897,135.5928612175047,-0.014846456232992522,0.14783280695449785,0.08837674915435256,-0.08450819004156121,-0.003228309496211246
1870,FIN,,0.13200077414512634,0.04500000178813934,0.0536,0.0453765,,,,,
1871,FIN,,0.1447432041168213,0.03999999910593033,0.0569,0.046258,,0.1229287907304022,0.020181589334390848,0.019426355051623646,0.061567164179104426
1872,FIN,,0.08082029968500137,0.03999999910593033,0.0611,0.0462924,,0.080017139375552,0.03922717246550467,0.0007436551515412887,0.07381370826010548
1873,FIN,,0.06080511957406998,0.03999999910593033,0.0611,0.0452553,,0.0851152222473539,0.06383331805581594,-0.022403245457137656,0.0
1874,FIN,,0.07346201688051224,0.03999999910593033,0.066,0.04653089999999999,,0.044034085146271496,0.011489396498640891,0.02818675381667992,0.08019639934533554
1875,FIN,,-0.004724774044007063,0.03999999910593033,0.066,0.047408500000000006,,-0.02314876000220012,0.020748092818758668,0.01886058511655724,0.0
1876,FIN,,-0.02320624142885208,0.03999999910593033,0.066,0.0504334,,-0.08179248467840217,-0.02237723497496691,0.06380501386882093,0.0
1877,FIN,,0.07600098103284836,0.03999999910593033,0.0636,0.0503335,,0.07813658650445654,0.04206415120961249,-0.001980830164137258,-0.036363636363636355
1878,FIN,,0.13799788057804108,0.03999999910593033,0.0578,0.051472649999999995,,0.11281265530480455,0.016983581669067993,0.02263204426475392,-0.09119496855345921
1879,FIN,,0.062389299273490906,0.03999999910593033,0.0536,0.05195319999999999,,0.05256254793255577,0.030380341422277413,0.009336026025471707,-0.07266435986159162
1880,FIN,,0.08447779715061188,0.03999999910593033,0.0594,0.0523224,,0.07682544934722335,0.0326614978202493,0.0071063957561806985,0.10820895522388059
1881,FIN,,0.04946426302194595,0.03999999910593033,0.0627,0.052578,,0.044362451130500746,0.034944196303018815,0.004885097013898477,0.05555555555555563
1882,FIN,,0.04479999840259552,0.03999999910593033,0.0586,0.05204355,,0.055529346403380586,0.05068005455030633,-0.010164897866027594,-0.06539074960127601
1883,FIN,,0.0866604596376419,0.03999999910593033,0.0569,0.0522717,,0.08191751873718678,0.0354607168595904,0.00438382854359467,-0.02901023890784983
1884,FIN,,0.0766538679599762,0.03999999910593033,0.0561,0.052221,,0.07769916297741308,0.041009707842926346,-0.0009699321047526816,-0.014059753954305837
1885,FIN,,0.05130873993039131,0.03999999910593033,0.0528,0.05219565,,0.051819331839050964,0.04050509866839058,-0.00048543689320375776,-0.05882352941176466
1886,FIN,,0.078983373939991,0.03500000014901161,0.0479,0.0522478,,0.0779064102601621,0.03396693751273294,0.000999125406044256,-0.09280303030303033
1887,FIN,,0.02481166645884514,0.03500000014901161,0.0462,0.052246350000000004,,0.024840108195279598,0.03502872464364559,-0.000027752364692735837,-0.03549060542797495
1888,FIN,,0.06836121529340744,0.03500000014901161,0.047,0.052146200000000004,,0.07041306903752753,0.03698778161755434,-0.00191688031795523,0.01731601731601736
1889,FIN,,0.09865949302911758,0.03500000014901161,0.0503,0.0521716,,0.09812460525257016,0.034496105309601344,0.0004870920603993171,0.07021276595744676
1890,FIN,,-0.021524185314774513,0.03999999910593033,0.052,0.0522478,,-0.022951228311398397,0.03848322710917906,0.0014605647517039633,0.033797216699801194
1891,FIN,,-0.04674653708934784,0.04749999940395355,0.0586,0.05214495,,-0.044866352744356575,0.04956607435346805,-0.001968503937007771,0.12692307692307697
1892,FIN,,0.009292175993323326,0.05000000074505806,0.0619,0.052161839999999994,,0.008965367260109103,0.04966001082114868,0.0003239048076561898,0.05631399317406139
1893,FIN,,0.15699996054172516,0.05000000074505806,0.0586,0.05205792,,0.1593096078710745,0.052096050684767636,-0.001992261009197403,-0.053311793214862645
1894,FIN,,0.11526881903409958,0.04500000178813934,0.0528,0.051762499999999996,,0.12163390407672803,0.05096404719800662,-0.005674832955292961,-0.09897610921501705
1895,FIN,,0.08804745972156525,0.03999999910593033,0.0512,0.0517638,,0.08802013441512258,0.03997388046705841,0.00002511470659266241,-0.030303030303030252
1896,FIN,0.05425237491726875,0.055572934448719025,0.03999999910593033,0.052,0.05183825,0.05273825958134215,0.054056922527604634,0.03850635300612115,0.0014382638059803122,0.015624999999999905
1897,FIN,0.16239392757415771,0.034699998795986176,0.03999999910593033,0.0545,0.05185232,0.16207851482963687,0.03441923548620429,0.039717797654048814,0.0002714211995967837,0.04807692307692312
1898,FIN,-0.034918516874313354,0.061327170580625534,0.04500000178813934,0.0561,0.052235159999999996,-0.04199175633600616,0.05354853079116029,0.037341026479466466,0.00738327619670625,0.029357798165137564
1899,FIN,-0.01339611317962408,-0.04521908611059189,0.05000000074505806,0.0586,0.052428,-0.01702502699541808,-0.04873094907378783,0.0461379041527088,0.0036917662356161372,0.044563279857397546
1900,FIN,-0.02435016818344593,-0.07896264642477036,0.05000000074505806,0.0594,0.05214016,-0.01896408867026289,-0.07387805535613723,0.05579653071762558,-0.005490196078431458,0.013651877133105839
1901,FIN,0.0,0.13073888421058655,0.05000000074505806,0.0586,0.05195663999999999,0.0035321760606537023,0.13473285302824545,0.05370878561137604,-0.0035197437061951185,-0.013468013468013504
1902,FIN,0.0015480522997677326,0.046036530286073685,0.04500000178813934,0.0586,0.05206408,-0.000518753120381632,0.04387791796037921,0.042843528453891944,0.002067878138386302,0.0
1903,FIN,0.09135858714580536,-0.002809121273458004,0.04500000178813934,0.0586,0.0521196,0.0901960258683141,-0.003871371129306911,0.04388682363444518,0.0010663782016315923,0.0
1904,FIN,-0.0003607419494073838,-0.11510643362998962,0.04500000178813934,0.0586,0.0519662,0.002590111916854987,-0.11249429972215785,0.048084756884226865,-0.002943230569689808,0.0
1905,FIN,0.15066853165626526,0.09614947438240051,0.04500000178813934,0.0586,0.05205792,0.1486411875417959,0.09421818650554425,0.04315883333261894,0.001764993399555932,0.0
1906,FIN,0.028041446581482887,-0.08158422261476517,0.04500000178813934,0.0611,0.052452450000000005,0.0203088584579576,-0.08849224267201328,0.037139857015006994,0.0075786739078319695,0.04266211604095567
1907,FIN,0.1851632297039032,0.033391889184713364,0.05000000074505806,0.0627,0.052643640000000005,0.18085898026584957,0.029638839523002503,0.0461866341134487,0.0036450156284406313,0.026186579378068807
1908,FIN,-0.02783898636698723,0.0734390839934349,0.05000000074505806,0.066,0.05217645,-0.01913421814379035,0.08305070007024562,0.05940174234204476,-0.00887457630209473,0.052631578947368376
1909,FIN,0.09067989140748978,0.1226339265704155,0.05000000074505806,0.0652,0.05207976,0.09270482083689169,0.12471818107466226,0.051949404891160844,-0.0018531348913158427,-0.012121212121212258
1910,FIN,0.04567369818687439,0.09842497855424881,0.05000000074505806,0.0652,0.052099040000000006,0.04528673157672092,0.09801849057315493,0.04961143312434246,0.00037020139877763376,0.0
1911,FIN,0.09009762853384018,0.060737110674381256,0.04500000178813934,0.0677,0.05216552,0.08870840265542612,0.05938530198700254,0.04366824855115681,0.0012760311898260268,0.038343558282208624
1912,FIN,-0.18561998009681702,-0.08400517702102661,0.05000000074505806,0.0693,0.052114799999999996,-0.18482739613584054,-0.0831136978745749,0.051021898556002254,-0.0009722897423432967,0.023633677991137435
1913,FIN,0.055490054190158844,0.06066017225384712,0.05000000074505806,0.0693,0.05221268,0.05351138987903492,0.05867181583046088,0.04803162830999197,0.0018781612900750186,0.0
1914,FIN,0.026466386392712593,0.028287624940276146,0.05000000074505806,0.0693,0.058811999999999996,-0.08871385153575706,-0.08709697495465796,-0.067820954245707,0.1263930524156201,0.0
1915,FIN,0.2553213834762573,-0.06175679713487625,0.03999999910593033,0.0834,0.0720986,0.023986058051136183,-0.23465976805508493,-0.15165509528038035,0.22591647963000755,0.20346320346320348
1916,FIN,0.896595299243927,0.041787829250097275,0.03999999910593033,0.1106,0.07395449999999999,0.8489999370162491,0.01564399713298137,0.013901032872088104,0.02574113783069288,0.3261390887290168
1917,FIN,0.11540393531322479,-0.2045539915561676,0.03999999910593033,0.2154,0.0640195,0.2885002278074942,-0.08111103911371698,0.2013945740575842,-0.13433935730753369,0.9475587703435805
1918,FIN,0.33963173627853394,0.3429242968559265,0.03999999910593033,0.7354,0.0883679,-0.029482946401537258,-0.027097599664946403,-0.24655582012515742,0.38032786885245917,2.4141132776230267
1919,FIN,0.029847152531147003,-0.16842816770076752,0.05000000074505806,0.652,0.282375,-0.6777142799817365,-0.7397635891299323,-0.6714075429275281,2.1954476682143627,-0.11340766929562146
1920,FIN,-0.04813892021775246,-0.07952019572257996,0.06499999761581421,0.652,0.31042374999999994,-0.1341455916194808,-0.16269137031932468,-0.031229490891835465,0.0993315626383354,0.0
1921,FIN,-0.22581800818443298,0.06441561132669449,0.06499999761581421,0.8113,0.5793539999999999,-0.5851854357062217,-0.4296753183259717,-0.42936219822441524,0.8663327145555069,0.2443251533742331
1922,FIN,0.14166511595249176,0.5263692140579224,0.06499999761581421,0.7907,0.4206654,0.5723381375971017,1.1021650690580054,0.46675245603444515,-0.2739061092181981,-0.02539134722051037
1923,FIN,0.046965740621089935,0.3316771984100342,0.06499999761581421,0.7973,0.38364299999999996,0.1480002556143789,0.4601870002581476,0.1677748583893246,-0.08800913980565092,0.008347034273428672
1924,FIN,-0.03552400693297386,0.16715435683727264,0.07000000029802322,0.8113,0.42585839999999997,-0.1311326407833846,0.051454189749742474,-0.036069242465724516,0.11003823867501823,0.017559262510974553
1925,FIN,0.3782046437263489,0.09657742828130722,0.06499999761581421,0.846,0.3992888,0.46991356744760404,0.16954622589962987,0.13586755998333633,-0.06239069136595632,0.0427708615801799
1926,FIN,0.38301604986190796,0.07133892178535461,0.06499999761581421,0.8253,0.39688530000000005,0.39139146481389275,0.07782684940200091,0.0714495373046602,-0.006019452586699019,-0.02446808510638291
1927,FIN,0.740195095539093,0.10703233629465103,0.05999999865889549,0.8394,0.3988523,0.7316130621574997,0.10157284012152745,0.054772449520124056,0.004956091848198814,0.017084696474009453
1928,FIN,-0.08177943527698517,0.041083723306655884,0.07000000029802322,0.86,0.39640949999999997,-0.076121071399466,0.04749920860479717,0.07659367678844053,-0.00612457293088199,0.02454133905170354
1929,FIN,-0.15218403935432434,0.06107298284769058,0.07000000029802322,0.8534,0.3996519,-0.15906242144333127,0.052464433658795384,0.06131902567744363,0.008179420523473918,-0.007674418604651092
1930,FIN,-0.04048769921064377,0.07558590173721313,0.05999999865889549,0.7841,0.3967953,-0.03357999935019962,0.08332923611365994,0.06763112734456533,-0.00714772030359417,-0.08120459339114135
1931,FIN,0.0802667886018753,0.0839056670665741,0.054999999701976776,0.7213,0.518175,-0.17277988234994435,-0.16999339154652138,-0.19212806217639655,0.30590004468298904,-0.08009182502231854
1932,FIN,0.009640108793973923,0.08100000023841858,0.05000000074505806,0.7147,0.64883,-0.19367128003588396,-0.1366811412487977,-0.16143866592779244,0.252144545761567,-0.009150145570497781
1933,FIN,0.43665409088134766,0.1659376323223114,0.04500000178813934,0.6933,0.53572,0.7399840845713153,0.4121095235938279,0.26563755536511335,-0.1743291771342263,-0.0299426332727018
1934,FIN,0.15350878238677979,0.07909813523292542,0.03999999910593033,0.6867,0.450595,0.3714260586563225,0.282957984458289,0.23647355057430497,-0.15889830508474567,-0.009519688446560003
1935,FIN,0.12974447011947632,0.06331011652946472,0.03709999844431877,0.6933,0.46308,0.09928567313096104,0.03464244181911158,0.009138969074496517,0.027707808564231665,0.009611183923110602
1936,FIN,0.45579013228416443,0.07014147192239761,0.03635000064969063,0.6933,0.45672399999999996,0.4760496371072045,0.0850340967801646,0.05077236646390104,-0.013725490196078492,0.0
1937,FIN,-0.010937025770545006,0.056400928646326065,0.0340999998152256,0.728,0.45922100000000005,-0.016315025136103167,0.05065678123401263,0.02847711301445055,0.005467196819085668,0.05005048319630744
1938,FIN,0.01903979294002056,0.04699999839067459,0.03395000100135803,0.7494,0.464215,0.008077017661448416,0.035736428725836156,0.02282682250647805,0.010874938210578224,0.02939560439560436
1939,FIN,-0.05563109740614891,0.04699999839067459,0.033649999648332596,0.7626,0.444235,-0.013156977461018182,0.0940900745167017,0.08013964362724835,-0.04304040153808041,0.0176140912730184
1940,FIN,0.21878299117088318,0.04699999839067459,0.031599998474121094,0.9079,0.49870099999999995,0.08567270184498788,-0.06734888383002768,-0.08106696132121005,0.12260627820860572,0.19053238919485982
1941,FIN,0.4565349817276001,0.04699999839067459,0.03085000067949295,1.0729,0.48608,0.49435371116387405,0.0741852086023449,0.05761587843331095,-0.02530774953328736,0.18173807688071364
1942,FIN,0.30703994631767273,0.04699999839067459,0.03085000067949295,1.2628,0.48568799999999995,0.30809486152858323,0.04784503470898849,0.03168200229424656,-0.0008064516129033471,0.17699692422406557
1943,FIN,-0.015148509293794632,0.04699999839067459,0.03135000169277191,1.4278,0.48568799999999995,-0.015148509293794632,0.04699999839067459,0.03135000169277191,0.0,0.13066202090592338
1944,FIN,-0.04062843695282936,0.04699999839067459,0.03164999932050705,1.5186,0.48568799999999995,-0.04062843695282936,0.04699999839067459,0.03164999932050705,0.0,0.06359434094410982
1945,FIN,1.056167721748352,0.04699999839067459,0.031199999153614044,2.1294,1.3571069999999998,-0.26412877655150735,-0.6252945897277298,-0.6309491696756995,1.7941950387903345,0.402212564203872
1946,FIN,-0.18748058378696442,0.04699999839067459,0.03085000067949295,3.3922,4.0,-0.724331053155344,-0.6447772432960066,-0.6502565620319638,1.9474462956863388,0.5930309007232084
1947,FIN,-0.0019897466991096735,-0.004599657841026783,0.030300000682473183,4.4073,4.1,-0.026331460194253253,-0.028877714966855317,0.005170732373144693,0.02499999999999991,0.29924532751606636
1948,FIN,-0.2529885470867157,-0.12867669761180878,0.05195000022649765,5.9342,5.4,-0.4328246376028768,-0.3384397148534105,-0.20129722205025202,0.31707317073170754,0.3464479386472442
1949,FIN,0.42893654108047485,0.2150520533323288,0.04309999942779541,6.0144,3.61,1.1374674021702393,0.8175293872561149,0.5603157886177548,-0.33148148148148154,0.013514879849010902
1950,FIN,0.8363265991210938,-0.030275873839855194,0.061650000512599945,6.8965,5.0,0.3258278045654297,-0.2998591809123755,-0.23348869962990282,0.38504155124653744,0.14666467145517414
1951,FIN,0.13682959973812103,0.27244818210601807,0.059450000524520874,8.019,4.35,0.30670068935416217,0.46258411736323946,0.21775862129255286,-0.13000000000000006,0.16276372072790554
1952,FIN,-0.12833622097969055,0.040306348353624344,0.04809999838471413,8.099,3.85,-0.015133132795234983,0.17541106891903002,0.18421688129181968,-0.11494252873563209,0.009976306272602578
1953,FIN,0.36808499693870544,0.10613122582435608,0.04874999821186066,8.26,3.95,0.33344993372506737,0.07812790365158762,0.02219936534573752,0.025974025974025997,0.019878997407087245
1954,FIN,0.05448929965496063,0.04940541833639145,0.04935000091791153,8.26,3.54,0.176619416281665,0.17094672384992826,0.170884888029873,-0.1037974683544304,0.0
1955,FIN,0.6034619808197021,0.06921260058879852,0.05485000088810921,8.019,3.58,0.5855462044976942,0.057266091085012905,0.04306396735863305,0.011299435028248598,-0.02917675544794185
1956,FIN,0.023885563015937805,0.09117027372121811,0.05104999989271164,8.901,3.58,0.023885563015937805,0.09117027372121811,0.05104999989271164,0.0,0.10998877665544328
1957,FIN,-0.15161383152008057,0.14450283348560333,0.049150001257658005,9.905,3.8,-0.2007309254847074,0.0782421431259106,-0.011590261973048355,0.061452513966480375,0.11279631502078413
1958,FIN,0.05864592641592026,0.14815260469913483,0.04194999858736992,10.559,3.64,0.10517981329134507,0.1986208510595362,0.0877499985252761,-0.04210526315789466,0.06602725896012114
1959,FIN,0.4315430521965027,0.12545613944530487,0.03985000029206276,10.722,3.5,0.48880477428436286,0.17047438502311718,0.08144400030374532,-0.03846153846153849,0.015437067904157616
1960,FIN,0.14852936565876007,0.12875762581825256,0.0406000018119812,11.068,3.3,0.21813720600171527,0.1971671788981466,0.10366666858846485,-0.0571428571428572,0.03227009886215259
1961,FIN,-0.0077870381064713,0.0025950074195861816,0.041600000113248825,11.268,3.219,0.01718011004928388,0.027823399964161055,0.0678098789604602,-0.024545454545454534,0.01807011203469471
1962,FIN,0.14488838613033295,0.5089685320854187,0.04050000011920929,11.771,3.223,0.14346748835046275,0.5070957818128956,0.03920865665024342,0.001242621932277106,0.04463968761093363
1963,FIN,0.048010602593421936,0.15624721348285675,0.041200000792741776,12.344,3.22,0.04898700998714234,0.1573244624395176,0.04217006290528147,-0.0009308098045298386,0.04867895675813428
1964,FIN,0.08780182152986526,0.036326222121715546,0.039250001311302185,13.622,3.22,0.08780182152986526,0.036326222121715546,0.039250001311302185,0.0,0.10353208036292941
1965,FIN,-0.05768774449825287,0.18839555978775024,0.03884999826550484,14.278,3.22,-0.05768774449825287,0.18839555978775024,0.03884999826550484,0.0,0.048157392453384275
1966,FIN,-0.06924358010292053,0.08137177675962448,0.039500001817941666,14.84,3.22,-0.06924358010292053,0.08137177675962448,0.039500001817941666,0.0,0.039361255077741936
1967,FIN,-0.012867141515016556,-0.015854932367801666,0.03739999979734421,15.676,4.2,-0.24319814182817945,-0.2454887814819814,-0.20466000015536945,0.3043478260869565,0.05633423180592994
1968,FIN,0.4042204022407532,0.32572320103645325,0.0430000014603138,17.116,4.2,0.4042204022407532,0.32572320103645325,0.0430000014603138,0.0,0.09186016841030872
1969,FIN,0.2586260437965393,0.08034329116344452,0.04154999926686287,17.494,4.2,0.2586260437965393,0.08034329116344452,0.04154999926686287,0.0,0.022084599205421836
1970,FIN,0.24894042313098907,0.07030094414949417,0.04170000180602074,17.972,4.18,0.25491621462922365,0.07542200129853494,0.04668421234097786,-0.004761904761904872,0.027323653824168376
1971,FIN,0.1975766122341156,0.08557595312595367,0.05079999938607216,19.137,4.15,0.20623379256351848,0.09342349013650253,0.05839614395994719,-0.007177033492822814,0.06482305809036273
1972,FIN,0.7067652940750122,0.1253073811531067,0.04320000112056732,20.504,4.18,0.6945157823950485,0.11723101238885025,0.035712919772812324,0.007228915662650447,0.07143230391388414
1973,FIN,0.4416668713092804,-0.03161211311817169,0.0568000003695488,22.756,3.845,0.5672737378602837,0.05275978339819032,0.14887490287248717,-0.08014354066985635,0.10983222785797887
1974,FIN,-0.17428036034107208,0.03025401383638382,0.05705000087618828,26.55,3.551,-0.10591607589733099,0.11555243120273029,0.14456695391972496,-0.0764629388816645,0.16672525927227985
1975,FIN,0.03365388885140419,0.053447939455509186,0.05640000104904175,31.279,3.85,-0.04662208849056193,-0.028365290128178233,-0.0256424925389227,0.08420163334272034,0.1781167608286252
1976,FIN,-0.13385243713855743,0.03785758092999458,0.0575999990105629,35.765,3.767,-0.11476821953369942,0.060725162352131434,0.08090257398212564,-0.021558441558441607,0.14341890725406825
1977,FIN,-0.11511716991662979,0.11977247893810272,0.04699999839067459,40.293,4.018,-0.17039481808759194,0.049821535131864714,-0.018404929333581066,0.06663127156888768,0.12660422200475321
1978,FIN,0.1923189014196396,0.24730034172534943,0.11754167079925537,43.435,3.926,0.22025913038820977,0.2765289793816743,0.14372960602939577,-0.022896963663514097,0.0779788052515326
1979,FIN,0.2625076174736023,0.0431574247777462,0.0926416665315628,46.679,3.711,0.33565209005695595,0.10359365391469466,0.15594480808486022,-0.05476311767702503,0.0746863128813169
1980,FIN,0.040810827165842056,0.0314629040658474,0.12346667051315308,52.091,3.84,0.0058460884407394165,-0.003187802867614775,0.0857252120506018,0.034761519805982216,0.11594078707770086
1981,FIN,0.2392420917749405,0.127841979265213,0.11461666971445084,58.346,4.357,0.092194085934306,-0.0059873306453023245,-0.017643329882145786,0.13463541666666676,0.12007832447063783
1982,FIN,0.41609060764312744,0.12422684580087662,0.1166333332657814,63.928,5.291,0.16611354706125603,-0.07422862083643567,-0.0804816796373069,0.21436768418636679,0.09567065437219348
1983,FIN,0.688093900680542,0.09506866335868835,0.14668333530426025,69.276,5.81,0.5372985935457399,-0.0027524444353147492,0.04425155371684042,0.09809109809109794,0.08365661369040168
1984,FIN,-0.028777852654457092,0.10993430763483047,0.165024995803833,74.172,6.53,-0.13586513383191368,-0.012447423069163244,0.03656894726190951,0.12392426850258187,0.07067382643339687
1985,FIN,0.1611374467611313,0.13921816647052765,0.13460832834243774,78.524,5.417,0.39970971522063636,0.3732868058062664,0.36772981061032284,-0.1704441041347627,0.05867443240036677
1986,FIN,0.6566540598869324,0.14907856285572052,0.11902499943971634,80.801,4.794,0.8719430626632276,0.2984060440111469,0.26444689653002573,-0.11500830718109659,0.028997503947837615
1987,FIN,0.311012864112854,-0.0037509631365537643,0.09965833276510239,84.099,3.946,0.5927510569075067,0.2103441162502182,0.33597619038922977,-0.1768877763871505,0.04081632653061227
1988,FIN,0.34797030687332153,0.06354576349258423,0.12556666135787964,88.385,4.169,0.27586731372562423,0.006656652132822627,0.06536004934473327,0.05651292448048642,0.05096374510992998
1989,FIN,-0.1548997461795807,0.06741061806678772,0.1399666666984558,94.248,4.059,-0.13199730027658851,0.0963377350875676,0.17086007230003974,-0.026385224274406198,0.06633478531425015
1990,FIN,-0.3055950403213501,0.11544720828533173,0.13079166412353516,100.0,3.634,-0.2243836732703247,0.2458998950000444,0.2630389005716647,-0.10470559251047062,0.06103047279517863
1991,FIN,-0.19758999347686768,0.1369599997997284,0.13251666724681854,104.116,4.133,-0.2944694014747006,-0.0003114833602195777,-0.004218347743784601,0.13731425426527247,0.041159999999999995
1992,FIN,0.08005882054567337,0.18678277730941772,0.07773333042860031,106.825,5.245,-0.148926004706336,-0.06482874764159707,-0.15075846431622408,0.2690539559641907,0.026019055668677276
1993,FIN,0.9286217093467712,0.38025516271591187,0.05350000038743019,109.069,5.7845,0.7487459357807615,0.25152361110639787,-0.044756244786572474,0.10285986653956154,0.021006318745611978
1994,FIN,0.17700904607772827,-0.11808408051729202,0.057500001043081284,110.254,4.7432,0.4354041210652344,0.0755276261274509,0.2896586178178666,-0.18001555882098721,0.010864681990299739
1995,FIN,-0.06346261501312256,0.28859567642211914,0.036249998956918716,111.34,4.3586,0.019176828447152072,0.40230051218404883,0.1276880179535762,-0.08108449991566871,0.009849982767065127
1996,FIN,0.5078455209732056,0.16059450805187225,0.0323166660964489,111.982,4.6439,0.4152103808681955,0.08929288373885957,-0.031104153653613964,0.06545679805442121,0.0057661217891143875
1997,FIN,0.35156741738319397,0.11638478934764862,0.03568333387374878,113.34413300822071,5.4207,0.15788439308314683,-0.04359597040021668,-0.11273270349285114,0.16727319709726732,0.012163856764664941
1998,FIN,0.7205333113670349,0.1762569546699524,0.029634999111294746,114.8732170266128,5.096,0.8301599138397344,0.2512040961890525,0.09523988219831159,-0.05990001291346136,0.013490632270143132
1999,FIN,1.6703780889511108,-0.06379954516887665,0.043917667120695114,116.3788966977846,5.91850487756321,1.299271019085094,-0.19390494448934392,-0.10115737982844186,0.16140205603673666,0.013107317006913529
2000,FIN,-0.09294048696756363,0.09091049432754517,0.042617835104465485,119.81309457990805,6.389822675980655,-0.1598458322947619,0.010444171781585743,-0.03428638705484244,0.0796346050510476,0.029508768166461145
2001,FIN,-0.30624720454216003,0.04624957591295242,0.033185917884111404,123.00700783056989,6.746544876886418,-0.34292924380763645,-0.009070659589376806,-0.021443579332329654,0.05582661976625447,0.026657463959681722
2002,FIN,-0.32819512486457825,0.12214834988117218,0.023334667086601257,125.47538631740282,5.6696195289405935,-0.20058802614941929,0.3352966918420346,0.21771367908058403,-0.15962620387145984,0.02006697447866452
2003,FIN,0.08504386246204376,0.04358291253447533,0.02106333337724209,127.0949671450467,4.707624703087887,0.30677066681563936,0.256837244713495,0.22971582917465105,-0.1696753760886777,0.01290755800940096
2004,FIN,0.07573208957910538,0.09650126099586487,0.0218468327075243,127.282201922809,4.365120035239704,0.16013830500055382,0.18253710815713986,0.10202499669906473,-0.07275530430952212,0.0014731879787861157
2005,FIN,0.3520565927028656,0.07093699276447296,0.030792249366641045,128.26830508569043,5.0400356022717645,0.1710015141410841,-0.07247311477553131,-0.10724204054193787,0.15461558023226246,0.0077473766794155735
2006,FIN,0.2182711809873581,-0.01473566610366106,0.04277608171105385,129.90348881148114,4.514601366742597,0.36006030801080846,0.09993483745145237,0.16414012004192413,-0.1042520880789674,0.0127481510315297
2007,FIN,0.25041505694389343,0.013387619517743587,0.046342331916093826,131.95995078723703,4.03894436519258,0.39767350442453053,0.13273190181630312,0.16956761337409465,-0.10535969023843537,0.01583069088113775
2008,FIN,-0.5130674242973328,0.11503367125988007,0.012283583171665668,137.12763065347642,4.2722785082992,-0.5396616631985585,0.05413515406044089,-0.04300315012566602,0.05777107135158434,0.03916097145694898
2009,FIN,0.26212233304977417,0.05199330300092697,0.008109583519399166,139.3682068273652,4.127259475218656,0.30646937773335137,0.08895706855150953,0.043531411955196386,-0.03394418992086646,0.01633934870172713
2010,FIN,0.23451858758926392,0.0760173350572586,0.013906000182032585,141.71800328828203,4.449730579254603,0.14505326720586775,-0.0019614305820437883,-0.059571569177265915,0.07813201616524561,0.016860347954591275
2011,FIN,-0.2702140212059021,0.11286138743162155,0.005731833167374134,146.42851823881847,4.595200556457223,-0.2933168103864068,0.07763160394983926,-0.026106556701642414,0.03269186181312307,0.03323864887479631
2012,FIN,0.14102987945079803,0.10474903136491776,0.0022066666278988123,151.05789811899123,4.506389267849023,0.1635171365232111,0.12652127056408724,0.02195801526304164,-0.01932696680309215,0.03161528871460987
2013,FIN,0.3224339783191681,-0.02912985160946846,0.002099333330988884,154.4047197714923,4.311311725038069,0.3822712592844968,0.01479992545504194,0.047442163556743244,-0.04328910158799234,0.02215588654533447
2014,FIN,0.10742779821157455,0.17269517481327057,0.0020992739591747522,156.2723866796712,4.897232517914504,-0.025068457828531066,0.03239011800507008,-0.11779513558564703,0.13590313812700744,0.012095918511706863
2015,FIN,0.14863774180412292,0.0011106575839221478,-0.00019277077808510512,156.0289814685802,5.46131165610361,0.029999101805574746,-0.10229044319939395,-0.10345924515781357,0.11518324607329858,-0.0015575701905028304
2016,FIN,0.10649999976158142,0.03781925141811371,-0.002637,156.63593420649298,5.640574898017266,0.07133429755550935,0.004836293671198311,-0.03433421668044456,0.03282421022673368,0.003889999999999913
2017,FIN,0.10989999771118164,-0.019234921783208847,-0.003291,157.9512585202731,4.957666972400572,0.2627863269661499,0.11586335101545986,0.13400351361350782,-0.12107062453097547,0.008397334369303275
2018,FIN,-0.025299999862909317,-0.004887427669018507,-0.003221,159.7970813710464,5.192777292576421,-0.06943091790463629,-0.04994255372386003,-0.04835157591928563,0.04742358078602552,0.011686028133396639
2019,FIN,0.2046000063419342,0.02994687482714653,-0.003563,161.61325871534066,5.2926206159871825,0.18187567434456686,0.010517309328224034,-0.022360414148471452,0.019227345558126843,0.01136552262852113
2020,FIN,0.18119999766349792,-0.0014356066239997745,-0.004252000000000001,162.23269377177093,4.845350827153452,0.2902354612185136,0.09074093565220731,0.08766456364607422,-0.08450819004156133,0.0038328232556792347
1870,FRA,-0.2104566991329193,-0.21380528807640076,0.05999999865889549,0.06186036760679077,0.04510262999999999,,,,,
1871,FRA,0.221278116106987,0.09574708342552185,0.054999999701976776,0.0645795046444519,0.046776456,0.17757649270971831,0.056537401579128455,0.017248391724211887,0.03711149438513919,0.04395604395604399
1872,FRA,0.11752408742904663,-0.008292817510664463,0.05000000074505806,0.06389972038503662,0.046832478000000004,0.11618728149650659,-0.009479118602343295,0.04874396855214824,0.0011976537940369572,-0.010526315789473691
1873,FRA,0.07771899551153183,0.16242556273937225,0.04749999940395355,0.06389972038503662,0.04582685099999999,0.10136852186234502,0.1879338947733784,0.07048639840179471,-0.021472854799611838,0.0
1874,FRA,0.09581796824932098,0.1215175986289978,0.03500000014901161,0.06389972038503662,0.046470015,0.08065139970547341,0.10599533669719863,0.020675177140113243,0.014034654050308097,0.0
1875,FRA,0.15812399983406067,0.10847428441047668,0.032499998807907104,0.06254015186620605,0.045048808999999995,0.19466065449474623,0.14344458304478436,0.06507345026820666,-0.030583291182497103,-0.021276595744680864
1876,FRA,0.06832072138786316,0.10364202409982681,0.02500000037252903,0.0645795046444519,0.046465112,0.03575723929265595,0.07000191343661233,-0.006243022898944406,0.031439299538418605,0.03260869565217393
1877,FRA,0.052489448338747025,0.08817841857671738,0.019999999552965164,0.0645795046444519,0.04953959,-0.012829131289174955,0.020644944682627786,-0.043302251406834746,0.06616745053794336,0.0
1878,FRA,0.09132376313209534,0.09590411186218262,0.029999999329447746,0.06321993612562134,0.05146446999999999,0.05050594677883846,0.054914980781239464,-0.008524178588040887,0.03885538818548942,-0.021052631578947382
1879,FRA,0.1176941841840744,0.10677671432495117,0.028750000521540642,0.06321993612562134,0.05201294,0.10590823766385382,0.09510589117006307,0.01790195938435346,0.010657255384151616,0.0
1880,FRA,0.2264171540737152,0.07605385780334473,0.025200000032782555,0.06389972038503662,0.052169664,0.22273284815111927,0.0728212614651671,0.02212017485305484,0.0030131732603463097,0.010752688172043019
1881,FRA,0.2659670412540436,0.0395994707942009,0.03680000081658363,0.06321993612562134,0.05229440999999999,0.26294713292104444,0.03711955227932151,0.034326760313404314,0.0023911597360488086,-0.010638297872340432
1882,FRA,-0.16996677219867706,-0.03290891647338867,0.0340999998152256,0.06321993612562134,0.051727388000000006,-0.1608681666225682,-0.022307918789851833,0.0454355315860393,-0.010842879764777661,0.0
1883,FRA,-0.03652653470635414,0.0020501520484685898,0.02669999934732914,0.0645795046444519,0.052026322,-0.042062482007685253,-0.0037074500390371634,0.020800763618059603,0.005779027543397199,0.021505376344086037
1884,FRA,0.051439400762319565,0.0657527968287468,0.024800000712275505,0.0645795046444519,0.05189552,0.05408954043716063,0.06843901323684509,0.027382996117142122,-0.002514150433313339,0.0
1885,FRA,0.02231903001666069,0.053103554993867874,0.02449999935925007,0.06321993612562134,0.051979454999999994,0.02066821725257073,0.05140303222216125,0.022845664825611456,0.0016173843137132708,-0.021052631578947382
1886,FRA,0.04122351109981537,0.07766764611005783,0.02199999988079071,0.06321993612562134,0.05188371099999999,0.0431449408110931,0.07965632828256397,0.02388595533969351,-0.001841958519957583,0.0
1887,FRA,0.022940820083022118,0.01282438077032566,0.02419999986886978,0.06254015186620605,0.052137117000000004,0.017968942918161535,0.00790167330582392,0.019222002616609446,0.004884114785081807,-0.010752688172043019
1888,FRA,0.03794721141457558,0.05328810214996338,0.027300000190734863,0.06321993612562134,0.051951165,0.041662399704520015,0.05705820103361692,0.030977078262717894,-0.0035665953681329006,0.010869565217391311
1889,FRA,0.05686738342046738,0.09163151681423187,0.02539999969303608,0.06254015186620605,0.05182242000000001,0.05949301131045126,0.09434351095947324,0.027947451605943252,-0.0024781927412021003,-0.010752688172043019
1890,FRA,0.09971122443675995,0.12223191559314728,0.026200000196695328,0.06254015186620605,0.051887825000000005,0.09832503003307691,0.12081733368613201,0.0249064672530257,0.0012620985280115738,0.0
1891,FRA,0.022633520886301994,0.036002445966005325,0.025100000202655792,0.06321993612562134,0.051902224,0.022349816279207957,0.0357150324783011,0.02481561133132537,0.00027750247770052676,0.010869565217391311
1892,FRA,0.0007818816811777651,0.0690501481294632,0.01810000091791153,0.06254015186620605,0.051638579999999996,0.005891436173457665,0.0745082505260326,0.023297974151141432,-0.005079628187031068,-0.010752688172043019
1893,FRA,0.08415529131889343,0.031126471236348152,0.022199999541044235,0.06186036760679077,0.05175363200000001,0.08174513709866726,0.028834203849806173,0.01992757633512876,0.002228024085867801,-0.010869565217391311
1894,FRA,-0.009490976110100746,0.06084715202450752,0.017899999395012856,0.06254015186620605,0.051567749999999996,-0.005920570219234644,0.06467109994375209,0.021569139268045046,-0.003591670629029711,0.010989010989010997
1895,FRA,0.029274865984916687,0.02106120064854622,0.016300000250339508,0.06186036760679078,0.05163490200000001,0.02793627787641917,0.019733294540658752,0.014978286158254583,0.001302209229605999,-0.0108695652173912
1896,FRA,0.08523831516504288,0.04569881036877632,0.017100000753998756,0.06186036760679078,0.051696593,0.08394326972750621,0.044450948535590395,0.01588626668555615,0.001194753889529774,0.0
1897,FRA,0.10292354226112366,0.035165462642908096,0.018200000748038292,0.060500799087960216,0.051689896,0.10306643825306994,0.035299579823242944,0.018331919864397417,-0.0001295443202611041,-0.02197802197802188
1898,FRA,0.042981963604688644,0.016473639756441116,0.019899999722838402,0.0611805833473755,0.052092812999999995,0.034914916739131385,0.008611624136172225,0.012011482583471844,0.007794888966307762,0.01123595505617978
1899,FRA,0.035471394658088684,0.008621372282505035,0.0284000001847744,0.0611805833473755,0.05182148,0.040893037573859425,0.013902430693139456,0.03378461786165543,-0.00520864557650192,0.0
1900,FRA,0.039699506014585495,0.040602002292871475,0.030400000512599945,0.061860367606790784,0.051694008,0.04226329591129274,0.04316801765071099,0.032940858804441975,-0.0024598293989288506,0.011111111111111117
1901,FRA,-0.05437985435128212,0.029814645648002625,0.02410000003874302,0.061860367606790784,0.0516078,-0.052800247750805496,0.03153489454394509,0.025810702932556273,-0.0016676594316307868,0.0
1902,FRA,0.007407220080494881,0.01478710025548935,0.023900000378489494,0.061860367606790784,0.051608314,0.007397186671708855,0.014776993345786194,0.0238898027076222,9.959734768776617e-6,0.0
1903,FRA,0.028068458661437035,0.013269084505736828,0.027000000700354576,0.0611805833473755,0.051694008,0.026364212813513532,0.011589371821674188,0.025297526052615593,0.0016604688926671247,-0.010989010989010993
1904,FRA,0.0629340335726738,-0.023891454562544823,0.021400000900030136,0.0611805833473755,0.05166220800000001,0.06358830878808086,-0.023290623646744613,0.0220287103819905,-0.0006151583371131052,0.0
1905,FRA,0.05404086410999298,0.10570073872804642,0.0210999995470047,0.0611805833473755,0.05167961600000001,0.053685816128165254,0.10532828939599681,0.020756047517792364,0.00033695811065611973,0.0
1906,FRA,0.028873179107904434,-0.01088752131909132,0.026799999177455902,0.061860367606790784,0.051830028,0.025887364154920656,-0.01375794975380773,0.023820200642979517,0.0029104705421957593,0.011111111111111117
1907,FRA,0.01749630831182003,0.030166415497660637,0.03350000083446503,0.06254015186620607,0.051849252000000005,0.017119054093553077,0.029784463619713986,0.03311681297254476,0.000370904680969981,0.010989010989010993
1908,FRA,0.06305345892906189,0.04519106447696686,0.021400000900030136,0.06321993612562135,0.05168119499999999,0.066510298020094,0.04858981860257905,0.024721391203626375,-0.0032412618025813196,0.01086956521739131
1909,FRA,0.09491437673568726,0.048972271382808685,0.017500000074505806,0.06321993612562135,0.051706296,0.09438284676938569,0.048463044170246494,0.017006051184763615,0.00048568923377268153,0.0
1910,FRA,0.03348471596837044,0.020308585837483406,0.023900000378489494,0.06389972038503663,0.05187288,0.030165794444736438,0.017031977994171887,0.020611859105765573,0.0032217353182677085,0.010752688172043015
1911,FRA,0.07698795199394226,0.006021533627063036,0.026100000366568565,0.06661885742269777,0.051957763000000004,0.07522848501440538,0.004378003942406172,0.024423668644375063,0.0016363656693054419,0.04255319148936172
1912,FRA,0.06303086131811142,-0.01954321376979351,0.031199999153614044,0.06661885742269777,0.051870255,0.06482425340018683,-0.017889128736869764,0.032939690803981625,-0.0016842141567951446,0.0
1913,FRA,0.002376275137066841,-0.02016141265630722,0.03819999843835831,0.06661885742269777,0.051840000000000004,0.0029612846703279683,-0.019589556628913818,0.03880591550920598,-0.0005832822684213318,0.0
1914,FRA,-0.11047793179750443,-0.14229680597782135,0.028699999675154686,0.06797842594152834,0.050949999999999995,-0.09493966603302506,-0.12731435567988725,0.04666944029754716,-0.01716820987654338,0.02040816326530613
1915,FRA,-0.09544692188501358,-0.048620786517858505,,0.07997461875473923,0.055689999999999996,-0.1724370743408411,-0.12959649978604582,,0.09303238469087344,0.1764705882352942
1916,FRA,0.15625160932540894,-0.009595845825970173,,0.09197081156795012,0.05887,0.09379398884545642,-0.06309483020296036,,0.05710181361106128,0.15000000000000008
1917,FRA,0.04952055588364601,0.021741995587944984,,0.10796573531889796,0.057640000000000004,0.07191663991794317,0.043545303266174784,,-0.02089349413962961,0.1739130434782608
1918,FRA,0.10341951996088028,0.10619137436151505,,0.13995558282079365,0.056159999999999995,0.13249823950400907,0.13534314134967484,,-0.02567661346287316,0.29629629629629634
1919,FRA,0.08083564043045044,0.004498492460697889,,0.17594416126042628,0.07309,-0.16952073379977983,-0.22817573763041743,,0.30146011396011413,0.25714285714285695
1920,FRA,-0.06666947156190872,-0.012265819124877453,,0.24392258720195462,0.14205,-0.5197667840651877,-0.4917740846169468,,0.9434943220686826,0.38636363636363635
1921,FRA,-0.04545501619577408,0.024496935307979584,,0.21193273970005894,0.13413,0.010908185710805096,0.0849906035972452,,-0.0557550158394932,-0.13114754098360654
1922,FRA,0.23332425951957703,0.1367598921060562,0.042899999767541885,0.203935277824585,0.12193,0.35672749060412445,0.25050114268994794,0.1472498726221636,-0.09095653470513683,-0.03773584905660379
1923,FRA,0.26318517327308655,-0.014654206112027168,0.04390000179409981,0.2279276634510068,0.16444,-0.06336555474831296,-0.26937963604499804,-0.225962495629077,0.34864266382350534,0.11764705882352948
1924,FRA,0.03414793312549591,-0.0348542183637619,0.05209999904036522,0.2599175109529025,0.19096,-0.10947168976143395,-0.16889101208492352,-0.09401275742460369,0.16127462904402814,0.14035087719298253
1925,FRA,0.15127940475940704,-0.020186226814985275,0.05689999833703041,0.27591243470385035,0.20977,0.04804459709613562,-0.10804577333550847,-0.03787184210116168,0.09850230414746555,0.06153846153846157
1926,FRA,0.24503205716609955,0.12870529294013977,0.05660000070929527,0.35988578439632657,0.30838,-0.15308912824524046,-0.2322183367920969,-0.28126667699335595,0.47008628497878613,0.3043478260869566
1927,FRA,0.2542186975479126,0.22421546280384064,0.029100000858306885,0.3758807081472744,0.25484,0.5177207736219795,0.48141408106831096,0.24530630303203838,-0.17361696608080932,0.04444444444444446
1928,FRA,0.4836086928844452,0.17705826461315155,0.03020000085234642,0.3758807081472744,0.25504,0.48244526072252225,0.17613522645081403,0.029392127576897797,0.0007848061528801521,0.0
1929,FRA,0.0008978269179351628,0.2976835370063782,0.034699998795986176,0.39987309377369623,0.25536000000000003,-0.0003564310105336199,0.29605736716050535,0.03340338225614148,0.0012547051442912583,0.06382978723404265
1930,FRA,-0.2678622901439667,0.10396109521389008,0.023499999195337296,0.4038718247114332,0.25478,-0.26619559781444113,0.10647423374605158,0.025829970148839587,-0.002271303258145461,0.009999999999999967
1931,FRA,-0.31904923915863037,-0.005037562921643257,0.015599999576807022,0.3878769009604854,0.2551,-0.31990343062656146,-0.00628565378744117,0.014326020745507373,0.001255985556166053,-0.03960396039603948
1932,FRA,0.2392289936542511,-0.04007633030414581,0.013000000268220901,0.3518883225208527,0.25461,0.24161390472172917,-0.03822894568393853,0.01494953092346396,-0.0019208153665228947,-0.09278350515463915
1933,FRA,0.011746611446142197,-0.09696350991725922,0.016300000250339508,0.3398921297076418,0.19876000000000002,0.2960394684056262,0.15678265616807519,0.30187232372579453,-0.21935509210164558,-0.03409090909090914
1934,FRA,-0.07379765808582306,0.20516248047351837,0.02019999921321869,0.3278959368944309,0.15223,0.20930156656941357,0.573527521637762,0.33203016385482065,-0.2341014288589254,-0.03529411764705887
1935,FRA,0.00704527460038662,0.003634041640907526,0.03240000084042549,0.29990482033027216,0.15148999999999999,0.011964500313003334,0.008536604125654268,0.03744307959560356,-0.004861065493004128,-0.08536585365853665
1936,FRA,0.17633824050426483,0.07457545399665833,0.03680000081658363,0.31989847501895696,0.16356,0.0895297141965703,-0.00472343160947819,-0.03971122448212139,0.0796752260875307,0.06666666666666664
1937,FRA,-0.052771586924791336,-0.03756151720881462,0.03830000013113022,0.4038718247114332,0.24716000000000002,-0.37316443096544294,-0.3630990522522808,-0.3128971191881872,0.5111274150158963,0.26250000000000007
1938,FRA,0.05885542556643486,0.1970670372247696,0.02759999968111515,0.45985405783975064,0.34745,-0.24677879699812888,-0.14846139323507235,-0.26901247396406824,0.4057695419970867,0.1386138613861386
1939,FRA,0.16453315317630768,-0.08082632720470428,0.020500000566244125,0.4878451744039094,0.39836,0.015707008914318976,-0.19829578117098723,-0.10991885431082049,0.14652467981004466,0.060869565217391355
1940,FRA,0.47404372692108154,0.23628093302249908,0.01720000058412552,0.5798159859718596,0.48015,0.22295128409097575,0.025689622990404448,-0.15607249352766384,0.20531679887538917,0.1885245901639345
1941,FRA,0.5289880037307739,0.15037405490875244,0.016699999570846558,0.6797842594152836,0.4666666666666667,0.5731648356957093,0.18361164813808029,0.04607536741558982,-0.028081502308306458,0.1724137931034483
1942,FRA,0.5363517999649048,0.04343295469880104,0.016200000420212746,0.8197398422360773,0.4666666666666667,0.5363517999649048,0.04343295469880104,0.016200000420212746,0.0,0.20588235294117646
1943,FRA,-0.17693762481212616,0.022032812237739563,0.016499999910593033,1.0156776581851885,0.4666666666666667,-0.17693762481212616,0.022032812237739563,0.016499999910593033,0.0,0.23902439024390248
1944,FRA,-0.1168389767408371,0.08315281569957733,0.01640000008046627,1.2436053216361955,0.4666666666666667,-0.1168389767408371,0.08315281569957733,0.01640000008046627,0.0,0.22440944881889777
1945,FRA,-0.20052199065685272,0.018398543819785118,0.013700000010430813,1.8434149622967397,0.5017921146953406,-0.2564854513108732,-0.052889354247599996,-0.057258999990299486,0.07526881720430122,0.4823151125401927
1946,FRA,0.2732030153274536,-0.05693613365292549,0.013100000098347664,2.8111078492290846,3.45,-0.8148164540586531,-0.8628341994820109,-0.8526476546529856,5.875357142857142,0.5249457700650759
1947,FRA,-0.18458309769630432,-0.2121814340353012,0.015699999406933784,4.194668753686074,3.0,-0.0622705623507499,-0.09400864914059626,0.16805499931797407,-0.1304347826086957,0.492176386913229
1948,FRA,-0.10739078372716904,-0.05598824471235275,0.020899999886751175,6.653888280394305,5.2,-0.4850331444579822,-0.45537783348789584,-0.4110192308345667,0.7333333333333334,0.5862726406101049
1949,FRA,-0.1578512340784073,0.028760485351085663,0.025200000032782555,7.49882647473009,3.95,0.10865153994741328,0.35431760096851805,0.34963037978999245,-0.24038461538461536,0.12698412698412698
1950,FRA,-0.1507614701986313,-0.025585055351257324,0.024299999698996544,8.238147394773902,3.91,-0.14207360800117486,-0.015616616019812457,0.034778772074433695,-0.010126582278481022,0.09859154929577468
1951,FRA,0.4429471492767334,-0.08233800530433655,0.027000000700354576,9.611171960569553,4.26,0.32439515344413805,-0.15773277012675013,-0.05737793362948662,0.08951406649616359,0.16666666666666677
1952,FRA,0.1394517570734024,0.27172791957855225,0.03709999844431877,10.772961977781257,4.12,0.17817099153706173,0.31494197509821187,0.0723412605273781,-0.03286384976525814,0.12087912087912085
1953,FRA,0.2316017746925354,-0.0006581632769666612,0.04039999842643738,10.561727429197312,3.76,0.3495210935460762,0.09502350194119624,0.14001276423322406,-0.0873786407766991,-0.019607843137254836
1954,FRA,1.1585566997528076,0.09001980721950531,0.03590000048279762,10.561727429197312,3.74,1.170099783708705,0.09584879014581293,0.04143957267789289,-0.0053191489361701,0.0
1955,FRA,-0.03663197532296181,0.07533801347017288,0.031599998474121094,10.667344703489285,3.9,-0.07615476607894278,0.031221582148319715,-0.010722052745330002,0.04278074866310152,0.009999999999999966
1956,FRA,0.03150513768196106,-0.0335666760802269,0.03189999982714653,10.984196526365203,4.03,-0.001769221598102333,-0.06474194459376803,-0.0013870969414712109,0.03333333333333342,0.029702970297029604
1957,FRA,0.142935648560524,0.03250940144062042,0.05350000038743019,11.512282897825068,4.79,-0.038406959561813836,-0.1313125495186429,-0.11365240050911396,0.1885856079404466,0.04807692307692309
1958,FRA,-0.08519486337900162,0.11640352010726929,0.0649000033736229,13.20215928649664,4.95,-0.11476432234048839,0.08031774976036776,0.030478993163566503,0.03340292275574116,0.14678899082568822
1959,FRA,0.26738566160202026,0.1476273387670517,0.040699999779462814,14.047097480832424,4.93706000393706,0.27070746961291703,0.15063526114059478,0.04342766642501883,-0.0026141406187757455,0.06399999999999992
1960,FRA,-0.07177717238664627,0.04463484138250351,0.040800001472234726,14.57518385229229,4.93706000393706,-0.07177717238664627,0.04463484138250351,0.040800001472234726,0.0,0.03759398496240602
1961,FRA,0.049007512629032135,0.05796389281749725,0.0364999994635582,14.997652949460184,4.93706000393706,0.049007512629032135,0.05796389281749725,0.0364999994635582,0.0,0.02898550724637696
1962,FRA,-0.1058787927031517,0.06794358044862747,0.03610000014305115,15.736973869503995,4.93706000393706,-0.1058787927031517,0.06794358044862747,0.03610000014305115,0.0,0.04929577464788727
1963,FRA,-0.18257169425487518,0.031173741444945335,0.039799999445676804,16.476294789547808,4.93706000393706,-0.18257169425487518,0.031173741444945335,0.039799999445676804,0.0,0.046979865771812145
1964,FRA,-0.07980641722679138,0.04384492710232735,0.04740000143647194,17.004381161007675,4.93706000393706,-0.07980641722679138,0.04384492710232735,0.04740000143647194,0.0,0.03205128205128216
1965,FRA,-0.047821152955293655,0.041485171765089035,0.042100001126527786,17.532467532467543,4.93706000393706,-0.047821152955293655,0.041485171765089035,0.042100001126527786,0.0,0.031055900621118113
1966,FRA,-0.1716182827949524,-0.029218623414635658,0.04780000075697899,18.05251078345347,4.93706000393706,-0.1716182827949524,-0.029218623414635658,0.04780000075697899,0.0,0.029661726167345522
1967,FRA,-0.021920576691627502,0.056464653462171555,0.04800000041723251,18.556496644461216,4.93706000393706,-0.021920576691627502,0.056464653462171555,0.04800000041723251,0.0,0.027917770943512603
1968,FRA,0.17394950985908508,0.01106756180524826,0.061500001698732376,19.399556302604143,4.93706000393706,0.17394950985908508,0.01106756180524826,0.061500001698732376,0.0,0.045432048640203074
1969,FRA,0.23662078380584717,-0.032305166125297546,0.08959999680519104,20.572446268121812,5.55419000455419,0.09921896923927598,-0.1398264271798556,-0.031466233581139536,0.12499949365107965,0.06045962841738929
1970,FRA,-0.0876227542757988,-0.0968756452202797,0.0868000015616417,21.662712115781577,5.55419000455419,-0.0876227542757988,-0.0968756452202797,0.0868000015616417,0.0,0.05299641245626655
1971,FRA,-0.05678573623299599,0.04328281804919243,0.058400001376867294,22.831961043615824,5.11572151321783,0.024057158395315303,0.1327025884736066,0.1491154655855922,-0.07894373274533921,0.05397518655950899
1972,FRA,0.16952449083328247,0.0898943617939949,0.0494999997317791,24.216263548837663,5.11572151321783,0.16952449083328247,0.0898943617939949,0.0494999997317791,0.0,0.06063003097182106
1973,FRA,-0.03170337900519371,-0.015123654156923294,0.08910000324249268,26.003569353981568,4.7085,0.052041171328292,0.0700548179438869,0.18329241088100856,-0.07960197054622004,0.0738060106398905
1974,FRA,-0.27134865522384644,-0.02877856232225895,0.1290999948978424,29.55287908936983,4.444499999,-0.22806730618732096,0.028911270184397653,0.19616769651764177,-0.056068811935860746,0.1364931747281381
1975,FRA,0.3195025324821472,0.20875142514705658,0.07919999957084656,33.006407039833874,4.485499999,0.30744153508078087,0.19770275533497816,0.0693355028609437,0.009224884691017045,0.11685927249322645
1976,FRA,-0.11292722076177597,0.042499203234910965,0.08560000360012054,36.18343735709608,4.969749999,-0.1993631568616896,-0.05908140731251821,-0.02018032777452372,0.1079589789561831,0.09625495781555381
1977,FRA,-0.16803032159805298,0.08917210251092911,0.09070000052452087,39.61889359913981,4.704999999,-0.12121544967377451,0.15045973570987825,0.15207360843105455,-0.05327229740998492,0.09494554671904289
1978,FRA,0.6209439635276794,0.1630989909172058,0.07980000227689743,43.28386251560354,4.179999999,0.8245314231103638,0.30918199818457826,0.215420815992446,-0.11158342191532068,0.09250558467244276
1979,FRA,0.09008408337831497,-0.06151473894715309,0.09040000289678574,47.892180296869434,4.019999999,0.1334705145683439,-0.02416209173177808,0.1337990079980007,-0.03827751197087961,0.10646734171666469
1980,FRA,0.08802468329668045,-0.01986602507531643,0.1185000017285347,54.387595011803086,4.515999999,-0.031474927649876694,-0.12751581508202414,-0.004346765539002706,0.12338308460780661,0.1356257884830154
1981,FRA,-0.11161229759454727,0.008606255054473877,0.15299999713897705,61.62897999035977,5.747999999,-0.3020252498481888,-0.20757379129961318,-0.0941287427222528,0.27280779456882376,0.13314405568007134
1982,FRA,0.10401709377765656,0.21635621786117554,0.14869999885559082,69.01119007304324,6.724999999,-0.05637319630132631,0.03964543347053184,-0.018181770519694385,0.16997216426060743,0.11978471952380558
1983,FRA,0.5866885185241699,0.23915626108646393,0.12533333897590637,75.53933704935056,8.347499999,0.27828455067584756,-0.0016980107139126233,-0.09339722019835417,0.24126394055632186,0.09459548472353202
1984,FRA,0.14483685791492462,0.2182217240333557,0.11740833520889282,81.3360766768425,9.592,-0.0036983246142624493,0.06016532945686137,-0.027568173786611472,0.1490865529977942,0.07673802622473197
1985,FRA,0.37105792760849,0.20889988541603088,0.09934166818857193,86.07886443128874,7.561,0.7393450127788173,0.533628845511251,0.3946416190007649,-0.21173894912427027,0.05831099738545144
1986,FRA,0.3824115991592407,0.2203206866979599,0.07742500305175781,88.26399871463704,6.455,0.619274066807594,0.42941048987192487,0.26203105314861985,-0.14627694749371775,0.025385259178140735
1987,FRA,-0.23758669197559357,-0.0016969421412795782,0.07975833117961884,91.16691179196906,5.34,-0.07839365106787577,0.20675023192472652,0.3052134883454005,-0.17273431448489546,0.032888982140015136
1988,FRA,0.6234999895095825,0.18388058245182037,0.0752333328127861,93.62916167146624,6.059,0.43084501468578473,0.04339368052363746,-0.05236078606696204,0.13464419475655437,0.02700815275081063
1989,FRA,0.30861103534698486,0.05563484504818916,0.09071666747331619,96.90459270062166,5.788,0.36988152438966493,0.10506073361212476,0.14178512236019736,-0.04472685261594321,0.03498302207007398
1990,FRA,-0.21963445842266083,0.035571373999118805,0.0984666645526886,100.0,5.129,-0.11936912562884772,0.16862684981612408,0.23960324711073566,-0.11385625431928138,0.031942833802948115
1991,FRA,0.16629000008106232,0.17315655946731567,0.09490666538476944,103.21340732409693,5.18,0.15480722208798636,0.1616061763528691,0.08412669628542147,0.009943458763891628,0.03213407324096934
1992,FRA,0.04760394245386124,0.08240700513124466,0.10351666808128357,105.65312503862282,5.5065,-0.014512227020611723,0.018227238096766962,0.03808523393463159,0.06303088803088808,0.023637604626935805
1993,FRA,0.3644101619720459,0.3382056951522827,0.08749166876077652,107.87655572171893,5.8955,0.27438292882691373,0.24990749900026188,0.015736218137768487,0.07064378461817857,0.02104462771246292
1994,FRA,-0.14312708377838135,-0.12338694930076599,0.05692499876022339,109.66246863838047,5.346,-0.055051575461176006,-0.03328240920364112,0.16556328660510622,-0.09320668306335342,0.016555153292699947
1995,FRA,0.018922608345746994,0.17114123702049255,0.06354166567325592,111.63253451323071,4.9,0.11166536004415573,0.2777389904309293,0.16034566218147472,-0.08342686120463894,0.017964814209560268
1996,FRA,0.30595406889915466,0.17583270370960236,0.037283334881067276,113.84607778917584,5.237,0.22191616146760706,0.10016808252378295,-0.02946565955370828,0.06877551020408157,0.01982883650897291
1997,FRA,0.2776792645454407,0.17691382765769958,0.03240833431482315,115.21671960549259,5.9881,0.1174172623076557,0.029291046482752936,-0.09708881835528305,0.14342180637769716,0.012039429402697132
1998,FRA,0.31296631693840027,0.22877176105976105,0.033925000578165054,115.96692662307973,5.6221,0.39844072543334974,0.3087650846484331,0.10123375535157875,-0.06112122376045833,0.0065112686783297385
1999,FRA,0.5562789440155029,-0.09272031486034393,0.027305249124765396,116.58983327359697,6.529534142942465,0.33999695224913307,-0.21880841631911108,-0.11546326052265277,0.1614048385732138,0.005371416391346066
2000,FRA,0.005336062982678413,0.08872941136360168,0.042405251413583755,118.54383211182676,7.049511015583019,-0.0688182295387394,0.008423967025514179,-0.03448329042371112,0.07963460505104768,0.016759598872093915
2001,FRA,-0.1923835575580597,0.07612371444702148,0.04257899895310402,120.48176391343587,7.443061386587995,-0.23508611421377545,0.019223889889478762,-0.012547155532111276,0.05582661976625445,0.016347807954959548
2002,FRA,-0.2927267551422119,0.09355005621910095,0.03295133262872696,122.79912496446728,6.254953752264709,-0.15838255771886722,0.301266247539965,0.22915699821598312,-0.15962620387145984,0.019234122872706254
2003,FRA,0.21222859621047974,0.05324016883969307,0.022755416110157967,125.37603045321416,5.193642121931908,0.4599453771467874,0.26846794435446975,0.23175368603712165,-0.16967537608867783,0.020984721914692132
2004,FRA,0.12997828423976898,0.14477097988128662,0.020249083638191223,128.06169742062275,4.815777108876,0.21864087170466284,0.23459426104220138,0.10030188188723677,-0.07275530430952197,0.021420896464023786
2005,FRA,0.2843312919139862,0.14485499262809753,0.02071041613817215,130.29748736265788,5.560371280834111,0.11234536749939772,-0.008453538797909999,-0.1159738066821806,0.15461558023226246,0.01745869363804856
2006,FRA,0.22560936212539673,0.019455082714557648,0.02889150008559227,132.48013249125594,4.980690964312831,0.36825254718924105,0.138104894409657,0.14863957413980255,-0.10425208807896752,0.016751244960872477
2007,FRA,0.030629167333245277,-0.0966138243675232,0.038640499114990234,134.45143429199993,4.455926907139458,0.15200394626520208,0.009775845974616448,0.16095875379436442,-0.10535969023843536,0.014879980595385488
2008,FRA,-0.40892547369003296,0.22131675481796265,0.036189332604408264,138.23336752728324,4.713350578429257,-0.4412075142547509,0.1546134961484673,-0.020403033635245538,0.057771071351584546,0.02812861949147935
2009,FRA,0.2903197407722473,-0.0640435665845871,0.006472249981015921,138.35448826488386,4.553359711231429,0.33565755447043144,-0.031156974938389204,0.04183654761992628,-0.03394418992086633,0.0008762047815750009
2010,FRA,0.041892267763614655,0.09389825910329819,0.0037625832483172417,140.47286524699993,4.90912288579554,-0.03361346092895956,0.014623666398601909,-0.06897989467138654,0.07813201616524543,0.015311227042091893
2011,FRA,-0.13389000296592712,0.002216957276687026,0.006933583412319422,143.43908739232012,5.069611252801608,-0.1613083930830812,-0.029510162385641858,-0.024942850189193178,0.032691861813123155,0.021115979517499998
2012,FRA,0.20368699729442596,0.18912792205810547,0.0004933333257213235,146.24216731964805,4.971631044414128,0.22740909207068993,0.21256308861849038,0.02021091582808321,-0.019326966803092396,0.019541953161352925
2013,FRA,0.22217300534248352,-0.03871776536107063,0.0004306666669435799,147.50528358319613,4.75641360307447,0.2774736938516136,0.004778179316770714,0.04569799333059099,-0.04328910158799204,0.008637154978613214
2014,FRA,0.027084000408649445,0.3238297402858734,0.0005729166441597044,148.25425467488967,5.402825137962275,-0.09579966289888941,0.16544245354294773,-0.1191388745575559,0.13590313812700722,0.005077588229380936
2015,FRA,0.11944600194692612,0.00014310303959064186,-0.001990749966353178,148.30987134011397,6.025140075319188,0.003822471229403046,-0.10315806253257376,-0.1050715175754624,0.11518324607329862,0.00037514380512228496
2016,FRA,0.08940000087022781,0.03527684509754181,-0.0031940000000000002,148.5817750367696,6.222910539796983,0.054777754126303924,0.0023746876249828297,-0.0348735146505007,0.032824210226733694,0.0018333486112471513
2017,FRA,0.1851000040769577,0.03584440425038338,-0.003534,150.11555907107788,5.469498874343369,0.3483449719092069,0.17852973533581662,0.13372704088796095,-0.12107062453097601,0.010322827506460349
2018,FRA,-0.07450000196695328,0.009596725925803185,-0.003629,152.89392048052804,5.728882096069867,-0.11640332048041413,-0.03611419062365917,-0.048741103143499664,0.04742358078602548,0.018508150831551284
2019,FRA,0.28369998931884766,0.07744557410478592,-0.003917,154.58837488104194,5.839033291792769,0.2594834655028766,0.05711996327451252,-0.022707736069868756,0.019227345558126954,0.011082549228827605
2020,FRA,-0.00839999970048666,0.039300255477428436,-0.004963,155.3249867137966,5.345587156710943,0.08313366598498528,0.13523708696488512,0.0868879319031508,-0.08450819004156124,0.0047649885272516845
1870,GBR,,0.02442333661019802,0.030500000342726707,2.1972130379435137,0.179,,,,,
1871,GBR,0.26190000772476196,0.04514363780617714,0.02630000002682209,2.2279740204747234,0.1832,0.23296998571360472,0.021182921218917627,0.0027712882358141844,0.02346368715083804,0.014000000000000196
1872,GBR,0.06310000270605087,0.01621621660888195,0.039000000804662704,2.332688799437035,0.1837,0.0602064262152886,0.013450249769989986,0.03617202039964185,0.0027292576419214,0.046999999999999785
1873,GBR,0.04969999939203262,0.04395604506134987,0.04490000009536743,2.405002152219583,0.1803,0.06949467492133321,0.06364240420282852,0.06460415983094281,-0.018508437670114394,0.030999999999999927
1874,GBR,0.031700000166893005,0.0285326074808836,0.0340999998152256,2.3256370811963367,0.1845,0.008214146504557318,0.00511885706668469,0.010559512014553851,0.02329450915141436,-0.03299999999999994
1875,GBR,0.07530000060796738,0.05729876831173897,0.028999999165534973,2.281449976653606,0.1789,0.10895947519379523,0.09039476105933941,0.06121017242057669,-0.0303523035230352,-0.019000000000000215
1876,GBR,0.06840000301599503,0.033288948237895966,0.01889999955892563,2.2746056267236447,0.1844,0.036533408565951664,0.002469592406505239,-0.011490184809697546,0.030743432084963693,-0.003000000000000115
1877,GBR,0.08870001137256622,0.04454787075519562,0.023399999365210533,2.2586833873365793,0.197,0.019067421812696494,-0.022260774785491932,-0.042056041203325734,0.06832971800433839,-0.006999999999999992
1878,GBR,0.0051999990828335285,0.022980960085988045,0.03229999914765358,2.2089923528151743,0.2045,-0.03166552655590105,-0.014536679036969868,-0.005559414024020604,0.03807106598984761,-0.022000000000000113
1879,GBR,0.15649999678134918,0.06357616186141968,0.01759999990463257,2.1117966892913067,0.206,0.14807888029993155,0.055831675245923806,0.01019029116746295,0.007334963325183381,-0.04399999999999995
1880,GBR,0.13809999823570251,0.044929396361112595,0.02319999970495701,2.1751505899700456,0.2064,0.1358943780840829,0.042904339391420354,0.021217053969094568,0.0019417475728155896,0.029999999999999867
1881,GBR,0.16680000722408295,0.03572433069348335,0.028599999845027924,2.151223933480375,0.207,0.16341797821763637,0.03272223118422679,0.02561855057011475,0.0029069767441859953,-0.011000000000000006
1882,GBR,0.015599999576807022,0.04567711427807808,0.033799998462200165,2.1727361728151795,0.2053,0.02400974141451062,0.0543359116198836,0.0423604465741616,-0.00821256038647333,0.010000000000000299
1883,GBR,0.003100000089034438,0.026658400893211365,0.030300000682473183,2.1618724919511028,0.2062,-0.0012782249356023678,0.022177350646829908,0.0258030559656246,0.004383828543594662,-0.005000000000000389
1884,GBR,0.03399999812245369,0.018208956345915794,0.024000000208616257,2.103501934668423,0.206,0.0350038816157765,0.019197508730717683,0.024994174966100458,-0.0009699321047526951,-0.026999999999999916
1885,GBR,0.029600001871585846,0.036947548389434814,0.021299999207258224,2.0403968766283707,0.2059,0.030100050439760384,0.037451165460046454,0.021796016691088882,-0.0004854368932038301,-0.029999999999999912
1886,GBR,0.026500001549720764,0.03500000014901161,0.021299999207258224,2.0077505266023166,0.2057,0.0274980569717429,0.03600632003248161,0.022292998720342627,-0.0009713453132588914,-0.01600000000000008
1887,GBR,0.031700000166893005,0.04179104417562485,0.024000000208616257,1.9977117739693044,0.2061,0.02969767120004807,0.039769130455730384,0.022012615443534056,0.0019445794846864922,-0.005000000000000271
1888,GBR,0.13610000908374786,0.008849557489156723,0.023800000548362732,2.0116957563870894,0.2053,0.14052709143770303,0.012780778365879986,0.02778947936199483,-0.0038816108685104083,0.006999999999999924
1889,GBR,0.09220000356435776,0.03802715614438057,0.026900000870227814,2.0398594969765087,0.2054,0.09166826062201872,0.037521787519188665,0.026400049555295846,0.00048709206039936184,0.014000000000000016
1890,GBR,0.0421999990940094,0.011831275187432766,0.03660000115633011,2.0439392159704624,0.2057,0.040680018541125795,0.010355585432662684,0.035088187834274365,0.0014605647517039666,0.002000000000000311
1891,GBR,-0.004100000951439142,0.025104600936174393,0.02630000002682209,2.0582467904822552,0.2057,-0.004100000951439142,0.025104600936174393,0.02630000002682209,0.0,0.006999999999999823
1892,GBR,0.00430000014603138,0.05118110030889511,0.014299999922513962,2.0664797776441843,0.2052,0.006747124902722668,0.05374245776578812,0.016771491150395335,-0.002430724355858048,0.004000000000000042
1893,GBR,-0.0009000006248243153,0.03530167043209076,0.021299999207258224,2.0520144192006753,0.2056,-0.0028437749426749592,0.033287464847592485,0.0193130342282557,0.0019493177387914788,-0.006999999999999882
1894,GBR,0.10750000178813934,0.07966858148574829,0.009700000286102295,2.0109741308166615,0.205,0.11074146520800698,0.08282858709009688,0.012655219799134754,-0.002918287937743274,-0.02000000000000012
1895,GBR,0.12319999933242798,0.061212118715047836,0.00800000037997961,1.9908643895084954,0.2046,0.1253958937592754,0.06328682471449065,0.009970674867525897,-0.0019512195121950426,-0.009999999999999752
1896,GBR,0.12210000306367874,0.06854130327701569,0.014700000174343586,1.9848917963399701,0.2053,0.11827404104641337,0.06489795738177007,0.011240233977938052,0.003421309872922806,-0.0029999999999998942
1897,GBR,0.06830000132322311,0.03820224851369858,0.017799999564886093,2.0146651732850693,0.2056,0.06674119781934684,0.03668736196431088,0.016314882834003397,0.0014612761811982206,0.014999999999999814
1898,GBR,0.052400004118680954,0.002771618776023388,0.026599999517202377,2.0207091688049243,0.2063,0.04882908796316432,-0.0006309024704294064,0.023116625791259393,0.003404669260700419,0.002999999999999905
1899,GBR,0.04670000076293945,-0.06345608830451965,0.03180000185966492,2.0348541329865584,0.2056,0.05026366808071203,-0.060267466037074,0.03531293960918713,-0.0033931168201648382,0.006999999999999779
1900,GBR,0.09459999948740005,-0.004350528586655855,0.03660000115633011,2.1386316937688727,0.2056,0.09459999948740005,-0.004350528586655855,0.03660000115633011,0.0,0.05099999999999995
1901,GBR,0.04909999668598175,-0.01604621298611164,0.031599998474121094,2.149324852237717,0.2052,0.05114502591928782,-0.014128174414934414,0.033610914650483936,-0.0019455252918288495,0.004999999999999881
1902,GBR,0.05889999866485596,0.019486257806420326,0.02969999983906746,2.149324852237717,0.2053,0.05838421688274931,0.018989674144556545,0.0291984411445525,0.00048732943469793736,0.0
1903,GBR,0.016699999570846558,-0.02763073705136776,0.0340999998152256,2.157922151646668,0.2056,0.015216487898320974,-0.029049563796915367,0.032591099037285076,0.0014612761811982206,0.00400000000000003
1904,GBR,0.1111999973654747,0.04145753011107445,0.026799999177455902,2.1536063073433747,0.2054,0.11228198373097165,0.04247160755032575,0.027799804434688102,-0.0009727626459144248,-0.001999999999999903
1905,GBR,0.10940000414848328,0.035829976201057434,0.025599999353289604,2.1622207325727483,0.2056,0.10832082126507037,0.034822359492690635,0.02460233398426892,0.000973709834469356,0.004000000000000053
1906,GBR,0.09630001336336136,-0.010845726355910301,0.039900001138448715,2.1622207325727483,0.2061,0.09364038208397418,-0.013245421342916841,0.03737719667183437,0.0024319066147859944,0.0
1907,GBR,-0.0015999986790120602,0.00013163972471375018,0.04470000043511391,2.188167381363621,0.2058,-0.0001446050910807184,0.0015895575668778417,0.046222886733124025,-0.0014556040756913862,0.01199999999999993
1908,GBR,0.04568224027752876,0.03594530373811722,0.02319999970495701,2.1991082182704393,0.2055,0.047208783693992507,0.03745763264868396,0.024693722332263635,-0.001457725947521975,0.005000000000000062
1909,GBR,0.11060185730457306,0.018179669976234436,0.02290000021457672,2.2101037593617914,0.2052,0.11222554423045694,0.01966823674520568,0.024395468051147784,-0.0014598540145985145,0.004999999999999926
1910,GBR,0.014817390590906143,-0.013062200509011745,0.031599998474121094,2.2299946931960473,0.2056,0.012843037690923653,-0.01498231295938346,0.029592994586039145,0.0019493177387914788,0.008999999999999894
1911,GBR,0.016035713255405426,0.0022499999031424522,0.029100000858306885,2.2322246878892433,0.2057,0.015541772704479095,0.0017627612060577835,0.02859970917096688,0.0004863813229571449,0.0010000000000000098
1912,GBR,0.03442201763391495,0.007546975743025541,0.03620000183582306,2.299191428525921,0.2055,0.03542875439073634,0.008527556741315445,0.03720846899089447,-0.0009722897423432461,0.030000000000000145
1913,GBR,-0.037962961941957474,-0.013174142688512802,0.043699998408555984,2.289994662811817,0.2054,-0.037494589479417195,-0.01269370166742656,0.04420812888489878,-0.00048661800486612646,-0.004000000000000087
1914,GBR,-0.000639998004771769,0.04468188434839249,0.029100000858306885,2.2831246788233814,0.2028,0.01217230971311567,0.05807524184003854,0.0422935906129005,-0.012658227848101222,-0.0030000000000000803
1915,GBR,0.026000000536441803,0.03400000184774399,0.03660000115633011,2.5685152636763036,0.2102,-0.010119885305468923,-0.0024015205769623016,0.0001069468815593222,0.03648915187376721,0.12499999999999975
1916,GBR,-0.024708330631256104,-0.20298629999160767,0.052000001072883606,3.033416526401715,0.2098,-0.022848861290228784,-0.2014667314501235,0.05400572080800847,-0.0019029495718364008,0.1810000000000002
1917,GBR,0.09510112553834915,0.030637342482805252,0.0478999987244606,3.7978374910549473,0.2099,0.09457940037134671,0.03014632897995506,0.04740076099281487,0.0004766444232603277,0.25200000000000006
1918,GBR,0.20774193108081818,0.1279672086238861,0.0357000008225441,4.633361739087035,0.2099,0.20774193108081818,0.1279672086238861,0.0357000008225441,0.0,0.2199999999999998
1919,GBR,0.09555556625127792,-0.08426263183355331,0.03480000048875809,5.101331274734826,0.2259,0.017959775812940615,-0.14912229491749807,-0.03849260689424372,0.07622677465459736,0.10100000000000012
1920,GBR,-0.21339653432369232,-0.07338728755712509,0.06210000067949295,5.886936291043988,0.2729,-0.3488687325163873,-0.23297247438312407,-0.12081938382741864,0.2080566622399291,0.15399999999999983
1921,GBR,-0.007441862020641565,0.1646491289138794,0.04580000042915344,5.380659770014207,0.2598,0.042606296591866544,0.22337470084910582,0.09853279490806766,-0.04800293147673141,-0.08599999999999978
1922,GBR,0.2624000012874603,0.15967193245887756,0.025699999183416367,4.627367402212217,0.2258,0.4524868039613912,0.33429038110193243,0.18014552607551604,-0.13086989992301762,-0.14000000000000015
1923,GBR,0.0091249980032444,0.04222064092755318,0.026200000196695328,4.349725358079485,0.2186,0.04236241788258277,0.07654812772846076,0.05999981722055714,-0.0318866253321524,-0.059999999999999845
1924,GBR,0.20171739161014557,0.07352049648761749,0.033900000154972076,4.319277280572929,0.2264,0.1603154673408913,0.03653524970049982,-0.0017202295323458516,0.03568161024702654,-0.006999999999999829
1925,GBR,0.15123584866523743,0.003138648346066475,0.04089999943971634,4.332235112414647,0.2071,0.2585214685553343,0.09662283913833614,0.13790323453960296,-0.08524734982332148,0.002999999999999883
1926,GBR,0.06591453403234482,0.02875451371073723,0.045099999755620956,4.297577231515329,0.2058,0.07264771622010979,0.03525296301989145,0.05170170043434941,-0.006277160791887956,-0.008000000000000212
1927,GBR,0.0857815146446228,0.07168807834386826,0.042500000447034836,4.194435377958961,0.2057,0.08630936175918036,0.072209074006651,0.043006806475448744,-0.00048590864917403664,-0.023999999999999962
1928,GBR,0.1646854728460312,0.05931127071380615,0.04149999842047691,4.181852071825085,0.2055,0.16581898668821715,0.06034223058798016,0.04251362372307588,-0.0009722897423432461,-0.002999999999999957
1929,GBR,-0.1423381268978119,-0.015964725986123085,0.05260000005364418,4.144215403178658,0.2059,-0.14400429857940922,-0.017876402089112786,0.05055512390006722,0.001946472019464776,-0.009000000000000112
1930,GBR,-0.04860176891088486,0.13142776489257812,0.024800000712275505,4.028177371889656,0.2057,-0.04767673416991347,0.13252784050258537,0.02579640324092125,-0.0009713453132588914,-0.027999999999999928
1931,GBR,-0.20131374895572662,-0.005442906636744738,0.03590000048279762,3.854965744898401,0.2205,-0.25492171501221306,-0.07219775916180693,-0.03362979546797529,0.0719494409333982,-0.04299999999999998
1932,GBR,0.34228572249412537,0.403181791305542,0.01489999983459711,3.7547366355310428,0.2852,0.03777700494373981,0.08485829236631126,-0.21533853448973128,0.2934240362811792,-0.025999999999999992
1933,GBR,0.24409089982509613,0.03166131302714348,0.005900000222027302,3.6758871661848906,0.236,0.5034522230089722,0.24673646811585326,0.21560457653950094,-0.17251051893408142,-0.021000000000000057
1934,GBR,0.14047059416770935,0.2769678235054016,0.007300000172108412,3.6758871661848906,0.1985,0.3559247366427174,0.5182085962079332,0.19759596997792217,-0.15889830508474567,0.0
1935,GBR,0.13990840315818787,-0.031189655885100365,0.005499999970197678,3.701618376348184,0.204,0.10917557856323667,-0.05730954261368837,-0.021609068656449848,0.02770780856423162,0.0069999999999997686
1936,GBR,0.19197221100330353,0.002684210427105427,0.005799999926239252,3.7275297049826217,0.2012,0.20856029346259386,0.016638066238218174,0.01979721662501377,-0.013725490196078417,0.007000000000000106
1937,GBR,-0.13043372333049774,-0.09203407168388367,0.00559999980032444,3.854265714952031,0.2023,-0.1351619630948896,-0.09697110836775791,0.00013208086913119033,0.005467196819085575,0.03400000000000009
1938,GBR,-0.09789854288101196,-0.021812833845615387,0.006099999882280827,3.9159339663912647,0.2045,-0.10760330183290312,-0.0323361187626795,-0.004723569798604221,0.010874938210578248,0.016000000000000257
1939,GBR,0.0182711873203516,0.009540311060845852,0.013199999928474426,4.02558011745022,0.2255,-0.07655672812855041,-0.08447452943706013,-0.08115565416686032,0.10268948655256734,0.02799999999999996
1940,GBR,-0.048894740641117096,0.15936720371246338,0.010300000198185444,4.7018775771818575,0.2611,-0.17857435470919913,0.0012918592001551765,-0.12745059347111898,0.1578713968957871,0.16800000000000015
1941,GBR,0.22733333706855774,0.10564341396093369,0.010099999606609344,5.209680355517499,0.248,0.2921642512443565,0.16404635235967646,0.06345608829550686,-0.05017234775947913,0.10800000000000011
1942,GBR,0.184369757771492,0.027593262493610382,0.009999999776482582,5.579567660759241,0.2478,0.1853256655663036,0.028422635586825562,0.010815173303340142,-0.0008064516129032489,0.071
1943,GBR,0.1104000061750412,-0.004981905687600374,0.009999999776482582,5.769272961225055,0.2478,0.1104000061750412,-0.004981905687600374,0.009999999776482582,0.0,0.03399999999999997
1944,GBR,0.12449999898672104,0.0572500005364418,0.009999999776482582,5.925043331178131,0.2478,0.12449999898672104,0.0572500005364418,0.009999999776482582,0.0,0.02699999999999986
1945,GBR,0.06461538374423981,0.14814859628677368,0.008999999612569809,6.090944544451118,0.2481,0.06332806163572213,0.14676026666611253,0.007779927061647873,0.0012106537530266132,0.027999999999999983
1946,GBR,0.17731250822544098,0.10761002451181412,0.004999999888241291,6.279763825329102,0.3333333333333333,-0.12372630012780417,-0.17560585875585666,-0.2519785000831819,0.34354426978368935,0.030999999999999826
1947,GBR,-0.02576923370361328,-0.14334677159786224,0.005100000184029341,6.719347293102139,0.4,-0.18814102808634448,-0.2861223096648853,-0.162416666513309,0.20000000000000012,0.06999999999999998
1948,GBR,-0.036758825182914734,0.006969696842133999,0.005100000184029341,7.236737034671004,0.33003300330033003,0.16744830387830723,0.22044727257266628,0.21818120022304344,-0.17491749174917498,0.07699999999999999
1949,GBR,-0.05700637027621269,-0.08934739232063293,0.005200000014156103,7.43936567164179,0.42016806722689076,-0.25929873308824625,-0.284701912119837,-0.21043696368525022,0.273109243697479,0.02799999999999973
1950,GBR,0.10957446694374084,0.040641751140356064,0.005200000014156103,7.7308768656716405,0.3968253968253968,0.17484355323454914,0.10185597179567107,0.06432941177969465,-0.05555555555555562,0.03918495297805643
1951,GBR,0.08229530602693558,-0.09683731198310852,0.00559999980032444,8.430503731343283,0.41841004184100417,0.026462611668403246,-0.14342903795223394,-0.04627619066556532,0.054393305439330554,0.09049773755656115
1952,GBR,-0.001411764300428331,-0.006849757395684719,0.02199999988079071,9.328358208955224,0.37735849056603776,0.1072212655246294,0.10119169159055841,0.1331799161858136,-0.0981132075471697,0.1065006915629324
1953,GBR,0.2443055510520935,0.13861016929149628,0.023000000044703484,9.666511194029852,0.3717472118959108,0.26308752163401183,0.1557967378845755,0.03844150947934044,-0.01486988847583642,0.03625000000000003
1954,GBR,0.4861646890640259,0.06063833087682724,0.017899999395012856,9.888059701492539,0.3731343283582089,0.48063991326824906,0.05669543745349337,0.014115984527373504,0.0037313432835819164,0.022919179734620095
1955,GBR,0.10862810164690018,-0.10118304938077927,0.03750000149011612,10.38945895522388,0.36900369003690037,0.12103811771011164,-0.09112166560519097,0.049113807476945714,-0.011070110701106929,0.05070754716981108
1956,GBR,-0.09164062142372131,-0.02981370873749256,0.0494999997317791,10.925839552238806,0.3589890868606365,-0.06630041178829438,-0.002748733590164476,0.07877756391267288,-0.027139574607675028,0.05162738496071834
1957,GBR,-0.009477273561060429,-0.06305692344903946,0.04809999838471413,11.34561567164179,0.34972371838487926,0.016765035900971448,-0.038234120794572335,0.0758677252329909,-0.025809610416804064,0.03842049092849511
1958,GBR,0.47742438316345215,0.17027078568935394,0.04560000076889992,11.672108208955223,0.3568242641772789,0.4480247023103363,0.14698324014517983,0.02479331402882967,0.02030330063168704,0.028776978417266192
1959,GBR,0.5486228466033936,0.009832060895860195,0.033799998462200165,11.742070895522389,0.3571428572704081,0.5472413810840748,0.008931229440680477,0.032877786152805566,0.0008928571431760031,0.005994005994006158
1960,GBR,0.018391203135252,-0.07103174924850464,0.048900000751018524,11.835354477611942,0.35665882029982837,0.019773305482857717,-0.0697710066220345,0.05032350789540341,-0.0013553035171392596,0.007944389275074544
1961,GBR,0.01812826655805111,-0.079440176486969,0.05139999836683273,12.220149253731343,0.3561126741768857,0.019689701591848463,-0.0780283756300898,0.05301246002408,-0.0015312844989605434,0.032512315270935795
1962,GBR,0.003789731068536639,0.2477676272392273,0.04170000180602074,12.73320895522388,0.3568242641772789,0.0017879424940610011,0.24527929038689766,0.039622611395355056,0.0019982158793926254,0.04198473282442747
1963,GBR,0.198081836104393,0.036339953541755676,0.03669999912381172,13.001399253731341,0.35757705798382927,0.1955595585537997,0.03415818521773151,0.034517472809088234,0.0021097046421045787,0.021062271062270942
1964,GBR,-0.054099999368190765,-0.023651685565710068,0.045899998396635056,13.421175373134329,0.3584100929566718,-0.0562985082741142,-0.02592096399168886,0.043469064408217184,0.00232966560421841,0.03228699551569527
1965,GBR,0.11174321174621582,0.04392683133482933,0.05909999832510948,13.992537313432832,0.3567860711990817,0.11680365359211264,0.048678586025594495,0.06392081836150565,-0.004531183104228208,0.042571676802779894
1966,GBR,-0.03840654343366623,0.042148884385824203,0.06120000034570694,14.552238805970147,0.35839724763758773,-0.04272939114205021,0.03746389938941119,0.056429370971821324,0.0045158053202335995,0.040000000000000084
1967,GBR,0.34190231561660767,0.023493671789765358,0.05810000002384186,14.87873134328358,0.41557578041623067,0.15727171596430822,-0.11732749541721332,-0.08748260701319321,0.15953954210179097,0.022435897435897443
1968,GBR,0.4819520115852356,-0.023348286747932434,0.07029999792575836,15.473414179104475,0.41939271951828244,0.46846460391902434,-0.032236901022590136,0.06055908034926549,0.009184700557450246,0.039968652037617576
1969,GBR,-0.11873120069503784,-0.002488371916115284,0.0763000026345253,16.277985074626862,0.4165451744976653,-0.11270675788565387,0.004330718649471876,0.08365769851202076,-0.006789686344311931,0.051996985681989384
1970,GBR,-0.034857142716646194,0.03452681377530098,0.07020000368356705,17.339085820895523,0.4177632954913997,-0.03767132191596223,0.03151032371013507,0.06707949715259454,0.0029243430684399614,0.06518624641833837
1971,GBR,0.4660159945487976,0.2690797448158264,0.055799998342990875,18.971548507462686,0.3917727719458463,0.5632726850411762,0.353271524721807,0.12584262682897918,-0.06221351618500057,0.0941492938802958
1972,GBR,0.16374468803405762,-0.041293784976005554,0.0551999993622303,20.33582089552239,0.42587624054592066,0.07055392825840556,-0.11806540120624098,-0.02929868034556149,0.08704910356758631,0.07191149354640451
1973,GBR,-0.28000888228416443,-0.08787097036838531,0.09380000084638596,22.236473880597014,0.43044077153514154,-0.28764389733410234,-0.09754347701098987,0.08220099738287323,0.010717975211225023,0.0934633027522935
1974,GBR,-0.5019515156745911,-0.15767984092235565,0.11379999667406082,25.734608208955223,0.4258037046735379,-0.4965276922160611,-0.14850684676178505,0.12592944740063783,-0.01077283372824052,0.15731515469323543
1975,GBR,1.4960688352584839,0.36125683784484863,0.10180000215768814,31.576492537313435,0.49419322979698205,1.150647344177186,0.17287767136072918,-0.05067391772892982,0.16061279968401906,0.2270049841413685
1976,GBR,0.0232649315148592,0.1388256847858429,0.11150000244379044,36.520522388059696,0.5874060153826398,-0.13911232060858958,-0.04188937702065543,-0.06487887127060543,0.18861607153936572,0.15657311669128485
1977,GBR,0.48560190200805664,0.4555555582046509,0.07660000026226044,41.9776119402985,0.5246589719436826,0.6632737461260738,0.6296339838534675,0.20535690826399522,-0.10682056668773371,0.14942528735632185
1978,GBR,0.08665914088487625,-0.02575177140533924,0.08510000258684158,45.1142723880597,0.4915212585360144,0.15992026348559385,0.0399307561078277,0.15825601014485047,-0.06316048172187785,0.07472222222222241
1979,GBR,0.11481428891420364,0.04183606803417206,0.12999999523162842,50.24486940298508,0.44964028797196054,0.2186517466940412,0.13887609506268817,0.23525189948409642,-0.08520683457068663,0.11372447660894298
1980,GBR,0.34833088517189026,0.1912524402141571,0.15119999647140503,57.85914179104478,0.41928721191584367,0.4459393710578088,0.2774896897468535,0.23453776603760734,-0.06750524111845084,0.15154328150382906
1981,GBR,0.13627363741397858,0.0998682975769043,0.1298000067472458,64.69216417910447,0.5241090149497426,-0.09098109016410216,-0.12010536203070865,-0.09615999469694547,0.25000000013102713,0.11809754131398607
1982,GBR,0.2849203944206238,0.5352219939231873,0.11379999667406082,69.9393656716418,0.6193868074446496,0.0872662351123914,0.2990649417991764,-0.0575313970340986,0.18179002798500474,0.08111031002162966
1983,GBR,0.28779226541519165,0.07828254252672195,0.09589999914169312,73.39085820895524,0.6893699163721011,0.15705881702108626,-0.031182003047507956,-0.015353026544634885,0.11298772929338738,0.04934978326108715
1984,GBR,0.3157407343387604,0.0375610888004303,0.09300000220537186,76.51585820895524,0.8646779082271318,0.04898259961120788,-0.1727978774387573,-0.12859885404045657,0.2543017728095995,0.04258023514458213
1985,GBR,0.20136570930480957,0.19918380677700043,0.11599999666213989,80.28218283582089,0.6922810665920949,0.5005384932036057,0.49781323751665063,0.3939143929583877,-0.1993769471785233,0.0492227979274609
1986,GBR,0.27217575907707214,0.1253899335861206,0.10339999943971634,82.95242537313432,0.678195998643608,0.2985968556993699,0.14876251867185686,0.12631588805827465,-0.02034588063750419,0.03326071169208418
1987,GBR,0.08650869131088257,0.17899125814437866,0.09229999780654907,85.61100746268657,0.5343307507347048,0.37904443254548426,0.4964273581669749,0.3863950124753859,-0.21212930804167776,0.03204947989879131
1988,GBR,0.11483954638242722,0.06868434697389603,0.09799999743700027,88.82929104477613,0.5526388505111909,0.07790657717285732,0.03328043059004293,0.06162489733489296,0.034263608731693665,0.037591936801961344
1989,GBR,0.3546816408634186,0.08210000395774841,0.13279999792575836,93.48180970149254,0.6228589224540642,0.2019571010810821,-0.039894138516626265,0.005090023028353041,0.1270632201806292,0.05237595169335774
1990,GBR,-0.09610787779092789,0.08210886269807816,0.14090000092983246,100.0,0.5186721991701245,0.0854587428334419,0.29947423686197117,0.3700748687590887,-0.16727178423236508,0.06972683048521891
1991,GBR,0.20805393159389496,0.18482428789138794,0.10819999873638153,107.53264925373134,0.5345592558935158,0.17215066900036247,0.1496114083809228,0.07526438674074099,0.030630245362698427,0.07532649253731336
1992,GBR,0.19888730347156525,0.20016290247440338,0.08940000087022781,112.11520522388064,0.6613756613756614,-0.03099502707595725,-0.029964019596248503,-0.11948853300059625,0.2372354497354497,0.04261548471047539
1993,GBR,0.2754807472229004,0.22790634632110596,0.05209999904036522,114.9253731343284,0.6751282743721306,0.24949873200169348,0.202893439266417,0.030668332393246844,0.020793950850661488,0.025065002600103983
1994,GBR,-0.059496473520994186,-0.10413049906492233,0.051500000059604645,117.19916044776122,0.64,-0.007874183011445823,-0.05495807776731121,0.10921465709771261,-0.05203199999999988,0.01978490259740245
1995,GBR,0.23020999133586884,0.17560122907161713,0.0632999986410141,120.31249999999997,0.6451612903225806,0.22036831140518198,0.16619641923904416,0.05479359865188593,0.00806451612903221,0.0265645209431893
1996,GBR,0.15809932351112366,0.0776439756155014,0.05779999867081642,123.2003710766023,0.5889281507656066,0.268679129885089,0.18054159393233626,0.15880283725357813,-0.0871613663133098,0.02400308427305828
1997,GBR,0.23567114770412445,0.16759464144706726,0.06480000168085098,125.448292773266,0.6046680372475511,0.20350585634457063,0.13720142404308588,0.03708259292096061,0.026726327246341892,0.018246062710850275
1998,GBR,0.1367396116256714,0.21169418096542358,0.0681999996304512,127.40202137291483,0.6011421701232341,0.143406907690957,0.21880110656426566,0.07446529168294602,-0.005831079050195483,0.015573975192950422
1999,GBR,0.23799023032188416,-0.041475020349025726,0.05040000006556511,129.09482516187444,0.6186587478346943,0.20293802722710774,-0.06861450128774571,0.02065918852177928,0.029138827023014048,0.013287103067263356
2000,GBR,-0.0594029575586319,0.09794456511735916,0.057999998331069946,130.12300915002194,0.6701514542286557,-0.13167600424956116,0.013581341294310212,-0.023293988177664926,0.08323281061519924,0.007964563930879834
2001,GBR,-0.13219822943210602,0.029548566788434982,0.047600001096725464,131.72809207638275,0.689464975179261,-0.156507379686588,0.0007085117745249114,0.018254283333796195,0.028819635962493127,0.01233511995184702
2002,GBR,-0.22260260581970215,0.10208654403686523,0.038600001484155655,133.38643409789282,0.6204243702692642,-0.13609409822131535,0.22472634561405092,0.15417504301721063,-0.10013649336145927,0.012589129587851872
2003,GBR,0.2017573118209839,0.021113665774464607,0.035599999129772186,135.20261399802453,0.5603182607721185,0.3306714694173658,0.13064993132379144,0.14669023355683364,-0.09687902728749939,0.013615926630131019
2004,GBR,0.12595011293888092,0.06638054549694061,0.04439999908208847,137.0190922684372,0.5177591384487936,0.21850173593889988,0.15403562815755634,0.130248309647081,-0.075955265610438,0.013435230404932854
2005,GBR,0.21643610298633575,0.08501417189836502,0.045499999076128006,139.83749794227387,0.5807538184563563,0.08448862262202117,-0.03267790069804566,-0.06790594987615994,0.1216679249666066,0.020569437639501194
2006,GBR,0.16431647539138794,-0.005019864067435265,0.04650000110268593,143.0939111885426,0.5094243504839531,0.3273437721083077,0.13429700147257395,0.1930306650586986,-0.12282221090168116,0.02328712465674262
2007,GBR,0.05081511661410332,0.06206125766038895,0.05530000105500221,146.4177561183055,0.49915144254766897,0.07244167326780149,0.0839192682612444,0.07701885996616964,-0.020165718278925698,0.023228416234869473
2008,GBR,-0.29751068353652954,0.15972906351089478,0.04320000112056732,151.69160001920542,0.6859651529702291,-0.4888245355193934,-0.1561081018337913,-0.240901985807346,0.37426258746055696,0.036019155331397476
2009,GBR,0.2895195484161377,-0.015163527801632881,0.0052999998442828655,154.97620925702367,0.617474529175671,0.4325537856084076,0.09407509035893602,0.11680844405804458,-0.09984563136770674,0.021653204511010403
2010,GBR,0.1415793001651764,0.101185142993927,0.004999999888241291,160.08759053994729,0.638773554774832,0.10351490855732215,0.06446763899783403,-0.028510342806396305,0.034493771957841216,0.032981715757716946
2011,GBR,-0.03427261859178543,0.18407876789569855,0.004800000227987766,167.2334095835162,0.646788694133627,-0.04624011217167767,0.1694054187438756,-0.007651689330891109,0.012547700666193663,0.044636932940694
2012,GBR,0.12145595997571945,0.03848639130592346,0.0031300000846385956,171.963175277107,0.633713561470215,0.14459446662032716,0.05991302340129989,0.023827139339992254,-0.02021546261090142,0.028282420990937106
2013,GBR,0.20538218319416046,-0.06127094104886055,0.003019999945536256,176.37368477008337,0.60723828030119,0.2579362352877963,-0.020342829986859434,0.04675116344126007,-0.041777993684721446,0.025647988215320647
2014,GBR,0.011954274028539658,0.15596400201320648,0.003800000064074993,178.95055970149247,0.640697078421322,-0.04089250005844958,0.09559668104336483,-0.0486209375151756,0.05509994874423335,0.01461031408834174
2015,GBR,0.010998629964888096,0.007676143664866686,0.004399999976158142,179.02231775406054,0.674809366354005,-0.04010836126027251,-0.04326289255704452,-0.046373423907824396,0.05324245900533176,0.0004009937308258287
2016,GBR,0.15410000085830688,0.0712653249502182,0.0020239999999999998,180.203267326054,0.812875955129247,-0.041923327447270564,-0.11068857361916529,-0.16816929293474558,0.20460087790603115,0.006596661169451762
2017,GBR,0.14069999754428864,0.03743851184844971,0.004123,185.06875554385743,0.740110276431188,0.2528505947666768,0.13943671377339695,0.10284570919362723,-0.08951633793435228,0.02699999999999985
2018,GBR,-0.09549999982118607,0.022330274805426598,0.006998,189.69547443245386,0.787680674254657,-0.15012546702659724,-0.03941131600545522,-0.05381762876068541,0.06427474301918024,0.024999999999999963
2019,GBR,0.18379999697208405,0.05720197409391403,0.007098,193.10999297223805,0.762107990702283,0.2235226387514624,0.09267659431084119,0.040891371509589325,-0.032465800403916514,0.01800000000000007
2020,GBR,-0.09440000355243683,0.05752429738640785,0.000394,194.84798290898817,0.745156482861401,-0.07379857849130789,0.08158183675079833,0.02315188659833156,-0.02224292101341324,0.00899999999999991
1870,IRL,,,,,,,,,,
1871,IRL,,,,,,,,,,
1872,IRL,,,,,,,,,,
1873,IRL,,,,,,,,,,
1874,IRL,,,,,,,,,,
1875,IRL,,,,,,,,,,
1876,IRL,,,,,,,,,,
1877,IRL,,,,,,,,,,
1878,IRL,,,,,,,,,,
1879,IRL,,,,,,,,,,
1880,IRL,,,,,,,,,,
1881,IRL,,,,,,,,,,
1882,IRL,,,,,,,,,,
1883,IRL,,,,,,,,,,
1884,IRL,,,,,,,,,,
1885,IRL,,,,,,,,,,
1886,IRL,,,,,,,,,,
1887,IRL,,,,,,,,,,
1888,IRL,,,,,,,,,,
1889,IRL,,,,,,,,,,
1890,IRL,,,,,,,,,,
1891,IRL,,,,,,,,,,
1892,IRL,,,,,,,,,,
1893,IRL,,,,,,,,,,
1894,IRL,,,,,,,,,,
1895,IRL,,,,,,,,,,
1896,IRL,,,,,,,,,,
1897,IRL,,,,,,,,,,
1898,IRL,,,,,,,,,,
1899,IRL,,,,,,,,,,
1900,IRL,,,,,,,,,,
1901,IRL,,,,,,,,,,
1902,IRL,,,,,,,,,,
1903,IRL,,,,,,,,,,
1904,IRL,,,,,,,,,,
1905,IRL,,,,,,,,,,
1906,IRL,,,,,,,,,,
1907,IRL,,,,,,,,,,
1908,IRL,,,,,,,,,,
1909,IRL,,,,,,,,,,
1910,IRL,,,,,,,,,,
1911,IRL,,,,,,,,,,
1912,IRL,,,,,,,,,,
1913,IRL,,,,,,,,,,
1914,IRL,,,,,,,,,,
1915,IRL,,,,,,,,,,
1916,IRL,,,,,,,,,,
1917,IRL,,,,,,,,,,
1918,IRL,,,,,,,,,,
1919,IRL,,,,,,,,,,
1920,IRL,,,,,0.29654292244374614,,,,,
1921,IRL,,,,,0.2823079928577693,,,,-0.04800293147673143,
1922,IRL,,,,3.3531908821745797,0.24536237408500505,,,,-0.13086989992301767,
1923,IRL,,,,3.2818463953198016,0.2375385959919491,,,,-0.031886625332152314,-0.021276595744680802
1924,IRL,,,,3.3175186387471904,0.24601435559275975,,,,0.03568161024702663,0.01086956521739121
1925,IRL,,,,3.388863125601969,0.22504228375998475,,,,-0.08524734982332148,0.021505376344086106
1926,IRL,,,,3.2996825170334962,0.22362965715984967,,,,-0.00627716079188787,-0.026315789473684178
1927,IRL,,,,3.1213212998965503,0.2235209935752239,,,,-0.00048590864917393744,-0.054054054054054126
1928,IRL,,,,3.1034851781828556,0.22330366640597235,,,,-0.0009722897423431826,-0.005714285714285736
1929,IRL,,,,3.139157421610245,0.22373832074447547,,,,0.001946472019464773,0.011494252873563263
1930,IRL,,,,3.049976813041772,0.2235209935752239,,,,-0.0009713453132589517,-0.028409090909090877
1931,IRL,,,,2.8537794741911315,0.23960320409983896,,,,0.07194944093339824,-0.06432748538011705
1932,IRL,,,,2.800271109050048,0.3099085433527169,,,,0.29342403628117925,-0.018749999999999916
1933,IRL,,,,2.6932543787678807,0.25644605971683443,,,,-0.17251051893408142,-0.038216560509554125
1934,IRL,,,,2.7110905004815753,0.21569721548216797,,,,-0.15889830508474564,0.006622516556291416
1935,IRL,,,,2.7824349873363534,0.2216737126365857,,,,0.027707808564231617,0.026315789473684147
1936,IRL,,,,2.8537794741911315,0.21863113226706393,,,,-0.013725490196078428,0.02564102564102558
1937,IRL,,,,3.0321406913280775,0.2198264316979475,,,,0.0054671968190855395,0.06250000000000008
1938,IRL,,,,3.085649056469161,0.22221703055971456,,,,0.010874938210578201,0.01764705882352933
1939,IRL,,,,3.174829665037634,0.24503638333112782,,,,0.10268948655256734,0.028901734104046357
1940,IRL,,,,3.6564049513073873,0.2837206194579045,,,,0.157871396895787,0.15168539325842684
1941,IRL,,,,4.030963507294974,0.26948568987192767,,,,-0.050172347759479145,0.10243902439024406
1942,IRL,,,,4.4590304284236435,0.2692683627026761,,,,-0.0008064516129031962,0.10619469026548668
1943,IRL,,,,5.011950201548175,0.2692683627026761,,,,0.0,0.12399999999999997
1944,IRL,,,,5.261655905539899,0.2692683627026761,,,,0.0,0.049822064056939515
1945,IRL,,,,5.243819783826204,0.26959435345655347,,,,0.001210653753026693,-0.0033898305084746738
1946,IRL,,,,5.1724752969714265,0.362211948752591,,,,0.3435442697836894,-0.013605442176870632
1947,IRL,,,,5.475689366104234,0.4346543385031092,,,,0.2,0.05862068965517238
1948,IRL,,,,5.65405058324118,0.3586256918342485,,,,-0.174917491749175,0.03257328990228009
1949,IRL,,,,5.671886704954875,0.4565696833015852,,,,0.2731092436974789,0.003154574132492204
1950,IRL,,,,5.743231191809652,0.43120470089594154,,,,-0.05555555555555565,0.01257861635220115
1951,IRL,,,,6.206970356365711,0.45465934989864965,,,,0.05439330543933052,0.08074534161490683
1952,IRL,,,,6.742054007776549,0.4100512627387822,,,,-0.09811320754716972,0.08620689655172419
1953,IRL,,,,7.09877644205044,0.4039538461924806,,,,-0.014869888475836403,0.05291005291005285
1954,IRL,,,,7.120179788106873,0.405461136663348,,,,0.003731343283581917,0.0030150753768844337
1955,IRL,,,,7.305675453929297,0.4009726369954881,,,,-0.011070110701106943,0.02605210420841681
1956,IRL,,,,7.616023971747583,0.3900904101981128,,,,-0.027139574607675094,0.042480468750000104
1957,IRL,,,,7.929939713908607,0.3800223286835683,,,,-0.025809610416803914,0.0412177985948477
1958,IRL,,,,8.28131131166839,0.38773803626958453,,,,0.020303300631686987,0.04430949167791265
1959,IRL,,,,8.28309492383976,0.3880842309449489,,,,0.0008928571431761648,0.00021537798836977716
1960,IRL,,,,8.318767167267149,0.38755825902180296,,,,-0.00135530351713923,0.004306632213608867
1961,IRL,,,,8.54885313737381,0.38696479706731873,,,,-0.001531284498960567,0.027658662092624436
1962,IRL,,,,8.912710020333177,0.3877380362695846,,,,0.0019982158793926015,0.04256206968495708
1963,IRL,,,,9.132094317411621,0.38855604900462304,,,,0.002109704642104572,0.02461476886131681
1964,IRL,,,,9.745656904362715,0.38946125466730014,,,,0.0023296656042184785,0.06718750000000007
1965,IRL,,,,10.236150251489315,0.38769653441040014,,,,-0.004531183104228231,0.05032942898975104
1966,IRL,,,,10.541147932793493,0.38944729648312676,,,,0.004515805320233614,0.02979613173026665
1967,IRL,,,,10.871116184496842,0.4515795398368252,,,,0.1595395421017909,0.031302876480541385
1968,IRL,,,,11.388363714193986,0.4557271626880976,,,,0.009184700557450222,0.04757998359310925
1969,IRL,,,,12.232012271251739,0.4526329181948622,,,,-0.0067896863443119805,0.07407987470634293
1970,IRL,,,,13.234402311561373,0.453956572131733,,,,0.002924343068439832,0.08194808982210555
1971,IRL,,,,14.420504405522061,0.4257143375841281,,,,-0.062213516185000546,0.08962264150943389
1972,IRL,,,,15.661898476795205,0.4627723890466952,,,,0.08704910356758623,0.08608534322820045
1973,IRL,,,,17.45086148467877,0.4677323720409371,,,,0.010717975211225073,0.11422389249516006
1974,IRL,,,,20.411657689152072,0.46269356896762454,,,,-0.010772833728240538,0.16966475878986106
1975,IRL,,,,24.672707166553703,0.5370080784753055,,,,0.16061279968401915,0.20875567983222634
1976,IRL,,,,29.110334248920914,0.638296432622221,,,,0.18861607153936563,0.17985975565676285
1977,IRL,,,,33.07887133021796,0.5701132459747565,,,,-0.1068205666877337,0.13632743091722324
1978,IRL,,,,35.60446616487711,0.5341046187229676,,,,-0.06316048172187773,0.07635069556777743
1979,IRL,,,,40.31855313380658,0.48859525483200006,,,,-0.08520683457068652,0.1324015629696422
1980,IRL,,,,47.665251667677374,0.48664524636800005,,,,-0.003991050761781353,0.1822163238221632
1981,IRL,,,,57.3930724503264,0.6212982137040001,,,,0.276696358057458,0.2040862146385273
1982,IRL,,,,67.22077551457211,0.7045618424760001,,,,0.13401556118374516,0.1712350052831127
1983,IRL,,,,74.26961081582421,0.80467776572,,,,0.14209671487767278,0.10486096370197413
1984,IRL,,,,80.64424071629863,0.9225532571639999,,,,0.14648781967838848,0.08583093179634935
1985,IRL,,,,85.03371027003888,0.9456147062120001,,,,0.0249974176221466,0.054430043791746194
1986,IRL,,,,88.27274997324582,0.743128063992,,,,-0.2141322897051095,0.03809124278972216
1987,IRL,,,,91.04269967538256,0.672916733392,,,,-0.09448079544033464,0.031379442726960166
1988,IRL,,,,92.9921877786894,0.656467671688,,,,-0.024444423637802068,0.02141289867565257
1989,IRL,,,,96.78949809153497,0.70554314722,,,,0.07475688087702836,0.04083472390049286
1990,IRL,,,,100.0,0.6045884683160001,,,,-0.14308788810689216,0.033169940662661816
1991,IRL,,,,103.19623301109407,0.6212974261399999,,,,0.02763691122085142,0.03196233011094066
1992,IRL,,,,106.41565298041593,0.587721210128,,,,-0.054042097390620776,0.03119706868540211
1993,IRL,,,,107.91388720436628,0.677249122956,,,,0.152330580018546,0.014079077485208626
1994,IRL,,,,110.44483287553953,0.6686284474120001,,,,-0.012728957855822867,0.02345338247690194
1995,IRL,,,,113.22370063853315,0.623733361592,,,,-0.06714504295139025,0.02516068602435321
1996,IRL,,,,115.13930011058395,0.6250281168080001,,,,0.0020758152372920852,0.016918714555765626
1997,IRL,,,,116.81054471515714,0.659643129736,,,,0.05538152924188082,0.014514979706912111
1998,IRL,,,,119.63400278243498,0.7022708188000001,,,,0.064622349786407,0.024171260173153474
1999,IRL,,,,121.59597617094138,0.7389579126120001,,,,0.05224066390041489,0.016399797238870542
2000,IRL,,,,128.3630007491171,0.8526994806200001,,,,0.1539215780313616,0.055651714729955705
2001,IRL,,,,134.61634502193843,0.8793411956120001,,,,0.03124396765508606,0.04871609604268568
2002,IRL,,,,140.85898762173153,0.832895396276,,,,-0.052818859809786324,0.04637358560563903
2003,IRL,,,,145.76213748082617,0.696244379072,,,,-0.16406744210015703,0.034808924456150137
2004,IRL,,,,148.9601541040916,0.633140026008,,,,-0.09063535011673571,0.021939967940481832
2005,IRL,,,,152.58267042414298,0.6330439432,,,,-0.00015175601613091436,0.024318693424014607
2006,IRL,,,,158.59344344165805,0.627241959212,,,,-0.009165215227668614,0.03939354974458489
2007,IRL,,,,166.30756608283096,0.574663399008,,,,-0.08382500473988393,0.04864086732570826
2008,IRL,,,,173.0496200906075,0.5354828775720001,,,,-0.06817994934710378,0.04053967096372876
2009,IRL,,,,165.29625798166447,0.564650310312,,,,0.05446940315300387,-0.044804271196223565
2010,IRL,,,,163.7338137195448,0.5940666132760001,,,,0.05209649658696903,-0.009452387375236189
2011,IRL,,,,167.96632540220455,0.565797003496,,,,-0.0475865991258225,0.025849954792536024
2012,IRL,,,,170.80940320336745,0.612990988632,,,,0.08341151480900971,0.016926474960710133
2013,IRL,,,,171.6691042699675,0.59299237598,,,,-0.032624643792285586,0.0050331015182840015
2014,IRL,,,,172.00620697035637,0.592821474592,,,,-0.00028820166147597504,0.001963677167318002
2015,IRL,,,,171.4996611136874,0.709828282944,,,,0.19737275616158836,-0.002944927776683446
2016,IRL,,,,171.4996611136874,0.7115018564440001,,,,0.0023577160000711225,0.0
2017,IRL,,,,171.9882293384962,0.6971563781840001,,,,-0.020162249936629746,0.002848799943021048
2018,IRL,,,,172.81879532067325,0.666887930972,,,,-0.043417012537194814,0.004829202471422437
2019,IRL,,,,174.36999943444306,0.703512019664,,,,0.05491790597952455,0.008975899356846473
2020,IRL,,,,174.16235793889837,0.6895170073839998,,,,-0.01989306776405084,-0.0011908097506346438
1870,ITA,0.15863539278507233,0.07974119484424591,0.05999999865889549,0.0216246,4.699108,,,,,
1871,ITA,0.7913044095039368,0.22110718488693237,0.05999999865889549,0.0223969,4.8808144,0.7246164658781586,0.17564694559163385,0.020537571290972556,0.03866827491515419,0.035713955402643285
1872,ITA,0.29907727241516113,0.2826606035232544,,0.0252287,5.0376051,0.25864471947526035,0.2427390038947259,,0.03212388080153184,0.1264371408543146
1873,ITA,-0.18255597352981567,0.016473226249217987,,0.0267733,5.200753499999999,-0.20819931252063062,-0.01541368792685227,,0.03238610346809419,0.061223923547388495
1874,ITA,-0.12578696012496948,0.06350000202655792,,0.0274169,5.241645000000001,-0.13260693410642976,0.055203348908525074,,0.00786261067747234,0.024038874550391665
1875,ITA,0.13225333392620087,0.12902794778347015,,0.0234267,4.8778874000000005,0.21668860714324856,0.21322269500511393,,-0.06939760323333617,-0.14553797110541306
1876,ITA,0.038082219660282135,0.06470055878162384,,0.0248426,5.050162800000001,0.0026702860836331777,0.0283805980381151,,0.035317625413001576,0.0604395838935914
1877,ITA,0.10292883962392807,0.05248544365167618,,0.0257436,5.439564000000001,0.023973648791691504,-0.022858663843059457,,0.07710666277926723,0.03626834550328867
1878,ITA,0.08520004898309708,0.11079488694667816,,0.0249713,5.645835999999999,0.04555199960584999,0.07021172390045027,,0.037920686290297975,-0.0299996892431517
1879,ITA,0.23531688749790192,0.14499445259571075,,0.0245851,5.77521,0.20764380080440414,0.11934473383048516,,0.022914941206227248,-0.015465754686379955
1880,ITA,0.00920048262923956,0.11320829391479492,,0.0254861,5.721820800000001,0.01861713657394004,0.12359542457178385,,-0.00924454695153939,0.03664821375548615
1881,ITA,0.12710699439048767,0.03909534588456154,,0.0238386,5.37,0.2009505110482266,0.10717269334552681,,-0.06148756004382389,-0.06464307995338633
1882,ITA,-0.045723315328359604,0.037790894508361816,,0.0232722,5.4,-0.05102485246542432,0.03202538953887091,,0.005586592178770996,-0.023759784551106257
1883,ITA,0.07438600808382034,0.046364445239305496,,0.0225256,5.3,0.0946574421986095,0.0661071706211791,,-0.018518518518518615,-0.03208119558958758
1884,ITA,0.08346632122993469,0.13186807930469513,,0.022088,5.28,0.08757036032550247,0.13615545839297027,,-0.003773584905660297,-0.019426785524025988
1885,ITA,0.10835161805152893,0.05971667170524597,0.03999999910593033,0.0225771,5.31,0.10208974450321517,0.05372957186510341,0.034124292896292374,0.0056818181818180605,0.022143245201014093
1886,ITA,0.08481410145759583,0.07968881726264954,0.04500000178813934,0.0225514,5.28,0.09097781794315019,0.08582341281527817,0.050937501798299145,-0.005649717514124174,-0.0011383215736299184
1887,ITA,0.03644483909010887,0.03347677364945412,0.05249999836087227,0.0224999,5.35,0.022883878578649597,0.019954647639087497,0.03872897034493561,0.013257575757575642,-0.0022836719671505746
1888,ITA,0.03579999879002571,0.031976934522390366,0.04749999940395355,0.0227831,5.34,0.037739699162291584,0.03390947559827495,0.0494616098897287,-0.001869158878504633,0.01258672260765607
1889,ITA,0.014500000514090061,0.030614517629146576,0.05249999836087227,0.0231692,5.32,0.018313910290458812,0.03448900829692514,0.056456765272003384,-0.0037453183520598453,0.016946771949383547
1890,ITA,-0.033299997448921204,0.04424433782696724,0.05249999836087227,0.023993,5.37,-0.0423009285713708,0.03452139240958396,0.042700184595873436,0.00939849624060147,0.03555582411132018
1891,ITA,-0.14399999380111694,0.02137208729982376,0.042500000447034836,0.0239158,5.38,-0.14559107187955345,0.01947362617101378,0.04056226810419661,0.0018621973929236102,-0.003217605134830971
1892,ITA,-0.025999998673796654,0.060412853956222534,0.03500000014901161,0.0237098,5.44,-0.036742645747247615,0.04871712394935224,0.023584558970897396,0.011152416356877417,-0.008613552546851927
1893,ITA,0.045100003480911255,0.05136119946837425,0.05999999865889549,0.023195,5.71,-0.004318035212581894,0.0016470972168050046,0.009877406778352249,0.04963235294117639,-0.02171254080591145
1894,ITA,-0.05389999970793724,-0.024315595626831055,0.03999999910593033,0.023092,5.81,-0.07018399282828247,-0.04110878675201468,0.02209982700427915,0.01751313485113829,-0.004440612200905321
1895,ITA,0.15880000591278076,0.200765460729599,0.029999999329447746,0.0229633,5.53,0.21747342393368085,0.261563711905781,0.08215189802967271,-0.04819277108433724,-0.005573358738957319
1896,ITA,-0.019600000232458115,0.04389999806880951,0.03999999910593033,0.0228603,5.66,-0.04211802142853227,0.019923496346381242,0.016113073331412764,0.023508137432188044,-0.00448541803660619
1897,ITA,0.018400000408291817,0.0866222009062767,0.029999999329447746,0.0228088,5.53,0.04234068757883014,0.11216666494204808,0.05421338086883787,-0.022968197879858637,-0.0022528138300896955
1898,ITA,0.19580000638961792,0.06649777293205261,0.03500000014901161,0.0229633,5.71,0.15810403420920993,0.03287787816361676,0.0023730299166435653,0.032549728752260344,0.0067737013784152774
1899,ITA,0.22629998624324799,0.05336007475852966,0.05000000074505806,0.0226029,5.57,0.257122607082396,0.07983591146700264,0.07639138316952998,-0.02451838879159364,-0.01569460835332902
1900,ITA,0.0478999987244606,0.03335290402173996,0.04500000178813934,0.0227058,5.51,0.05931088800276685,0.04460538573522532,0.05637931215243852,-0.010771992818671543,0.004552513173088541
1901,ITA,0.039799999445676804,0.05570000037550926,0.03999999910593033,0.0227316,5.39,0.06294953561144312,0.07920352543025144,0.06315398795429972,-0.02177858439201454,0.0011362735512511972
1902,ITA,-0.01640000008046627,0.06316164880990982,0.04500000178813934,0.0225771,5.23,0.013691013301393218,0.0956866705708248,0.07696940910861771,-0.029684601113172403,-0.006796705907195351
1903,ITA,0.16520000994205475,0.031885549426078796,0.03999999910593033,0.0232465,5.17,0.17872264061836485,0.043861010347851614,0.05206963159071876,-0.011472275334608125,0.02964951211625942
1904,ITA,0.113599993288517,0.04222378134727478,0.03375000134110451,0.0235296,5.17,0.113599993288517,0.04222378134727478,0.03375000134110451,0.0,0.012178177360032754
1905,ITA,0.13490000367164612,0.060223549604415894,0.05000000074505806,0.0235554,5.16,0.13709942228341299,0.06227824640597479,0.052034884467432096,-0.001934235976789127,0.0010964912280701513
1906,ITA,0.05570000037550926,0.05986062064766884,0.05000000074505806,0.023993,5.18,0.05162393859799774,0.05576849469922229,0.04594594668812735,0.003875968992247979,0.018577481172045468
1907,ITA,0.05909999832510948,0.05676800385117531,0.054999999701976776,0.0251257,5.17,0.0611485476448872,0.05881204254334382,0.05704061865691279,-0.0019305019305018896,0.04720960280081692
1908,ITA,-0.03350000083446503,0.04815271496772766,0.03750000149011612,0.0248683,5.16,-0.03162693882057832,0.05018401867890554,0.039510660407732656,-0.001934235976789127,-0.01024449070075665
1909,ITA,-0.0018000000854954123,0.045019812881946564,0.042500000447034836,0.0241732,5.19,-0.007569942281533071,0.03897923592887165,0.03647398888375708,0.005813953488372141,-0.027951247170092067
1910,ITA,0.03790000081062317,0.03660000115633011,0.05000000074505806,0.0248426,5.21,0.03391573977104323,0.032620730518494234,0.045969290569453536,0.0038535645472060833,0.02769182400344185
1911,ITA,0.0005999999702908099,0.023175980895757675,0.054999999701976776,0.0254604,5.22,-0.0013168582672001827,0.02121587365266242,0.0529789269056129,0.0019193857965450647,0.024868572532665733
1912,ITA,-0.00139999995008111,0.05633076652884483,0.057500001043081284,0.0256921,5.23,-0.003309368975033311,0.05431101362917179,0.05547801251336204,0.0019157088122606658,0.009100406906411443
1913,ITA,-0.04877600818872452,0.04191797599196434,0.05375000089406967,0.0257436,5.264,-0.054919932147991846,0.035188262621195676,0.04694386487005797,0.006500956022944513,0.002004507222064349
1914,ITA,-0.16070590913295746,0.012099998071789742,0.042500000447034836,0.0257436,5.195,-0.14955840340248083,0.025542712194398742,0.05634648745970949,-0.0131079027355623,0.0
1915,ITA,0.21826882660388947,-0.10234426707029343,,0.0275456,6.05,0.04610025689375319,-0.22920305246779737,,0.1645813282001924,0.06999798008048609
1916,ITA,0.16123229265213013,0.051333338022232056,,0.0344707,6.55,0.07258860619013552,-0.02892111526190766,,0.08264462809917356,0.2514049430762082
1917,ITA,0.21630734205245972,-0.11324415355920792,,0.0487583,7.509,0.0609685830927702,-0.22649476705457605,,0.1464122137404581,0.4144853455253301
1918,ITA,0.2091558426618576,0.00015035152318887413,,0.0679888,7.862,0.15486532975679057,-0.04475591584995875,,0.04701025436143291,0.3944046449527569
1919,ITA,0.015670262277126312,0.08412783592939377,,0.0690185,8.796,-0.0921783080919999,-0.030989876526046456,,0.11879928771305003,0.015145141552726251
1920,ITA,-0.18142379820346832,-0.11411428451538086,,0.0906946,20.121,-0.6421551478056611,-0.6127304431488141,,1.2875170532060027,0.3140621717365635
1921,ITA,-0.11719822883605957,0.025841092690825462,,0.1072992,23.29,-0.2373184011339784,-0.11374200832837711,,0.15749714228915068,0.1830825650038701
1922,ITA,0.2778649926185608,0.10317637771368027,0.057999998331069946,0.1066556,21.027,0.4153933360957949,0.2219041155158421,0.1718656946369248,-0.09716616573636747,-0.005998180787927535
1923,ITA,0.37691745162010193,0.04802478849887848,0.05380000174045563,0.1060378,21.732,0.33224936753248135,0.01402619306855879,0.0196140546933814,0.03352832073048929,-0.005792475969381839
1924,ITA,0.7760998606681824,0.28963640332221985,0.05350000038743019,0.1097706,22.946,0.6821320566565388,0.22140583618053178,-0.0022373394744342745,0.05586232284189224,0.035202540980669106
1925,ITA,-0.05036471039056778,0.011451976373791695,0.07150000333786011,0.1233118,25.141,-0.13327507436545738,-0.07685545324875587,-0.02205007451610752,0.09565937418286397,0.12335907793161378
1926,ITA,-0.3903886675834656,-0.005723529029637575,0.0843999981880188,0.1330171,25.711,-0.403903445673677,-0.027766140692081942,0.0603593930397488,0.02267212919136074,0.07870536315259367
1927,ITA,0.32327574491500854,-0.04516250267624855,0.07720000296831131,0.1216127,19.395,0.7542017364016387,0.2657812267951003,0.42799119754154424,-0.24565361129477653,-0.08573634517667274
1928,ITA,0.23578710854053497,0.11149564385414124,0.05460000038146973,0.1127054,19.022,0.2600195021629521,0.13329082181427143,0.07527951884126827,-0.019231760763083326,-0.07324317279363098
1929,ITA,-0.11079128086566925,0.011807126924395561,0.06689999997615814,0.1145075,19.108,-0.11479337160491743,0.00725325352500783,0.062098168282733957,0.004521080853748401,0.015989473441379038
1930,ITA,-0.14342430233955383,0.07335296273231506,0.05999999865889549,0.1108776,19.093,-0.14275135228116043,0.07419621913209418,0.06083276459300113,-0.0007850115135022278,-0.031700106979892076
1931,ITA,-0.2731724679470062,0.07599309831857681,0.05999999865889549,0.1001683,19.207,-0.2774864336185864,0.06960671766525683,0.05370854242694301,0.005970774629445386,-0.09658668658051765
1932,ITA,-0.015621870756149292,0.0699034035205841,0.058800000697374344,0.0975424,19.511,-0.030959421434747614,0.05323328744912392,0.04230288623824863,0.015827562867704405,-0.02621488035636025
1933,ITA,0.35110485553741455,0.13847166299819946,0.03880000114440918,0.0917759,14.904,0.7687471038909348,0.4903865148119879,0.35990518131565796,-0.23612321254676846,-0.059117881044550964
1934,ITA,0.18434560298919678,0.4242621660232544,0.03750000149011612,0.087039,11.68,0.5112574372389547,0.8173975447269337,0.3238784265589634,-0.21631776704240474,-0.05161376788459703
1935,ITA,0.11863307654857635,-0.12231557071208954,0.04500000178813934,0.0882747,12.125,0.07757808940926769,-0.15452749409626443,0.006647424402925095,0.03809931506849318,0.014197084065763534
1936,ITA,0.35734307765960693,-0.014895486645400524,0.05000000074505806,0.0949423,13.714,0.2000718110414712,-0.1290365885646405,-0.07166034643183394,0.13105154639175262,0.07553240056324174
1937,ITA,0.12190339714288712,0.039642106741666794,0.05040000006556511,0.1039268,19.009,-0.19060533492463816,-0.2499525565860793,-0.24219129881113366,0.38610179378737053,0.09463116018887269
1938,ITA,-0.01621580682694912,0.05498148128390312,0.05249999836087227,0.1119073,19.01,-0.016267557705075153,0.05492598515127356,0.0524446327639041,0.00005260666000322069,0.0767896250052922
1939,ITA,0.4163191616535187,0.0024000024423003197,0.05260000005364418,0.1168501,19.246,0.3989518478142675,-0.00989171534718225,0.039692715422413816,0.012414518674381751,0.044168700343945363
1940,ITA,0.1802414059638977,0.07215236872434616,0.05260000005364418,0.1363637,19.839,0.14496325919558295,0.04010507023886101,0.021137133980162037,0.030811597215005718,0.1669968617913036
1941,ITA,0.2895455062389374,0.06490737199783325,0.05260000005364418,0.1577824,19.7227,0.2971496447380064,0.071186873656498,0.05880692811147803,-0.005862190634608547,0.15707039336714965
1942,ITA,0.1954246461391449,0.04580133780837059,0.04919999837875366,0.1823675,225.53,-0.8954595766930851,-0.9085442023447295,-0.908246987948279,10.435046925623773,0.15581649157320462
1943,ITA,1.0191632509231567,-0.25339365005493164,0.0502999983727932,0.3058337,269.179,0.691743739224455,-0.3744603772838473,-0.12001248747853266,0.19353966212920665,0.6770186573813866
1944,ITA,1.5152757167816162,0.32956045866012573,0.050999999046325684,1.359107,574.713,0.17808262936032193,-0.3772722129103152,-0.507741901186695,1.1350588270258826,3.4439412661194635
1945,ITA,-0.46599438786506653,0.17351789772510529,0.0471000000834465,2.676817,588.582,-0.4785773819673317,0.14586581233420048,0.022426751664097244,0.024132045038132127,0.9695410295142323
1946,ITA,1.6019675731658936,0.07696724683046341,0.0471000000834465,3.159149,675.0,1.268846337998708,-0.06091327989041806,-0.08695672259390352,0.14682406189791739,0.18018863448640698
1947,ITA,-0.26268690824508667,-0.03162875771522522,0.04859999939799309,5.119755,585.0,-0.14925412489817702,0.11735143340550924,0.2099230762284534,-0.13333333333333333,0.6206120698960382
1948,ITA,0.2750566601753235,0.0973188653588295,0.05260000005364418,5.4208,660.0,0.13016385788267315,-0.02737646025012841,-0.06701363631608814,0.1282051282051282,0.05880066526620908
1949,ITA,0.10102730989456177,0.15809039771556854,0.04859999939799309,5.45856,665.0,0.09274890906828692,0.14938295111620348,0.04071578887620375,0.007575757575757576,0.0069657615112161415
1950,ITA,0.09795109927654266,0.03075833059847355,0.0471000000834465,5.4208,700.0,0.043053544312715575,-0.020779585931450018,-0.005254999920725756,0.05263157894736842,-0.0069175753312229705
1951,ITA,0.13667988777160645,0.01124117337167263,0.0471000000834465,6.1952,690.0,0.15315350933351368,0.02589684255097202,0.06227536240349618,-0.014285714285714285,0.14285714285714285
1952,ITA,0.418801486492157,0.08589135855436325,0.04360000044107437,6.3104,634.0,0.5441214916081836,0.18180605268534822,0.1357791802907593,-0.08115942028985507,0.01859504132231401
1953,ITA,0.0817960798740387,0.029031870886683464,0.04170000180602074,6.4,629.0,0.09039541278241736,0.03721177447083823,0.049980605953922286,-0.007886435331230283,0.014198782961460573
1954,ITA,0.34935715794563293,0.05572429299354553,0.04170000180602074,6.6,638.5,0.3292805831602241,0.040016570544933794,0.026200941481577367,0.015103338632750398,0.03124999999999989
1955,ITA,0.07480223476886749,0.03966581076383591,0.04170000180602074,6.8,635.5,0.07987604547588023,0.044573753222201695,0.04661754705451493,-0.004698512137823023,0.03030303030303033
1956,ITA,0.04602910578250885,0.029112018644809723,0.04170000180602074,7.0,624.969999998,0.06365345012866475,0.04645133022524184,0.05925140590723488,-0.01656963021557821,0.02941176470588238
1957,ITA,0.03657224401831627,0.06640532612800598,0.04170000180602074,7.1,624.89,0.03670494861824336,0.0665418500345456,0.041833362874466706,-0.00012800614109528152,0.014285714285714235
1958,ITA,0.292067289352417,0.12639211118221283,0.038600001484155655,7.3,624.0,0.29391014173626906,0.12799866403309768,0.040081338024734015,-0.0014242506681175669,0.028169014084507067
1959,ITA,0.6040031909942627,0.0766841247677803,0.03629999980330467,7.3,620.600000001,0.6127908333528957,0.08258281317114458,0.04197744098649703,-0.005448717947115365,0.0
1960,ITA,0.23027563095092773,0.06093873456120491,0.03629999980330467,7.4,620.600000001,0.23027563095092773,0.06093873456120491,0.03629999980330467,0.0,0.013698630136986375
1961,ITA,0.05375538766384125,0.05962608754634857,0.03629999980330467,7.6,620.600000001,0.05375538766384125,0.05962608754634857,0.03629999980330467,0.0,0.02702702702702693
1962,ITA,-0.13782739639282227,0.06267280876636505,0.034699998795986176,7.9,620.600000001,-0.13782739639282227,0.06267280876636505,0.034699998795986176,0.0,0.03947368421052641
1963,ITA,-0.11273371428251266,-0.009039239957928658,0.03590000048279762,8.5,622.380000002,-0.11527128616698734,-0.011873376906192168,0.03293733779779906,0.002868192073794866,0.07594936708860754
1964,ITA,-0.22266444563865662,0.05480778589844704,0.03629999980330467,9.0,624.799999997,-0.2256752523570894,0.05072226279247305,0.03228616178417121,0.0038882997445165903,0.058823529411764705
1965,ITA,0.25352564454078674,0.06925103813409805,0.03629999980330467,9.4,624.700000002,0.2537263049508811,0.06942220044955616,0.03646588742103862,-0.0001600512083873913,0.04444444444444448
1966,ITA,0.009048501029610634,0.033573511987924576,0.03579999879002571,9.7,624.450000002,0.009452475927931747,0.03398730553103646,0.03621468371227188,-0.0004001920922029768,0.03191489361702116
1967,ITA,0.04692518711090088,0.04986898973584175,0.03579999879002571,10.0,623.859999999,0.047915290441034486,0.05086187709373413,0.03677958075135446,-0.0009448314564786779,0.030927835051546466
1968,ITA,0.05510016530752182,0.048333555459976196,0.035599999129772186,10.2,623.5,0.05570936508050606,0.04893884828903361,0.03619793978518704,-0.0005770525422380042,0.019999999999999928
1969,ITA,0.18874378502368927,0.007867126725614071,0.05000000074505806,10.4,625.5,0.18494284566310193,0.004644529997474667,0.04664268659399484,0.0032076984763432237,0.01960784313725501
1970,ITA,-0.16629339754581451,0.028087154030799866,0.0737999975681305,10.9,623.0,-0.16294786543323747,0.03221270440813062,0.0781089863224167,-0.003996802557953637,0.04807692307692307
1971,ITA,-0.13208214938640594,0.11630895733833313,0.05758333206176758,11.5,594.0,-0.08970905566958065,0.1708088895989588,0.10921618834087754,-0.04654895666131621,0.055045871559632996
1972,ITA,0.13676495850086212,0.05711907893419266,0.051750000566244125,12.1,582.5,0.15920752849701647,0.07798924100757176,0.07251416366755215,-0.01936026936026936,0.05217391304347823
1973,ITA,0.19722919166088104,0.04161802679300308,0.06925000250339508,13.4,607.920000001,0.14716739725838268,-0.0019369314943968874,0.02453962109686003,0.04363948498025742,0.10743801652892568
1974,ITA,-0.27806997299194336,-0.09743837267160416,0.14569999277591705,16.0,649.429999999,-0.3242139999381989,-0.15512793605588615,0.07246961121376239,0.06828201078749134,0.19402985074626863
1975,ITA,-0.019697628915309906,0.11637929826974869,0.10634999722242355,18.7,683.549999997,-0.06863028475554955,0.06065424281674847,0.05112556316027428,0.052538379806988535,0.16874999999999996
1976,ITA,-0.07536392658948898,-0.006462664809077978,0.15676666796207428,21.8,875.0,-0.27767429945487887,-0.22384863375225805,-0.09633387899199353,0.2800819252488337,0.1657754010695188
1977,ITA,-0.2516883909702301,0.0632086917757988,0.14034999907016754,25.6,871.549999997,-0.24872622580081183,0.06741736596526438,0.14486403440976559,-0.00394285714628573,0.17431192660550462
1978,ITA,0.316068172454834,0.1428711861371994,0.11989166587591171,28.7,829.75,0.3823672379621119,0.20044517297312137,0.17630802216425567,-0.047960530086792345,0.12109374999999992
1979,ITA,0.09937705844640732,0.08992024511098862,0.12511666119098663,32.9,804.0,0.13458720677351543,0.1248275166428392,0.1611511811234092,-0.031033443808376016,0.14634146341463414
1980,ITA,0.8384684920310974,0.0803605243563652,0.15915000438690186,39.9,930.5,0.588531614823216,-0.0665127763755855,0.0015653987394617097,0.15733830845771143,0.2127659574468085
1981,ITA,0.08284942060709,0.029185419902205467,0.19702500104904175,47.0,1200.0,-0.16034051177091901,-0.20195247231749824,-0.07180686376988887,0.2896292315959162,0.17794486215538852
1982,ITA,-0.08782131224870682,0.11914767324924469,0.19437666237354279,54.7,1370.0,-0.2010113683930278,-0.01972466576708487,0.0461693393052931,0.14166666666666666,0.16382978723404262
1983,ITA,0.3255695104598999,0.17824819684028625,0.17894808948040009,62.7,1659.5,0.0943237296354702,-0.02729736084893508,-0.02671956457478264,0.2113138686131387,0.14625228519195613
1984,ITA,0.2012701779603958,0.2706901431083679,0.1536725014448166,69.5,1935.879999995,0.029768301924925966,0.08927737901821553,-0.01103399169751329,0.16654413979813193,0.10845295055821366
1985,ITA,0.9993825554847717,0.1500656008720398,0.13711674511432648,75.9,1678.5,1.3059664590419202,0.3264158447485337,0.3114814206292742,-0.13295245572848766,0.09208633093525188
1986,ITA,0.7331879734992981,0.1786288321018219,0.11404166370630264,80.3,1358.13,1.1420305961274484,0.4566562071988012,0.3768335376812446,-0.19086684539767643,0.057971014492753506
1987,ITA,-0.28499266505241394,0.11740931868553162,0.1072937473654747,84.1,1169.25,-0.16949077458852668,0.29791500362316126,0.2861653684921721,-0.13907357911245616,0.04732254047322537
1988,ITA,0.2798401415348053,0.09217756241559982,0.11186400055885315,88.4,1305.77,0.14603114291917496,-0.022011062549729177,-0.00438286784545594,0.11675860594398117,0.05112960760998825
1989,ITA,0.12505295872688293,0.10965000092983246,0.1257963329553604,93.9,1270.5,0.15628524353939555,0.14045468848024178,0.1570492543747508,-0.02701088246781591,0.06221719457013574
1990,ITA,-0.2800699472427368,0.14646059274673462,0.12378616631031036,100.0,1130.15,-0.19066395431747762,0.2888361572222502,0.26334586054705045,-0.11046831955922858,0.06496272630457928
1991,ITA,0.04991228133440018,0.1626669317483902,0.12536565959453583,106.3,1151.06,0.030839717086922125,0.14154608179890138,0.10492241950095127,0.01850196876520803,0.06299999999999997
1992,ITA,-0.018592800945043564,0.09093836694955826,0.14317916333675385,111.7,1470.86,-0.23197410321567102,-0.1462576202623238,-0.1053752173895518,0.2778308689381961,0.05079962370649112
1993,ITA,0.5139912962913513,0.4020310938358307,0.10580574721097946,116.7,1703.97,0.30687115269816756,0.2102275595693408,-0.04547295941669094,0.15848551187740514,0.044762757385854966
1994,ITA,0.09470987319946289,-0.10907217860221863,0.09165050089359283,121.4,1629.74,0.14457077977817856,-0.068492962173612,0.14137206180596618,-0.043562973526529235,0.04027420736932307
1995,ITA,-0.00281835300847888,0.214763343334198,0.10849591344594955,127.7667,1584.72,0.025510385032031735,0.24927331715727408,0.13998695667335648,-0.027624038190140747,0.052443986820428286
1996,ITA,0.07913046330213547,0.31477782130241394,0.08462508022785187,132.825,1530.5699,0.11730906755984183,0.3612934038323645,0.12299807878012081,-0.03417013731132318,0.039590127944135585
1997,ITA,0.597172200679779,0.19460085034370422,0.06333349645137787,135.28012541610696,1759.1899,0.38960762307538777,0.0393534569806695,-0.07485471390539722,0.14936919901534723,0.01848391052969672
1998,ITA,0.4518551528453827,0.17690575122833252,0.04592150077223778,138.02808174677332,1653.1,0.5450298960429216,0.25243524941793916,0.1130449097763977,-0.06030611021584433,0.020313082370480913
1999,ITA,0.2305457890033722,-0.06736255437135696,0.030064333230257034,140.30673290311276,1927.4039418674101,0.05541718557998676,-0.20009348954897532,-0.11653218493828499,0.16593306023072424,0.01650860554970151
2000,ITA,0.08858243376016617,0.07741548120975494,0.045278917998075485,143.92736414471761,2080.891993551854,0.008287830593106449,-0.0020554397116492318,-0.031821587500289295,0.07963460505104769,0.025805114029025543
2001,ITA,-0.22175303101539612,0.06520403921604156,0.04051608219742775,147.27261796998187,2197.0611596505164,-0.2629026826801383,0.008881590285972463,-0.014500995980018305,0.055826619766254464,0.02324265330045668
2002,ITA,-0.18565772473812103,0.11665387451648712,0.03264300152659416,151.1182054108509,1846.352627062077,-0.03097612156231433,0.3287585591801203,0.22879010064783745,-0.15962620387145984,0.02611203286718825
2003,ITA,0.17215919494628906,0.04747196286916733,0.021879833191633224,155.36910186591135,1533.0720506730008,0.411687864229201,0.26152101564199337,0.23069917928962802,-0.16967537608867783,0.028129611806224007
2004,ITA,0.2637886106967926,0.10491939634084702,0.020795000717043877,158.87531573030427,1421.5329270978636,0.3629504882265251,0.19161576386054446,0.10089063378993313,-0.07275530430952205,0.022566995768688276
2005,ITA,0.2089715600013733,0.06488417088985443,0.021724000573158264,162.3815295946972,1641.3240654403662,0.04707712306998024,-0.0777153979893096,-0.11509595222365843,0.1546155802322624,0.02206896551724154
2006,ITA,0.22232277691364288,-0.007144015282392502,0.0318271666765213,166.00216083630204,1470.2126044039483,0.36458345104286494,0.10841004651444353,0.15191690981857975,-0.10425208807896742,0.022297063284487394
2007,ITA,-0.04195459187030792,0.018521400168538094,0.04035716503858566,169.3629288822052,1315.311459819305,0.07087216803927143,0.13847027576925264,0.16287758743606906,-0.1053596902384354,0.02024532710280374
2008,ITA,-0.468401163816452,0.07478711009025574,0.03757699951529503,175.2777255007884,1391.2984120140827,-0.49743488871907904,0.016086693235927596,-0.019091155339014954,0.057771071351584484,0.03492379741907406
2009,ITA,0.2256501317024231,0.09448951482772827,0.009549999609589577,176.61970558605384,1344.0719144800769,0.2687156569163689,0.13294646479904104,0.0450224397769452,-0.03394418992086638,0.007656307048892024
2010,ITA,-0.07459145784378052,-0.007230008952319622,0.01133333332836628,179.48014001635227,1449.0869630294867,-0.14165563374348222,-0.07917585586706266,-0.06195779536765089,0.07813201616524548,0.01619544331594838
2011,ITA,-0.21318712830543518,-0.06486330926418304,0.02785833366215229,184.74915720084095,1496.460313780045,-0.2380952142751105,-0.09446687311549651,-0.0046805134519840585,0.03269186181312317,0.029357104267963206
2012,ITA,0.13067872822284698,0.24545426666736603,0.018950000405311584,190.8733957980494,1467.5382749734729,0.15296198625645263,0.26999950493927094,0.03903132431777423,-0.019326966803092368,0.033148939296923384
2013,ITA,0.2284296452999115,0.08849933743476868,0.008552500046789646,193.24901083338202,1404.0098615038794,0.28401343325231765,0.13775158121592335,0.05418732212712407,-0.04328910158799219,0.012446024892049972
2014,ITA,0.03466249629855156,0.1959235817193985,0.0042409999296069145,193.70086250949018,1594.8192076435216,-0.08912788285398332,0.05283940291894851,-0.11590965266149234,0.13590313812700738,0.002338183642749645
2015,ITA,0.17594458162784576,0.046005044132471085,0.0004866666567977518,193.9122437656953,1778.5156608799487,0.05448551685877234,-0.0620330355431834,-0.10284998435939752,0.11518324607329872,0.0010912767938489327
2016,ITA,-0.046300001442432404,0.016326265409588814,-0.0017000000000000001,193.81527988670211,1836.8940328242102,-0.0766095632593623,-0.015973623249519786,-0.033426995499219125,0.032824210226733624,-0.000500040003200392
2017,ITA,0.17990000545978546,0.03153122961521149,-0.0034000000000000002,196.38482268002105,1614.5001250729601,0.3424286847053597,0.1736224302035123,0.1338794990987564,-0.12107062453097588,0.013257689459886748
2018,ITA,-0.1242000013589859,0.006926932372152805,0.0012,198.82443387548915,1691.065502183406,-0.16385308226135087,-0.038663105506448914,-0.04413074293337704,0.047423580786025474,0.012422605587210147
2019,ITA,0.2816999852657318,0.24425256252288818,-0.0006,200.0849643024003,1723.5802029553136,0.25752119078386326,0.22078019977136498,-0.019453310043668015,0.019227345558126847,0.006339917093391722
2020,ITA,-0.04179999977350235,0.1256023347377777,-0.002,199.7940726654208,1577.9235596120932,0.046650543241886444,0.22950563019114023,0.09012444365319561,-0.08450819004156127,-0.0014538405621516534
1870,JPN,,,,0.0181121877842565,1.0695999999999999,,,,,
1871,JPN,,,,0.01519062301838813,,,,,,-0.16130380275804423
1872,JPN,,,,0.011103459874427199,,,,,,-0.2690582959641255
1873,JPN,,,,0.011269973928440423,0.9539,,,,,0.014996591683708324
1874,JPN,,,,0.013097844112267396,0.9823999999999999,,,,0.029877345633714195,0.1621893888515783
1875,JPN,,,,0.01445644741660256,1.003,,,,0.020969055374592788,0.10372724646056074
1876,JPN,,,0.06599999964237213,0.012098759788188057,1.044,,,0.024136014982087284,0.04087736789631122,-0.16308900523560224
1877,JPN,,,0.05999999865889549,0.012484769640673257,1.0308,,,0.07357392180819455,-0.012643678160919635,0.03190491085392563
1878,JPN,,,0.0575999990105629,0.0139758273061553,1.0801,,,0.00932698729755388,0.047826930539387004,0.11943013034252797
1879,JPN,,,0.04800000041723251,0.018630651997888582,1.1215000000000002,,,0.009313241596658806,0.038329784279233496,0.33306255077173014
1880,JPN,,,0.06400000303983688,0.021344074196240424,1.0971,,,0.08766384414290163,-0.021756576014266782,0.145642900670323
1881,JPN,,0.30596640706062317,0.057999998331069946,0.023512541308730806,1.1299435028248588,,0.2680065344897955,0.02724764137957969,0.029936653746111402,0.10159574468085099
1882,JPN,,0.06588008254766464,0.06400000303983688,0.021881460461464913,1.1363636363636365,,0.059858161177338776,0.057988703587634305,0.00568181818181825,-0.06937067439240313
1883,JPN,,0.3138205409049988,0.0560000017285347,0.018800950462220287,1.1396011396011396,,0.3100880961865189,0.05300000172362429,0.0028490028490027793,-0.14078173642338285
1884,JPN,,0.07788658887147903,0.05000000074505806,0.01818787599062615,1.1560693641618498,,0.06253207905849512,0.035042735777179645,0.01445086705202318,-0.03260869565217376
1885,JPN,,0.09043934941291809,0.05400000140070915,0.018195444811263114,1.2232415902140672,,0.030559731959607817,-0.0038786113929711874,0.058103975535168044,0.0004161464835621813
1886,JPN,0.9451611042022705,0.18288762867450714,0.04800000041723251,0.016045899750365144,1.3745704467353952,0.7310149275928461,0.05266146771951563,-0.06737614641769218,0.12371134020618564,-0.11813643926788675
1887,JPN,-0.050011612474918365,0.05892271175980568,0.03759999945759773,0.017063906126036896,1.36986301369863,-0.0467470475693339,0.06256162142221044,0.04116563519456551,-0.003424657534246632,0.06344339622641519
1888,JPN,0.07331641763448715,0.031312666833400726,0.036400001496076584,0.016772506531513756,1.3793103448275863,0.06596493532192205,0.024248881444130843,0.029301371348843253,0.006896551724138054,-0.017076957196717656
1889,JPN,0.3047422766685486,0.07101444154977798,0.0384799987077713,0.01776023762463765,1.3605442176870748,0.3227387218639768,0.08578705453667146,0.05280386075891297,-0.013605442176870845,0.05888989169675093
1890,JPN,-0.18456022441387177,0.03363262861967087,0.041600000113248825,0.018937189233685658,1.3377926421404682,-0.17069220101954996,0.051211414820685475,0.05931428582946041,-0.016722408026755824,0.06626891114425737
1891,JPN,0.03819898143410683,0.16563737392425537,0.04047999903559685,0.018142463066804365,1.3333333333333333,0.041671218830207524,0.16953582667985478,0.043959865253107244,-0.0033333333333333865,-0.04196642685851319
1892,JPN,0.5672988891601562,0.06390640884637833,0.035999998450279236,0.016916314123616088,1.5267175572519083,0.3687743631998699,-0.07085506960749621,-0.09522666802008939,0.14503816793893126,-0.06758448060075078
1893,JPN,0.07362118363380432,0.09018898010253906,0.03351999819278717,0.017120672280814132,1.8348623853211008,-0.1066816105642392,-0.0928961921284217,-0.1400482457785207,0.2018348623853211,0.012080536912751547
1894,JPN,0.24448436498641968,-0.06503638625144958,0.041600000113248825,0.01766562736667559,1.7467248908296944,0.3072794476233489,-0.01785932317239447,0.09415779828410065,-0.04803493449781649,0.03183023872679038
1895,JPN,0.34495964646339417,0.057913511991500854,0.04368000105023384,0.019334552317126302,2.13903743315508,0.098285824841287,-0.13611429370126338,-0.14773729171880456,0.22459893048128318,0.09447300771208221
1896,JPN,0.5441056489944458,0.03360004350543022,0.04487999901175499,0.021275954810507744,2.0151133501259446,0.6390640177828739,0.09716368254453411,0.10913732515418895,-0.05793450881612075,0.10041103934233697
1897,JPN,-0.3439725637435913,0.02832316793501377,0.05000000074505806,0.02370554623497341,2.0779220779220777,-0.363802108416329,-0.002759648224230804,0.01826196545805403,0.031168831168831058,0.11419423692636074
1898,JPN,-0.2610924541950226,0.05676259472966194,0.0568000003695488,0.02571128370376905,2.061855670103093,-0.2553347330588801,0.06499710845482776,0.06503480556723318,-0.007731958762886396,0.08461047254150697
1899,JPN,0.3314482569694519,0.056013986468315125,0.04839999973773956,0.024261854551790314,2.030456852791878,0.3520376630050621,0.0723440996611242,0.06461237086770488,-0.015228426395939257,-0.056373270532823046
1900,JPN,-0.16178876161575317,0.012380175292491913,0.05920000001788139,0.027259107524028332,2.0408163265306123,-0.1660436409984144,0.0072411896311086466,0.05382335027159768,0.005102040816326618,0.12353766963032292
1901,JPN,-0.0845838338136673,0.003706093644723296,0.05920000001788139,0.0266649551040266,2.035623409669211,-0.08224858849176331,0.006266568373408887,0.06190204083425366,-0.0025445292620865432,-0.02179647369151756
1902,JPN,0.4164491891860962,0.10329514741897583,0.052000001072883606,0.02769809912097228,2.0253164556962022,0.4236575820063819,0.1089098809936273,0.05735369064577367,-0.005063291139240651,0.03874538745387456
1903,JPN,0.16901464760303497,0.06505955755710602,0.04376000165939331,0.02908319329753682,2.0408163265306123,0.16013605534275843,0.05697049762629236,0.03583271050754955,0.007653061224489972,0.050006831534362584
1904,JPN,0.01382222305983305,-0.016033146530389786,0.04343999922275543,0.029756818334226675,2.056555269922879,0.006063379516007883,-0.023563505102861204,0.03545448902462223,0.007712082262210722,0.023162003903708497
1905,JPN,0.466028094291687,0.11059436947107315,0.047040000557899475,0.030903494660726824,2.035623409669211,0.4811029333075396,0.12201436298748503,0.057806478712736364,-0.010178117048346012,0.03853491033956501
1906,JPN,0.8607869744300842,0.06517153978347778,0.04408000037074089,0.03151278472200248,2.030456852791878,0.8655218013370309,0.06788189993559857,0.04673669248364343,-0.0025380710659899048,0.019715895175116308
1907,JPN,-0.12072458863258362,0.01024533435702324,0.04368000105023384,0.03480900610940061,2.030456852791878,-0.12072458863258362,0.01024533435702324,0.04368000105023384,0.0,0.10459949561666891
1908,JPN,-0.3409651517868042,0.06476780772209167,0.04960000142455101,0.033609348038441705,2.030456852791878,-0.3409651517868042,0.06476780772209167,0.04960000142455101,0.0,-0.03446401391606875
1909,JPN,0.3388136923313141,0.15564852952957153,0.041760001331567764,0.032303726478565296,2.0253164556962022,0.34221169662657136,0.1585816476248243,0.04440406224865301,-0.0025316455696203412,-0.038846976691813986
1910,JPN,0.33671119809150696,0.09290012717247009,0.03432000055909157,0.03238698350557191,2.030456852791878,0.3333271191089968,0.09013329140747639,0.031701468912106456,0.002538071065989936,0.002577319587628986
1911,JPN,-0.113685242831707,-0.03735111281275749,0.036079999059438705,0.03480143728876365,2.030456852791878,-0.113685242831707,-0.03735111281275749,0.036079999059438705,0.0,0.07455012853470441
1912,JPN,0.09653174132108688,-0.009020470082759857,0.048239998519420624,0.03673148655118965,2.030456852791878,0.09653174132108688,-0.009020470082759857,0.048239998519420624,0.0,0.05545889517181396
1913,JPN,0.0002897811646107584,0.03375234454870224,0.04879999905824661,0.03784410318482346,2.035623409669211,-0.0022490253865684595,0.031128607633604144,0.04613807012662674,0.0025445292620865714,0.030290541932825033
1914,JPN,-0.03165173903107643,0.008718928322196007,0.04896000027656555,0.034861987853859376,2.0408163265306123,-0.03411572951700248,0.0061522134918594595,0.046290890861103495,0.0025510204081632946,-0.07879999999999986
1915,JPN,0.327100932598114,0.14100202918052673,0.03471999987959862,0.03262918576595479,2.0833333333333335,0.3000172400961114,0.11771627348296487,0.013603265188178115,0.020833333333333384,-0.06404689535388626
1916,JPN,0.9550908803939819,0.05272892490029335,0.03359999880194664,0.03525178211666306,1.97,1.0675664978785764,0.11329201025834745,0.09306260448598414,-0.05440000000000008,0.08037578288100208
1917,JPN,-0.06729060411453247,0.04521998018026352,0.04024000093340874,0.043244456709297774,1.95,-0.0577243539003226,0.05594018510518928,0.0509091291481103,-0.0101522842639594,0.226731078904992
1918,JPN,0.19255919754505157,0.021139051765203476,0.04391999915242195,0.058208015108576976,1.89,0.23041821968933895,0.0535561645196545,0.07706031658583234,-0.0307692307692308,0.34602257810448944
1919,JPN,0.3674312233924866,0.023707007989287376,0.04543999955058098,0.07744417275742274,1.95,0.32535641651887137,-0.007791669179613936,0.013272614949024542,0.03174603174603178,0.33047266107535267
1920,JPN,-0.030862323939800262,0.013158585876226425,0.052719999104738235,0.08100908727743313,1.99,-0.050342478232467625,-0.007206410824803222,0.03155979811770826,0.02051282051282053,0.04603205629397985
1921,JPN,-0.1263897567987442,0.08325275778770447,0.04520000144839287,0.0742387772176682,2.07,-0.1601524715118362,0.04138791690702037,0.004805798493865643,0.04020100502512555,-0.0835746986826125
1922,JPN,-0.03842872381210327,0.05954737216234207,0.05071999877691269,0.07311102294276046,2.09,-0.047630362818686045,0.04940816285935301,0.040665261946511544,0.00966183574879228,-0.015190905846969343
1923,JPN,0.0799502581357956,0.06916419416666031,0.05104000121355057,0.07245253554734453,2.06,0.09567768907952057,0.0847345465088929,0.06634640899821376,-0.01435406698564584,-0.009006677364252903
1924,JPN,0.07428982853889465,0.0652194395661354,0.05031999945640564,0.07309966971180502,2.43,-0.08928516592999058,-0.09697446686986055,-0.10960526795053682,0.17961165048543695,0.00893183598850893
1925,JPN,0.122518390417099,0.07795313000679016,0.05087999999523163,0.0739852217263299,2.44,0.11791790521047174,0.07353528931004116,0.046573114749349775,0.0041152263374484715,0.01211430938082432
1926,JPN,0.16275745630264282,0.06350142508745193,0.0509600006043911,0.07062844977383606,2.12,0.33826801574455123,0.22402994208178417,0.20959547239373322,-0.13114754098360648,-0.045370843989769816
1927,JPN,-0.0653478354215622,0.10681214183568954,0.04495999962091446,0.06954610842275011,2.11,-0.06091820430981587,0.11205769701026647,0.04991241668072943,-0.004716981132075581,-0.015324438729036076
1928,JPN,0.10608211159706116,0.06799893081188202,0.04464000090956688,0.06690459002044942,2.15,0.08550383975339493,0.04812918326189353,0.02520483810194718,0.018957345971564,-0.037982260434238586
1929,JPN,-0.10819262266159058,0.03901367262005806,0.03872000053524971,0.06537190384146407,2.17,-0.11641204549420259,0.029437509738767353,0.02914654430911834,0.009302325581395357,-0.022908535550653242
1930,JPN,-0.2740750312805176,0.053371500223875046,0.03872000053524971,0.05873026373252755,2.02,-0.2201697118211502,0.13159215618109332,0.11585267384232245,-0.0691244239631336,-0.10159777700590489
1931,JPN,0.12479005753993988,0.0073433322831988335,0.03936000168323517,0.051959953672762633,2.05,0.10832971523447732,-0.007398277457530966,0.02414985531713909,0.014851485148514755,-0.1152780462658676
1932,JPN,0.13486121594905853,0.18254396319389343,0.036079999059438705,0.052538968451490434,3.56,-0.3464984571079861,-0.3190406953518311,-0.4033808994180199,0.7365853658536587,0.011143481427530974
1933,JPN,0.33765870332717896,0.0975756049156189,0.03215999901294708,0.05414355842652694,3.9,0.2210423035499378,0.0018895265383598314,-0.05782318038818157,0.09550561797752805,0.030540949362529542
1934,JPN,0.05998978763818741,0.0434214249253273,0.030959999188780785,0.05490800931086038,3.37,0.22669441299374804,0.2075203433853936,0.19309910885348525,-0.13589743589743586,0.014118962745509294
1935,JPN,0.0933295413851738,0.05984007194638252,0.030959999188780785,0.05626661261519555,3.48,0.058770274272424095,0.026339380017042835,-0.0016278168775312185,0.032640949554896104,0.024743262802398608
1936,JPN,0.08184301108121872,0.02904479019343853,0.02751999907195568,0.05756844976475348,3.45,0.09125034161235979,0.03799300576033793,0.03645495558562484,-0.008620689655172358,0.02313693839117582
1937,JPN,0.17716388404369354,0.04702990874648094,0.02727999910712242,0.06206054481279204,3.47,0.1703790777956029,0.04099515422920996,0.021359076922066844,0.005797101449275368,0.07803050223507768
1938,JPN,-0.023710934445261955,0.0535585843026638,0.02727999910712242,0.06801720665408324,3.52,-0.03757867685370997,0.038593263502910036,0.012687953665259766,0.014409221902017239,0.09598146228428545
1939,JPN,0.07508634775876999,0.04338591918349266,0.0272000003606081,0.07605529417053974,3.85,-0.017063910620553235,-0.0460471596036639,-0.06084571395601546,0.09375000000000001,0.1181772658988482
1940,JPN,0.09559104591608047,0.029784230515360832,0.026799999177455902,0.08842274709134006,4.27,-0.012172007780583027,-0.07150602166647779,-0.07419672205311345,0.10909090909090896,0.16261133502512812
1941,JPN,-0.17919501662254333,0.03830000013113022,0.026799999177455902,0.08966024926548377,4.27,-0.17919501662254333,0.03830000013113022,0.026799999177455902,0.0,0.013995292103573575
1942,JPN,0.24850156903266907,0.03779999911785126,0.026799999177455902,0.09213146920345273,4.29,0.24268104889731879,0.032961770683735514,0.02201305279434429,0.004683840749414628,0.027562046260340936
1943,JPN,0.23009781539440155,0.037700001150369644,0.026799999177455902,0.09769833678194027,4.29,0.23009781539440155,0.037700001150369644,0.026799999177455902,0.0,0.06042308482234552
1944,JPN,0.07221201062202454,0.03759999945759773,0.026399999856948853,0.1321780991936329,4.29,0.07221201062202454,0.03759999945759773,0.026399999856948853,0.0,0.35292066935233934
1945,JPN,0.038293447345495224,0.03759999945759773,0.026399999856948853,1.4217613281403143,6.9,-0.35445233491127903,-0.3548834785981022,-0.36184695661067956,0.6083916083916084,9.756406218684685
1946,JPN,,0.03700000047683716,0.026399999856948853,2.711344557086996,180.0,,-0.9602483333150545,-0.9606546666721503,25.08695652173913,0.9070321462699203
1947,JPN,,0.03700000047683716,0.02800000086426735,6.109385504103888,238.0,,-0.21571428535365256,-0.22252100774971384,0.32222222222222224,1.2532678438581284
1948,JPN,0.4750979244709015,0.04500000178813934,0.03359999880194664,10.748084823470123,310.0,0.1324945355615308,-0.19770967604652534,-0.20646193640366683,0.3025210084033613,0.7592742864646956
1949,JPN,1.1306854486465454,0.0551999993622303,0.03519999980926514,14.175367909017927,595.0,0.11010502366458663,-0.45023193310539267,-0.46065210093971065,0.9193548387096774,0.3188738404877301
1950,JPN,-0.278197318315506,0.054999999701976776,0.03519999980926514,13.201987299821722,425.0,0.01052375435829167,0.4769999995827674,0.44927999973297106,-0.2857142857142857,-0.06866704380751704
1951,JPN,0.42148053646087646,0.054999999701976776,0.03999999910593033,15.574089747139322,435.0,0.38880282297901725,0.030747126145609593,0.016091953149472094,0.023529411764705882,0.1796776798406428
1952,JPN,0.8101934790611267,0.054999999701976776,0.03999999910593033,16.35115785547458,415.0,0.8974317190158796,0.10584337318158998,0.09012048099055336,-0.04597701149425287,0.04989492939566439
1953,JPN,0.5697740912437439,0.054999999701976776,0.03999999910593033,17.42269471510126,435.0,0.4976005698072501,0.006494252589242189,-0.00781609280698592,0.04819277108433735,0.0655327817820509
1954,JPN,-0.07893805205821991,0.06320000439882278,0.03999999910593033,18.543311592148346,424.0,-0.05504257699369264,0.09078302338086774,0.0669811311582067,-0.02528735632183908,0.06431937741960089
1955,JPN,0.21122434735298157,0.06320000439882278,0.03999999910593033,18.322457190372035,401.0,0.28069606802409997,0.12418155078578752,0.09965087187260457,-0.054245283018867926,-0.011910192021463184
1956,JPN,0.4645882844924927,0.06340000033378601,0.03999999910593033,18.40425721940603,402.0,0.4609450300534568,0.060754726701115036,0.03741293443153748,0.0024937655860349127,0.00446446828523522
1957,JPN,0.1763453483581543,0.06320000439882278,0.11774200201034546,18.976830931771776,400.0,0.18222707509994485,0.06851600442081685,0.12333071202039703,-0.004975124378109453,0.031110938384517114
1958,JPN,0.1252676546573639,0.06320000439882278,0.09688329696655273,18.895034687148097,391.0,0.1511689561712164,0.08767263877117437,0.12213125009366022,-0.0225,-0.0043103216189132945
1959,JPN,0.5374970436096191,0.06320000439882278,0.08353330194950104,19.058630960805772,402.0,0.49542622898348543,0.03410746696502431,0.05388438075187785,0.028132992327365727,0.008658162123880526
1960,JPN,0.3631729781627655,0.06430000066757202,0.08399999886751175,19.794800946829188,380.0,0.4420935190037676,0.12591736912727347,0.14675789353878876,-0.05472636815920398,0.03862659324992208
1961,JPN,0.2045900523662567,0.06430000066757202,0.08290830254554749,20.858155911347314,373.0,0.227196299997795,0.08427345912514039,0.1032309784646328,-0.018421052631578946,0.05371890161332785
1962,JPN,-0.020123757421970367,0.06430000066757202,0.08837500214576721,22.248699638770468,398.5,-0.08282600130086548,-0.003804516313665185,0.018729926726151147,0.06836461126005362,0.06666666666666664
1963,JPN,0.10704467445611954,0.06430000066757202,0.07544170320034027,23.96643212909865,381.0,0.15789318312536382,0.11318517130190942,0.12483863182502786,-0.043914680050188205,0.07720597240365769
1964,JPN,-0.08891943842172623,0.06892000138759613,0.1002419963479042,24.866194604369415,380.0,-0.08652185799652035,0.07173294875966874,0.10313737002250378,-0.0026246719160104987,0.03754261253506844
1965,JPN,0.004955881740897894,0.07354000210762024,0.06967499852180481,26.502127065663604,386.0,-0.010665194141085022,0.056852851815791805,0.053047926005921786,0.015789473684210527,0.06578941761385265
1966,JPN,0.25859126448631287,0.07102128118276596,0.058400001376867294,27.892670793086758,384.0,0.2651464273221791,0.07659951702225953,0.06391250138403848,-0.0051813471502590676,0.05246913668392885
1967,JPN,0.056218501180410385,0.06371820718050003,0.06390000134706497,28.9560295420152,386.0,0.050745866459268374,0.058206713879046745,0.05838756610692486,0.005208333333333333,0.03812323161222692
1968,JPN,0.13842448592185974,0.06582039594650269,0.07880000025033951,30.510165758685716,373.0,0.1781014787287878,0.10296695130120659,0.11639892787300554,-0.03367875647668394,0.05367228315662071
1969,JPN,0.3406941294670105,0.06623998284339905,0.07699999958276749,32.1460982199799,376.0,0.32999710183828435,0.057732748937733724,0.06840691447971348,0.00804289544235925,0.053619258388606435
1970,JPN,0.09357983618974686,0.06650999188423157,0.08284170180559158,34.6000006963315,380.0,0.08206846949301272,0.05528357091702918,0.07144336810237473,0.010638297872340425,0.07633593537726507
1971,JPN,0.12732847034931183,0.06760000437498093,0.06414169818162918,36.7000002573399,314.799999998,0.36081581555101705,0.28871665077849507,0.28454207532270726,-0.1715789473736843,0.06069362770940804
1972,JPN,0.6118003726005554,0.0875796228647232,0.04722829908132553,38.39999900091568,301.999999999,0.6801150903745405,0.13367571283699764,0.09161413427085541,-0.04066073697293929,0.04632149132576043
1973,JPN,0.30897682905197144,-0.001894754939712584,0.07160750031471252,42.80000042385395,279.999999999,0.41182500847785075,0.07652780002959014,0.1558052324825978,-0.07284768211944652,0.11458337337022724
1974,JPN,-0.12447168678045273,0.05651911348104477,0.12539100646972656,53.30000201330628,300.949999999,-0.18541974513569592,-0.017028237997610884,0.047049283307676104,0.07482142857169574,0.24532713751096857
1975,JPN,0.05088333785533905,0.07995752990245819,0.10671299695968628,59.600000696331485,305.149999999,0.036419270940684534,0.06509329386901519,0.09148050609537073,0.01395580661244042,0.11819884512297793
1976,JPN,0.14641252160072327,0.08122211694717407,0.06977000087499619,65.20000078715734,292.799999998,0.19476701150172082,0.12682694326367017,0.11489178882570061,-0.040471899069442846,0.09395973196977737
1977,JPN,0.10224128514528275,0.21640902757644653,0.05679750069975853,70.40000006055055,239.999999999,0.3447343678736625,0.48401901363931144,0.2892929508502706,-0.18032786885027535,0.07975458911984368
1978,JPN,0.13753899931907654,0.07360129058361053,0.04357000067830086,73.10000273991305,194.599999999,0.4029257956672341,0.32407147862444496,0.2870339165623621,-0.18916666666745488,0.03835231075341257
1979,JPN,0.10140237957239151,-0.05966472253203392,0.05857190117239952,75.70000237660966,239.699999999,-0.1058285228845216,-0.23659055070884738,-0.14060036725928327,0.2317574511831025,0.035567709155187116
1980,JPN,0.06383026391267776,0.06629834324121475,0.10929799824953079,81.80000254312371,202.999999999,0.2561581983254244,0.2590724772173001,0.30984596148085264,-0.15310805173196954,0.08058124141352567
1981,JPN,0.1754758507013321,0.13920196890830994,0.07434120029211044,85.79999936421905,219.899999999,0.08513686990577574,0.05165074892359889,-0.00822526757973685,0.08325123152750358,0.04889971511903805
1982,JPN,0.006099101155996323,0.1023116186261177,0.06935250014066696,88.10000122614892,234.999999999,-0.05854811768451518,0.0314822337694145,0.0006409139611232018,0.06866757617129919,0.02680654870597861
1983,JPN,0.2230827361345291,0.1119571179151535,0.06392259895801544,89.70000071146912,232.199999999,0.23783136516636127,0.12536573087887382,0.07675198430295627,-0.011914893617072026,0.01816117438197381
1984,JPN,0.27473002672195435,0.1300048530101776,0.0609997995197773,91.70000101422195,251.1,0.17878260535070933,0.044950724284481325,-0.018860400448302284,0.08139534884186646,0.022296547233997027
1985,JPN,0.21526658535003662,0.11858998984098434,0.07314830273389816,93.50000280046362,200.5,0.5219622921765295,0.4008875134617016,0.34397774970813866,-0.20151334129828752,0.019629244998181618
1986,JPN,0.3169224262237549,0.06091896444559097,0.04961320012807846,94.1000021344074,159.1,0.6596036860959327,0.3369846157846701,0.3227369366793196,-0.2064837905236908,0.00641710498366755
1987,JPN,0.4751652777194977,0.0459652803838253,0.03668789938092232,94.20000139266297,123.5,0.9003951067625269,0.3474743004782721,0.33552262989072656,-0.2237586423632935,0.001062691349493609
1988,JPN,0.0966309905052185,0.0490647591650486,0.03834779933094978,94.89999998486233,125.85,0.07615357431382197,0.029475548326448164,0.018958706534543568,0.019028340080971613,0.007430982822192246
1989,JPN,0.2069246917963028,-0.008510000072419643,0.05117100104689598,96.99999954587075,143.45,0.05884609593980272,-0.13015673411721163,-0.07779804474205743,0.13984902661899082,0.022128551752828154
1990,JPN,-0.13175012171268463,-0.01740814372897148,0.07397899776697159,100.0,134.4,-0.07328537916431999,0.04875596564046902,0.1462967799826791,-0.06308818403624945,0.03092783987808749
1991,JPN,-0.15509459376335144,0.16107077896595,0.07525339722633362,103.30000201330628,125.2,-0.09300889298557857,0.24638907901776097,0.15426562769344443,-0.06845238095238097,0.03300002013306283
1992,JPN,-0.2612000107765198,0.11533394455909729,0.046598099172115326,105.00000075688206,124.75,-0.25853500079535296,0.11935719325690575,0.050373402936664036,-0.003594249201277978,0.016456909103997847
1993,JPN,0.12972959876060486,0.15003052353858948,0.030593499541282654,106.40000172569111,111.85,0.2600247424710367,0.28266703452337105,0.1494549760194459,-0.10340681362725455,0.013333342463974145
1994,JPN,0.0654173418879509,-0.06224455311894417,0.021957099437713623,107.10000031789048,99.74,0.1947757137574424,0.05161366285989666,0.14603871638368027,-0.10827000447027268,0.006578934030508986
1995,JPN,-0.1368192583322525,0.15774154663085938,0.012134600430727005,107.0000010596349,102.83,-0.16275749125798766,0.12295188039445604,-0.018279635836227714,0.03098054942851417,-0.0009336998875701661
1996,JPN,0.16980524361133575,0.07175596803426743,0.004698200151324272,107.10000031789048,116.0,0.036992010349600424,-0.049925291439967934,-0.10936969033137345,0.12807546435865022,0.0009345724978062941
1997,JPN,-0.1279274821281433,0.10779929161071777,0.004840400069952011,109.00000136238772,129.95,-0.22154357773654954,-0.011121832806130993,-0.10302819231924243,0.12025862068965508,0.017740439205020803
1998,JPN,-0.14892786741256714,0.024724364280700684,0.003714800113812089,109.69999995458708,115.6,-0.043280072407120396,0.15192847005429955,0.12831088473001606,-0.11042708734128508,0.006422005352753238
1999,JPN,0.2051677256822586,0.04510399326682091,0.0005855999770574272,109.40000217982036,102.2,0.36318384627073463,0.1821332839691241,0.1317778410699395,-0.11591695501730097,-0.002734710801193384
2000,JPN,0.12054871767759323,0.014768584631383419,0.0010837999871000648,108.60000054495511,114.9,-0.0033065365826804305,-0.09739469669863032,-0.10956688982870655,0.12426614481409004,-0.007312629057815685
2001,JPN,-0.21789491176605225,0.05541997775435448,0.0005796999903395772,107.79667639088315,131.8,-0.3181800103332276,-0.07991080846756193,-0.12771921450007573,0.1470844212358573,-0.00739709162100254
2002,JPN,-0.16842016577720642,0.06775378435850143,0.00010940000356640667,106.80046676461929,119.9,-0.08588638740146615,0.17372767955338198,0.0993696323642208,-0.09028831562974207,-0.009241561610410804
2003,JPN,-0.04552192613482475,-0.027012040838599205,0.00001359999987471383,106.52428983852634,107.1,0.06855201733365579,0.08927410180627438,0.11952969785233436,-0.1067556296914096,-0.0025859149726528688
2004,JPN,0.2529008090496063,0.017643442377448082,8.508330211043358e-6,106.51333043669726,104.12,0.2887598602498349,0.046769234331777376,0.028629573973929956,-0.02782446311858067,-0.00010288171689007446
2005,JPN,0.15390020608901978,0.019996384158730507,0.00001238329969055485,106.21194688639743,117.97,0.01842917231489971,-0.09975397542928699,-0.11739180004099536,0.13301959277756428,-0.0028295383222379797
2006,JPN,0.2716871201992035,0.004491496831178665,0.0012452700175344944,106.4793562910271,118.95,0.2612100005876419,-0.00378426329403847,-0.007003745237759373,0.008307196744935188,0.002517696101698345
2007,JPN,0.02686212584376335,0.03880532830953598,0.00472651980817318,106.54620864218451,114.0,0.07144956025540061,0.08391134914402909,0.04835280290510702,-0.04161412358133672,0.0006278433067785322
2008,JPN,-0.27346742153167725,0.054805245250463486,0.004614170175045729,108.02134412837941,90.75,-0.08733097580838789,0.32504460560388804,0.26199466005460303,-0.20394736842105263,0.013845030292432716
2009,JPN,-0.24992184340953827,0.009677507914602757,0.001052499981597066,106.56374368511106,92.06,-0.26059534313942645,-0.004690051670104278,-0.013192327033131335,0.014435261707989006,-0.01349363364277381
2010,JPN,0.03775440528988838,0.0391831174492836,0.0009350000182166696,105.79439367670928,81.45,0.1729364094657717,0.17455123133678385,0.13132076245152868,-0.1152509233108842,-0.007219622563891583
2011,JPN,-0.04824220389127731,0.034295596182346344,0.000777499983087182,105.50616140860433,77.72,-0.002564687428519341,0.08393433233469016,0.04880760902756642,-0.04579496623695523,-0.002724456921467317
2012,JPN,-0.043643102049827576,0.03614780306816101,0.0008258330053649843,105.44698063872727,86.55,-0.1412125001884761,-0.06956201901262316,-0.10128037271892598,0.11361296963458567,-0.0005609224057338616
2013,JPN,0.7216812968254089,0.016943883150815964,0.000750000006519258,105.80864089908711,105.3,0.4151141143422521,-0.1641358681224775,-0.1774462250658666,0.21663778162911612,0.00342978298827662
2014,JPN,0.10385403782129288,0.053687285631895065,0.0006791666382923722,108.73041742672126,120.64,-0.03650671267753536,-0.08029450284285022,-0.12656236532649057,0.14567901234567904,0.027613779959811954
2015,JPN,0.11165733635425568,0.017814068123698235,0.0007283333106897771,109.59182641048737,120.5,0.1129488884462857,0.018996590692472726,0.0018910052332086202,-0.0011604774535809066,0.007922428738459105
2016,JPN,0.005200000014156103,0.1626727283000946,-0.00058,109.4668892296358,116.8,0.03704280823378259,0.19950397054932711,0.031079708904109493,-0.030705394190871392,-0.0011400228004560277
2017,JPN,0.21940000355243683,-0.0008904983988031745,-0.00062,109.99914857360977,112.9,0.2615227671826803,0.03362258447316013,0.0339024269264836,-0.033390410958904035,0.0048622861919225754
2018,JPN,-0.1517000049352646,0.03348882868885994,-0.00055,111.08710006286479,110.83,-0.13585609092476203,0.052791561481298155,0.01811698096183334,-0.018334809565987664,0.009890544639324898
2019,JPN,0.18479999899864197,0.046603456139564514,-0.00068,111.60708508234462,109.12,0.20336678783925488,0.06300459167840855,0.014980164956011732,-0.015429035459713018,0.0046808767101271945
2020,JPN,0.07829999923706055,0.004444560967385769,-0.00033,111.57695719494987,103.63,0.1354250305582172,0.057656957374902396,0.05262945479108372,-0.05031158357771269,-0.00026994601079785075
1870,NLD,,0.017562780529260635,0.03750000149011612,6.861802,2.125267,,,,,
1871,NLD,,0.042435601353645325,0.02500000037252903,7.531862,2.1806296,,0.01596987548094253,-0.001023064260100126,0.026049715165200438,0.09765073372854541
1872,NLD,,0.0937749445438385,0.05000000074505806,8.402618,2.2078903,,0.08027016551078336,0.03703570853347915,0.012501297790326153,0.11560965933789016
1873,NLD,,0.06298181414604187,0.04690000042319298,8.577742,2.1661241999999996,,0.08347768633462871,0.06708579129689962,-0.01891674599956359,0.020841599606217998
1874,NLD,,0.101692333817482,0.03500000014901161,8.558529,2.191491,,0.08894009842455453,0.023019737394667228,0.011710685841559995,-0.002239866855403274
1875,NLD,,0.08420655131340027,0.03189999982714653,7.622025,2.1230063,,0.11918127579006943,0.06518740077275953,-0.031250276638142685,-0.10942347686150275
1876,NLD,,0.042412564158439636,0.027499999850988388,7.456004,2.2255236,,-0.00560549395768184,-0.019831120670368296,0.048288740358424606,-0.021781744352714634
1877,NLD,,0.05770277604460716,0.027499999850988388,7.757039,2.383503,,-0.012402128349413677,-0.04060305413151544,0.07098527285893547,0.04037484421950414
1878,NLD,,0.02897341176867485,0.03310000151395798,7.388066,2.472814,,-0.008190177720252323,-0.004212628645533623,0.03747047937426549,-0.04756621695469103
1879,NLD,,0.05754128471016884,0.029999999329447746,7.003095,2.48642,,0.05175428705097751,0.024363711014973033,0.005502233487840082,-0.05210714143593197
1880,NLD,,0.05185486003756523,0.02500000037252903,7.132564,2.4941375999999997,,0.048600109751203435,0.021828346971018542,0.0031039003869016016,0.018487397357882518
1881,NLD,,0.054215043783187866,0.030700000002980232,7.268859,2.5046999999999997,,0.04976938522988572,0.02635350514130752,0.004234890649176683,0.01910883659789097
1882,NLD,,0.05114086717367172,0.04259999841451645,7.254517,2.4843353,,0.05975732422668356,0.051146443891385784,-0.008130594482372968,-0.00197307445363847
1883,NLD,,0.013577977195382118,0.038100000470876694,6.723037,2.4935766,,0.009821614483021213,0.03425275810649464,0.0037198279958425037,-0.07326194149107379
1884,NLD,,0.054099954664707184,0.02800000086426735,6.390245,2.4926,,0.05451295073937845,0.028402770984159886,-0.00039164628028671517,-0.04950024817653087
1885,NLD,,0.0510135255753994,0.02370000071823597,6.022478,2.4848012,,0.05431223787610873,0.02691298675736098,-0.0031287811923292035,-0.05755131454271311
1886,NLD,,0.12844549119472504,0.019200000911951065,5.768768,2.4825932999999996,,0.1294490767598715,0.020106428751748284,-0.0008885620306367348,-0.04212717755050342
1887,NLD,,0.030958786606788635,0.021299999207258224,5.929934,2.4901001999999997,,0.02785075725311903,0.018221088180284672,0.0030238138482046556,0.02793768097451667
1888,NLD,,0.06743460893630981,0.021299999207258224,5.933093,2.4855671,,0.06938136298924569,0.023162614393308134,-0.0018204488317376687,0.0005327209375349092
1889,NLD,,0.07734452188014984,0.021800000220537186,6.088611,2.481232,,0.07922681109647578,0.023585244478613987,-0.0017441090204324142,0.026211960608067294
1890,NLD,,0.05091746896505356,0.02590000070631504,6.198106,2.4854731,,0.04912423045540004,0.024149450884232593,0.0017092718455993716,0.01798357622124322
1891,NLD,,0.005663428921252489,0.027499999850988388,6.316848,2.4821819,,0.006996868455746652,0.02886239315484329,-0.001324174459985123,0.019157787879071464
1892,NLD,,0.04447954520583153,0.019999999552965164,5.809324,2.4792263999999995,,0.045724675257631686,0.021215947398099066,-0.0011906863070754625,-0.0803445009283111
1893,NLD,,0.07463332265615463,0.02879999950528145,5.71468,2.483648,,0.0727201696250257,0.026968442828242845,0.0017834595501244185,-0.016291740656916315
1894,NLD,,0.10913662612438202,0.017500000074505806,5.673238,2.47435,,0.11330448934086501,0.021323515341421517,-0.003743686706006749,-0.007251849622376207
1895,NLD,,0.07685663551092148,0.015399999916553497,5.380884,2.4768876,,0.07575338343025662,0.01435971087001442,0.001025562268878752,-0.05153212327774713
1896,NLD,,-0.006346721202135086,0.024399999529123306,5.437947,2.4851565,,-0.009652919261312287,0.02099149742629547,0.003338423592576435,0.010604763083538004
1897,NLD,,-0.0044020782224833965,0.02319999970495701,5.391495,2.48262,,-0.003384872960063512,0.024245406089845378,-0.0010206600670823603,-0.008542194324439053
1898,NLD,,0.004162004217505455,0.024900000542402267,5.451661,2.4894221,,0.0014182307253010062,0.02209956252359868,0.002739887699285535,0.011159427950874427
1899,NLD,,-0.0011003335239365697,0.03240000084042549,5.460253,2.4891992,,-0.001010885184222432,0.03249244903026405,-0.00008953885321426523,0.0015760334327464887
1900,NLD,0.06770267337560654,-0.006991000380367041,0.03440000116825104,5.817804,2.485704,0.0692039922711718,-0.005594709810182286,0.03585449248503014,-0.0014041463616088655,0.06548249687331337
1901,NLD,0.008843154646456242,0.06149692460894585,0.029999999329447746,5.716451,2.4796367999999998,0.011311602117421105,0.06409420584827408,0.0325202135785394,-0.002440837686225063,-0.017421178162756873
1902,NLD,0.024988284334540367,0.027941059321165085,0.024700000882148743,5.763882,2.4892625,0.021024769145395306,0.02396612608101556,0.02073760045290851,0.003881899155553912,0.008297280952814876
1903,NLD,0.02581818401813507,0.003249569796025753,0.03189999982714653,5.912365,2.485704,0.027286731362399896,0.0046858082194740636,0.03337725381611101,-0.0014295398737577977,0.02576093681307157
1904,NLD,0.14784686267375946,0.03914450854063034,0.027699999511241913,6.134073,2.4783563999999996,0.15124989203958528,0.042225267301135405,0.030746828658337,-0.002955943265972362,0.03749903803300364
1905,NLD,0.12083153426647186,0.0037340617273002863,0.023900000378489494,5.952556,2.4848816,0.11788827534926782,0.0010982961038663586,0.02121127980424964,0.0026328739482345855,-0.02959159436152773
1906,NLD,0.08097179234027863,0.01877283863723278,0.037700001150369644,6.321865,2.4962832,0.07603452881683403,0.014119664511393681,0.032960378525374034,0.004588387631829268,0.062042087466291695
1907,NLD,-0.03362658619880676,0.0025945717934519053,0.04859999939799309,6.460879,2.4875046000000003,-0.030216178173673724,0.00613280714302511,0.05230059153145694,-0.0035166683010965497,0.021989397116199162
1908,NLD,0.11794853955507278,0.03700454533100128,0.03009999915957451,6.32345,2.4822345,0.12032208669508293,0.03920623806162338,0.03228703265925836,-0.0021186292479620605,-0.0212709447120121
1909,NLD,0.13124535977840424,0.031684760004282,0.02070000022649765,6.337075,2.4806628,0.13196209497190314,0.03233841552622496,0.02134669601697592,-0.0006331795001640472,0.002154678221540351
1910,NLD,-0.01444324105978012,0.024310577660799026,0.036400001496076584,6.51565,2.48262,-0.01522021525985795,0.02350305147370757,0.03558294448254751,0.000788982686401255,0.028179404536004447
1911,NLD,0.15398892760276794,-0.050078440457582474,0.031700000166893005,6.698619,2.4852673999999997,0.1527596553373629,-0.05109033251263151,0.030600994651252433,0.001066373428071898,0.028081465394856987
1912,NLD,0.04107831418514252,-0.004241136834025383,0.03909999877214432,6.770419,2.482029,0.04243664964885263,-0.0029419314248717576,0.04045575305060889,-0.001303038860124212,0.010718627227492792
1913,NLD,0.010376780293881893,0.024145744740962982,0.04879999905824661,7.037938,2.4925,0.0061321843996160474,0.019843305385623733,0.04439398710633524,0.0042187258891819325,0.03951291640886615
1914,NLD,0.005688557401299477,0.028237110003829002,0.029999999329447746,7.037938,2.4622,0.01806462891834082,0.04089066553673293,0.04267524909781839,-0.01215646940822467,0.0
1915,NLD,0.06257780641317368,-0.059014588594436646,0.02759999968111515,8.093629,2.4696,0.05939385930940899,-0.061834191787018766,0.024520861360075363,0.0030054422873851145,0.15000004262612152
1916,NLD,0.21933425962924957,0.1038646325469017,0.018400000408291817,9.008561,2.3915,0.25915445853246677,0.13991390196020403,0.05165822329429948,-0.031624554583738106,0.11304348148401666
1917,NLD,0.15254339575767517,-0.028616011142730713,0.026799999177455902,9.571596,2.3825,0.15689717983398954,-0.024946564804969706,0.03067878196553453,-0.003763328454944738,0.06249999306215491
1918,NLD,-0.03686181828379631,-0.022243216633796692,0.029899999499320984,11.40146,2.1256,0.07954305510860693,0.0959284608439872,0.15437370568645647,-0.10782791185729272,0.19117647673386975
1919,NLD,0.16226699948310852,-0.05345171317458153,0.03869999945163727,12.38677,2.5545,-0.03287737948667235,-0.21237696673473894,-0.13569750681761594,0.20177832141512989,0.08641963397670124
1920,NLD,-0.24908199906349182,-0.022281236946582794,0.0364999994635582,13.6536,2.9054,-0.3397742020402319,-0.14036532655746048,-0.0886834003477458,0.13736543354863973,0.10227282818684778
1921,NLD,-0.15922383964061737,0.10385835915803909,0.039900001138448715,11.89412,2.972,-0.1780649204885093,0.07912182930611267,0.016596723858562923,0.022922833344806142,-0.1288656471553291
1922,NLD,-0.22420945763587952,0.12488560378551483,0.03550000116229057,10.48653,2.5976,-0.11239240379343762,0.2870187921352596,0.18474977034736995,-0.12597577388963663,-0.11834334948697332
1923,NLD,0.06275292485952377,0.02584945410490036,0.026200000196695328,10.13463,2.5575,0.07941622585145613,0.0419341317626154,0.042290174197824326,-0.015437326763165924,-0.0335573349811616
1924,NLD,0.0184926874935627,0.08792297542095184,0.04190000146627426,10.20501,2.6171,-0.004701750691686879,0.06314738055064151,0.01817250152840777,0.02330400782013689,0.006944506114184742
1925,NLD,0.1488078087568283,0.13927191495895386,0.03099999949336052,10.13463,2.49,0.20744775754919487,0.1974251119032442,0.08362654565223848,-0.04856520576210308,-0.006896612546190559
1926,NLD,0.13335184752941132,0.05402461439371109,0.0284000001847744,9.712355,2.4939,0.13157949410490977,0.05237631414264454,0.026791772107978895,0.0015662650602408805,-0.041666543327186
1927,NLD,0.1511128544807434,0.032375022768974304,0.03669999912381172,9.712355,2.4934,0.1513436864480333,0.03258204431039746,0.03690788795013811,-0.00020048919363253016,0.0
1928,NLD,0.08459398150444031,0.06670661270618439,0.04230000078678131,9.782734,2.4861,0.08777870298184753,0.06983881103801126,0.045360533350130794,-0.002927729205101413,0.00724633726835552
1929,NLD,0.050753623247146606,0.011618012562394142,0.04820000007748604,9.712355,2.4899,0.049149999098249575,0.010074115840543074,0.046600273180705365,0.001528498451389737,-0.007194205627997151
1930,NLD,-0.20957300066947937,0.10260695219039917,0.020800000056624413,9.360457,2.486,-0.20833299049353848,0.10433670565521913,0.022401415985916717,-0.0015663279649784298,-0.03623199522669839
1931,NLD,-0.24899999797344208,-0.09810959547758102,0.014700000174343586,8.797422,2.4857,-0.24890935952125237,-0.09800074601008424,0.014822464671287117,-0.00012067578439267457,-0.060150375136598676
1932,NLD,-0.3043571412563324,0.23947642743587494,0.008100000210106373,8.164008,2.4817,-0.3032359052346639,0.24147421351386322,0.009724854141218264,-0.0016092046506014416,-0.07199995635084896
1933,NLD,0.17043477296829224,0.0028801264706999063,0.010999999940395355,8.093629,1.9335,0.5022849630594315,0.28722400303198126,0.297646082157786,-0.22089696578957974,-0.008620643193882324
1934,NLD,0.10269230604171753,0.12409166991710663,0.008899999782443047,8.093629,1.4841,0.436598324729911,0.4644776253518803,0.31440479049885695,-0.23242823894491854,0.0
1935,NLD,0.05199999734759331,-0.019990919157862663,0.03180000185966492,7.812111,1.4768,0.05720015984802518,-0.015146616415346537,0.03690031335314803,-0.004918806010376716,-0.034782666712299286
1936,NLD,0.23799999058246613,0.11624212563037872,0.01640000008046627,7.460215,1.5509,0.1788499491212754,0.0629095177838308,-0.03216227988984943,0.05017605633802821,-0.045044930877198235
1937,NLD,0.6067575812339783,0.033293209969997406,0.0019000000320374966,7.882491,1.8167,0.37167409739405355,-0.11788713637778991,-0.14468722956476743,0.17138435746985625,0.05660373058953396
1938,NLD,-0.04592307657003403,0.03386714309453964,0.001500000013038516,8.02325,1.8179,-0.04655286495669775,0.03318468499909244,0.0008389075436971982,0.0006605383387461275,0.017857172307586645
1939,NLD,-0.027499999850988388,-0.18498408794403076,0.010999999940395355,8.093629,1.8749,-0.05706557668628276,-0.2097618931534766,-0.019736039313219433,0.031354860003300476,0.008771881718754752
1940,NLD,1.3007243871688843,0.10837271809577942,0.019600000232458115,9.290078,1.8823,1.2916794100318443,0.10401530529553016,0.01559158499486557,0.003946877166782267,0.14782602464234515
1941,NLD,-0.2770136594772339,0.12655310332775116,0.019999999552965164,10.62729,1.88,-0.27612915491170065,0.12793133318820527,0.02124787189284394,-0.0012219093662010256,0.14393980330412737
1942,NLD,0.107944056391716,0.07886311411857605,0.017500000074505806,11.40146,1.8791946308724834,0.1084188895587408,0.07932548402462669,0.01793607150310894,-0.00042838783378537106,0.07284735807529481
1943,NLD,0.2109404057264328,0.06776490062475204,0.011699999682605267,11.75336,1.8791946308724834,0.2109404057264328,0.06776490062475204,0.011699999682605267,0.0,0.03086446823476998
1944,NLD,0.06342857331037521,0.01251564733684063,0.009700000286102295,12.10525,1.8791946308724834,0.06342857331037521,0.01251564733684063,0.009700000286102295,0.0,0.029939523676633672
1945,NLD,-0.0835932195186615,0.10435054451227188,0.017100000753998756,13.93512,2.65,-0.3501484144997472,-0.21687184383073022,-0.2787438262349762,0.4101785714285712,0.15116333822101977
1946,NLD,-0.1048627495765686,0.02176697552204132,0.012000000104308128,15.20195,6.5,-0.635059428673524,-0.5834334638256293,-0.587415384572859,1.4528301886792454,0.09090915614648461
1947,NLD,0.2147907018661499,0.0281110480427742,0.013500000350177288,15.76498,5.85,0.34976744651794434,0.1423456089364159,0.12611111150019694,-0.10000000000000006,0.03703669595019057
1948,NLD,0.13199999928474426,0.02611243911087513,0.013000000268220901,16.32802,5.1,0.29847058741485366,0.17701132721541546,0.1619705885429592,-0.12820512820512822,0.03571460287294999
1949,NLD,-0.028246913105249405,0.03558775410056114,0.01269999984651804,17.31333,4.15,0.19420258871403062,0.27265001106333986,0.2445228913776485,-0.18627450980392143,0.060344732551773084
1950,NLD,0.025154361501336098,0.007388468831777573,0.028218740597367287,18.87153,4.11,0.035131532902809015,0.01719273616833994,0.03822573563967735,-0.009638554216867478,0.09000001732768909
1951,NLD,0.03892810270190239,-0.07683178037405014,0.029117299243807793,21.12226,4.23,0.00945496503660026,-0.10302094972514086,-0.00007751775601649857,0.029197080291970826,0.11926589947926855
1952,NLD,-0.04733774811029434,0.11061902344226837,0.029804479330778122,21.12226,3.94,0.02278206230798352,0.19236509369563337,0.10560227095664754,-0.06855791962174952,0.0
1953,NLD,0.22624242305755615,0.08535558730363846,0.030113309621810913,21.12226,3.82,0.26476312744679875,0.1194505272189359,0.06247289002877876,-0.0304568527918782,0.0
1954,NLD,0.7294193506240845,0.050397977232933044,0.029743710532784462,21.96715,3.76,0.7570164679212772,0.06715964708239475,0.04617579102000979,-0.015706806282722526,0.03999998106263248
1955,NLD,0.22892306745052338,-0.0061354548670351505,0.029681449756026268,22.3896,3.83,0.20646233253628377,-0.02430008101829062,0.010862206548996944,0.01861702127659582,0.019230988089033004
1956,NLD,0.11082352697849274,-0.07411324977874756,0.030939320102334023,22.81204,3.829999999,0.11082352726852518,-0.0741132495370016,0.030939320371508927,-2.610966273473553e-10,0.018867688569692988
1957,NLD,-0.07762962579727173,-0.1103704646229744,0.03480437025427818,24.20259,3.790999999,-0.06814071928094478,-0.10121838024184637,0.045449944100377504,-0.010182767626679612,0.06095684559557151
1958,NLD,0.4030638039112091,0.054349418729543686,0.03703587129712105,24.73065,3.774999999,0.409010564406183,0.058818184478985236,0.04143125512365087,-0.004220522290746646,0.021818326055186653
1959,NLD,0.32759055495262146,0.01659231074154377,0.037385229021310806,24.99467,3.769999999,0.3293512851320708,0.017940576406014763,0.0387610715004838,-0.0013245033116091119,0.010675821298671834
1960,NLD,0.07463374733924866,0.07465800642967224,0.037385229021310806,25.57554,3.769999999,0.07463374733924866,0.07465800642967224,0.037385229021310806,0.0,0.023239754715705423
1961,NLD,0.05401207506656647,0.05962354689836502,0.037385229021310806,25.90997,3.599999999,0.10378486751409133,0.10966132551579832,0.08637286484981388,-0.04509283820824742,0.01307616574273705
1962,NLD,-0.05241766944527626,0.01262657716870308,0.037385229021310806,26.50229,3.599999999,-0.05241766944527626,0.01262657716870308,0.037385229021310806,0.0,0.02286069802473709
1963,NLD,0.13271749019622803,-0.033540476113557816,0.037385229021310806,27.38831,3.599999999,0.13271749019622803,-0.033540476113557816,0.037385229021310806,0.0,0.03343182796656448
1964,NLD,0.17242947220802307,0.000939985562581569,0.04026101157069206,28.97433,3.591999999,0.17504067370587273,0.0031692505644551616,0.042577851240759745,-0.002222222222839508,0.05790864788663476
1965,NLD,-0.0708138719201088,-0.052885670214891434,0.047325000166893005,30.65336,3.610999999,-0.07570297090609812,-0.0578691020262736,0.041814289834940066,0.00528953229545926,0.05794888095773055
1966,NLD,-0.14301848411560059,0.007319710683077574,0.06424999982118607,32.4303,3.613999999,-0.14372986888271844,0.006483529406684507,0.06336656041876587,0.0008307947939159414,0.05796884909191043
1967,NLD,0.3305763304233551,0.037672009319067,0.056716665625572205,33.56108,3.595999999,0.337236612390619,0.04286614062411065,0.06200612613351142,-0.004980630881289548,0.034868009238273906
1968,NLD,0.3461647033691406,-0.014909213408827782,0.051908332854509354,34.79465,3.605999999,0.3424315788440646,-0.017641023688540258,0.048991227105351864,0.0027808676314740417,0.03675596852067932
1969,NLD,-0.030795181170105934,-0.02966146729886532,0.0775500014424324,37.37928,3.623999999,-0.03560911239078823,-0.03448102954871102,0.07219793189736712,0.0049916805338302605,0.0742823968627362
1970,NLD,-0.044182926416397095,0.13090357184410095,0.07954999804496765,38.75482,3.596999999,-0.03700831952344952,0.13939242267765128,0.08765337584739141,-0.007450331127883683,0.03679953171917706
1971,NLD,-0.05352688208222389,0.0712258592247963,0.048500001430511475,41.65274,3.258099999,0.04492305492424742,0.18265228683681234,0.1575625380604071,-0.09421740341790859,0.07477573112196106
1972,NLD,0.3085682690143585,0.016836795955896378,0.01926666684448719,44.89822,3.226499999,0.32138424834603985,0.026795588071862664,0.029249256859137374,-0.009698904272336323,0.07791756316631272
1973,NLD,-0.1372591108083725,-0.08628728985786438,0.06435833126306534,48.49615,2.824499999,-0.014468585909160336,0.04375785427638368,0.2158442754369858,-0.12459321249793688,0.08013524812342222
1974,NLD,-0.19212745130062103,0.16156280040740967,0.09204166382551193,53.15632,2.506499999,-0.08963254980894031,0.30893043283387045,0.23058914008127118,-0.11258629849976505,0.09609360743069296
1975,NLD,0.47473058104515076,0.12143894284963608,0.04167500138282776,58.58503,2.688499999,0.3748976013724521,0.045522302464830355,-0.02884195986775484,0.0726112108807545,0.1021272729188176
1976,NLD,0.05432892218232155,0.10412230342626572,0.07280833274126053,63.89136,2.456999999,0.15366841977472956,0.20815336298964016,0.17388897137808668,-0.08610749491765189,0.09057484480250322
1977,NLD,0.0930171087384224,0.11160175502300262,0.037941668182611465,68.02776,2.279999999,0.17786975274348982,0.19789715446395317,0.11851871877423403,-0.07203907206839198,0.06474114809889792
1978,NLD,0.05775785446166992,0.051091283559799194,0.06238333508372307,70.8033,1.968999999,0.22482880057881105,0.21710925682191995,0.23018486752599832,-0.13640350883175598,0.04080010866152277
1979,NLD,0.11091044545173645,0.033699311316013336,0.09031666815280914,73.78444,1.905499999,0.14793107695171326,0.06814691367918013,0.12665102053488075,-0.03224987304837469,0.042104534675643804
1980,NLD,0.18620124459266663,0.025301935151219368,0.10125000029802322,78.61105,2.129499999,0.06142590816931248,-0.08254856195219618,-0.014589398707657186,0.11755444771322719,0.06541501162033624
1981,NLD,-0.005940594244748354,0.05031965672969818,0.11011666804552078,83.91608,2.468499999,-0.14245513290690948,-0.09392112260010066,-0.04233605653211103,0.15919229873641336,0.0674845330268453
1982,NLD,0.24103586375713348,0.36074990034103394,0.08061666786670685,88.8353,2.624499999,0.16726882438968071,0.27986707140825273,0.016384928391973252,0.06319627306590901,0.05862070773563315
1983,NLD,0.6051364541053772,0.02593427337706089,0.052841667085886,91.34314,3.064499999,0.37467143859327723,-0.12136906499239897,-0.09832502688342581,0.16765098120314378,0.02823021929345656
1984,NLD,0.281000018119812,0.16299772262573242,0.0578249990940094,94.33325,3.5495,0.10596550337995869,0.004086919234697506,-0.08671511236349727,0.1582639912410716,0.03273491583494941
1985,NLD,0.33099138736724854,0.09610182046890259,0.06304166465997696,96.43115,2.771999999,0.7043123849799282,0.4035401923369082,0.3612072114256115,-0.2190449361881955,0.02223924226081467
1986,NLD,0.09501466900110245,0.07744600623846054,0.056816671043634415,96.52761,2.192,0.384753951357683,0.3625366460837438,0.3364488189215957,-0.20923520894994055,0.0010002991771848964
1987,NLD,-0.17889662086963654,0.07333189994096756,0.05359166860580444,95.84438,1.7775,0.012578681886783016,0.32362504904112566,0.29928154013160246,-0.18909671532846717,-0.007078078489667306
1988,NLD,0.35225048661231995,0.06234928220510483,0.0481666699051857,96.55976,1.9995,0.20211314826376525,-0.055600975684134135,-0.06820892435285442,0.12489451476793247,0.007463974413523215
1989,NLD,0.2749638259410858,-0.02321000024676323,0.07388333231210709,97.60469,1.9155,0.3308745340481343,0.019624956672720906,0.12097610177920015,-0.04201050262565645,0.010821588620352908
1990,NLD,-0.13129019737243652,-0.0006859201821498573,0.08682499825954437,100.0,1.69,-0.015376552110592967,0.13265450881129692,0.2318421799799748,-0.11772383189767686,0.024540931383522605
1991,NLD,0.1872822344303131,0.1239704117178917,0.09281667321920395,103.1333,1.7104,0.1731214781263033,0.11056477771470807,0.0797826109333808,0.012071005917159748,0.031333000000000055
1992,NLD,0.07923697680234909,0.17519345879554749,0.0935249999165535,106.4167,1.8141,0.01754419553648523,0.10801548532269689,0.031015467646366313,0.060629092609915884,0.03183646794973108
1993,NLD,0.47246772050857544,0.18929064273834229,0.06854166835546494,109.1667,1.9409,0.37627064339976624,0.11159367045784241,-0.0012667110290850436,0.06989691858221708,0.025841808663489847
1994,NLD,0.0228531863540411,-0.08344201743602753,0.05176667124032974,112.225,1.7351,0.14417367840156659,0.025270813416180093,0.17651658821414085,-0.10603328352826007,0.028014953277876755
1995,NLD,0.1981493979692459,0.21404531598091125,0.04372499883174896,114.3833,1.6044,0.29575481202719933,0.31294566676544444,0.1287504646428368,-0.07532707048585098,0.019231900200490187
1996,NLD,0.4032770097255707,0.08544904738664627,0.029975000768899918,116.7583,1.7436,0.2912466359277963,-0.0012075868162793046,-0.05225287265793577,0.08676140613313388,0.020763520548891315
1997,NLD,0.4489929974079132,0.08732344955205917,0.0333416685461998,118.92444872588332,2.0172,0.25246093113247947,-0.060154091493669126,-0.1068141318277046,0.15691672401927037,0.018552417480241813
1998,NLD,0.2228810042142868,0.16239365935325623,0.03454999998211861,121.04649418874945,1.8888,0.30601205087942573,0.24141279629785495,0.10487836719818389,-0.06365258774538958,0.01784364346945485
1999,NLD,0.30649200081825256,-0.0741998553276062,0.029634999111294746,123.51118807967228,2.193619350985467,0.12494544235166383,-0.2028465136981723,-0.11344026690513176,0.16138254499442337,0.020361547085201825
2000,NLD,-0.02127999998629093,0.09303924441337585,0.04391767084598541,126.41182576272665,2.3683073616335304,-0.09347107305120816,0.012415903769307457,-0.033082428108511475,0.07963460505104782,0.023484817271640857
2001,NLD,-0.19217999279499054,0.048151370137929916,0.042617831379175186,132.87465007409344,2.5005219562010668,-0.23489331289653437,-0.007269422350824728,-0.012510376362743658,0.05582661976625445,0.05112515599210967
2002,NLD,-0.328249990940094,0.1222471073269844,0.0331859216094017,137.9923248634356,2.1013731286354536,-0.20065331385325835,0.33541420793578625,0.22943614659228362,-0.1596262038714599,0.03851505751088309
2003,NLD,0.09192100167274475,0.046264663338661194,0.023334670811891556,141.06598303986522,1.7448218527315915,0.31505313732495144,0.26006700657645565,0.23245131041805966,-0.16967537608867778,0.02227412415488655
2004,NLD,0.09735053032636642,0.10227183252573013,0.02106332965195179,143.01670428870295,1.6178768078702004,0.18345301453487228,0.18876046166531824,0.1011800168795911,-0.07275530430952212,0.01382843125465949
2005,NLD,0.3031788468360901,0.06985080987215042,0.02184683084487915,145.14892742764997,1.8680257692633722,0.12866902988953455,-0.0734138459685959,-0.11498957026084455,0.15461558023226254,0.01490890976373477
2006,NLD,0.2013731151819229,-0.007734417915344238,0.030792249366641045,147.547466424047,1.6732801822323462,0.34119555200016327,0.10775092956301746,0.15076154311762857,-0.10425208807896742,0.016524675992473987
2007,NLD,0.08164761960506439,0.012221183627843857,0.04277608171105385,149.88833192265227,1.4969839005502334,0.2090307219594656,0.13142809750839013,0.16558137424969122,-0.10535969023843542,0.01586516905602222
2008,NLD,-0.49461978673934937,0.12287068367004395,0.04634232819080353,153.20625432502325,1.5834662642810944,-0.5222215591367112,0.061544141337952496,-0.010804552582609261,0.05777107135158458,0.022135961884499112
2009,NLD,0.4453493356704712,0.04506802558898926,0.012283580377697945,154.69558759152721,1.529716784673052,0.4961344060982116,0.08178845847775973,0.047852070052534224,-0.033944189920866494,0.009721099657879363
2010,NLD,0.09255631268024445,0.06842563301324844,0.008109582588076591,156.1340324776267,1.6492366412213741,0.013378970570138593,-0.009002963465013503,-0.06494792152284679,0.07813201616524545,0.009298551487439284
2011,NLD,-0.09284577518701553,0.12897846102714539,0.013906000182032585,159.98967543293818,1.7031532575933226,-0.121563499861158,0.0932384603525096,-0.018191158781969752,0.0326918618131231,0.024694442935520654
2012,NLD,0.1257728934288025,0.11316732317209244,0.005731834098696709,164.50008221612043,1.670236471123238,0.14795946795730885,0.13510546888728547,0.02555265624068337,-0.019326966803092243,0.028191861574672954
2013,NLD,0.18546512722969055,-0.029589669778943062,0.0022066670935600996,168.70346243752908,1.5979334348488146,0.23910486354590454,0.014319301506639182,0.047554353940222116,-0.043289101587992214,0.02555245058106563
2014,NLD,0.09625290334224701,0.1813245415687561,0.0020993330981582403,169.24457554916322,1.8150976031628363,-0.03490635200650971,0.039987039314500095,-0.11779508352224333,0.13590313812700736,0.003207480770197628
2015,NLD,0.08113215118646622,-0.0014926785370334983,-0.00019366669584996998,169.6160607261158,2.024166437034996,-0.03053408039147887,-0.10462489014353726,-0.10346004853947122,0.11518324607329866,0.002194960610980786
2016,NLD,0.07750000059604645,0.09969667345285416,-0.002637,169.8026514542655,2.090608101698131,0.04325594803737731,0.06474718791830059,-0.03433421668044434,0.03282421022673356,0.001100077005390366
2017,NLD,0.1632000058889389,0.0016875044675543904,-0.003291,172.0078146051256,1.8374968731760204,0.3234282962362238,0.1396677963266646,0.13400351361350826,-0.12107062453097578,0.01298662377750938
2018,NLD,-0.09260000288486481,0.021764283999800682,-0.003221,174.75592265124388,1.9246375545851526,-0.133683818313324,-0.024497535912805235,-0.04835157591928563,0.04742358078602548,0.01597664648217907
2019,NLD,0.33379998803138733,0.0654316172003746,-0.003563,179.42092087767927,1.9616432259213097,0.3086383463357736,0.0453326452077738,-0.022360414148471452,0.019227345558126906,0.02669436409171213
2020,NLD,0.16329999268054962,0.03807523101568222,-0.004252000000000001,181.42432557055935,1.7958683073914103,0.2706831235697902,0.13389898164442182,0.08766456364607422,-0.08450819004156127,0.011165948112850837
1870,NOR,,0.03549620509147644,0.03999999910593033,2.5387738437292033,3.2100666666666666,,,,,
1871,NOR,,0.16785824298858643,0.03500000014901161,2.564182239398749,3.2762266666666666,,0.14427455687118562,0.014099248468259384,0.020610163859525243,0.010008136696501998
1872,NOR,,0.059397608041763306,0.029999999329447746,2.722436778324087,3.3188466666666665,,0.04579302470616464,0.016772934514334814,0.013008867925296137,0.0617173524150318
1873,NOR,,0.03100649267435074,0.0333000011742115,2.8348204364014866,3.2574199999999998,,0.050448656152402904,0.052785414396576025,-0.01850843767011434,0.041280539174387065
1874,NOR,,0.06674458086490631,0.03999999910593033,2.981607255114828,3.36405,,0.0329320707483427,0.0070352096691901345,0.03273449539819871,0.05177993527507936
1875,NOR,,0.03855685144662857,0.0471000000834465,2.924268654054925,3.2395808333333336,,0.07845963902501718,0.08733102722313668,-0.03699979687182611,-0.019230769230770006
1876,NOR,,0.019283507019281387,0.04919999837875366,2.8439946125710778,3.35608,,-0.01609874822041002,0.012779255882212182,0.035961185307667023,-0.02745098039215225
1877,NOR,,0.041450776159763336,0.0478999987244606,2.8669300529950394,3.5854,,-0.025159781097155443,-0.019123046879235828,0.06832971800433839,0.008064516129032738
1878,NOR,,0.0260416679084301,0.05000000074505806,2.7293174104512725,3.7300799999999996,,-0.01375579180101083,0.009273260270914019,0.04035254086015499,-0.04800000000000176
1879,NOR,,0.1375979781150818,0.04580000042915344,2.557301607271564,3.73272,,0.1367934016501382,0.045060348914672366,0.000707759619096754,-0.063025210084036
1880,NOR,,0.06310679763555527,0.03669999912381172,2.651336913009798,3.739968,,0.06104651314401344,0.03469089059837782,0.0019417475728155723,0.036771300448429425
1881,NOR,0.0748971477150917,0.0379757322371006,0.03500000014901161,2.655924001094594,3.7674,0.06707037631940249,0.030417800961757502,0.027463736411662998,0.007334822116124971,0.0017301038062297919
1882,NOR,0.020856287330389023,0.03780936822295189,0.03959999978542328,2.665098177264185,3.722089,0.03328372236357269,0.05044318226757838,0.05225561215532548,-0.012027127461910038,0.0034542314335087045
1883,NOR,0.07385364174842834,0.057747844606637955,0.03500000014901161,2.688033617688146,3.740468,0.0685772014522692,0.052550541051033406,0.029914469407206434,0.004937818520728527,0.008605851979346144
1884,NOR,0.0482194721698761,0.07270190119743347,0.03500000014901161,2.584824135780321,3.7553799999999997,0.04405716402289839,0.06844237732750402,0.030890184364131823,0.003986666909060528,-0.038395904436861396
1885,NOR,0.04606567695736885,0.05266348272562027,0.03500000014901161,2.474734021745311,3.7412030000000005,0.05002966209857185,0.056652469742523914,0.03892205276206484,-0.0037751172983823793,-0.042590949423247815
1886,NOR,0.005631010048091412,0.05051948502659798,0.03500000014901161,2.3761116279222816,3.729341,0.008829643544248311,0.053860896319205986,0.038292048262007494,-0.0031706378937471995,-0.039851714550509905
1887,NOR,-0.008618170395493507,0.044257424771785736,0.030799999833106995,2.3233601149471745,3.736593,-0.010542249637811807,0.04223072428702723,0.028799417591800713,0.0019445794846865059,-0.022200772200771563
1888,NOR,0.0784548968076706,0.04338452219963074,0.029999999329447746,2.34170846728634,3.732354,0.07967974587278293,0.04456954028462601,0.031169816018099983,-0.0011344559067578684,0.00789733464955458
1889,NOR,0.2034824788570404,0.05418900400400162,0.02539999969303608,2.3761116279222816,3.72801,0.20488481626712107,0.05541737974156491,0.02659482953487302,-0.001163876738380155,0.014691478942214058
1890,NOR,0.1116640567779541,0.03646889701485634,0.029600000008940697,2.410514788558223,3.739626,0.10821101369730024,0.03324942461100511,0.026401863724696106,0.003115871470301869,0.014478764478765005
1891,NOR,0.0033503049053251743,0.002751281950622797,0.03880000114440918,2.525191990678029,3.731398,0.005562764232569517,0.004962420389323041,0.041090629592356986,-0.002200220022002174,0.04757373929591049
1892,NOR,-0.03715863451361656,0.050385117530822754,0.043299999088048935,2.4862017419572915,3.718224,-0.03374720148835564,0.05410672589501786,0.046996504244270376,-0.0035305802275714883,-0.015440508628521473
1893,NOR,-0.024247007444500923,0.03148813173174858,0.03999999910593033,2.357763275583116,3.729584,-0.02721906920673245,0.028346305411045547,0.03683224635124138,0.0030552220630063747,-0.05166051660516521
1894,NOR,0.04417264461517334,0.07716841250658035,0.033799998462200165,2.2935440423960283,3.7146,0.048384641305776244,0.08151350793892798,0.037970153842848964,-0.0040176062531371085,-0.02723735408560274
1895,NOR,0.0631561130285263,0.03868473693728447,0.028300000354647636,2.2935440423960283,3.7134899999999997,0.06347390122385255,0.03899521038894327,0.028607369702725594,-0.00029882086900343685,0.0
1896,NOR,0.11728785187005997,0.04345668852329254,0.029999999329447746,2.3394149232439503,3.7303010000000008,0.11225267479513001,0.03875423947406942,0.025358194287782743,0.004527008286006161,0.020000000000000632
1897,NOR,0.08386531472206116,0.03141774982213974,0.03629999980330467,2.2981311304808236,3.7316399999999996,0.08347639841276777,0.03104765292988576,0.03592815104518876,0.00035895226685430173,-0.01764705882352861
1898,NOR,0.040412865579128265,0.014922679401934147,0.03290000185370445,2.362350363667911,3.762912,0.031766426031142325,0.0064880782126803815,0.024315998598255062,0.00838022960414199,0.02794411177644648
1899,NOR,-0.008733035065233707,-0.01121657807379961,0.05000000074505806,2.4884952859996807,3.7645359999999997,-0.00916066214890443,-0.011643133770758762,0.0495470365547277,0.0004315806481787578,0.0533980582524221
1900,NOR,0.0013829410308972,0.027005011215806007,0.05380000174045563,2.5939983119499117,3.7378080000000002,0.008543545119676699,0.03434883142802003,0.06133542529525515,-0.007099945385035346,0.04239631336406097
1901,NOR,0.017377113923430443,0.08770422637462616,0.046300001442432404,2.543540343017194,3.722328,0.021608067703842826,0.09222764865882027,0.05065123648199066,-0.0041414647301306435,-0.019451812555262803
1902,NOR,0.014985128305852413,0.06878428161144257,0.03579999879002571,2.566475783441155,3.732354,0.012258634276509417,0.06591327012447312,0.033017591015235714,0.0026934756958548168,0.009017132551848888
1903,NOR,-0.03758150711655617,0.018729155883193016,0.042100001126527786,2.6261079285434477,3.7398640000000003,-0.03951413431411077,0.01668345155793327,0.04000736593753129,0.002012134968976777,0.02323503127792509
1904,NOR,0.007477966137230396,0.012218638323247433,0.03750000149011612,2.614640208331467,3.723902,0.011796383564832702,0.016557375998115464,0.04194710429351578,-0.004268069641035202,-0.004366812227074508
1905,NOR,0.10825368016958237,0.034275513142347336,0.0333000011742115,2.6926207057729243,3.7357520000000006,0.10473824174914914,0.03099473732244884,0.030022319729106073,0.0031821460392891126,0.02982456140350599
1906,NOR,0.16172580420970917,0.03870648890733719,0.03669999912381172,2.674272353433759,3.765447,0.15256422319263296,0.030515060588706566,0.028524394348606874,0.00794886812614953,-0.006814310051106319
1907,NOR,0.06240817531943321,-0.02424251101911068,0.03629999980330467,2.740785130663253,3.780546,0.0581650577805517,-0.02813955719342598,0.03216115485947091,0.004009882492038846,0.024871355060037834
1908,NOR,0.037951331585645676,0.0683213472366333,0.03790000081062317,2.733904498536068,3.7400999999999995,0.04917589230790265,0.07987433384403242,0.049124006434212664,-0.010698454667659287,-0.0025104602510449144
1909,NOR,0.07810041308403015,0.056047409772872925,0.03500000014901161,2.6582175451369996,3.736692,0.07908368015763156,0.05701056369952928,0.03594395806700623,-0.0009112055827382722,-0.027684563758389
1910,NOR,0.08569956570863724,0.0051358602941036224,0.03500000014901161,2.7545463949176234,3.7378080000000002,0.08537540761508877,0.004835756163530824,0.03469097946090627,0.00029865988419706973,0.03623813632441405
1911,NOR,0.0939556285738945,0.01522624772042036,0.03629999980330467,2.811115857000527,3.745797,0.09162245047676931,0.013060982893458695,0.03408978907954441,0.002137348948902619,0.020536761401906006
1912,NOR,0.009023708291351795,-0.011715211905539036,0.043800000101327896,2.9851797200549703,3.742155,0.010005726498934608,-0.010753377561894872,0.044815863848385096,-0.0009722897423432571,0.061919846747323405
1913,NOR,0.03615977615118027,0.027203302830457687,0.04500000178813934,3.098320795854983,3.7423879999999996,0.03609526514167416,0.02713934944840335,0.04493494038872892,0.00006226358876094273,0.037900926044723775
1914,NOR,0.021543974056839943,0.011808497831225395,0.03790000081062317,3.133132280261626,3.920124,-0.024772198536926804,-0.03406627428581266,-0.009157743930124251,0.047492670455335034,0.011235597183227414
1915,NOR,0.18114539980888367,-0.09621183574199677,0.04170000180602074,3.585696597343195,3.69,0.2548066204011925,-0.03984778492581553,0.10666481785361115,-0.05870324510143046,0.14444468876487343
1916,NOR,0.3269088864326477,0.054292477667331696,0.04039999842643738,4.273245399217899,3.64,0.3451356568506785,0.06877451719572902,0.054691207196031266,-0.013550135501354966,0.19174762370696397
1917,NOR,0.22470133006572723,0.025614140555262566,0.04540000110864639,5.3089197755672695,3.06,0.4568342619082506,0.22001159203305742,0.24354771373708273,-0.15934065934065936,0.24236248555697795
1918,NOR,-0.052890270948410034,0.03087826818227768,0.05000000074505806,7.458595981906627,3.57,-0.18819166081292282,-0.11639005584376194,-0.09999999936137871,0.1666666666666666,0.4049178170355117
1919,NOR,-0.11855985969305038,-0.03607730567455292,0.04670000076293945,7.976434245898413,4.88,-0.3551759629311865,-0.2948352420610971,-0.234278892884489,0.3669467787114846,0.06942838373977886
1920,NOR,-0.19659313559532166,-0.07522138208150864,0.055799998342990875,9.294960235930711,6.81,-0.4242840677981159,-0.33730988906868753,-0.2434208528760946,0.3954918032786885,0.16530268405463275
1921,NOR,-0.26902467012405396,0.08229251950979233,0.054999999701976776,8.587321415204348,6.6,-0.24576636417345576,0.11672909967601286,0.08856818151067603,-0.03083700440528634,-0.07613145218103305
1922,NOR,0.05757308006286621,0.12024885416030884,0.03959999978542328,7.155142558951256,5.3,0.3169777978141355,0.3950268749920829,0.29459622614788583,-0.19696969696969696,-0.16677829872739333
1923,NOR,0.12086549401283264,0.004473061766475439,0.043299999088048935,6.763583001402898,6.71,-0.11466659936393253,-0.20660100933497472,-0.1759329366368616,0.26603773584905666,-0.0547242146920619
1924,NOR,0.20681867003440857,0.03838120773434639,0.05130000039935112,7.3993695372186945,6.65,0.21770725953847836,0.04775006073646071,0.06078541393678871,-0.008941877794336752,0.09400143913128917
1925,NOR,-0.03715341538190842,0.09072430431842804,0.03999999910593033,7.5356411120490785,4.93,0.2987687196166957,0.47126097844169323,0.4028397553862957,-0.25864661654135346,0.018416646735230677
1926,NOR,-0.04403366893529892,0.09469062834978104,0.03830000013113022,6.380872247414962,3.965,0.18862900684715678,0.36111596412721836,0.291001008990283,-0.19574036511156184,-0.15324095819633762
1927,NOR,0.026901686564087868,0.0148223377764225,0.030799999833106995,5.771189682102398,3.758,0.08346598915024162,0.07072127974548015,0.08757903122359467,-0.052206809583858725,-0.09554846761891535
1928,NOR,0.10436251759529114,0.08460476994514465,0.03999999910593033,5.378745244198026,3.75,0.10671849096616115,0.08691859345436104,0.042218665770689556,-0.002128791910590742,-0.06800061330879843
1929,NOR,0.08305645734071732,0.05670691654086113,0.03920000046491623,5.140712428422862,3.73,0.08886373057042629,0.062372905369498355,0.044772118429875496,-0.005333333333333338,-0.044254339063915696
1930,NOR,-0.05877809599041939,0.09857284277677536,0.032499998807907104,4.9978042509221705,3.74,-0.06129473209739689,0.0956354822345915,0.029739303623928626,0.002680965147453145,-0.027799294259401912
1931,NOR,-0.12324565649032593,-0.01460155937820673,0.0333000011742115,4.7310128235756626,5.433,-0.39645476813433067,-0.32166571545637634,-0.2886909618274339,0.4526737967914437,-0.05338172804532729
1932,NOR,0.029523812234401703,0.13267989456653595,0.032099999487400055,4.63102134334298,5.95,-0.05993229044210013,0.03426048187898978,-0.05757995004789174,0.09515921222160875,-0.021135322173383892
1933,NOR,0.22137600183486938,0.020800460129976273,0.02669999934732914,4.564212876461854,3.92,0.8538742884993553,0.5494292698401424,0.5583839275807674,-0.3411764705882353,-0.014426292156299978
1934,NOR,0.1166360080242157,0.12095054984092712,0.02500000037252903,4.5752738809123725,4.045,0.08212933286895563,0.08631054521049042,-0.006674906931937397,0.03188775510204082,0.0024234199302056313
1935,NOR,0.3199999928474426,0.03027871437370777,0.02500000037252903,4.676150241501103,4.058,0.3157713087895282,0.02697816649621676,0.021716363111601744,0.0032138442521631398,0.02204815781839375
1936,NOR,0.3531706929206848,0.031275659799575806,0.02539999969303608,4.797821290456807,4.073,0.3481872506437853,0.02747768904165926,0.021623667752108888,0.003696402168556079,0.02601949096414097
1937,NOR,0.12493059039115906,0.08826276659965515,0.029999999329447746,5.139385107888798,4.001,0.14517428009577382,0.10784660043998895,0.04853536547584114,-0.017677387674932495,0.07119144227222154
1938,NOR,0.01714663952589035,0.07006458938121796,0.02500000037252903,5.30928213624877,4.278,-0.04871348650231688,0.0007780322847719123,-0.041368629852620464,0.06923269182704304,0.033057851239671684
1939,NOR,0.037782493978738785,-0.12682533264160156,0.02630000002682209,5.376533043307913,4.4,0.009007615736601027,-0.1510360847819936,-0.002156499973921755,0.028517999064983823,0.012666666666665131
1940,NOR,0.15718065202236176,0.13847941160202026,0.02329999953508377,6.273801724333958,4.393432336331311,0.15891050074759394,0.1401813041763742,0.024829712459882858,-0.0014926508337930289,0.1668861092824234
1941,NOR,0.21721936762332916,0.16395454108715057,0.019999999552965164,7.353798198882558,4.387872451646628,0.21876170947453977,0.1654293909370428,0.021292444225955443,-0.001265499103902312,0.1721438645980249
1942,NOR,0.2305046021938324,0.023012449964880943,0.019999999552965164,7.795353496547248,4.3805541035023525,0.23256033780608942,0.024721539976755302,0.0217040568314546,-0.0016678579938050491,0.06004452199025351
1943,NOR,0.06493221968412399,0.057219117879867554,0.019999999552965164,7.986045213274175,4.3805541035023525,0.06493221968412399,0.057219117879867554,0.019999999552965164,0.0,0.024462228276291624
1944,NOR,-0.02272319234907627,0.021050767973065376,0.019999999552965164,8.084266932794776,4.3805541035023525,-0.02272319234907627,0.021050767973065376,0.019999999552965164,0.0,0.01229916897506912
1945,NOR,-0.10638986527919769,0.07674066722393036,0.019999999552965164,8.230272191541628,4.717937169237699,-0.17029256597433917,-0.00025782899992410346,-0.052940930890759685,0.0770183537889877,0.01806042031523782
1946,NOR,-0.026080334559082985,0.05255947262048721,0.014999999664723873,8.435564434143236,7.0,-0.34358688722353614,-0.2905843630415105,-0.3158991106865068,0.4836992840095465,0.024943554456508744
1947,NOR,0.09097979217767715,0.01990666799247265,0.014999999664723873,8.477596251055214,8.0,-0.04539268184453249,-0.10758166550658643,-0.11187500029336661,0.14285714285714285,0.00498269170250808
1948,NOR,0.1096983402967453,0.035461824387311935,0.014999999664723873,8.420079027912509,9.25,-0.040260894878490494,-0.10446544917854095,-0.12216216245213063,0.15625,-0.006784614581703605
1949,NOR,-0.04050028696656227,0.020034566521644592,0.014999999664723873,8.430570006201124,9.2,-0.03528561461311952,0.025578232644045018,0.020516304010727904,-0.005405405405405482,0.001245947722561488
1950,NOR,0.1817142814397812,-0.009365413337945938,0.014999999664723873,8.8719911203569,9.7,0.12080117414907088,-0.0604290518256807,-0.037319587946859856,0.05434782608695653,0.05235958112335087
1951,NOR,0.1237768679857254,0.006240263115614653,0.014999999664723873,10.277659395564646,8.8,0.23870859312062898,0.10915119911607496,0.11880681781225233,-0.09278350515463904,0.15843887309382226
1952,NOR,-0.020789096131920815,0.035147860646247864,0.014999999664723873,11.20292391276909,7.79,0.1061689286314631,0.169358302142103,0.1465982024453878,-0.11477272727272735,0.09002677376171325
1953,NOR,-0.01151568628847599,0.01682295650243759,0.014999999664723873,11.428793937415044,7.79,-0.01151568628847599,0.01682295650243759,0.014999999664723873,0.0,0.020161702998670435
1954,NOR,0.29333731532096863,0.010689872317016125,0.014999999664723873,11.935568307432838,7.93,0.2705041218600688,-0.007153328455289265,-0.0029192941502901304,0.01797175866495503,0.044341894060994515
1955,NOR,0.08790908753871918,-0.08263380825519562,0.01899999938905239,12.037611110445468,7.64,0.12920406599241407,-0.04781231668373043,0.05767931873758991,-0.036569987389659525,0.00854947166186321
1956,NOR,0.17781993746757507,0.04190266504883766,0.021400000900030136,12.49164425643427,7.52,0.19661493646971717,0.05852877140599988,0.03769893708460503,-0.015706806282722526,0.03771787789313292
1957,NOR,-0.11735989898443222,0.014509806409478188,0.02160000056028366,12.835608760971233,7.45,-0.10906663629032631,0.024042113315338787,0.03119892674004454,-0.009308510638297792,0.02753556677374892
1958,NOR,-0.03446025028824806,0.05939178541302681,0.0215000007301569,13.461624159228519,7.149999999,0.006051907183021399,0.10384179054977483,0.06436014076979402,-0.0402684565100671,0.048771773112997005
1959,NOR,0.13141898810863495,0.05356393754482269,0.0215000007301569,13.75628708478186,7.154999999,0.1306283389204681,0.05282769440178137,0.020786164251559436,0.0006993006993984887,0.021889106549697963
1960,NOR,0.10148824751377106,0.04405956342816353,0.021900000050663948,13.799855922023216,7.147499999,0.10264405889642347,0.045155113862134444,0.022972298057162943,-0.001048218029496646,0.0031671945324225357
1961,NOR,0.08807653188705444,0.02832036465406418,0.022700000554323196,14.155285910044743,7.134999999,0.08998276267198713,0.0301219069890295,0.024491696420997577,-0.001748863239139425,0.02575606513791897
1962,NOR,-0.1903095245361328,0.05300138518214226,0.023900000378489494,14.897102691496144,7.149999999,-0.1920081758834975,0.050792291366765774,0.021751958419353068,0.0021023125440929056,0.052405637453426517
1963,NOR,0.10737397521734238,0.06750953942537308,0.024399999529123306,15.288075678319835,7.162499999,0.10544138538248737,0.06564652103170054,0.02261221593458207,0.0017482517484961595,0.02624490110059278
1964,NOR,0.029817616567015648,0.0382368229329586,0.024900000542402267,16.149133488010712,7.159999999,0.030177189757208067,0.0385993357901786,0.025257856687892932,-0.00034904013966471806,0.05632218389080523
1965,NOR,-0.029921719804406166,0.034422725439071655,0.02590000070631504,16.835915948736158,7.149999999,-0.028564966964782057,0.03586947050981815,0.027334825882328717,-0.0013966480448877703,0.04252751153709398
1966,NOR,-0.0857221782207489,0.047920819371938705,0.02630000002682209,17.391991897737572,7.154999999,-0.08636108655192076,0.0471885197077051,0.025582809251021743,0.0006993006993984887,0.033029147371287385
1967,NOR,-0.03389856964349747,0.05902186781167984,0.027499999850988388,18.155593097809653,7.149999999,-0.033222974237559266,0.0597624425445189,0.028218531319516238,-0.0006988120196643893,0.043905333245435434
1968,NOR,0.14181335270404816,0.05072949454188347,0.02810000069439411,18.79651362459685,7.149999999,0.14181335270404816,0.05072949454188347,0.02810000069439411,0.0,0.03530154720555623
1969,NOR,0.21763259172439575,-0.04836420714855194,0.03480000048875809,19.374263177498296,7.149999999,0.21763259172439575,-0.04836420714855194,0.03480000048875809,0.0,0.030737059246210934
1970,NOR,0.3628723919391632,0.0567249096930027,0.03840000182390213,21.425993343666335,7.139999999,0.36478117680209055,0.05820491656953086,0.039854343563355155,-0.0013986013987971016,0.10589977783263334
1971,NOR,-0.18755298852920532,0.05064783990383148,0.03819999843835831,22.76272663374549,6.709999999,-0.1354885749696665,0.11797698613721086,0.1047314439517748,-0.060224089644289054,0.06238839285714159
1972,NOR,0.16951382160186768,0.07403770089149475,0.038100000470876694,24.405545543019826,6.639999999,0.18184303357844311,0.08536038749898389,0.04904382577869382,-0.010432190761614378,0.07217144658051972
1973,NOR,0.43881869316101074,0.03943103179335594,0.040300000458955765,26.222928906991566,5.727499999,0.6680499559700293,0.20503222195957838,0.2060396339088968,-0.13742469881587716,0.07446600039192834
1974,NOR,-0.32542476058006287,-0.034527488052845,0.04439999908208847,28.693135505653057,5.204999999,-0.2577080338433416,0.062390742031555924,0.14924130544620628,-0.09122653864534727,0.0942002553346695
1975,NOR,-0.11795850098133087,0.06705208122730255,0.04670000076293945,32.04572955340082,5.584999999,-0.17797206762181572,-0.005549492799371891,-0.02451683009849903,0.07300672431758053,0.11684307025585407
1976,NOR,0.12048246711492538,0.07990678399801254,0.04859999939799309,34.98462975645507,5.184999999,0.2069227731771066,0.16321685413928821,0.12949488847033463,-0.07162041183019156,0.09170957391239562
1977,NOR,-0.21684470772743225,-0.010584969073534012,0.05090000107884407,38.15548546780574,5.139499999,-0.2099114329331262,-0.0018256765517100648,0.06020362011929392,-0.008775313405742691,0.090635680109366
1978,NOR,0.0947144478559494,0.09266217052936554,0.0632999986410141,41.26655883165717,5.022499999,0.12021600891610817,0.11811592343676014,0.08806975471184897,-0.022764860399409448,0.08153672599648736
1979,NOR,0.6134979724884033,-0.04719572141766548,0.06870000064373016,43.23613163680921,4.925999999,0.6451062864097876,-0.02853035136044657,0.08963575989729389,-0.01921353907799171,0.04772806022393864
1980,NOR,-0.04689003899693489,0.09093526750802994,0.07129999995231628,47.94722993187474,5.179999999,-0.09362554674626189,0.03744153044228993,0.018769073303586792,0.05156313439942401,0.1089620675281393
1981,NOR,0.20941348373889923,-0.061702996492385864,0.07590000331401825,54.50023429333523,5.807499999,0.07873643489226345,-0.1630859271514321,-0.04035092259141404,0.12113899616238213,0.13667117726657524
1982,NOR,-0.12114652991294861,0.14721937477588654,0.08060000091791153,60.68197383123667,7.053999999,-0.2764471892011271,-0.05550375406744579,-0.11035093491071457,0.21463624627027747,0.11342592592592567
1983,NOR,0.9280383586883545,0.19336993992328644,0.08380000293254852,65.7859640269617,7.72218,0.7612102515429084,0.09011076600461188,-0.009978371444022471,0.0947235612552769,0.08411048411048379
1984,NOR,0.3228360414505005,0.14599138498306274,0.08720000088214874,69.91673575316301,9.087,0.12415296825885602,-0.026130543271871143,-0.07609176815097274,0.1767402469250911,0.06279107994082694
1985,NOR,0.3579067587852478,0.07075813412666321,0.08980000019073486,73.87809537540998,7.5825,0.6273390988567815,0.28321518823725533,0.30603529201888646,-0.16556619346318918,0.056658246120532926
1986,NOR,-0.06622618436813354,0.14048552513122559,0.094200000166893,79.18754280359015,7.4,-0.04319730310423964,0.16861236409561053,0.12118533800884679,-0.024068578964721296,0.07186768149883019
1987,NOR,-0.10823144018650055,0.15164756774902344,0.10890000313520432,86.09739393720936,6.2325,0.05881866708702721,0.36737938248580404,0.31662415133582233,-0.15777027027027032,0.08725931995083877
1988,NOR,0.33755502104759216,0.21263550221920013,0.11140000075101852,91.86461449735067,6.57,0.26884500284309243,0.15034258258465205,0.05430753495901408,0.05415162454873652,0.06698484467889158
1989,NOR,0.5978066325187683,0.15526416897773743,0.09300000220537186,96.04945391630316,6.615,0.586937199644491,0.1474052290527188,0.08556462804070941,0.00684931506849314,0.04555442203562701
1990,NOR,-0.07799999415874481,0.12392409145832062,0.08950000256299973,100.0,5.9075,0.03242150463646265,0.25852862716831004,0.21998180566301206,-0.10695389266817845,0.04113033362104603
1991,NOR,-0.11708487570285797,0.1519794464111328,0.08699999749660492,103.42068269473393,5.973,-0.12676693507695191,0.13934682398690224,0.07507994060123768,0.011087600507829051,0.034206826947339265
1992,NOR,-0.047744039446115494,0.1383606344461441,0.08649999648332596,105.84291532999312,6.9245,-0.17859414363660164,-0.018062232717623194,-0.06279666705250841,0.15930018416206265,0.023421162693432206
1993,NOR,0.5936322808265686,0.3273673355579376,0.06419999897480011,108.2471254010021,7.518,0.4678247843287542,0.22257982376575414,-0.019812065323090766,0.08571015957830885,0.02271488897970373
1994,NOR,0.1140637993812561,-0.10257603973150253,0.04039999842643738,109.76102079803921,6.762,0.2386175160822661,-0.002242926161111547,0.1567180106728714,-0.10055865921787713,0.013985548266791228
1995,NOR,0.16798806190490723,0.19415044784545898,0.04019999876618385,112.45719640990521,6.319,0.24987106735258457,0.2778675942919755,0.11312429049801143,-0.06551316178645365,0.02456405372565705
1996,NOR,0.33442699909210205,0.09554737061262131,0.03709999844431877,113.87376995998994,6.4425,0.3088465979453616,0.07454619090433123,0.017219230138866948,0.019544231682228193,0.012596557581974036
1997,NOR,0.3677644729614258,0.1126122772693634,0.027699999511241913,116.81144793281189,7.3157,0.20450847042032683,-0.020188827274509213,-0.0949659982160046,0.13553744664338374,0.025797670296277282
1998,NOR,-0.26890257000923157,0.06513593345880508,0.040699999779462814,119.71786190682019,7.6,-0.29625138571270204,0.025291440579549906,0.001769603735080949,0.03886162636521454,0.024881242596017008
1999,NOR,0.47664692997932434,-0.004694001283496618,0.050599999725818634,122.51104591931161,8.0395,0.3959222175312971,-0.05910497042783447,-0.0068337585774960186,0.057828947368421146,0.023331389050912366
2000,NOR,0.04273340106010437,0.0742870643734932,0.048900000751018524,126.29181999336255,8.8485,-0.05260155079135331,-0.023932773460959567,-0.046998750518413956,0.10062814851669871,0.030860679097793657
2001,NOR,-0.14612595736980438,0.03836620971560478,0.05810000002384186,130.10252103897594,9.0116,-0.1615801338038434,0.019572928965835956,0.038949559480110585,0.01843250268407075,0.030173775671406604
2002,NOR,-0.31086254119873047,0.10205128788948059,0.05559999868273735,131.77843144647073,6.9657,-0.10845555741224566,0.4257354445274477,0.36564091880634475,-0.22702960628523233,0.012881459898788049
2003,NOR,0.4839857518672943,0.15575510263442993,0.03709999844431877,135.0404713467732,6.68,0.5474550227218582,0.20518612551207327,0.08145620646161555,-0.04101526049069014,0.024753974261922496
2004,NOR,0.3844534158706665,0.09490718692541122,0.013799999840557575,135.6689377495839,6.04,0.5311504665589488,0.21092384249366658,0.12122251637995429,-0.09580838323353288,0.004653911501810921
2005,NOR,0.4047739803791046,0.0724172368645668,0.013799999840557575,137.73389878738996,6.77,0.2532990903234553,-0.04322007228035685,-0.0955166914273311,0.1208609271523178,0.01522058823529331
2006,NOR,0.32435116171836853,-0.005389324855059385,0.02019999921321869,140.94606040175506,6.26,0.43224558543663827,0.07564125730531113,0.10331533461237874,-0.07533234859675034,0.02332150358513765
2007,NOR,0.11461077630519867,0.011821378022432327,0.034699998795986176,141.9735530920645,5.41,0.28973446574316886,0.17079516200007872,0.1972683904737289,-0.13578274760383383,0.007289970981669491
2008,NOR,-0.540614902973175,0.12445572018623352,0.049800001084804535,147.320505344548,7.0,-0.6449609464406967,-0.13095636482749662,-0.18865457059017243,0.2939001848428835,0.03766160764474358
2009,NOR,0.6478179693222046,0.018877530470490456,0.024299999698996544,150.51271564453825,5.78,0.9956272984870989,0.23393472548329286,0.2405017297392691,-0.17428571428571424,0.02166847237269803
2010,NOR,0.18347463011741638,0.08190334588289261,0.020899999886751175,154.1239035464022,5.86,0.16731797987690555,0.06713333433500335,0.006962798523109548,0.013840830449827002,0.023992576882290798
2011,NOR,-0.1245565339922905,0.1530110388994217,0.023600000888109207,156.12901064108354,5.99,-0.14355614176875164,0.12798742703682997,0.0013849758270985113,0.022184300341296908,0.013009708737863989
2012,NOR,0.1536303460597992,0.061673354357481,0.024000000208616257,157.23630858889268,5.57,0.24061863068190248,0.14172771859987643,0.10121364474858385,-0.0701168614357262,0.0070921985815605455
2013,NOR,0.23592065274715424,-0.04839929938316345,0.022600000724196434,160.58812940388233,6.08,0.13224967694106082,-0.12822106867832572,-0.06317730196812921,0.09156193895870732,0.021317091739626523
2014,NOR,0.0495208241045475,0.159510999917984,0.021299999207258224,163.8401936469973,7.43,-0.1411727307462114,-0.05116731096886362,-0.1642659495046931,0.22203947368421045,0.02025096285252795
2015,NOR,0.05940559506416321,0.025012098252773285,0.014100000262260437,167.40150326292397,8.81,-0.1065398897472496,-0.1355459829718384,-0.14474880795135148,0.1857335127860028,0.02173648319532445
2016,NOR,0.18199999630451202,-0.0010549057042226195,0.0076,173.3370192894678,8.62,0.20805336049219858,0.020963605654965134,0.0298092807424597,-0.021566401816118193,0.03545676658124989
2017,NOR,0.1860000044107437,0.022426709532737732,0.0072,176.54375414632295,8.21,0.24522777564197407,0.07348577785288635,0.05749866017052363,-0.04756380510440817,0.01849999999999997
2018,NOR,-0.00019999999494757503,-0.004146312363445759,0.0073,181.42813134443008,8.69,-0.05542485615172832,-0.05915319039170186,-0.048339125431530405,0.05846528623629703,0.027666666667000087
2019,NOR,0.14720000326633453,0.02333327755331993,0.009300000000000001,185.37419320117144,8.78,0.13544054992989163,0.012843528694572948,-0.0010458997722093688,0.010356731875719201,0.021749999999999988
2020,NOR,0.03460000082850456,0.0400049053132534,0.006,187.7377141644864,8.53,0.0649223924119895,0.07048570558620937,0.03548417350527555,-0.028473804100227793,0.0127500000000001
1870,PRT,,,,0.0441201020724524,0.8029337734766079,,,,,
1871,PRT,0.18433696031570435,0.2805124819278717,,0.04292766688130504,0.824066922450782,0.1539647068784029,0.24767381275353983,,0.02631991538065467,-0.02702702702702699
1872,PRT,0.17882004380226135,0.17994758486747742,,0.04292766688130504,0.8227406961608978,0.180720256275557,0.18184961489350937,,-0.001609367217337027,0.0
1873,PRT,0.09936778992414474,0.09969811141490936,,0.0566406715794997,0.8070440668217268,0.12074997884701388,0.12108672493615735,,-0.019078464712412084,0.31944444444444436
1874,PRT,0.11990129202604294,0.08109602332115173,,0.04650497245474712,0.8314220452644336,0.08706486471398245,0.049397398415629956,,0.030206502277764526,-0.1789473684210527
1875,PRT,0.09372056275606155,0.18708540499210358,,0.0471011900503208,0.8061864709908249,0.12795664521237193,0.22424403142002847,,-0.030352303523035182,0.012820512820512728
1876,PRT,0.022962968796491623,0.0009615389280952513,,0.047697407645894474,0.8399799798697856,-0.01819218846598425,-0.0393084716244283,,0.04191773255314937,0.012658227848101177
1877,PRT,0.0028789089992642403,0.07141069322824478,,0.05425580119720497,0.89924534144125,-0.06321649168302024,0.0007986597825828667,,0.07055568345885078,0.13750000000000007
1878,PRT,-0.03401527926325798,0.050505053251981735,,0.05365958360163129,0.934044079724887,-0.07000399779655353,0.011367445929936437,,0.0386977131600859,-0.010989010989010912
1879,PRT,0.09710760414600372,0.10204081237316132,,0.05127471321933656,0.9282511084471038,0.10395436444784445,0.10891835953138962,,-0.006202032006336875,-0.044444444444444516
1880,PRT,0.1431676149368286,0.05098036304116249,0.05770000070333481,0.04769740764589448,0.929828506556815,0.14122829986725538,0.0491974380971385,0.055905676298365625,0.0016993226244029155,-0.06976744186046503
1881,PRT,0.2178405374288559,0.13932812213897705,0.05040000006556511,0.04888984283704184,0.944358144404678,0.19910317378125075,0.12179872918287482,0.034238831035812156,0.015626147989016494,0.024999999999999967
1882,PRT,0.01651339791715145,0.006404361687600613,0.056299999356269836,0.049486060432615525,0.9365640916856558,0.02497278588994778,0.014779622624125688,0.06509048999665734,-0.00825328056437273,0.012195121951219568
1883,PRT,0.041455160826444626,0.057315994054079056,0.057999998331069946,0.0471011900503208,0.9394380608333982,0.038269096597455254,0.054081407684829275,0.05476331942664303,0.0030686305115219087,-0.04819277108433743
1884,PRT,-0.038838859647512436,0.0009160685585811734,0.05900000035762787,0.043523884476878716,0.9386523124755322,-0.038034269089710526,0.0017539380729678644,0.059886492086462795,-0.000836402516169069,-0.0759493670886075
1885,PRT,-0.012985043227672577,0.012740037404000759,0.05999999865889549,0.04173523169015767,0.9392335864578241,-0.013595888200400141,0.012113271663235059,0.05934398461794377,0.0006192644225835855,-0.04109589041095893
1886,PRT,0.14666065573692322,0.20932644605636597,0.04500000178813934,0.04292766688130504,0.9262686895928548,0.16271035849356252,0.22625327606299428,0.059626769808367897,-0.013803698091615732,0.0285714285714287
1887,PRT,0.09663046151399612,0.0880332961678505,0.04774999991059303,0.04173523169015767,0.9298726669997847,0.09238016838536889,0.08381632371932368,0.04368915646202498,0.0038908552641609877,-0.027777777777777898
1888,PRT,0.142854705452919,0.18938808143138885,0.04500000178813934,0.04173523169015767,0.9255335455192997,0.148212680240015,0.19496421575710476,0.049899210441156416,-0.004666360927120349,0.0
1889,PRT,0.0575861930847168,0.04522020369768143,0.04500000178813934,0.04531253726359976,0.9263607473800938,0.056641812324474294,0.04428686525487335,0.0440668599765357,0.0008937567577088464,0.08571428571428577
1890,PRT,-0.13252456486225128,-0.07552587240934372,0.07000000029802322,0.05127471321933657,0.9269003306147287,-0.1330295546500394,-0.07606404326075633,0.0693771134113208,0.0005824763583311476,0.13157894736842102
1891,PRT,-0.15049532055854797,-0.17992033064365387,0.07000000029802322,0.049486060432615525,0.9939423999999999,-0.20779497058074892,-0.235235244359417,-0.002172204310835757,0.0723293186666665,-0.03488372093023258
1892,PRT,0.02840721607208252,-0.20550686120986938,0.05999999865889549,0.05067849562376289,1.176822,-0.1314085422264334,-0.3289720814595619,-0.10472531728076184,0.18399416304204363,0.024096385542168784
1893,PRT,0.006866922602057457,0.15507429838180542,0.05999999865889549,0.05187093081491025,1.15136,0.02913349915786445,0.18061843903754982,0.08344159812895957,-0.021636237255931733,0.023529411764705847
1894,PRT,0.24692708253860474,0.16121454536914825,0.05000000074505806,0.05306336600605762,1.18695,0.20953870487522486,0.12639620789100015,0.01851636619725361,0.03091127015008339,0.022988505747126537
1895,PRT,0.1481635421514511,0.21302425861358643,0.05999999865889549,0.050082278028189216,1.1658108,0.1689827511948463,0.23501956214627295,0.07922057199004828,-0.01780968027296846,-0.056179775280898854
1896,PRT,0.12194059044122696,0.0245803352445364,0.05999999865889549,0.0506784956237629,1.2016209,0.08850508283832204,-0.005953691138610218,0.02841041333129768,0.030716905350336398,0.011904761904761956
1897,PRT,0.02155468426644802,-0.016730910167098045,0.05999999865889549,0.05485201879277867,1.35182,-0.09194903233606178,-0.12598076025861993,-0.057775330747806164,0.12499707686509116,0.08235294117647067
1898,PRT,0.09915975481271744,-0.019161514937877655,0.05999999865889549,0.05723688917507339,1.4663804,0.013288325287850178,-0.09578914115554304,-0.022812090104949445,0.08474530632776553,0.04347826086956515
1899,PRT,0.13143211603164673,0.2981704771518707,0.05000000074505806,0.05604445398392603,1.3191296000000001,0.2577307634362329,0.4430816680591132,0.16720860565371165,-0.10041787247019934,-0.0208333333333333
1900,PRT,0.10583502054214478,0.16888129711151123,0.05000000074505806,0.05425580119720499,1.299392,0.12263251452506352,0.18663645605497736,0.06594936784498318,-0.014962593516209492,-0.03191489361702129
1901,PRT,0.09837999194860458,0.15269798040390015,0.05000000074505806,0.053659583601631304,1.3095864,0.08982971608294155,0.14372486928161798,0.04182633613797648,0.007845515441067688,-0.010989010989011035
1902,PRT,0.11989510804414749,0.07425843924283981,0.05000000074505806,0.05187093081491026,1.1747266,0.2484601973949907,0.19758439292823482,0.17054106119306223,-0.10297892525456882,-0.03333333333333335
1903,PRT,0.09644003212451935,0.06735274940729141,0.05000000074505806,0.053659583601631304,1.1474536000000002,0.1225005272906261,0.09272188985409002,0.0749566961794701,-0.02321646585682139,0.03448275862068967
1904,PRT,0.09825378656387329,0.09018662571907043,0.05000000074505806,0.05723688917507339,1.1118302,0.13344219387668033,0.12511655858349613,0.08364234111910251,-0.031045612650481193,0.0666666666666667
1905,PRT,0.07279825955629349,0.13130319118499756,0.05000000074505806,0.05664067157949971,0.9854408,0.21039184036435854,0.2764004223448575,0.18466955176645627,-0.11367689058994798,-0.010416666666666711
1906,PRT,0.059008460491895676,0.09147219359874725,0.05000000074505806,0.05664067157949971,0.9443502,0.10508807486237837,0.13896437109634152,0.09568763868976826,-0.041697684934498325,0.0
1907,PRT,0.020625321194529533,0.07348916679620743,0.054999999701976776,0.0566406715794997,0.9553236000000002,0.00890182781532678,0.06115844867836584,0.04288165886256934,0.011620053662296183,-1.2250726748830893e-16
1908,PRT,-0.002140421885997057,-0.013795306906104088,0.03999999910593033,0.05723688917507338,1.0683945,-0.10774643218553559,-0.11816785116045048,-0.07006583883960982,0.1183587425245223,0.010526315789473608
1909,PRT,0.08651522547006607,0.07592784613370895,0.05000000074505806,0.05783310677064706,1.0639619999999999,0.09104168293461479,0.08041019623454693,0.0543743346059502,-0.0041487484257922164,0.010416666666666713
1910,PRT,-0.052463382482528687,0.039995964616537094,0.054999999701976776,0.055448236388352334,1.0064119999999999,0.0017199264785434654,0.09946640789789885,0.11532842382932107,-0.054090277660292375,-0.04123711340206192
1911,PRT,0.0064390613697469234,0.04851663112640381,0.054999999701976776,0.059025541961794416,1.0056673,0.007184332861622789,0.04929306119945043,0.05578123073114294,-0.0007399554059369528,0.06451612903225798
1912,PRT,0.0732337012887001,0.07446933537721634,0.054999999701976776,0.05842932436622073,1.022157,0.055920018787734005,0.05713571930887307,0.03798046797144461,0.016396774559538665,-0.010101010101010147
1913,PRT,0.05820218473672867,0.09128042310476303,0.054999999701976776,0.060217977152941776,1.075269,0.005933185597223112,0.03737755244454677,0.002889169775538436,0.05196070662334656,0.030612244897959207
1914,PRT,0.058386705815792084,0.06051422283053398,0.054999999701976776,0.0596217595573681,1.1484564000000002,-0.009060844821065284,-0.007068907562563731,-0.012231727143020232,0.06806427042907415,-0.009900990099009832
1915,PRT,0.1238078847527504,0.08603575080633163,0.054999999701976776,0.06677637070425227,1.4180092,-0.08981947534983625,-0.12041141295674451,-0.14554750303613428,0.23470877954095581,0.11999999999999997
1916,PRT,0.13214808702468872,0.06122194230556488,0.054999999701976776,0.08168181059359429,1.4753136,0.08817298448506761,0.02000176601853343,0.014021497244653736,0.04041186756757293,0.2232142857142857
1917,PRT,0.1406763643026352,0.12113074958324432,0.054999999701976776,0.09658725048293632,1.6216874000000001,0.037718707966918785,0.019937283990955512,-0.04022449236497616,0.09921538037743305,0.18248175182481752
1918,PRT,0.4366128444671631,0.07846596091985703,0.054999999701976776,0.17469175550308852,1.6584199,0.4047931700231999,0.05457891584189545,0.03163270442949928,0.02265078954180678,0.8086419753086419
1919,PRT,0.14739912748336792,0.0680871531367302,0.054999999701976776,0.19973289451718312,1.8514764,0.027757926734067073,-0.04328405714687977,-0.055006591493279355,0.1164099031855563,0.14334470989761094
1920,PRT,-0.07921444624662399,0.10332467406988144,0.07000000029802322,0.34580620543273494,5.0019841,-0.6591727026410765,-0.5916061397360144,-0.6039412143369702,1.701619151073165,0.7313432835820894
1921,PRT,0.3538608253002167,0.2535931169986725,0.07000000029802322,0.541961794376476,10.0231,-0.3243616923142978,-0.374399852431204,-0.46602119219695426,1.0038248422261078,0.5672413793103448
1922,PRT,0.5757917165756226,0.11664280295372009,0.07000000029802322,0.6552431375354754,14.9925,0.05348127092940613,-0.25347857406800534,-0.28466119706605864,0.49579471421017457,0.20902090209020907
1923,PRT,0.13004609942436218,-0.06279004365205765,0.09000000357627869,1.0290715699601733,23.5145,-0.27949919642689613,-0.4024486903592879,-0.3050319992507875,0.5684175421043857,0.5705186533212011
1924,PRT,-0.0980149358510971,0.04118294641375542,0.09000000357627869,1.4303260117812606,29.5421,-0.2820507753027247,-0.17125402752525198,-0.13239732164963203,0.2563354525930808,0.3899188876013905
1925,PRT,0.014110464602708817,0.17120590806007385,0.09000000357627869,1.3748777753929082,19.8425,0.5098376089877628,0.7437259446391082,0.6228241958246583,-0.32833143209182825,-0.0387661525635682
1926,PRT,0.06919052451848984,0.3308255076408386,0.07999999821186066,1.3164484510266876,19.5107,0.08737323534051233,0.35345759687573164,0.09836653551737484,-0.01672168325563821,-0.04249783174327832
1927,PRT,0.3461938798427582,0.10798975080251694,0.07999999821186066,1.4136319191051976,19.8847,0.32087408567632947,0.08715020246635219,0.05968689319487619,0.01916896882223594,0.07382246376811592
1928,PRT,0.24935969710350037,0.18215951323509216,0.07999999821186066,1.3528177243566821,22.3839,0.10986659022752843,0.050169419664394255,-0.04058381406084799,0.12568457155501475,-0.043019822859552935
1929,PRT,-0.12906178832054138,0.19806523621082306,0.07999999821186066,1.4076697431494607,22.3644,-0.12830239861512782,0.19910985498468303,0.08094167337261315,-0.0008711618618739692,0.040546496253856264
1930,PRT,-0.18364742398262024,0.10536843538284302,0.07500000298023224,1.3373160668717663,22.2519,-0.17952015103954777,0.11095689969288247,0.08043493214741693,-0.005030316037988978,-0.04997882253282511
1931,PRT,-0.27711933851242065,0.04874558374285698,0.07000000029802322,1.186473015191625,23.5655,-0.317414517351405,-0.00971412213245304,0.010355520003037633,0.05903316121319982,-0.11279536335265275
1932,PRT,0.09645986557006836,0.11359299719333649,0.06499999761581421,1.162028093773104,31.2891,-0.1741972456193548,-0.1612933649302929,-0.1978913601281127,0.32775031295750146,-0.020603015075376912
1933,PRT,0.18616919219493866,0.1654510349035263,0.054999999701976776,1.1614318761775302,25.533,0.45357640980326064,0.42818759942818807,0.29283674032331186,-0.18396502296326836,-0.0005130836326322409
1934,PRT,0.2738158404827118,0.2781204283237457,0.05000000074505806,1.173356228089004,21.6972,0.4990109256053814,0.5040765120103148,0.23562717857712379,-0.15022911526260144,0.010266940451745525
1935,PRT,0.061398644000291824,0.0716005489230156,0.05000000074505806,1.1757410984712986,22.4341,0.026534546008225357,0.036401345723360956,0.015510317604257473,0.033962907656287546,0.002032520325203167
1936,PRT,0.09477591514587402,0.07753633707761765,0.04500000178813934,1.2055519782499826,22.1582,0.10840737776417098,0.09095314328930071,0.05801168597247508,-0.012298242407763183,0.02535496957403649
1937,PRT,0.02783464454114437,0.03589755669236183,0.03999999910593033,1.253249385895877,22.3254,0.020136957038690673,0.028139484206361143,0.0322112024953205,0.007545739274850735,0.039564787339268055
1938,PRT,0.04242356866598129,0.046255048364400864,0.03999999910593033,1.214495242183588,22.5902,0.030204386853392107,0.03399095434102373,0.02780922612635295,0.011860929703387221,-0.030922930542340535
1939,PRT,-0.07837256789207458,-0.016894260421395302,0.03999999910593033,1.14354534831032,24.7678,-0.1594026107767158,-0.10332951339123386,-0.05143743167326975,0.09639578224185717,-0.058419243986254275
1940,PRT,-0.012486075982451439,-0.011142744682729244,0.03999999910593033,1.1978011495075247,26.9469,-0.09234281615763451,-0.09110811528424057,-0.04410110336046591,0.08798116909858761,0.047445255474452365
1941,PRT,0.2881705164909363,0.0885000005364418,0.03500000014901161,1.3462593308053714,24.9856,0.38928831370187655,0.17394421844804353,0.11624461706004241,-0.07278388237608029,0.12394225983076174
1942,PRT,0.7464381456375122,0.18012337386608124,0.03500000014901161,1.6443681285922118,24.82956,0.7574135398146655,0.18753979410301103,0.04150440055011617,-0.006245197233606591,0.22143489813994682
1943,PRT,0.02153950184583664,0.06208256259560585,0.02500000037252903,1.8590064629987368,24.82956,0.02153950184583664,0.06208256259560585,0.02500000037252903,0.0,0.13052936910804927
1944,PRT,0.13804632425308228,-0.0015644505620002747,0.019999999552965164,1.912666046600368,24.82956,0.13804632425308228,-0.0015644505620002747,0.019999999552965164,0.0,0.028864656831302047
1945,PRT,0.07121516019105911,0.0649285614490509,0.019999999552965164,2.0849729317211616,24.85962,0.06991985769989717,0.06364086064923358,0.01876662591384437,0.0012106537530265887,0.09008728179551115
1946,PRT,-0.05889206379652023,0.034929316490888596,0.019999999552965164,2.3729460303832495,25.3,-0.07527329355720358,0.016915001376411887,0.0022455489678609997,0.01771467142297433,0.1381183871890192
1947,PRT,-0.05124562233686447,-0.03083561360836029,0.012500000186264515,2.446280794638812,24.95,-0.037936442690287286,-0.01724012121408869,0.02670340700250473,-0.013833992094861716,0.030904522613065186
1948,PRT,-0.09154870361089706,-0.03181665763258934,0.013749999925494194,2.0158116906346146,25.8,-0.12147830058495679,-0.06371417085012043,-0.019648740382128826,0.034068136272545145,-0.17596880331464773
1949,PRT,-0.10967759788036346,-0.1787191778421402,0.013749999925494194,2.3371729746488286,28.6,-0.1968420288571111,-0.25912429329815445,-0.08549825181546333,0.10852713178294576,0.15942028985507248
1950,PRT,0.00828226562589407,0.05013733357191086,0.013749999925494194,2.2769549974958867,29.1,-0.009042171927815534,0.0320937367751426,-0.003668384952950743,0.01748251748251748,-0.025765306122449025
1951,PRT,0.17748551070690155,0.10825735330581665,0.013749999925494194,2.3085545300612917,29.1,0.17748551070690155,0.10825735330581665,0.013749999925494194,0.0,0.013877978528410563
1952,PRT,0.15275737643241882,0.07014922797679901,0.017500000074505806,2.312131835634734,29.0,0.15673240186839288,0.07383939772844328,0.021008620764418007,-0.0034364261168385365,0.001549586776859488
1953,PRT,0.12199395895004272,0.04994034394621849,0.017500000074505806,2.3329994514798127,29.0,0.12199395895004272,0.04994034394621849,0.017500000074505806,0.0,0.009025270758122777
1954,PRT,0.30218052864074707,0.1269715577363968,0.017500000074505806,2.351482196942597,28.75,0.3135038375854491,0.13677131041236534,0.026347826162110177,-0.008620689655172414,0.007922310247891813
1955,PRT,-0.002660732250660658,-0.0017988726031035185,0.017500000074505806,2.430779137153897,28.8,-0.004392224034947767,-0.003531860671500908,0.015733507018820925,0.0017391304347826335,0.03372210953346864
1956,PRT,-0.009058395400643349,0.024568142369389534,0.019999999552965164,2.537502086761586,28.899999999,-0.012487259050207977,0.02102292391901206,0.016470587824978233,0.003472222187499923,0.043904831984302194
1957,PRT,-0.034293632954359055,0.006100024562329054,0.019999999552965164,2.538098304357159,28.749999999,-0.02925516495220659,0.011349242081967192,0.025321738681252537,-0.005190311418864668,0.00023496240601491837
1958,PRT,-0.04943866655230522,0.070846326649189,0.021250000223517418,2.5744675776871535,28.749999999,-0.04943866655230522,0.070846326649189,0.021250000223517418,0.0,0.014329339910735164
1959,PRT,0.11209318041801453,0.019525818526744843,0.019999999552965164,2.6084519806348534,28.879999999,0.10708722081069633,0.014936540257594277,0.015408586812436065,0.004521739130592026,0.013200555812876364
1960,PRT,0.08053308725357056,0.010313540697097778,0.019999999552965164,2.6662850874055004,28.829999999,0.08240706069666981,0.01206573206153072,0.02176899018700662,-0.0017313019391180216,0.022171428571428564
1961,PRT,-0.023868823423981667,-0.027104316279292107,0.02250000089406967,2.65972669385419,28.799999999,-0.022852020115013083,-0.026090883275381227,0.023565105061704505,-0.001040582726362876,-0.002459749552772727
1962,PRT,-0.06357715278863907,-0.005311539396643639,0.026249999180436134,2.6585342586630425,28.849999999,-0.06520006933498879,-0.0070354362088409506,0.024471402994619806,0.0017361111111714174,-0.0004483299708586584
1963,PRT,0.1605657935142517,0.053910743445158005,0.026249999180436134,2.7276954997495895,28.889999999,0.15895891806453966,0.05245153853898743,0.024829092293324972,0.0013864818024743718,0.02601480152500561
1964,PRT,0.19378666579723358,0.05144836753606796,0.026249999180436134,2.861248241158094,28.949999999,0.19131249654160976,0.04926919993488177,0.02412305617687993,0.002076843198410369,0.04896174863387986
1965,PRT,0.09500949829816818,0.05126461386680603,0.029999999329447746,2.9542581860675883,28.829999999,0.09956729017469734,0.05564032505891103,0.03428720015927156,-0.004145077720350346,0.03250677224421751
1966,PRT,0.14293165504932404,-0.020784780383110046,0.027499999850988388,3.029381603109872,28.979999999,0.13701585973312969,-0.0258531821411363,0.022181676870209888,0.005202913631814134,0.025428859737638778
1967,PRT,-0.043985724449157715,-0.036815326660871506,0.032499998807907104,3.1557797333714923,28.859999999,-0.04001061311616816,-0.03281040078406261,0.03679313809623852,-0.004140786749625321,0.04172407006494779
1968,PRT,0.053540345281362534,-0.02555665746331215,0.03500000014901161,3.218382580906729,28.769999999,0.056836091929906685,-0.02250834669406121,0.038237747803396394,-0.00311850311861117,0.01983752125448713
1969,PRT,0.31890401244163513,-0.007483952678740025,0.03500000014901161,3.304834132264913,28.649999999,0.32442821772954167,-0.0033268174018566965,0.03933507868381847,-0.004171011470426556,0.026861800666913706
1970,PRT,0.09904681146144867,0.030036471784114838,0.04500000178813934,3.47117884142997,28.749999999,0.09522403994318873,0.02645373622995839,0.041365219173097545,0.003490401396282437,0.05033375428468338
1971,PRT,0.19487176835536957,-0.0037027355283498764,0.04749999940395355,3.7281486251222264,27.559999999,0.24646456241903025,0.03931590542826435,0.09272949865416913,-0.04139130434926583,0.07402954311233259
1972,PRT,0.46551668643951416,0.07387969642877579,0.04749999940395355,4.041162862798409,26.999999999,0.49591258808531147,0.09615275679997537,0.06922592531832183,-0.020319303338908492,0.08395969934431466
1973,PRT,0.7381148338317871,0.14265696704387665,0.05249999836087227,4.351792230092296,25.844999999,0.815790308126753,0.19372172993754067,0.09953569184718858,-0.04277777777936218,0.0768663322514015
1974,PRT,-0.23353105783462524,-0.04811182618141174,0.07750000059604645,6.000333881853524,24.595999999,-0.19460929377528746,0.00022564044518413873,0.1322161130045345,-0.048326562199586975,0.3788190163036034
1975,PRT,-0.4430306553840637,-0.20190449059009552,0.08500000089406967,7.112279697598439,27.471999999,-0.5013388905025021,-0.28545584051534434,-0.0285869240726212,0.11692958205061517,0.18531399046104927
1976,PRT,-0.4430306553840637,-0.18455368280410767,0.0949999988079071,8.58016741790084,31.548999999,-0.5150064396584035,-0.2899318131826625,-0.046504169161959985,0.14840564939387024,0.20638779445049873
1977,PRT,-0.44080108404159546,-0.15908442437648773,0.12540000677108765,11.409219908897956,39.854999999,-0.5573411968522102,-0.33433583000449285,-0.10913951039050296,0.26327300390704217,0.32971996386630537
1978,PRT,-0.22109752893447876,0.26541292667388916,0.1842000037431717,14.462450215830774,46.009999999,-0.3252954143835656,0.09613197549268793,0.02578333294991708,0.15443482624901358,0.2676107859531771
1979,PRT,0.40605059266090393,0.17620067298412323,0.14869999885559082,17.947938279554513,49.780999999,0.29953973942310674,0.0871013632492399,0.061683914490643366,0.08196044338365488,0.24100259718844055
1980,PRT,1.0705386400222778,0.2753238081932068,0.09950000047683716,21.249791323841556,53.039999999,0.9433160640803506,0.19696256590474492,0.03194211017477144,0.06546674434152522,0.1839683752449921
1981,PRT,-0.3110315203666687,0.09528250992298126,0.09239999949932098,24.66671436407432,65.248999999,-0.43994715383189054,-0.10966015837622056,-0.11200331080568926,0.23018476621851786,0.1607979574086024
1982,PRT,-0.15459665656089783,0.16233877837657928,0.12417499721050262,30.19186282225562,89.064,-0.38065073705186625,-0.148461298065087,-0.17642038992338183,0.36498643659466,0.2239920719327081
1983,PRT,-0.036583174020051956,0.1788245439529419,0.18244199454784393,37.89082063389856,131.449999999,-0.347236544771922,-0.201286959426219,-0.19883595433084578,0.4759049672033595,0.2550010861193941
1984,PRT,0.07049272209405899,0.30439135432243347,0.21273300051689148,48.80339128568363,169.28,-0.16873660019970727,0.012891325167648127,-0.05828359571873443,0.2877900342433457,0.28800037764350445
1985,PRT,1.368821382522583,0.3013535141944885,0.20166699588298798,58.36910638906776,157.486999999,1.5462043447139702,0.39880195117210815,0.29165066998776945,-0.06966564272802454,0.19600513102437228
1986,PRT,0.9267147779464722,0.2897605895996094,0.14522500336170197,65.25661205313492,146.117,1.0766408442038187,0.3901224770080409,0.23433994746182263,-0.07219643525543194,0.11799916240206738
1987,PRT,1.118769884109497,0.15005674958229065,0.13692499697208405,71.23011614318762,129.865,1.3839240685051966,0.2939809962554618,0.2792058659574941,-0.11122593538055107,0.09153867940905053
1988,PRT,-0.2771500051021576,0.11366283148527145,0.12968333065509796,78.31556604898523,146.371,-0.3586645265291054,-0.011922965540750674,0.002290930140016245,0.12710122049820968,0.09947267096342174
1989,PRT,0.3168845474720001,0.12068135291337967,0.14827272295951843,88.18356347332522,149.841,0.2863882922432721,0.09472874785462126,0.12168116024524434,0.023706881827684437,0.1260030147540235
1990,PRT,-0.32945340871810913,0.16662748157978058,0.1690250039100647,100.0,133.6,-0.2479388339500762,0.3084478178697301,0.31113679349467094,-0.1083882248516762,0.13399817450390455
1991,PRT,-0.022982923313975334,0.2303956151008606,0.17737500369548798,111.40027664496435,134.184,-0.02723512903734493,0.22504064700318227,0.17225079363945928,0.004371257485029964,0.11400276644964351
1992,PRT,-0.11211775988340378,0.17301328480243683,0.16705749928951263,121.31477904175908,146.758,-0.1881901463102159,0.0725113084665241,0.06706580550746088,0.09370714839325116,0.08899890283389972
1993,PRT,0.5324628353118896,0.1616279035806656,0.13245083391666412,129.2003529608166,176.812,0.27197916874817474,-0.03582229784352131,-0.060039932335238744,0.20478611046757247,0.06500093378023734
1994,PRT,0.08415631204843521,-0.0597858726978302,0.11106666922569275,135.91853282774082,159.093,0.20490433800297891,0.04493057693645386,0.23481183910752312,-0.10021378639458872,0.05199815413013381
1995,PRT,-0.045937277376651764,0.24956780672073364,0.09786666929721832,141.491378693568,149.41299,0.01587352431884481,0.3305234777419397,0.1689940882549925,-0.060844977466010336,0.04100136861313867
1996,PRT,0.32568445801734924,0.2826637923717499,0.07366666942834854,145.877751544204,156.38499,0.26658241733366883,0.22547971121142973,0.02580015730813523,0.04666260945584436,0.03100099024503588
1997,PRT,0.6524743437767029,0.15183506906032562,0.05741666629910469,149.08719086117668,183.326,0.4096319328779128,-0.017434975090012794,-0.09797794756325451,0.17227363060866652,0.022000882814540535
1998,PRT,0.2624458968639374,0.1731494516134262,0.04308333247900009,152.38988672550744,171.82899,0.3469156542704357,0.25164441906155033,0.1128756271572402,-0.06271347217525058,0.022152780834176964
1999,PRT,0.1256648302078247,-0.04440867900848389,0.029634999111294746,155.69476980564235,199.56400557435796,-0.03077786850162889,-0.17721489370708476,-0.11346166130132362,0.16141057207144124,0.021687023667704673
2000,PRT,-0.08214876800775528,0.07950299978256226,0.043917667120695114,160.0626397666149,215.45620634067703,-0.1498501180880113,-0.00012189797165607086,-0.033082431559021575,0.07963460505104764,0.028054057091481375
2001,PRT,-0.1903584599494934,0.062259770929813385,0.042617835104465485,167.12078516674424,227.48439804833768,-0.23316809323319565,0.006092999592095083,-0.012510372834427352,0.055826619766254526,0.04409614517429383
2002,PRT,-0.20652548968791962,0.11879698932170868,0.033185917884111404,173.30623146100078,191.1719271478974,-0.055807648968252965,0.3313087515053623,0.22943614215938668,-0.15962620387145984,0.03701183122186164
2003,PRT,0.17396891117095947,0.04937244951725006,0.023334667086601257,178.91643999875467,158.7347585114806,0.413867392780511,0.26380986339304546,0.23245130593151275,-0.16967537608867778,0.03237164925034078
2004,PRT,0.1799686998128891,0.10716212540864944,0.02106333337724209,183.406794044762,147.18596285147933,0.2725537339787303,0.19403446636510013,0.10118002089718248,-0.0727553043095221,0.02509749269568845
2005,PRT,0.1718716323375702,0.0649326890707016,0.0218468327075243,187.3131614710499,169.94320589980504,0.014945279104787934,-0.0776733769204121,-0.11498956864762755,0.15461558023226246,0.02129892432084349
2006,PRT,0.33271774649620056,-0.004635931923985481,0.030792249366641045,193.01742028838407,152.22627182991647,0.48782679675807095,0.1112100344630933,0.15076154311762857,-0.1042520880789674,0.030453059318075643
2007,PRT,0.1831146776676178,0.015394825488328934,0.04277608171105385,197.69368767774773,136.1877589837646,0.3224473173838278,0.1349754917246544,0.16558137424969122,-0.10535969023843537,0.02422717795304137
2008,PRT,-0.4971774220466614,0.09922552108764648,0.046342331916093826,202.9364439603973,144.05547172522807,-0.524639507005189,0.03919037952426985,-0.010804549060778657,0.05777107135158454,0.026519593742393866
2009,PRT,0.399630606174469,0.052625346928834915,0.012283583171665668,201.10355711648393,139.1656254338469,0.4488092629553355,0.08961132053293075,0.047852072944673196,-0.033944189920866535,-0.00903182695105792
2010,PRT,-0.06211366131901741,-0.1244320198893547,0.008109583519399166,203.90100613004623,150.03891632989072,-0.1300821006903179,-0.18788426001399183,-0.06494792065901689,0.0781320161652454,0.013910489966828143
2011,PRT,-0.20372962951660156,-0.3133552074432373,0.013906000182032585,211.14943930514033,154.9439678491383,-0.2289371109351377,-0.3350922787837187,-0.018191158781969974,0.03269186181312335,0.03554878572041533
2012,PRT,0.07692946493625641,0.8112969994544983,0.005731833167374134,217.0111776603764,151.94937092617857,0.09815344001615034,0.8469937870625748,0.02555265529100681,-0.019326966803092423,0.027761088897636347
2013,PRT,0.15601195394992828,0.12234269082546234,0.0022066666278988123,217.96480375100435,145.37161917192373,0.2083189977962301,0.1731262732434402,0.04755435345349035,-0.04328910158799217,0.004394363925900532
2014,PRT,-0.21121133863925934,0.3433554768562317,0.002099333330988884,217.61703643813775,165.1280784119924,-0.3055845741729567,0.18263206761739625,-0.1177950833172694,0.13590313812700738,-0.0015955205009331964
2015,PRT,0.18604880571365356,0.053307197988033295,-0.00019999999494757503,218.72158041925496,184.14806650133187,0.06354611216576433,-0.05548509476190455,-0.10346572769500006,0.11518324607329868,0.00507563194130349
2016,PRT,-0.000016875230357982218,-0.03536726534366608,-0.002637,220.1126496707214,190.1925813490181,-0.03179736215699469,-0.06602428070061372,-0.03433421668044434,0.03282421022673356,0.006359999999999871
2017,PRT,0.0017832271987572312,0.122087262570858,-0.003291,223.53782962008694,167.16584674393405,0.13977670465749803,0.2766523612572138,0.13400351361350826,-0.12107062453097582,0.01556103183751346
2018,PRT,-0.0006527925143018365,0.017489273101091385,-0.003221,226.14717807448864,175.09344978165936,-0.04589964765185928,-0.0285789896600096,-0.04835157591928563,0.047423580786025446,0.011672961390187996
2019,PRT,0.0021239686757326126,0.05840226262807846,-0.003563,226.82521497378832,178.46003204557587,-0.016780728025922897,0.0384358968003351,-0.022360414148471452,0.019227345558126954,0.0029982107452004177
2020,PRT,0.00129098875913769,-0.001965335803106427,-0.004252000000000001,226.54962578246005,163.37869774264522,0.0937192204970072,0.09016230766958189,0.08766456364607444,-0.08450819004156136,-0.0012149848126898595
1870,SWE,,,0.04500000178813934,2.641633728590249,3.209112,,,,,
1871,SWE,0.5,0.07501952350139618,0.04500000178813934,2.7108036890645573,3.2684712,0.4727582730421489,0.05549593127900665,0.026021598641694954,0.018497079565935944,0.026184538653366528
1872,SWE,0.190476194024086,0.062040749937295914,0.04500000178813934,2.8194993412384703,3.2718807,0.18923564494675404,0.0609340384557584,0.04391104780943933,0.0010431482461892474,0.04009720534629408
1873,SWE,0.005714286118745804,0.03577907010912895,0.04600000008940697,3.043478260869564,3.2527923,0.011616131305463906,0.041857344827705756,0.05213825441376296,-0.0058340757962233245,0.0794392523364487
1874,SWE,-0.005681818351149559,0.043967172503471375,0.05000000074505806,3.1521739130434767,3.3625125000000002,-0.038126839672006585,0.009902083686547769,0.015738058200086558,0.03373108083169048,0.035714285714285594
1875,SWE,-0.011428572237491608,0.021185800433158875,0.05000000074505806,3.132411067193674,3.2656406,0.01789639159749612,0.05147823639227256,0.0811471805884787,-0.02880937989078121,-0.006269592476489136
1876,SWE,0.023121388629078865,0.016022861003875732,0.05000000074505806,3.142292490118576,3.352392,-0.0033543972675337264,-0.010269233006637402,0.022828664557453804,0.026564895108175793,0.00315457413249231
1877,SWE,0.0451977401971817,0.05031075328588486,0.05000000074505806,3.125823451910407,3.5875670000000004,-0.02331788015245151,-0.018540039299733246,-0.018830421146775356,0.07015140234196966,-0.005241090146750614
1878,SWE,0.0,0.022631363943219185,0.05000000074505806,2.921607378129116,3.7249674999999995,-0.03688636209577634,-0.015089786837688024,0.011269320517010462,0.03829907566883047,-0.06533192834562697
1879,SWE,-0.01621621660888195,0.10565196722745895,0.04800000041723251,2.740447957839261,3.7485819999999994,-0.02241364330326656,0.09868682190581657,0.04139803839269818,0.006339518398482637,-0.06200676437429538
1880,SWE,0.1538461446762085,0.10955112427473068,0.04100000113248825,2.882081686429511,3.7463664,0.1545285289507803,0.11020731248711235,0.0416156482305694,-0.0005910501624346328,0.05168269230769222
1881,SWE,0.095238097012043,0.046119436621665955,0.03999999910593033,2.954545454545453,3.76993,0.08839241223201966,0.03958076350126882,0.0334995749657121,0.006289721154876931,0.025142857142857116
1882,SWE,0.0521739162504673,0.02918188087642193,0.04500000178813934,2.875494071146243,3.7299018055555555,0.06346553310920489,0.040226754064520476,0.05621463033512075,-0.010617755354726612,-0.026755852842809527
1883,SWE,0.07851240038871765,0.04633832350373268,0.04500000178813934,2.8590250329380744,3.7466540000000004,0.07369011110284918,0.04165989228216582,0.040327554526022436,0.00449132318161649,-0.005727376861397426
1884,SWE,0.05747126415371895,0.03186256065964699,0.04100000113248825,2.753623188405795,3.7606444444444445,0.053537232848367866,0.028023799499831137,0.03712724663584188,0.0037341170133255116,-0.03686635944700463
1885,SWE,0.010869565419852734,0.0516207218170166,0.04500000178813934,2.6251646903820802,3.744177111111111,0.015315489209326127,0.056245874007336605,0.04959603526949152,-0.004378859415348448,-0.04665071770334913
1886,SWE,0.02867383509874344,0.06979483366012573,0.04100000113248825,2.4967061923583644,3.738940333333333,0.030114600609816522,0.07129319343916474,0.04245803073087395,-0.0013986458499085665,-0.04893350062735274
1887,SWE,0.02787456475198269,0.04074283689260483,0.039000000804662704,2.4077733860342536,3.7376235,0.028236703819588316,0.04110950968858007,0.03936605956750827,-0.00035219426252749953,-0.035620052770448635
1888,SWE,0.1355932205915451,0.0789283961057663,0.03099999949336052,2.493412384716731,3.7341788888888887,0.1366407539694965,0.07992365874633722,0.031951050356075816,-0.000921604626873599,0.03556771545827659
1889,SWE,0.16417910158634186,0.041767627000808716,0.03099999949336052,2.605401844532277,3.7323462222222226,0.16475073993564693,0.042279158539080486,0.03150624388225287,-0.0004907817009300973,0.04491413474240393
1890,SWE,0.01794871874153614,0.009972483851015568,0.039000000804662704,2.6613965744400505,3.74374,0.014850672004713017,0.0068987121567556375,0.035837886149190146,0.003052711913471274,0.021491782553729494
1891,SWE,0.045340050011873245,-0.008232012391090393,0.04100000113248825,2.7437417654808933,3.735512,0.04764256113524734,-0.006047501405167743,0.04329295267683286,-0.0021978021978021718,0.030940594059405815
1892,SWE,0.10843373090028763,0.032037243247032166,0.0430000014603138,2.6943346508563875,3.718224,0.11358742856342041,0.036835733026360895,0.0478494629304258,-0.004628013509259172,-0.018007202881152456
1893,SWE,0.06086956337094307,0.06985190510749817,0.03700000047683716,2.5856389986824744,3.729584,0.05763824367419024,0.06659322595131845,0.033841385466311324,0.0030552220630063747,-0.04034229828850861
1894,SWE,0.13319672644138336,0.07686527073383331,0.03500000014901161,2.4538866930171253,3.7166499999999996,0.13714026873344576,0.08061277868095562,0.03860181630117232,-0.003467947095440254,-0.0509554140127389
1895,SWE,0.13743218779563904,0.04176754131913185,0.03500000014901161,2.499999999999998,3.715536,0.1377732151621356,0.0420798863054348,0.03531031607655599,-0.00029973228579484036,0.018791946308724983
1896,SWE,0.11446741223335266,0.04688366502523422,0.02800000086426735,2.480237154150195,3.7282480000000002,0.11066747463684345,0.04331416397546484,0.024494886394686333,0.0034213098729227913,-0.007905138339921087
1897,SWE,0.19115549325942993,0.036600127816200256,0.035999998450279236,2.5592885375494046,3.729584,0.19072880123721125,0.03622880013709118,0.03562888574764833,0.00035834526029378456,0.03187250996015939
1898,SWE,0.09580837935209274,0.015217000618577003,0.04100000113248825,2.6811594202898523,3.758786,0.08729504651169173,0.007329782018724806,0.032912474459495744,0.00782982766978842,0.047619047619047596
1899,SWE,0.019672131165862083,-0.006546963471919298,0.04899999871850014,2.7997364953886663,3.756312,0.020343712454238716,-0.0058926507278312945,0.049690896065906376,-0.0006581912351488776,0.04422604422604418
1900,SWE,0.06430868059396744,0.01218749862164259,0.05000000074505806,2.8326745718050033,3.7378080000000002,0.06957753544839274,0.017198327822739667,0.055198020550726534,-0.0049261083743841385,0.011764705882352833
1901,SWE,0.007049345411360264,0.0699385330080986,0.04800000041723251,2.763504611330695,3.726432,0.010123651705799652,0.07320482654344307,0.05119932030412344,-0.0030434950109797707,-0.024418604651162756
1902,SWE,0.0020000000949949026,0.06082236394286156,0.04100000113248825,2.7865612648221307,3.732354,0.0004101605458624036,0.05913919293623415,0.03934828159926429,0.0015891877270268135,0.008343265792610077
1903,SWE,0.09780439734458923,0.036600176244974136,0.03999999910593033,2.8326745718050033,3.7398640000000003,0.0955999024688241,0.034518585223589415,0.03791158091925673,0.002012134968976777,0.016548463356974134
1904,SWE,0.11454544961452484,0.033971209079027176,0.04100000113248825,2.799736495388666,3.72801,0.11808938371334188,0.037258940257973494,0.044310081849392224,-0.0031696339759949756,-0.011627906976744238
1905,SWE,0.14681892096996307,0.004962155129760504,0.041999999433755875,2.859025032938073,3.7357520000000006,0.14444224497911828,0.0028794641467895232,0.039840550949055364,0.002076711167620474,0.021176470588235356
1906,SWE,0.13513512909412384,0.014842246659100056,0.04600000008940697,2.9183135704874803,3.765447,0.12618324697801664,0.00683901609589177,0.03775105381485999,0.00794886812614953,0.02073732718894015
1907,SWE,-0.1077694222331047,-0.03008103556931019,0.050999999046325684,3.069828722002632,3.7784880000000003,-0.11084884949730622,-0.03342859502037654,0.047372598089233,0.0034633338352658537,0.05191873589164802
1908,SWE,0.06671348214149475,0.09005559235811234,0.054999999701976776,3.115942028985504,3.738045,0.07825456668120712,0.10184922200188051,0.06641435265598017,-0.01070348774430413,0.015021459227467787
1909,SWE,0.0717577338218689,0.06483808159828186,0.041999999433755875,3.086297760210801,3.7387439999999996,0.07155735672840091,0.06463899821117747,0.04180518588150317,0.00018699614370601774,-0.00951374207188149
1910,SWE,0.15540540218353271,0.005447224248200655,0.04100000113248825,3.086297760210801,3.7357520000000006,0.1563307775733691,0.006252496679280073,0.04183374812730678,-0.0008002687533564737,0.0
1911,SWE,0.1488569974899292,0.029042663052678108,0.041999999433755875,3.178524374176545,3.741683,0.14703592636976448,0.027411511500137653,0.04034830900550723,0.0015876321554534304,0.029882604055496215
1912,SWE,0.12262841314077377,0.008049319498240948,0.04100000113248825,3.24440052700922,3.742155,0.12248681542207907,0.007922173701553348,0.040868699248804985,0.00012614644265690223,0.020725388601036353
1913,SWE,0.0008244022610597312,-0.033870846033096313,0.04500000178813934,3.2542819499341213,3.7444420000000003,0.00021312682723761966,-0.03446093058377775,0.0443617451389271,0.0006111451823883222,0.0030456852791878705
1914,SWE,-0.23599670827388763,-0.04533214494585991,0.04500000178813934,3.2971014492753596,3.8917320000000006,-0.26491186605924877,-0.08146336579326774,0.00544998902688687,0.03933563398765433,0.013157894736842063
1915,SWE,0.18652290105819702,0.04592936486005783,0.04500000178813934,3.7878787878787845,3.591818181818182,0.28559657227515123,0.13326359323262982,0.13225662912043945,-0.07706435545454281,0.14885114885114875
1916,SWE,0.32621535658836365,0.05905318260192871,0.041999999433755875,4.281949934123843,3.4802500000000003,0.36873053108270026,0.09300380052640422,0.07540393460834682,-0.031061756517337297,0.1304347826086956
1917,SWE,0.0051387459971010685,0.006782425567507744,0.04699999839067459,5.40184453227931,2.9615,0.1812034849759958,0.18313507904147186,0.23039734742500273,-0.14905538395230233,0.2615384615384616
1918,SWE,-0.19870483875274658,-0.008810349740087986,0.05400000140070915,7.938076416337278,3.4760869565217387,-0.3173255877326322,-0.15554237107406144,-0.10203023020126811,0.17375889127865565,0.4695121951219511
1919,SWE,-0.16673755645751953,0.06719999760389328,0.04899999871850014,8.76152832674571,4.678333333333334,-0.38087081338992923,-0.2070509458487515,-0.22057387682151075,0.34586199708150955,0.10373443983402494
1920,SWE,-0.18631954491138458,-0.10597825795412064,0.05400000140070915,8.926218708827397,5.121538461538462,-0.2567334162751911,-0.18334466333743404,-0.03721052240128975,0.09473568825189771,0.018796992481203135
1921,SWE,-0.21957340836524963,0.25804421305656433,0.05000000074505806,7.279314888010535,4.093846153846155,-0.023660231660246556,0.5738553871722294,0.31358511930864275,-0.2006608591168518,-0.18450184501845013
1922,SWE,-0.06430868059396744,0.20536532998085022,0.032999999821186066,6.060606060606056,3.719166666666666,0.029955539091450767,0.3267972807855537,0.13706737428394566,-0.09152261054741362,-0.167420814479638
1923,SWE,-0.002577319508418441,0.03435167297720909,0.03200000151991844,5.731225296442683,3.7948913043478254,-0.0224802534893368,0.0137118444842661,0.011407099132301424,0.020360646474880457,-0.05434782608695659
1924,SWE,0.17915590107440948,0.014366855844855309,0.03999999910593033,5.731225296442683,3.710899999999998,0.20584453244703527,0.03732570553350589,0.06353902102693221,-0.022132729928680248,0.0
1925,SWE,0.15266618132591248,0.09749671071767807,0.039000000804662704,5.830039525691695,3.7346000000000004,0.14535129124466506,0.09053192947095523,0.032406443256579154,0.006386590853971411,0.01724137931034482
1926,SWE,0.1571609526872635,0.05888355150818825,0.039000000804662704,5.632411067193671,3.7415000000000007,0.1550269394376198,0.056930779490172334,0.03708389763599973,0.001847587425694947,-0.03389830508474575
1927,SWE,0.2639649510383606,0.08100447803735733,0.03999999910593033,5.566534914360997,3.7058695652173905,0.2761174620652389,0.09139789822567956,0.04999917783846208,-0.009523034820956884,-0.011695906432748584
1928,SWE,0.21837086975574493,0.031410589814186096,0.03799999877810478,5.632411067193671,3.7361875000000007,0.20848419020064046,0.023041031542263113,0.02957696961607703,0.008181058250718992,0.011834319526627267
1929,SWE,-0.02062588930130005,0.09110783785581589,0.04100000113248825,5.53359683794466,3.709565217391306,-0.013597255802036412,0.09893834615360153,0.04847090259982778,-0.007125521031451127,-0.0175438596491228
1930,SWE,-0.0748002901673317,0.13135455548763275,0.035999998450279236,5.335968379446636,3.7291012000000006,-0.07964721827989152,0.12542762518059947,0.030572610759022067,0.005266380684481695,-0.0357142857142857
1931,SWE,-0.3449764549732208,-0.10691928118467331,0.03700000047683716,5.17127799736495,5.367083333333333,-0.5448833312095116,-0.37947891370587417,-0.2794824104628818,0.4392431434505807,-0.030864197530864237
1932,SWE,-0.21989215910434723,0.24972330033779144,0.038600001484155655,5.105401844532275,5.5778,-0.24936286868053525,0.2025115810034941,-0.0006359571935909969,0.03926092694666559,-0.012738853503184764
1933,SWE,0.190476194024086,0.12513376772403717,0.027899999171495438,4.973649538866926,3.7927272727272725,0.7507818615844444,0.6546855806740768,0.511688081715399,-0.32003168404617005,-0.025806451612903156
1934,SWE,0.296129047870636,0.2760249376296997,0.019999999552965164,5.006587615283264,3.928695652173914,0.25127126763123986,0.23186294131751217,-0.015301219796528098,0.035849764475384814,0.006622516556291507
1935,SWE,0.10154305398464203,-0.0640261098742485,0.019999999552965164,5.105401844532275,3.94,0.0983825905766087,-0.06671153485143533,0.017073493264245787,0.0028773793714030665,0.01973684210526297
1936,SWE,0.39945775270462036,0.13044075667858124,0.019999999552965164,5.17127799736495,3.9609090909090896,0.3920702089102195,0.12447331637479286,0.01461556072126502,0.005306875865251181,0.012903225806451665
1937,SWE,-0.006134969647973776,0.04812340810894966,0.019999999552965164,5.335968379446636,3.8876470588235286,0.012594243843027098,0.06787511128381118,0.03922172198914109,-0.018496266994289,0.031847133757961825
1938,SWE,0.08836907148361206,0.23999907076358795,0.019999999552965164,5.434782608695649,4.162608695652175,0.01647671665300221,0.15809077740916355,-0.047376227699728934,0.07072700599314546,0.018518518518518677
1939,SWE,-0.1976119428873062,-0.3247416019439697,0.019999999552965164,5.599472990777335,4.2,-0.20475535623220176,-0.330753219152336,0.010919254215330021,0.008982661374555962,0.03030303030303034
1940,SWE,0.115699402987957,0.0654081404209137,0.028300000354647636,6.357048748353092,4.201,0.11543382350616982,0.06515453219896172,0.028055225301004683,0.00023809523809510612,0.1352941176470588
1941,SWE,0.24374791979789734,0.17578592896461487,0.027499999850988388,7.213438735177862,4.197,0.24493328831807615,0.17690652551354447,0.02847927075863743,-0.0009521542489882314,0.13471502590673584
1942,SWE,0.145844504237175,0.02644953317940235,0.02500000037252903,7.707509881422921,4.19,0.1477588029316046,0.02816436533507205,0.026712410874344616,-0.001667857993805021,0.06849315068493159
1943,SWE,0.1179223284125328,0.017523087561130524,0.02500000037252903,7.740447957839258,4.19,0.1179223284125328,0.017523087561130524,0.02500000037252903,0.0,0.004273504273504231
1944,SWE,0.15341146290302277,0.049230966717004776,0.02500000037252903,7.707509881422921,4.19,0.15341146290302277,0.049230966717004776,0.02500000037252903,0.0,-0.004255319148936129
1945,SWE,0.10070767253637314,0.10961003601551056,0.020500000566244125,7.674571805006584,4.19,0.10070767253637314,0.10961003601551056,0.020500000566244125,0.0,-0.004273504273504231
1946,SWE,0.14259809255599976,0.027112483978271484,0.019999999552965164,7.707509881422922,3.9,0.22756051482298445,0.1034875148381944,0.0958461533658781,-0.06921241050119342,0.0042918454935623055
1947,SWE,-0.03505987673997879,0.02388450689613819,0.019999999552965164,7.938076416337283,4.45,-0.15432213916537474,-0.10266301642810371,-0.10606741612212045,0.1410256410256411,0.02991452991452985
1948,SWE,-0.045005980879068375,0.01451479084789753,0.019999999552965164,8.399209486166004,5.2,-0.18274550286766422,-0.13180945783208764,-0.12711538499794317,0.16853932584269662,0.05809128630705393
1949,SWE,0.1416940689086914,0.05448630824685097,0.019999999552965164,8.432147562582342,6.5,-0.08664474487304685,-0.1564109534025192,-0.18400000035762787,0.24999999999999994,0.003921568627451048
1950,SWE,0.2848326861858368,-0.042044226080179214,0.02539999969303608,8.563899868247692,6.12,0.36460987911894427,0.01743668798673781,0.08906862712495656,-0.05846153846153845,0.015625000000000056
1951,SWE,0.231614887714386,0.0339583195745945,0.029999999329447746,10.013175230566532,6.21,0.21376539658809057,0.01897341639235406,0.01507246310728183,0.014705882352941154,0.1692307692307692
1952,SWE,-0.11040817946195602,-0.022292163223028183,0.029999999329447746,10.737812911725952,5.76,-0.04090881848242134,0.05409126152517274,0.11046874927706085,-0.07246376811594206,0.07236842105263157
1953,SWE,0.1832440346479416,0.0175965316593647,0.029999999329447746,10.803689064558625,5.56,0.22580676970722013,0.05420072344567273,0.06705035901755729,-0.03472222222222225,0.006134969325153314
1954,SWE,0.38267743587493896,-0.02250450849533081,0.029999999329447746,10.8695652173913,5.48,0.40286250793150713,-0.008234501320080412,0.045036495670023324,-0.014388489208632947,0.006097560975609696
1955,SWE,-0.026318924501538277,-0.037376124411821365,0.03689999878406525,11.166007905138336,5.22,0.02217860033171859,0.010570658663452193,0.08854635887675832,-0.04744525547445268,0.027272727272727414
1956,SWE,0.02586839348077774,0.004093505907803774,0.040300000458955765,11.725955204216069,5.32,0.0065851530018155024,-0.014780432173170155,0.020745489172133036,0.019157088122605467,0.050147492625368634
1957,SWE,0.08447094261646271,0.0228301789611578,0.04600000008940697,12.252964426877467,5.28,0.09268663157567825,0.030578892438136274,0.0539242425143267,-0.0075187969924812095,0.044943820224719266
1958,SWE,0.22361476719379425,0.05500432476401329,0.04670000076293945,12.779973649538864,5.17,0.24964912394259864,0.07745122529090742,0.06897021354512978,-0.020833333333333395,0.043010752688172046
1959,SWE,0.48297393321990967,0.038519661873579025,0.04500000178813934,12.878787878787875,5.180999999,0.4798253688914802,0.036314737101470485,0.042781318333808604,0.0021276593810444946,0.00773195876288659
1960,SWE,0.037926752120256424,0.007198365405201912,0.04740000143647194,13.405797101449272,5.179999999,0.03812712408016394,0.0073928052441207814,0.04760220220898925,-0.0001930129319037535,0.04092071611253197
1961,SWE,0.02454542927443981,0.03352135792374611,0.04749999940395355,13.702239789196307,5.184999999,0.023557439467812857,0.03252471244821753,0.04648987404271332,0.0009652509654374581,0.02211302211302209
1962,SWE,-0.050706472247838974,0.09871512651443481,0.042500000447034836,14.361001317523053,5.187999999,-0.05125540836653686,0.09807978623298186,0.041897166984825374,0.000578592092686175,0.048076923076923114
1963,SWE,0.2825291156768799,0.016485746949911118,0.04749999940395355,14.789196310935438,5.199999999,0.2795694331016716,0.014140010610344644,0.04508269171255641,0.0023130300698368323,0.029816513761467902
1964,SWE,0.1993495374917984,0.0036484687589108944,0.057500001043081284,15.250329380764159,5.147999999,0.21146417928699823,0.013786332081677344,0.06818181923751077,-0.01000000000192317,0.031180400890868525
1965,SWE,0.10509373992681503,0.024690210819244385,0.0625,16.040843214756254,5.179999999,0.09826690601089139,0.018360078241532962,0.055936293435026485,0.006216006217213682,0.05183585313174953
1966,SWE,-0.20086149871349335,0.05028808116912842,0.06750000268220901,17.094861660079047,5.179999999,-0.20086149871349335,0.05028808116912842,0.06750000268220901,0.0,0.06570841889117043
1967,SWE,0.08164708316326141,0.08836401253938675,0.06499999761581421,17.78656126482213,5.164999999,0.08478836220500185,0.09152479863643448,0.06809293081374834,-0.00289575289631186,0.0404624277456647
1968,SWE,0.39471855759620667,0.06142466887831688,0.054999999701976776,18.14888010540184,5.179999999,0.39067979729350766,0.05835104531919577,0.05194498039723072,0.0029041626336696693,0.020370370370370417
1969,SWE,0.055658869445323944,-0.007555223535746336,0.07500000298023224,18.6429512516469,5.169999999,0.05770076281021663,-0.005635601143761493,0.07707930666144724,-0.0019305019308745732,0.02722323049001812
1970,SWE,-0.19097819924354553,0.07586933672428131,0.07500000298023224,19.927536231884055,5.169999999,-0.19097819924354553,0.07586933672428131,0.07500000298023224,0.0,0.06890459363957609
1971,SWE,0.2689801752567291,0.09199663996696472,0.054999999701976776,21.40974967061923,4.864999999,0.34853597248856016,0.16045686098615985,0.12114080134128691,-0.05899419730348045,0.07438016528925612
1972,SWE,0.14547640085220337,0.06434932351112366,0.054999999701976776,22.694334650856387,4.742999999,0.1749404786370301,0.09172664113619944,0.08213683292794727,-0.025077081197343674,0.0600000000000001
1973,SWE,0.03352245315909386,0.07729547470808029,0.054999999701976776,24.209486166007903,4.587499999,0.0685552033501069,0.1138119752756277,0.09076076264244937,-0.03278515708049444,0.06676342525399132
1974,SWE,0.015281724743545055,0.0249515101313591,0.07500000298023224,26.613965744400524,4.080499999,0.14142995034607564,0.15230120153289062,0.20856819355603085,-0.1105177111957533,0.09931972789115645
1975,SWE,0.34351393580436707,0.019453464075922966,0.06499999761581421,29.21607378129117,4.385499999,0.2500760722736932,-0.0514468452648722,-0.00906795343808886,0.07474574196170723,0.09777227722772275
1976,SWE,0.04854458197951317,0.05851482227444649,0.08500000089406967,32.246376811594196,4.126499999,0.11435654049120725,0.1249525634680777,0.1531000857843312,-0.0590582601890454,0.10372040586245765
1977,SWE,-0.12464790046215057,0.07737772911787033,0.08500000089406967,35.902503293807634,4.669499999,-0.22643956769651064,-0.047906799640302644,-0.041170895478486624,0.13158851329979127,0.11338100102145045
1978,SWE,0.2137739360332489,0.07829110324382782,0.07000000029802322,39.525691699604735,4.295499999,0.319454637274575,0.17217560393224063,0.16316261238151153,-0.08009422852127525,0.10091743119266057
1979,SWE,0.037303511053323746,0.040875405073165894,0.0949999988079071,42.35836627140974,4.146499999,0.07457789262434011,0.07827813879879075,0.134347641364696,-0.034687463632798655,0.07166666666666671
1980,SWE,0.28443795442581177,0.01626908965408802,0.11249999701976776,48.122529644268766,4.372799999,0.2179660578942917,-0.036324602040321174,0.05492618861710907,0.05457614857218748,0.13608087091757387
1981,SWE,0.6341965198516846,0.12233752012252808,0.11749999970197678,53.95256916996047,5.570999999,0.28271666516890437,-0.11905268214855491,-0.12284975795073516,0.27401207470591205,0.12114989733059557
1982,SWE,0.4028656780719757,0.11768830567598343,0.11249999701976776,58.56389986824769,7.294499999,0.07140512608232452,-0.14639227491167006,-0.15035472162118435,0.30936995159026576,0.08547008547008546
1983,SWE,0.6938130259513855,0.16253212094306946,0.09749999642372131,63.80105401844532,8.000999999,0.544246858849246,0.059878834660238356,0.0005891418342613974,0.09685379396762671,0.08942632170978636
1984,SWE,-0.09382207691669464,0.13980066776275635,0.10750000178813934,68.90645586297761,8.9895,-0.19346687116265104,0.014466337574950083,-0.014282494777306476,0.12354705675834862,0.08002065049044929
1985,SWE,0.2871450185775757,0.10996286571025848,0.11999999731779099,73.97891963109355,7.6155,0.5193736648287199,0.3102240406148471,0.32207208665068365,-0.1528449858167862,0.07361376673040146
1986,SWE,0.5361402630805969,0.24826763570308685,0.09000000357627869,77.1080368906456,6.819,0.7155706369688055,0.3940727642904909,0.2173185257713961,-0.10458932440417569,0.04229741763134467
1987,SWE,-0.05962241068482399,0.04697803407907486,0.08749999850988388,80.36890645586298,5.848,0.09651757550276763,0.22081792311648618,0.2680681412173218,-0.14239624578383928,0.04228961982058948
1988,SWE,0.5541656017303467,0.17240767180919647,0.0949999988079071,85.04611330698287,6.157,0.4761670357185426,0.11356830676306329,0.04004547556092897,0.0528385772913817,0.05819672131147536
1989,SWE,0.2707771062850952,0.017175870016217232,0.09160000085830688,90.51383399209486,6.227,0.256491832888603,0.005741421501501476,0.0793289232832175,0.011369173298684471,0.06429124709527492
1990,SWE,-0.293403685092926,0.1447550356388092,0.09929999709129333,100.0,5.698,-0.2278035709149966,0.2510336270485898,0.20135856122981455,-0.08495262566243775,0.10480349344978168
1991,SWE,0.08584516495466232,0.27808690071105957,0.07959999889135361,109.32147562582347,5.5295,0.11893403561111615,0.3170339380145797,0.11249856111455525,-0.029571779571779703,0.09321475625823467
1992,SWE,0.025579186156392097,0.11286837607622147,0.07800000160932541,111.82476943346511,7.043,-0.19481185434448833,-0.12628060691275522,-0.15365596920364,0.27371371733429795,0.02289846339258818
1993,SWE,0.5664348602294922,0.29628098011016846,0.049508001655340195,117.0289855072464,8.3035,0.32864463426221646,0.09950104689780415,-0.1098109404879194,0.17897202896492964,0.04653902798232699
1994,SWE,0.06545403599739075,-0.11582450568675995,0.04740700125694275,119.59815546772072,7.4615,0.18568620088512144,-0.016048888691283403,0.16560263149996968,-0.10140302282170165,0.021953278919223218
1995,SWE,0.2063262164592743,0.27249932289123535,0.06010099872946739,122.62845849802375,6.6582,0.35186733112716273,0.42602410527664425,0.18800030068485807,-0.10765931783153523,0.025337372624621317
1996,SWE,0.4263000190258026,0.22524797916412354,0.023631000891327858,123.18840579710147,6.871,0.3821264425378543,0.18730113445940422,-0.00807161546577817,0.03196058994923561,0.0045662100456619874
1997,SWE,0.27918389439582825,0.13842692971229553,0.023711999878287315,123.84716732542822,7.877,0.11581471859765613,-0.0069656678871165,-0.10702994145439726,0.14641245815747334,0.0053475935828877314
1998,SWE,0.1308850795030594,0.21363328397274017,0.018244000151753426,123.64953886693019,8.061,0.10507155083061637,0.18593094874745986,-0.004998388637220907,0.02335914688333124,-0.0015957446808511188
1999,SWE,0.6975719332695007,-0.05522557720541954,0.03072916716337204,124.24242424242426,8.525,0.6051762292182339,-0.10664790356045606,-0.025371517125637455,0.05756109663813428,0.004794885455514169
2000,SWE,-0.10803400725126266,0.1441618800163269,0.03954608365893364,125.46113306982875,9.535,-0.20251598445904706,0.022965917896086818,-0.07056839400184478,0.11847507331378296,0.00980911983032877
2001,SWE,-0.1484220325946808,0.003363781375810504,0.03995641693472862,128.52437417654812,10.6675,-0.23882859908978493,-0.10315691067088328,-0.07044908034003872,0.11877294179339279,0.02441585718036235
2002,SWE,-0.35903021693229675,0.11892542243003845,0.040665749460458755,131.29117259552044,8.825,-0.22520734720966284,0.3525367641668484,0.25793789035347814,-0.17272088118115783,0.02152742183495629
2003,SWE,0.3549365699291229,0.03935372084379196,0.030328333377838135,133.8274044795784,7.1892,0.6632330759506633,0.27584384722173017,0.2647648614671201,-0.1853597733711048,0.019317611640742582
2004,SWE,0.21351516246795654,0.12241814285516739,0.02109166607260704,134.32147562582347,6.6146,0.31893133462562084,0.2199208587993784,0.10979230879103574,-0.07992544372113718,0.003691853310361823
2005,SWE,0.3700100779533386,0.10456304252147675,0.01716666668653488,134.9472990777339,7.9584,0.1386797172333829,-0.08194578042539191,-0.15458501288390203,0.2031566534635503,0.00465914664051025
2006,SWE,0.2579578757286072,-0.008797730319201946,0.02331666648387909,136.79183135704878,6.8644,0.45844239237202755,0.14917314594540865,0.18640571041100507,-0.13746481704865304,0.013668537954600836
2007,SWE,-0.02822384424507618,-0.010816063731908798,0.03552500158548355,139.7891963109355,6.4136,0.04008049201136643,0.058711832998422864,0.10831012549635055,-0.06567216362682829,0.02191187093667245
2008,SWE,-0.3926890194416046,0.2494593858718872,0.03905000165104866,144.59815546772074,7.8106,-0.5013123569368135,0.025981706556210238,-0.14679396069582806,0.21781838592989902,0.03440150801131011
2009,SWE,0.5224274396896362,-0.051068175584077835,0.003991666715592146,144.2028985507247,7.1165,0.6709157254886351,0.04148484617199477,0.10191488962956541,-0.08886641231147412,-0.002733485193621765
2010,SWE,0.26483967900276184,0.03128338232636452,0.0050416667945683,146.04743083003962,6.7097,0.34152519123405733,0.0938086934327278,0.06597597832146684,-0.0571629312161878,0.01279122887163099
2011,SWE,-0.13710713386535645,0.2058551162481308,0.01654166728258133,149.86824769433474,6.8877,-0.15940702064497325,0.17469199783528366,-0.00972899154058171,0.026528756874375895,0.026161479476770392
2012,SWE,0.16564112901687622,0.024127259850502014,0.012533333152532578,151.18577075098824,6.5045,0.2343126150095376,0.08446173075137242,0.07218477035201754,-0.05563540804622727,0.008791208791208838
2013,SWE,0.27765005826950073,-0.0732402354478836,0.00925000011920929,151.11989459815558,6.4238,0.29370073850586365,-0.06159766983261605,0.021928862320650833,-0.012406795295564642,-0.0004357298474944429
2014,SWE,0.1567372977733612,0.18815499544143677,0.004208333324640989,150.8563899868249,7.7366,-0.03954591765936999,-0.013459393051637347,-0.16619270847519207,0.2043650175908341,-0.0017436791630339355
2015,SWE,0.10191266238689423,0.004289864096790552,-0.0028916667215526104,150.7905138339922,8.4408,0.00998217038935234,-0.07949614224111101,-0.08607853150862055,0.0910218959232737,-0.00043668122270750117
2016,SWE,0.09669999778270721,0.06136419624090195,-0.00655,152.2727272727274,9.0622,0.0214986803738908,-0.011414125970492406,-0.07467140870870226,0.07361861434935094,0.009829619921363091
2017,SWE,0.10840000212192535,0.018196003511548042,-0.00695,155.00658761528337,8.208,0.22375030448700195,0.12415884783410691,0.09639591983430784,-0.094259672044316,0.017953709712307857
2018,SWE,-0.04039999842643738,0.029907776042819023,-0.0068579999999999995,158.0368906455864,8.9562,-0.12056488098570806,-0.056130610553643434,-0.08982497755744634,0.09115497076023399,0.019549511262218437
2019,SWE,0.3384999930858612,0.057640135288238525,-0.004208,160.86956521739143,9.2993,0.28911570097486794,0.01861823789624184,-0.04094799496736312,0.03830865768964513,0.017924135056273577
2020,SWE,0.1656000018119812,0.01794249191880226,-0.00135,161.66007905138352,8.1772,0.3255471428912291,0.157627624993949,0.1356877592574477,-0.12066499629004349,0.004914004914004904
1870,USA,,,0.05999999865889549,10.576832106722046,1.0,,,,,
1871,USA,,0.06511928886175156,0.05999999865889549,9.903127902710965,1.0,,0.06511928886175156,0.05999999865889549,0.0,-0.06369621803705401
1872,USA,0.13291139900684357,0.061484627425670624,0.05999999865889549,9.903127902710965,1.0,0.13291139900684357,0.061484627425670624,0.05999999865889549,0.0,0.0
1873,USA,-0.06311637163162231,0.06627899408340454,0.05999999865889549,9.700692745255711,1.0,-0.06311637163162231,0.06627899408340454,0.05999999865889549,0.0,-0.0204415372035978
1874,USA,0.10180995613336563,0.06195678189396858,0.05999999865889549,9.229423698699883,1.0,0.10180995613336563,0.06195678189396858,0.05999999865889549,0.0,-0.0485809682804675
1875,USA,0.028634361922740936,0.06966714560985565,0.05999999865889549,8.892571596694342,1.0,0.028634361922740936,0.06966714560985565,0.05999999865889549,0.0,-0.03649763116336198
1876,USA,-0.11212814599275589,-0.012225779704749584,0.05999999865889549,8.69013643923909,1.0,-0.11212814599275589,-0.012225779704749584,0.05999999865889549,0.0,-0.022764523766162715
1877,USA,-0.03910614550113678,-0.010721578262746334,0.05999999865889549,8.48851102241366,1.0,-0.03910614550113678,-0.010721578262746334,0.05999999865889549,0.0,-0.023201639955273863
1878,USA,0.11692307144403458,0.054700817912817,0.05000000074505806,8.083640707503154,1.0,0.11692307144403458,0.054700817912817,0.05000000074505806,0.0,-0.04769627015167414
1879,USA,0.4840579628944397,0.05479337275028229,0.05000000074505806,8.083640707503154,1.0,0.4840579628944397,0.05479337275028229,0.05000000074505806,0.0,0.0
1880,USA,0.2398373931646347,0.12775489687919617,0.05000000074505806,8.286075864958406,1.0,0.2398373931646347,0.12775489687919617,0.05000000074505806,0.0,0.025042572373034047
1881,USA,0.08390411734580994,0.021617650985717773,0.03999999910593033,8.286075864958406,1.0,0.08390411734580994,0.021617650985717773,0.03999999910593033,0.0,0.0
1882,USA,0.024958403781056404,0.06539476662874222,0.03999999910593033,8.286075864958406,1.0,0.024958403781056404,0.06539476662874222,0.03999999910593033,0.0,0.0
1883,USA,-0.029109589755535126,0.051595915108919144,0.03999999910593033,8.151658920408117,1.0,-0.029109589755535126,0.051595915108919144,0.03999999910593033,0.0,-0.01622202677611657
1884,USA,-0.12921348214149475,0.021898141130805016,0.03999999910593033,7.949223762952864,1.0,-0.12921348214149475,0.021898141130805016,0.03999999910593033,0.0,-0.02483361478096752
1885,USA,0.2534562349319458,0.05115438997745514,0.03999999910593033,7.814806818402577,1.0,0.2534562349319458,0.05115438997745514,0.03999999910593033,0.0,-0.016909442803300374
1886,USA,0.126923069357872,0.039073556661605835,0.03999999910593033,7.612371660947323,1.0,0.126923069357872,0.039073556661605835,0.03999999910593033,0.0,-0.02590405139363808
1887,USA,-0.021276595070958138,0.013824759982526302,0.03999999910593033,7.679580133222467,1.0,-0.021276595070958138,0.013824759982526302,0.03999999910593033,0.0,0.008828847994894208
1888,USA,0.018975332379341125,0.0546826496720314,0.03999999910593033,7.679580133222467,1.0,0.018975332379341125,0.0546826496720314,0.03999999910593033,0.0,0.0
1889,USA,0.07782100886106491,0.012131434865295887,0.03999999910593033,7.477954716397035,1.0,0.07782100886106491,0.012131434865295887,0.03999999910593033,0.0,-0.026254744833403766
1890,USA,-0.09398496896028519,-0.016784312203526497,0.03999999910593033,7.342728031216925,1.0,-0.09398496896028519,-0.016784312203526497,0.03999999910593033,0.0,-0.01808337845154312
1891,USA,0.2239130437374115,0.01893402636051178,0.03999999910593033,7.342728031216925,1.0,0.2239130437374115,0.01893402636051178,0.03999999910593033,0.0,0.0
1892,USA,0.0628465786576271,0.012937572784721851,0.03999999910593033,7.342728031216925,1.0,0.0628465786576271,0.012937572784721851,0.03999999910593033,0.0,0.0
1893,USA,-0.15426497161388397,0.02944769896566868,0.03999999910593033,7.275519558941782,1.0,-0.15426497161388397,0.02944769896566868,0.03999999910593033,0.0,-0.009153065725628514
1894,USA,0.022675735875964165,0.05530650168657303,0.03999999910593033,6.938667456936243,1.0,0.022675735875964165,0.05530650168657303,0.03999999910593033,0.0,-0.04629938786866975
1895,USA,0.04883720725774765,0.007255651522427797,0.03999999910593033,6.804250512385956,1.0,0.04883720725774765,0.007255651522427797,0.03999999910593033,0.0,-0.01937215544404245
1896,USA,0.018518518656492233,0.048862989991903305,0.03999999910593033,6.804250512385956,1.0,0.018518518656492233,0.048862989991903305,0.03999999910593033,0.0,0.0
1897,USA,0.16824644804000854,0.049910999834537506,0.03999999910593033,6.7362322994809904,1.0,0.16824644804000854,0.049910999834537506,0.03999999910593033,0.0,-0.009996429846483428
1898,USA,0.23157894611358643,0.029604105278849602,0.03999999910593033,6.7362322994809904,1.0,0.23157894611358643,0.029604105278849602,0.03999999910593033,0.0,0.0
1899,USA,0.10265486687421799,0.052182797342538834,0.03500000014901161,6.7362322994809904,1.0,0.10265486687421799,0.052182797342538834,0.03500000014901161,0.0,0.0
1900,USA,0.191029891371727,0.043032702058553696,0.03500000014901161,6.804250512385955,1.0,0.191029891371727,0.043032702058553696,0.03500000014901161,0.0,0.010097367472051828
1901,USA,0.20378455519676208,-0.0011636837152764201,0.03999999910593033,6.871458984661099,1.0,0.20378455519676208,-0.0011636837152764201,0.03999999910593033,0.0,0.009877424729263411
1902,USA,0.0540880486369133,0.01945633441209793,0.03999999910593033,6.938667456936243,1.0,0.0540880486369133,0.01945633441209793,0.03999999910593033,0.0,0.009780815460758948
1903,USA,-0.14037266373634338,0.015004489570856094,0.03500000014901161,7.141102614391496,1.0,-0.14037266373634338,0.015004489570856094,0.03500000014901161,0.0,0.029174932897654337
1904,USA,0.30289193987846375,0.011025133542716503,0.03500000014901161,7.2083110866666384,1.0,0.30289193987846375,0.011025133542716503,0.03500000014901161,0.0,0.009411497902256292
1905,USA,0.1963636428117752,0.022666197270154953,0.03999999910593033,7.141102614391496,1.0,0.1963636428117752,0.022666197270154953,0.03999999910593033,0.0,-0.009323747472477899
1906,USA,0.07337526232004166,0.029605422168970108,0.03500000014901161,7.275519558941783,1.0,0.07337526232004166,0.029605422168970108,0.03500000014901161,0.0,0.018822995804512833
1907,USA,-0.28760161995887756,-0.02440689504146576,0.03999999910593033,7.612371660947323,1.0,-0.28760161995887756,-0.02440689504146576,0.03999999910593033,0.0,0.04629938786866999
1908,USA,0.43531203269958496,0.03716139495372772,0.03999999910593033,7.477954716397035,1.0,0.43531203269958496,0.03716139495372772,0.03999999910593033,0.0,-0.017657695989788415
1909,USA,0.18936876952648163,0.012823841534554958,0.03999999910593033,7.342728031216926,1.0,0.18936876952648163,0.012823841534554958,0.03999999910593033,0.0,-0.018083378451543
1910,USA,-0.0757281556725502,0.03598020225763321,0.03500000014901161,7.679580133222467,1.0,-0.0757281556725502,0.03598020225763321,0.03500000014901161,0.0,0.0458756065284518
1911,USA,0.058563537895679474,0.034620750695466995,0.03500000014901161,7.679580133222467,1.0,0.058563537895679474,0.034620750695466995,0.03500000014901161,0.0,0.0
1912,USA,0.08232710510492325,0.020212514325976372,0.03500000014901161,7.88201529067772,1.0,0.08232710510492325,0.020212514325976372,0.03500000014901161,0.0,0.026360185575706456
1913,USA,-0.09168443828821182,0.00908129196614027,0.03500000014901161,8.016432235228008,1.0,-0.09168443828821182,0.00908129196614027,0.03500000014901161,0.0,0.017053626463940805
1914,USA,-0.033582087606191635,0.010866532102227211,0.03500000014901161,8.097406298210108,1.0,-0.033582087606191635,0.010866532102227211,0.03500000014901161,0.0,0.010101010101010059
1915,USA,0.3482993245124817,0.04490499570965767,0.03500000014901161,8.17838036119221,1.0,0.3482993245124817,0.04490499570965767,0.03500000014901161,0.0,0.009999999999999959
1916,USA,0.09282700717449188,0.03297708183526993,0.03500000014901161,8.826172865049019,1.0,0.09282700717449188,0.03297708183526993,0.03500000014901161,0.0,0.07920792079207932
1917,USA,-0.23571428656578064,-0.01406230591237545,0.03999999910593033,10.36468006170894,1.0,-0.23571428656578064,-0.01406230591237545,0.03999999910593033,0.0,0.17431192660550465
1918,USA,0.24558822810649872,0.031293272972106934,0.03999999910593033,12.227083510297264,1.0,0.24558822810649872,0.031293272972106934,0.03999999910593033,0.0,0.17968749999999992
1919,USA,0.19620253145694733,0.037024859338998795,0.03999999910593033,14.00851289590349,1.0,0.19620253145694733,0.037024859338998795,0.03999999910593033,0.0,0.1456953642384107
1920,USA,-0.17937219142913818,-0.031147217378020287,0.03999999910593033,16.19481259642022,1.0,-0.17937219142913818,-0.031147217378020287,0.03999999910593033,0.0,0.1560693641618498
1921,USA,0.1409691572189331,0.12308336049318314,0.03999999910593033,14.494357273796094,1.0,0.1409691572189331,0.12308336049318314,0.03999999910593033,0.0,-0.1050000000000002
1922,USA,0.27086183428764343,0.06760098040103912,0.03999999910593033,13.603642580992984,1.0,0.27086183428764343,0.06760098040103912,0.03999999910593033,0.0,-0.06145251396648031
1923,USA,0.03416856378316879,0.03598027303814888,0.03999999910593033,13.846564769939288,1.0,0.03416856378316879,0.03598027303814888,0.03999999910593033,0.0,0.01785714285714291
1924,USA,0.2526315748691559,0.06484314799308777,0.03999999910593033,13.846564769939288,1.0,0.2526315748691559,0.06484314799308777,0.03999999910593033,0.0,0.0
1925,USA,0.2854330539703369,0.03509338200092316,0.03999999910593033,14.170461021867693,1.0,0.2854330539703369,0.03509338200092316,0.03999999910593033,0.0,0.023391812865497102
1926,USA,0.13804173469543457,0.052919816225767136,0.03999999910593033,14.332409147831894,1.0,0.13804173469543457,0.052919816225767136,0.03999999910593033,0.0,0.011428571428571378
1927,USA,0.3513713777065277,0.03722437471151352,0.03999999910593033,14.08948695888559,1.0,0.3513713777065277,0.03722437471151352,0.03999999910593033,0.0,-0.016949152542372933
1928,USA,0.37457045912742615,0.013918029144406319,0.039596520364284515,13.84656476993929,1.0,0.37457045912742615,0.013918029144406319,0.039596520364284515,0.0,-0.017241379310344626
1929,USA,-0.03369330242276192,0.03400000184774399,0.040735989809036255,13.84656476993929,1.0,-0.03369330242276192,0.03400000184774399,0.040735989809036255,0.0,0.0
1930,USA,-0.22943925857543945,0.043433960527181625,0.040352221578359604,13.522668518010883,1.0,-0.22943925857543945,0.043433960527181625,0.040352221578359604,0.0,-0.023391812865497227
1931,USA,-0.40296581387519836,-0.05111215263605118,0.04149239882826805,12.308057573279367,1.0,-0.40296581387519836,-0.05111215263605118,0.04149239882826805,0.0,-0.08982035928143713
1932,USA,-0.13270142674446106,0.17365306615829468,0.034688811749219894,11.09344662854785,1.0,-0.13270142674446106,0.17365306615829468,0.034688811749219894,0.0,-0.09868421052631579
1933,USA,0.5263929963111877,-0.004036036320030689,0.030792640522122383,10.526628187673143,1.0,0.5263929963111877,-0.004036036320030689,0.030792640522122383,0.0,-0.05109489051094884
1934,USA,-0.026078233495354652,0.1087663546204567,0.027821529656648636,10.850524439601546,1.0,-0.026078233495354652,0.1087663546204567,0.027821529656648636,0.0,0.030769230769230636
1935,USA,0.4589632749557495,0.04639130458235741,0.02287467010319233,11.09344662854785,1.0,0.4589632749557495,0.04639130458235741,0.02287467010319233,0.0,0.022388059701492605
1936,USA,0.36349692940711975,0.07073504477739334,0.019324960187077522,11.255394754512054,1.0,0.36349692940711975,0.07073504477739334,0.019324960187077522,0.0,0.014598540145985498
1937,USA,-0.3071512281894684,0.0014098361134529114,0.01835577003657818,11.66026506942256,1.0,-0.3071512281894684,0.0014098361134529114,0.01835577003657818,0.0,0.03597122302158273
1938,USA,0.19782213866710663,0.060613445937633514,0.018016459420323372,11.417342880476255,1.0,0.19782213866710663,0.060613445937633514,0.018016459420323372,0.0,-0.020833333333333395
1939,USA,0.02364066056907177,0.05752032622694969,0.016273990273475647,11.255394754512054,1.0,0.02364066056907177,0.05752032622694969,0.016273990273475647,0.0,-0.014184397163120506
1940,USA,-0.0945836752653122,0.06237008050084114,0.014513099566102028,11.336368817494154,1.0,-0.0945836752653122,0.06237008050084114,0.014513099566102028,0.0,0.007194244604316515
1941,USA,-0.10066476464271545,0.01142424251884222,0.013585779815912247,11.903187258368861,1.0,-0.10066476464271545,0.01142424251884222,0.013585779815912247,0.0,0.04999999999999994
1942,USA,0.15410959720611572,0.019999999552965164,0.012112190015614033,13.19877226608248,1.0,0.15410959720611572,0.019999999552965164,0.012112190015614033,0.0,0.10884353741496611
1943,USA,0.2699579894542694,0.024000000208616257,0.009783271700143814,14.008512895903491,1.0,0.2699579894542694,0.024000000208616257,0.009783271700143814,0.0,0.06134969325153374
1944,USA,0.19686411321163177,0.02500000037252903,0.009044098667800426,14.251435084849795,1.0,0.19686411321163177,0.02500000037252903,0.009044098667800426,0.0,0.017341040462427796
1945,USA,0.37328243255615234,0.10796946287155151,0.009133612737059593,14.575331336778198,1.0,0.37328243255615234,0.10796946287155151,0.009133612737059593,0.0,0.022727272727272624
1946,USA,-0.08597806841135025,-0.0011267605004832149,0.009413247928023338,15.789942281509713,1.0,-0.08597806841135025,-0.0011267605004832149,0.009413247928023338,0.0,0.08333333333333322
1947,USA,0.048909448087215424,-0.029359713196754456,0.010075880214571953,18.057216045008545,1.0,0.048909448087215424,-0.029359713196754456,0.010075880214571953,0.0,0.14358974358974366
1948,USA,0.0725216269493103,0.031575758010149,0.011765670031309128,19.442604364604694,1.0,0.0725216269493103,0.031575758010149,0.011765670031309128,0.0,0.07672214344354066
1949,USA,0.16392362117767334,0.06159398704767227,0.010794909670948982,19.251911322559113,1.0,0.16392362117767334,0.06159398704767227,0.010794909670948982,0.0,-0.00980799889096843
1950,USA,0.28295043110847473,-0.0007391304243355989,0.011071509681642056,19.45675473168228,1.0,0.28295043110847473,-0.0007391304243355989,0.011071509681642056,0.0,0.010640159602394133
1951,USA,0.25670886039733887,-0.03725925832986832,0.011931709945201874,21.00184005115405,1.0,0.25670886039733887,-0.03725925832986832,0.011931709945201874,0.0,0.07941125541125522
1952,USA,0.17257581651210785,0.011251968331634998,0.013198410160839558,21.481604877784626,1.0,0.17257581651210785,0.011251968331634998,0.013198410160839558,0.0,0.022843942505133587
1953,USA,0.009216589853167534,0.035999998450279236,0.014211400412023067,21.644671012678725,1.0,0.009216589853167534,0.035999998450279236,0.014211400412023067,0.0,0.007590966122961065
1954,USA,0.4703987240791321,0.06668253988027573,0.015180240385234356,21.7228349451073,1.0,0.4703987240791321,0.06668253988027573,0.015180240385234356,0.0,0.0036112321773239787
1955,USA,0.34429511427879333,-0.012167938984930515,0.01625104993581772,21.66690730380065,1.0,0.34429511427879333,-0.012167938984930515,0.01625104993581772,0.0,-0.0025746014020720386
1956,USA,0.06193520128726959,-0.057301588356494904,0.01866590976715088,21.986301303551897,1.0,0.06193520128726959,-0.057301588356494904,0.01866590976715088,0.0,0.014741097807494795
1957,USA,-0.09302325546741486,0.07747825980186462,0.024154970422387123,22.73222779664185,1.0,-0.09302325546741486,0.07747825980186462,0.024154970422387123,0.0,0.03392687486591703
1958,USA,0.36969998478889465,-0.05133333057165146,0.02554408088326454,23.352822467044604,1.0,0.36969998478889465,-0.05133333057165146,0.02554408088326454,0.0,0.027300213421864034
1959,USA,0.13834361732006073,-0.02563636377453804,0.028643619269132614,23.57046858923797,1.0,0.13834361732006073,-0.02563636377453804,0.028643619269132614,0.0,0.009319906512392933
1960,USA,-0.005248899571597576,0.131378635764122,0.029515879228711128,23.92220628516656,1.0,-0.005248899571597576,0.131378635764122,0.029515879228711128,0.0,0.014922813036020461
1961,USA,0.2985915541648865,0.011214286088943481,0.030918510630726814,24.178260546570517,1.0,0.2985915541648865,0.011214286088943481,0.030918510630726814,0.0,0.010703622331136258
1962,USA,-0.09715639799833298,0.07669725269079208,0.03570332005620003,24.462615542129644,1.0,-0.09715639799833298,0.07669725269079208,0.03570332005620003,0.0,0.011760771417423595
1963,USA,0.22046615183353424,-0.006247787270694971,0.037941139191389084,24.769880655814394,1.0,0.22046615183353424,-0.006247787270694971,0.037941139191389084,0.0,0.012560599382988142
1964,USA,0.16570042073726654,0.05025926232337952,0.03931428864598274,25.097360579609976,1.0,0.16570042073726654,0.05025926232337952,0.03931428864598274,0.0,0.0132208922742109
1965,USA,0.12494045495986938,-0.0048715597949922085,0.04344166815280914,25.49357085778242,1.0,0.12494045495986938,-0.0048715597949922085,0.04344166815280914,0.0,0.015786930140149445
1966,USA,-0.08208873867988586,0.04399999976158142,0.05483333021402359,26.255669198961037,1.0,-0.08208873867988586,0.04399999976158142,0.05483333021402359,0.0,0.02989374636570271
1967,USA,0.20767244696617126,-0.051153846085071564,0.050208330154418945,26.986771497969702,1.0,0.20767244696617126,-0.051153846085071564,0.050208330154418945,0.0,0.027845502373925222
1968,USA,0.1497376710176468,-0.0011914893984794617,0.05859167128801346,28.132277404250573,1.0,0.1497376710176468,-0.0011914893984794617,0.05859167128801346,0.0,0.04244694132334617
1969,USA,-0.11483567953109741,-0.055359549820423126,0.07760833203792572,29.661864702637363,1.0,-0.11483567953109741,-0.055359549820423126,0.07760833203792572,0.0,0.054371257485029675
1970,USA,0.02282954752445221,0.1419493705034256,0.07564166933298111,31.407076642206437,1.0,0.02282954752445221,0.1419493705034256,0.07564166933298111,0.0,0.05883689232167188
1971,USA,0.13536924123764038,0.1796470582485199,0.050050001591444016,32.73451583948486,1.0,0.13536924123764038,0.1796470582485199,0.050050001591444016,0.0,0.04226560823857572
1972,USA,0.2165977656841278,0.055526312440633774,0.04665832966566086,33.805900775359305,1.0,0.2165977656841278,0.055526312440633774,0.04665832966566086,0.0,0.032729518320296275
1973,USA,-0.16459573805332184,-0.038333334028720856,0.08415833115577698,35.92171756696043,1.0,-0.16459573805332184,-0.038333334028720856,0.08415833115577698,0.0,0.06258720350807273
1974,USA,-0.2543785572052002,0.025545453652739525,0.1024416983127594,39.877082078647874,1.0,-0.2543785572052002,0.025545453652739525,0.1024416983127594,0.0,0.11011067341962098
1975,USA,0.37736693024635315,0.06509523838758469,0.0643666610121727,43.52248616863579,1.0,0.37736693024635315,0.06509523838758469,0.0643666610121727,0.0,0.09141601892531248
1976,USA,0.22604283690452576,0.17338554561138153,0.052683331072330475,46.03586089241674,1.0,0.22604283690452576,0.17338554561138153,0.052683331072330475,0.0,0.05774887753522233
1977,USA,-0.05931232124567032,0.01405494473874569,0.05640833079814911,49.014176248746985,1.0,-0.05931232124567032,0.01405494473874569,0.05640833079814911,0.0,0.0646955503512881
1978,USA,0.078448086977005,-0.029651163145899773,0.08221665769815445,52.753916119252146,1.0,0.078448086977005,-0.029651163145899773,0.08221665769815445,0.0,0.0762991476491613
1979,USA,0.18041826784610748,-0.015896104276180267,0.11225000023841858,57.75644264780191,1.0,0.18041826784610748,-0.015896104276180267,0.11225000023841858,0.0,0.09482758620689642
1980,USA,0.2955473065376282,-0.03143478184938431,0.13066670298576355,64.2243557352198,1.0,0.2955473065376282,-0.03143478184938431,0.13066670298576355,0.0,0.11198600174978135
1981,USA,-0.02299625426530838,-0.0006666667177341878,0.15910829603672028,70.28802425467407,1.0,-0.02299625426530838,-0.0006666667177341878,0.15910829603672028,0.0,0.09441384736428007
1982,USA,0.18150241672992706,0.3634151220321655,0.12270829826593399,74.53259221829207,1.0,0.18150241672992706,0.3634151220321655,0.12270829826593399,0.0,0.06038820992092031
1983,USA,0.230200856924057,0.012692307122051716,0.09066666662693024,77.71601819100556,1.0,0.230200856924057,0.012692307122051716,0.09066666662693024,0.0,0.04271186440677969
1984,USA,0.046411190181970596,0.14989830553531647,0.10365000367164612,80.94997473471449,1.0,0.046411190181970596,0.14989830553531647,0.10365000367164612,0.0,0.04161248374512333
1985,USA,0.3082066774368286,0.29332786798477173,0.08047500252723694,83.72915613946437,1.0,0.3082066774368286,0.29332786798477173,0.08047500252723694,0.0,0.0343320848938827
1986,USA,0.23917028307914734,0.25966668128967285,0.06518332660198212,85.19454269833248,1.0,0.23917028307914734,0.25966668128967285,0.06518332660198212,0.0,0.017501508750754416
1987,USA,0.004867256619036198,-0.031142856925725937,0.06860832870006561,88.12531581606872,1.0,0.004867256619036198,-0.031142856925725937,0.06860832870006561,0.0,0.034400948991696406
1988,USA,0.18775933980941772,0.07466666400432587,0.07727500051259995,91.3087417887822,1.0,0.18775933980941772,0.07466666400432587,0.07727500051259995,0.0,0.036123853211009034
1989,USA,0.300759494304657,0.18259458243846893,0.09085000306367874,95.30065689742294,1.0,0.300759494304657,0.18259458243846893,0.09085000306367874,0.0,0.04371887105700069
1990,USA,-0.022260470315814018,0.05430864170193672,0.08147499710321426,100.0,1.0,-0.022260470315814018,0.05430864170193672,0.08147499710321426,0.0,0.04931071049840935
1991,USA,0.2188897281885147,0.1706075817346573,0.05835000053048134,103.63820111167254,1.0,0.2188897281885147,0.1706075817346573,0.05835000053048134,0.0,0.036382011116725434
1992,USA,0.1532006859779358,0.0729999989271164,0.03681667149066925,106.21526023244061,1.0,0.1532006859779358,0.0729999989271164,0.03681667149066925,0.0,0.024865919063871332
1993,USA,0.0984528511762619,0.15439535677433014,0.0317416712641716,108.89338049519958,1.0,0.0984528511762619,0.15439535677433014,0.0317416712641716,0.0,0.025214081826831568
1994,USA,0.005172228906303644,-0.07578494399785995,0.04629167169332504,111.16725618999494,1.0,0.005172228906303644,-0.07578494399785995,0.04629167169332504,0.0,0.02088167053364282
1995,USA,0.3804345428943634,0.2915000021457672,0.059166669845581055,113.84537645275392,1.0,0.3804345428943634,0.2915000021457672,0.059166669845581055,0.0,0.024090909090909194
1996,USA,0.23362676799297333,-0.013164948672056198,0.05389999970793724,116.87721071248107,1.0,0.23362676799297333,-0.013164948672056198,0.05389999970793724,0.0,0.026631158455392923
1997,USA,0.31566765904426575,0.1437777876853943,0.05615833029150963,119.40373926225368,1.0,0.31566765904426575,0.1437777876853943,0.05615833029150963,0.0,0.021616947686986545
1998,USA,0.2534160315990448,0.1208556741476059,0.054666668176651,121.02071753410816,1.0,0.2534160315990448,0.1208556741476059,0.054666668176651,0.0,0.013542107490478255
1999,USA,0.2145456075668335,-0.09263106435537338,0.053300000727176666,123.59777665487623,1.0,0.2145456075668335,-0.09263106435537338,0.053300000727176666,0.0,0.021294363256785003
2000,USA,-0.05703166499733925,0.20336362719535828,0.06455832719802856,127.79181404749878,1.0,-0.05703166499733925,0.20336362719535828,0.06455832719802856,0.0,0.03393295175797228
2001,USA,-0.1279255896806717,0.03500000014901161,0.03686666861176491,131.43001515917135,1.0,-0.1279255896806717,0.03500000014901161,0.03686666861176491,0.0,0.028469750889679787
2002,USA,-0.20060615241527557,0.15904080867767334,0.017258329316973686,133.50176856998488,1.0,-0.20060615241527557,0.15904080867767334,0.017258329316973686,0.0,0.015763168012302847
2003,USA,0.22114592790603638,0.020222222432494164,0.011508329771459103,136.533602829712,1.0,0.22114592790603638,0.020222222432494164,0.011508329771459103,0.0,0.02271006813020438
2004,USA,0.12771135568618774,0.06904761493206024,0.01563332974910736,140.22233451238003,1.0,0.12771135568618774,0.06904761493206024,0.01563332974910736,0.0,0.027017024426350893
2005,USA,0.07094670832157135,0.07603738456964493,0.03511666879057884,144.97220818595252,1.0,0.07094670832157135,0.07603738456964493,0.03511666879057884,0.0,0.03387387387387374
2006,USA,0.14201273024082184,0.0005454545607790351,0.051533330231904984,149.67155128852957,1.0,0.14201273024082184,0.0005454545607790351,0.051533330231904984,0.0,0.03241547577553145
2007,USA,0.06391465663909912,0.08609523624181747,0.052683331072330475,153.91611925214755,1.0,0.06391465663909912,0.08609523624181747,0.052683331072330475,0.0,0.028359216745442218
2008,USA,-0.3875488340854645,0.2468348741531372,0.029650000855326653,159.82819605861545,1.0,-0.3875488340854645,0.2468348741531372,0.029650000855326653,0.0,0.03841103086014433
2009,USA,0.2908405065536499,-0.15220610797405243,0.005558332893997431,159.27235977766546,1.0,0.2908405065536499,-0.15220610797405243,0.005558332893997431,0.0,-0.0034777110338287376
2010,USA,0.13858318328857422,0.10107476264238358,0.0031166670378297567,161.89994946942898,1.0,0.13858318328857422,0.10107476264238358,0.0031166670378297567,0.0,0.01649746192893402
2011,USA,0.022730018943548203,0.2533893883228302,0.0030333329923450947,167.00353713996967,1.0,0.022730018943548203,0.2533893883228302,0.0030333329923450947,0.0,0.031523096129837794
2012,USA,0.16907955706119537,0.03229926899075508,0.0028250000905245543,170.5406771096513,1.0,0.16907955706119537,0.03229926899075508,0.0028250000905245543,0.0,0.02118003025718602
2013,USA,0.2956359088420868,-0.13242028653621674,0.0020833329763263464,173.06720565942393,1.0,0.2956359088420868,-0.13242028653621674,0.0020833329763263464,0.0,0.014814814814814867
2014,USA,0.15816636383533478,0.24389655888080597,0.0008999999845400453,175.99797877716017,1.0,0.15816636383533478,0.24389655888080597,0.0008999999845400453,0.0,0.016934306569343107
2015,USA,0.021029368042945862,-0.018857143819332123,0.0013000000035390258,176.30116220313286,1.0,0.021029368042945862,-0.018857143819332123,0.0013000000035390258,0.0,0.0017226528854434534
2016,USA,0.036493316292762756,0.00227823993191123,0.004,178.57503789792818,1.0,0.036493316292762756,0.00227823993191123,0.0040000000000000036,0.0,0.012897678417884618
2017,USA,0.19302545487880707,0.025167474523186684,0.01,182.41536129358255,1.0,0.19302545487880707,0.025167474523186684,0.010000000000000009,0.0,0.021505376344086002
2018,USA,0.14207513630390167,-0.017138032242655754,0.0183,186.86205154118238,1.0,0.14207513630390167,-0.017138032242655754,0.018299999999999983,0.0,0.024376731301939257
2019,USA,0.08163652569055557,0.1186676025390625,0.0216,190.24759979787768,1.0,0.08163652569055557,0.1186676025390625,0.021600000000000064,0.0,0.018117901568415366
2020,USA,0.12535415589809418,0.11865632981061935,0.0038,192.62253663466396,1.0,0.12535415589809418,0.11865632981061935,0.0038000000000000256,0.0,0.012483399734395858
