Platform id,Platform name,Investment name,Sec id,Management type,Asset class,Investment type,Base currency,Management description,Growth proportion,Redemption period,Performance fee description,Investment description,Pds url,Fund manager,Fund issuer,Date requested,Date added,Backfill series ticker,Backfill series name,Entry fee,Exit fee,Management fee,Rebate,Total expense ratio,Admin fee,Action fee description,Requested by,Date removed,Exchange,Manager Full name,Manager Email,Manager Website,Manager Description,Issuer Full name,Issuer Email,Issuer Website,Issuer Description
ABACUS5,Harbour NZ Corporate Bond Fund,Harbour NZ Corporate Bond Fund,F0AUS07371,Managed Funds,New Zealand fixed interest,Open-End Fund,NZD,"Passive - Tight mandate, macro analysis, not micro.",0.0,1,No Fee,The Fund provides access to favourable income yields through a diversified portfolio of primarily investment grade corporate bond fixed interest securities.,https://www.harbourasset.co.nz/our-funds/,Harbour,Harbour,2020-12-01 00:00:00,2021-01-01 00:00:00,BFS_ABACUS5,Backfill: Harbour Corporate Bond Fund,0,0,0.0045,0.0022,0.0022999999999999995,,,,,,Harbour Asset Management Ltd,contactus@harbourasset.co.nz,www.harbourasset.co.nz,An experienced New Zealand based investment manager with more than NZD 7 billion in assets under management.,Harbour Asset Management Ltd,contactus@harbourasset.co.nz,www.harbourasset.co.nz,An experienced New Zealand based investment manager with more than NZD 7 billion in assets under management.
AUDCash,Australian Dollar (AUD),Australian Dollar,,Direct bonds and term deposits,Cash and cash equivalents,Currency,NZD,,0.0,,,Held with ANZ Bank New Zealand.,,,,2020-12-01 00:00:00,2021-01-01 00:00:00,,,,,,,,,,,,,,,,,,,,
CADCash,Canadian Dollar (CAD),Canadian Dollar,,Direct bonds and term deposits,Cash and cash equivalents,Currency,NZD,,0.0,,,Held with ANZ Bank New Zealand.,,,,2020-12-01 00:00:00,2021-01-01 00:00:00,,,,,,,,,,,,,,,,,,,,
CHFCash,Swiss Franc (CHF),Swiss Franc,,Direct bonds and term deposits,Cash and cash equivalents,Currency,NZD,,0.0,,,Held with ANZ Bank New Zealand.,,,,2020-12-01 00:00:00,2021-01-01 00:00:00,,,,,,,,,,,,,,,,,,,,
DFA0001,Dimensional Five-Year Diversified FI NZD,Dimensional Five-Year Diversified Fixed Interest Trust (NZD),F00000T0HH,Managed Funds,International fixed interest,Open-End Fund,NZD,Hybrid - index and tilts,0.0,7,,"The Trust may suit those investors seeking a liquid, low risk, diversified portfolio that provides exposure to the returns of short-term global fixed interest securities.",https://au.dimensional.com/funds,DFA Australia,DFA Australia,2020-12-01 00:00:00,2021-01-01 00:00:00,,,0.0005,0.0005,0.0028,,0.0028,,,,,,Dimensional Fund Advisors (Australia),,www.au.dimensional.com,"Founded in 1981, utilising research from Nobel laureates, Dimensional manages over USD 1.3 trillion globally.",Dimensional Fund Advisors (Australia),,www.au.dimensional.com,"Founded in 1981, utilising research from Nobel laureates, Dimensional manages over USD 1.3 trillion globally."
DFA0003.AU,Dimensional Australian Core Equity Trust,Dimensional Australian Core Equity Trust,F0AUS06U3H,Managed Funds,Australasian equities,Open-End Fund,AUD,Hybrid - index and tilts,0.0,7,,The Trust may suit those investors seeking exposure to a diversified portfolio of securities listed in Australia with the potential for long-term capital growth. Investors in this Trust will be exposed to share market volatility.,https://au.dimensional.com/funds,DFA Australia,DFA Australia,2020-12-01 00:00:00,2021-01-01 00:00:00,,,0.0008,0.0008,0.0028,,0.0028,,,,,,Dimensional Fund Advisors (Australia),,www.au.dimensional.com,"Founded in 1981, utilising research from Nobel laureates, Dimensional manages over USD 1.3 trillion globally.",Dimensional Fund Advisors (Australia),,www.au.dimensional.com,"Founded in 1981, utilising research from Nobel laureates, Dimensional manages over USD 1.3 trillion globally."
DFA0004.AU,Dimensional Global Core Equity Trust,Dimensional Global Core Equity Trust (Unhedged),F0AUS06YSK,Managed Funds,International equities,Open-End Fund,AUD,Hybrid - index and tilts,0.0,7,,The Trust may suit those investors seeking exposure to a diversified portfolio of securities listed on global developed markets (excluding Australia) with the potential for long-term capital growth. Investors in this Trust will be exposed to share market volatility.,https://au.dimensional.com/funds,DFA Australia,DFA Australia,2020-12-01 00:00:00,2021-01-01 00:00:00,,,0.001,0.001,0.0036,,0.0036,,,,,,Dimensional Fund Advisors (Australia),,www.au.dimensional.com,"Founded in 1981, utilising research from Nobel laureates, Dimensional manages over USD 1.3 trillion globally.",Dimensional Fund Advisors (Australia),,www.au.dimensional.com,"Founded in 1981, utilising research from Nobel laureates, Dimensional manages over USD 1.3 trillion globally."
DFA0005.AU,Dimensional Global Real Estate Trust,Dimensional Global Real Estate Trust (Unhedged),F0AUS071LI,Managed Funds,Listed property,Open-End Fund,AUD,Hybrid - index and tilts,0.0,7,,The Trust may suit those investors seeking exposure to a diversified portfolio of real estate securities listed on developed markets (including Australia) and emerging markets with the potential for long-term capital growth. Investors in this Trust will be exposed to share market volatility.,https://au.dimensional.com/funds,DFA Australia,DFA Australia,2020-12-01 00:00:00,2021-01-01 00:00:00,,,0.001,0.001,0.0037,,0.0037,,,,,,Dimensional Fund Advisors (Australia),,www.au.dimensional.com,"Founded in 1981, utilising research from Nobel laureates, Dimensional manages over USD 1.3 trillion globally.",Dimensional Fund Advisors (Australia),,www.au.dimensional.com,"Founded in 1981, utilising research from Nobel laureates, Dimensional manages over USD 1.3 trillion globally."
DFA0028.AU,Dimensional Global Bond Trust AUD,Dimensional Global Bond Trust (AUD class),F00000N4JG,Managed Funds,International fixed interest,Open-End Fund,AUD,Hybrid - index and tilts,0.0,7,,"The Trust may suit those investors seeking a liquid, diversified portfolio that provides exposure to the returns of global fixed interest securities. Dimensional's fixed interest portfolios are based on dimensions of expected return that have been identified by academic research.",https://au.dimensional.com/funds,DFA Australia,DFA Australia,2020-12-01 00:00:00,2021-01-01 00:00:00,,,0.001,0.001,0.0034999999999999996,,0.0034999999999999996,,,,,,Dimensional Fund Advisors (Australia),,www.au.dimensional.com,"Founded in 1981, utilising research from Nobel laureates, Dimensional manages over USD 1.3 trillion globally.",Dimensional Fund Advisors (Australia),,www.au.dimensional.com,"Founded in 1981, utilising research from Nobel laureates, Dimensional manages over USD 1.3 trillion globally."
DFA0038,Dimensional Global Bond Trust NZD,Dimensional Global Bond Trust (NZD),F00000T7O2,Managed Funds,International fixed interest,Open-End Fund,NZD,Hybrid - index and tilts,0.0,7,,"The Trust may suit those investors seeking a liquid, diversified portfolio that provides exposure to the returns of global fixed interest securities. Dimensional's fixed interest portfolios are based on dimensions of expected return that have been identified by academic research.",https://au.dimensional.com/funds,DFA Australia,DFA Australia,2020-12-01 00:00:00,2021-01-01 00:00:00,,,0.001,0.001,0.0035,,0.0035,,,,,,Dimensional Fund Advisors (Australia),,www.au.dimensional.com,"Founded in 1981, utilising research from Nobel laureates, Dimensional manages over USD 1.3 trillion globally.",Dimensional Fund Advisors (Australia),,www.au.dimensional.com,"Founded in 1981, utilising research from Nobel laureates, Dimensional manages over USD 1.3 trillion globally."
DFA0039,Dimensional Global Core Equity NZD Hgd,Dimensional Global Core Equity Trust (NZD),F00000T0HG,Managed Funds,International equities,Open-End Fund,NZD,Hybrid - index and tilts,0.0,7,,"Ordinarily, the Trust will pursue its objective by investing in a diverse group of listed securities associated with approved developed markets ex Australia.",https://au.dimensional.com/funds,DFA Australia,DFA Australia,2020-12-01 00:00:00,2021-01-01 00:00:00,,,0.0012,0.0012,0.00361,,0.00361,,,,,,Dimensional Fund Advisors (Australia),,www.au.dimensional.com,"Founded in 1981, utilising research from Nobel laureates, Dimensional manages over USD 1.3 trillion globally.",Dimensional Fund Advisors (Australia),,www.au.dimensional.com,"Founded in 1981, utilising research from Nobel laureates, Dimensional manages over USD 1.3 trillion globally."
DFA0041.AU,Dimensional Glb Sstnblty Trust Unhdg,Dimensional Global Sustainability Trust (Unhedged),F00000WWFN,Managed Funds,International equities,Open-End Fund,AUD,Hybrid - index and tilts,0.0,7,,"The Trust may suit those investors seeking exposure to a diversified portfolio of securities listed on global developed markets (excluding Australia) with the potential for long-term capital growth. In particular, the Trust may suit those investors who seek to have certain environmental and sustainability impact and social considerations taken into account in the investment decision making process of the Trust. Investors in this Trust will be exposed to share market volatility.",https://au.dimensional.com/funds,DFA Australia,DFA Australia,2020-12-01 00:00:00,2021-01-01 00:00:00,,,0.001,0.001,0.0036,,0.0036,,,,,,Dimensional Fund Advisors (Australia),,www.au.dimensional.com,"Founded in 1981, utilising research from Nobel laureates, Dimensional manages over USD 1.3 trillion globally.",Dimensional Fund Advisors (Australia),,www.au.dimensional.com,"Founded in 1981, utilising research from Nobel laureates, Dimensional manages over USD 1.3 trillion globally."
DFA0042.AU,Dimensional Glb Sstnblty Trust AUD Hdg,Dimensional Global Sustainability Trust (AUD hedged),F00000WWFM,Managed Funds,International equities,Open-End Fund,AUD,Hybrid - index and tilts,0.0,7,,"The Trust may suit those investors seeking exposure to a diversified portfolio of securities listed on global developed markets (excluding Australia) with the potential for long-term capital growth. In particular, the Trust may suit those investors who seek to have certain environmental and sustainability impact and social considerations taken into account in the investment decision making process of the Trust. Investors in this Trust will be exposed to share market volatility.",https://au.dimensional.com/funds,DFA Australia,DFA Australia,2020-12-01 00:00:00,2021-01-01 00:00:00,,,0.0012,0.0012,0.0036,,0.0036,,,,,,Dimensional Fund Advisors (Australia),,www.au.dimensional.com,"Founded in 1981, utilising research from Nobel laureates, Dimensional manages over USD 1.3 trillion globally.",Dimensional Fund Advisors (Australia),,www.au.dimensional.com,"Founded in 1981, utilising research from Nobel laureates, Dimensional manages over USD 1.3 trillion globally."
DFA0043,Dimensional Glbl Sustainability NZD Hdg,Dimensional Global Sustainability Trust (NZD),F00000X0BB,Managed Funds,International equities,Open-End Fund,NZD,Hybrid - index and tilts,0.0,7,,The Trust may suit those investors seeking exposure to a diversified portfolio of securities listed on global developed markets (excluding Australia) with the potential for long-term capital growth.,https://au.dimensional.com/funds,DFA Australia,DFA Australia,2020-12-01 00:00:00,2021-01-01 00:00:00,,,0.0012,0.0012,0.0036,,0.0036,,,,,,Dimensional Fund Advisors (Australia),,www.au.dimensional.com,"Founded in 1981, utilising research from Nobel laureates, Dimensional manages over USD 1.3 trillion globally.",Dimensional Fund Advisors (Australia),,www.au.dimensional.com,"Founded in 1981, utilising research from Nobel laureates, Dimensional manages over USD 1.3 trillion globally."
DFA0044,Dimensional Global Real Estate NZD Hdg,Dimensional Global Real Estate Trust (NZD),F00000YCCO,Managed Funds,Listed property,Open-End Fund,NZD,Hybrid - index and tilts,0.0,3,,"Under normal circumstances, the Trust will invest in accordance with the following target allocation range: Real estate securities 100%.",https://au.dimensional.com/funds,DFA Australia,DFA Australia,2020-12-01 00:00:00,2021-01-01 00:00:00,BMK0016,NZX NZL Govt Stk GR NZD,0.0012,0.0012,0.00331,,0.00331,,,,,,Dimensional Fund Advisors (Australia),,www.au.dimensional.com,"Founded in 1981, utilising research from Nobel laureates, Dimensional manages over USD 1.3 trillion globally.",Dimensional Fund Advisors (Australia),,www.au.dimensional.com,"Founded in 1981, utilising research from Nobel laureates, Dimensional manages over USD 1.3 trillion globally."
DFA0045,Dimensional Two-Year Sustainability Fixed Interest Trust NZD,Dimensional Two-Year Sustainability Fixed Interest Trust (NZD),F00000YCED,Managed Funds,International fixed interest,Open-End Fund,NZD,Hybrid - index and tilts,0.0,3,,"Within the risk constraints of investing in eligible short-term, Investment Grade securities, and adjusted to take into account certain environmental and sustainability impact and social considerations, the objective of the Trust is to maximise the return of a broadly diversified portfolio of domestic and global fixed interest securities.",https://au.dimensional.com/funds,DFA Australia,DFA Australia,2020-12-01 00:00:00,2021-01-01 00:00:00,DFA0001_OLD,Dimensional Two Year Diversified Fixed Interest Strategy -  NZD class Units (Gross of fees),0.0005,0.0005,0.0025,,0.0025,,,,,,Dimensional Fund Advisors (Australia),,www.au.dimensional.com,"Founded in 1981, utilising research from Nobel laureates, Dimensional manages over USD 1.3 trillion globally.",Dimensional Fund Advisors (Australia),,www.au.dimensional.com,"Founded in 1981, utilising research from Nobel laureates, Dimensional manages over USD 1.3 trillion globally."
DFA0101.AU,Dimensional Australian Value Trust,Dimensional Australian Value Trust,F0AUS05KBX,Managed Funds,Australasian equities,Open-End Fund,AUD,Hybrid - index and tilts,0.0,7,,The Trust may suit those investors seeking exposure to a diversified portfolio of Value Companies listed in Australia with the potential for long-term capital growth. Investors in this Trust will be exposed to share market volatility.,https://au.dimensional.com/funds,DFA Australia,DFA Australia,2020-12-01 00:00:00,2021-01-01 00:00:00,,,0.0008,0.0008,0.00336,,0.00336,,,,,,Dimensional Fund Advisors (Australia),,www.au.dimensional.com,"Founded in 1981, utilising research from Nobel laureates, Dimensional manages over USD 1.3 trillion globally.",Dimensional Fund Advisors (Australia),,www.au.dimensional.com,"Founded in 1981, utilising research from Nobel laureates, Dimensional manages over USD 1.3 trillion globally."
DFA0102.AU,Dimensional Global Value Trust,Dimensional Global Value Trust ,F0AUS05KBY,Managed Funds,International equities,Open-End Fund,AUD,Hybrid - index and tilts,0.0,7,,The Trust may suit those investors seeking exposure to a diversified portfolio of large Value Companies listed on global developed markets (excluding Australia) with the potential for long-term capital growth. Investors in this Trust will be exposed to share market volatility.,https://au.dimensional.com/funds,DFA Australia,DFA Australia,2020-12-01 00:00:00,2021-01-01 00:00:00,,,0.0008,0.0008,0.0046,,0.0046,,,,,,Dimensional Fund Advisors (Australia),,www.au.dimensional.com,"Founded in 1981, utilising research from Nobel laureates, Dimensional manages over USD 1.3 trillion globally.",Dimensional Fund Advisors (Australia),,www.au.dimensional.com,"Founded in 1981, utilising research from Nobel laureates, Dimensional manages over USD 1.3 trillion globally."
DFA0103.AU,Dimensional Aust Large Company Trust,Dimensional Australian Large Company Trust,F0AUS05KCJ,Managed Funds,Australasian equities,Open-End Fund,AUD,Hybrid - index and tilts,0.0,7,,The Trust may suit those investors seeking exposure to a diversified portfolio of large companies listed in Australia with the potential for long-term capital growth. Investors in this Trust will be exposed to share market volatility.,https://au.dimensional.com/funds,DFA Australia,DFA Australia,2020-12-01 00:00:00,2021-01-01 00:00:00,,,0.0008001329182552721,0.0008001329182552721,0.0016,,0.0016,,,,,,Dimensional Fund Advisors (Australia),,www.au.dimensional.com,"Founded in 1981, utilising research from Nobel laureates, Dimensional manages over USD 1.3 trillion globally.",Dimensional Fund Advisors (Australia),,www.au.dimensional.com,"Founded in 1981, utilising research from Nobel laureates, Dimensional manages over USD 1.3 trillion globally."
DFA0104.AU,Dimensional Aust Small Company Trust,Dimensional Australian Small Company Trust,F0AUS05KDW,Managed Funds,Australasian equities,Open-End Fund,AUD,Hybrid - index and tilts,0.0,7,,The Trust may suit those investors seeking exposure to a diversified portfolio of small companies listed in Australia with the potential for long-term capital growth. Investors in this Trust will be exposed to share market volatility.,https://au.dimensional.com/funds,DFA Australia,DFA Australia,2020-12-01 00:00:00,2021-01-01 00:00:00,,,0.0012,0.0012,0.00603,,0.00603,,,,,,Dimensional Fund Advisors (Australia),,www.au.dimensional.com,"Founded in 1981, utilising research from Nobel laureates, Dimensional manages over USD 1.3 trillion globally.",Dimensional Fund Advisors (Australia),,www.au.dimensional.com,"Founded in 1981, utilising research from Nobel laureates, Dimensional manages over USD 1.3 trillion globally."
DFA0105.AU,Dimensional Global Large Company Trust,Dimensional Global Large Company Trust ,F0AUS05KCK,Managed Funds,International equities,Open-End Fund,AUD,Hybrid - index and tilts,0.0,7,,The investment objective of the Trust is to provide long-term capital growth by gaining exposure to a diversified portfolio of large companies associated with approved developed markets (excluding Australia).,https://au.dimensional.com/funds,DFA Australia,DFA Australia,2020-12-01 00:00:00,2021-01-01 00:00:00,,,0.0008,0.0008,0.0024,,0.0024,,,,,,Dimensional Fund Advisors (Australia),,www.au.dimensional.com,"Founded in 1981, utilising research from Nobel laureates, Dimensional manages over USD 1.3 trillion globally.",Dimensional Fund Advisors (Australia),,www.au.dimensional.com,"Founded in 1981, utilising research from Nobel laureates, Dimensional manages over USD 1.3 trillion globally."
DFA0106.AU,Dimensional Global Small Company Trust,Dimensional Global Small Company Trust ,F0AUS05KCL,Managed Funds,International equities,Open-End Fund,AUD,Hybrid - index and tilts,0.0,7,,"To provide long-term capital growth by gaining exposure to a diversified portfolio of small companies associated with approved developed markets (excluding Australia). The Trust is not managed with the objective of achieving a particular return relative to a benchmark index. However, to compare the performance of the Trust with a broad measure of market performance, reference may be made to the MSCI World ex Australia Small Cap Index (net div.).",https://au.dimensional.com/funds,DFA Australia,DFA Australia,2020-12-01 00:00:00,2021-01-01 00:00:00,,,0.0012,0.0012,0.00647,,0.00647,,,,,,Dimensional Fund Advisors (Australia),,www.au.dimensional.com,"Founded in 1981, utilising research from Nobel laureates, Dimensional manages over USD 1.3 trillion globally.",Dimensional Fund Advisors (Australia),,www.au.dimensional.com,"Founded in 1981, utilising research from Nobel laureates, Dimensional manages over USD 1.3 trillion globally."
DFA0107.AU,Dimensional Emerging Markets Value Trust,Dimensional Emerging Markets Value Trust,F0AUS05KCM,Managed Funds,International equities,Open-End Fund,AUD,Hybrid - index and tilts,0.0,7,,The Trust may suit those investors seeking exposure to a diversified portfolio of Value Companies listed on approved emerging markets with the potential for long-term capital growth. Investors in this Trust will be exposed to share market volatility.,https://au.dimensional.com/funds,DFA Australia,DFA Australia,2020-12-01 00:00:00,2021-01-01 00:00:00,,,0.0022,0.0022,0.00717,,0.00717,,,,,,Dimensional Fund Advisors (Australia),,www.au.dimensional.com,"Founded in 1981, utilising research from Nobel laureates, Dimensional manages over USD 1.3 trillion globally.",Dimensional Fund Advisors (Australia),,www.au.dimensional.com,"Founded in 1981, utilising research from Nobel laureates, Dimensional manages over USD 1.3 trillion globally."
DFA0108.AU,Dimensional Five-Year Diversified F/I AUD,Dimensional Five Year Diversified Fixed Interest Trust (AUD class),F0AUS05KDX,Managed Funds,International fixed interest,Open-End Fund,AUD,Hybrid - index and tilts,0.0,7,,"The Trust may suit those investors seeking a liquid, low risk, diversified portfolio that provides exposure to the returns of short-term global fixed interest securities.",https://au.dimensional.com/funds,DFA Australia,DFA Australia,2020-12-01 00:00:00,2021-01-01 00:00:00,,,0.0005,0.0005,0.0028000000000000004,,0.0028000000000000004,,,,,,Dimensional Fund Advisors (Australia),,www.au.dimensional.com,"Founded in 1981, utilising research from Nobel laureates, Dimensional manages over USD 1.3 trillion globally.",Dimensional Fund Advisors (Australia),,www.au.dimensional.com,"Founded in 1981, utilising research from Nobel laureates, Dimensional manages over USD 1.3 trillion globally."
DFA0642.AU,Dimensional Glbl Bond Sustainability AUD,Dimensional Global Bond Sustainability Trust (AUD class),F0000107TM,Managed Funds,International fixed interest,Open-End Fund,AUD,Hybrid - index and tilts,0.0,2,,"The Trust is managed to invest in a broadly diversified portfolio of eligible intermediate term domestic and global fixed interest and money market securities. Within portfolio constraints, including controls on portfolio maturity, security maturity, credit quality and diversification, and adjusted to take into account certain environmental and sustainability impact and social considerations, the objective of the Trust is to maximise the return of the portfolio. The Trust is not managed with the objective of achieving a particular return relative to a benchmark index. ",https://au.dimensional.com/funds,DFA Australia,DFA Australia,2020-12-01 00:00:00,2021-01-01 00:00:00,BMK0209,Dimensional Global Adjusted Investment Grade Index (AUD hedged),0.0010002990584813604,0.0010002990584813604,0.0034999999999999996,,0.0034999999999999996,,,,,,Dimensional Fund Advisors (Australia),,www.au.dimensional.com,"Founded in 1981, utilising research from Nobel laureates, Dimensional manages over USD 1.3 trillion globally.",Dimensional Fund Advisors (Australia),,www.au.dimensional.com,"Founded in 1981, utilising research from Nobel laureates, Dimensional manages over USD 1.3 trillion globally."
DFA2068.AU,Dimensional Australian Sustainability,Dimensional Australian Sustainability Trust,F000011JMX,Managed Funds,Australasian equities,Open-End Fund,AUD,Hybrid - index and tilts,0.0,2,,"Ordinarily, the Trust will invest in a diversified market-wide portfolio of Australian listed securities. Eligible securities for the strategy include securities of companies and Real Estate Investment Trusts (REITs) and REIT-like entities listed in Australia.",https://au.dimensional.com/funds,DFA Australia,DFA Australia,2020-12-01 00:00:00,2021-01-01 00:00:00,BMK0052,Dimensional Australia Core Equity Index,0.0008,0.0008,0.0028,,0.0028,0,,,,,Dimensional Fund Advisors (Australia),,www.au.dimensional.com,"Founded in 1981, utilising research from Nobel laureates, Dimensional manages over USD 1.3 trillion globally.",Dimensional Fund Advisors (Australia),,www.au.dimensional.com,"Founded in 1981, utilising research from Nobel laureates, Dimensional manages over USD 1.3 trillion globally."
DFA6872,Dimensional Glbl Bond Sustainability NZD,Dimensional Global Bond Sustainability Trust (NZD),F0000107TN,Managed Funds,International fixed interest,Open-End Fund,NZD,Hybrid - index and tilts,0.0,2,,"The Trust is managed to invest in a broadly diversified portfolio of eligible intermediate term domestic and global fixed interest and money market securities. Within portfolio constraints, including controls on portfolio maturity, security maturity, credit quality and diversification, and adjusted to take into account certain environmental and sustainability impact and social considerations, the objective of the Trust is to maximise the return of the portfolio. The Trust is not managed with the objective of achieving a particular return relative to a benchmark index. ",https://au.dimensional.com/funds,DFA Australia,DFA Australia,2020-12-01 00:00:00,2021-01-01 00:00:00,BMK0210,Dimensional Global Adjusted Investment Grade Index (NZD hedged),0.001,0.001,0.0032,,0.0032,,,,,,Dimensional Fund Advisors (Australia),,www.au.dimensional.com,"Founded in 1981, utilising research from Nobel laureates, Dimensional manages over USD 1.3 trillion globally.",Dimensional Fund Advisors (Australia),,www.au.dimensional.com,"Founded in 1981, utilising research from Nobel laureates, Dimensional manages over USD 1.3 trillion globally."
EURCash,Euro (EUR),European Monetary Unit,,Direct bonds and term deposits,Cash and cash equivalents,Currency,NZD,,0.0,,,Held with ANZ Bank New Zealand.,,,,2020-12-01 00:00:00,2021-01-01 00:00:00,,,,,,,,,,,,,,,,,,,,
FA026XP,Mercer Macquarie NZ Fixed Interest Fund - MIF F,Mercer Macquarie NZ Fixed Interest Fund (MIF F),F0AUS07320,Managed Funds,New Zealand fixed interest,Open-End Fund,NZD,Active - self described,0.0,2,,"The fund is a diversified portfolio of primarily investment grade quality corporate and government securities. Derivatives are frequently utilised to manage risk. The portfolio is structured to add value through credit risk management and interest rate management. The portfolio may also contain a modest amount of foreign currency fixed interest securities, 100% hedged back to New Zealand dollars. Environmental, social and governance characteristics are integrated into the investment process.",https://www.macquarieim.com/,Mercer,Mercer,2020-12-01 00:00:00,2021-01-01 00:00:00,BFS_FA026XP,Backfill: AMP Capital NZ Fixed Interest Fund (PIE),0.0007,0.0007,0.0059,0.002,0.0039,0,,,,,Mercer (NZ) Ltd,clientservicecentre@ampcapital.com,www.mercer.co.nz,"Operating in Aotearoa for over 65 years, Mercer globally has over USD$500bn in assets under management.",Mercer (NZ) Ltd,clientservicecentre@ampcapital.com,www.mercer.co.nz,"Operating in Aotearoa for over 65 years, Mercer globally has over USD$500bn in assets under management."
GBPCash,Pound sterling (GBP),British Pound,,Direct bonds and term deposits,Cash and cash equivalents,Currency,NZD,,0.0,,,Held with ANZ Bank New Zealand.,,,,2020-12-01 00:00:00,2021-01-01 00:00:00,,,,,,,,,,,,,,,,,,,,
JPYCash,Japanese Yen (JPY),Japanese Yen,,Direct bonds and term deposits,Cash and cash equivalents,Currency,NZD,,0.0,,,Held with ANZ Bank New Zealand.,,,,2020-12-01 00:00:00,2021-01-01 00:00:00,,,,,,,,,,,,,,,,,,,,
NZDCash,New Zealand Dollar (NZD),New Zealand Dollar,,Direct bonds and term deposits,Cash and cash equivalents,Currency,NZD,,0.0,,,Held with ANZ Bank New Zealand.,,,,2020-12-01 00:00:00,2021-01-01 00:00:00,,,,,,,,,,,,,,,,,,,,
SGDCash,Singaporean Dollar (SGD),Singapore Dollar,,Direct bonds and term deposits,Cash and cash equivalents,Currency,NZD,,0.0,,,Held with ANZ Bank New Zealand.,,,,2020-12-01 00:00:00,2021-01-01 00:00:00,,,,,,,,,,,,,,,,,,,,
SSNZCE,Smartshares NZ Core Equity,SmartShares NZ Core Equity,F00000V8GN,Managed Funds,Australasian equities,Open-End Fund,NZD,Passive - index,0.0,10," 
 ","The NZ Core Equity Trust aims to provide investors with the benefits of long-term capital growth by investing in a diversified portfolio of financial products listed in New Zealand, with increased exposure to small companies and value companies relative to a market weighted portfolio. Value companies are companies with a low price relative to various financial measures, including book value, cash flow and earnings. DFA Australia Limited is the investment manager for NZ Core Equity Trust. DFA Australia Limited is the Australian subsidiary of Dimensional Fund Advisors LP, which is based in the United States and was formed in 1981.",https://smartshares.co.nz/types-of-funds,DFA Australia,Smartshares,2020-12-01 00:00:00,2021-01-01 00:00:00,BFS_SSNZCE.withICs,"Backfill: DFA NZ Core Equity Fund (inc ICs, CIC ImportFile)",0.001,0.001,0.005,0.0015,0.0035,,"Nil
 
 ",,,,Dimensional Fund Advisors (Australia),,www.au.dimensional.com,"Founded in 1981, utilising research from Nobel laureates, Dimensional manages over USD 1.3 trillion globally.",Smartshares Limited,,,
USDCash,United States Dollar (USD),United States Dollar,,Direct bonds and term deposits,Cash and cash equivalents,Currency,NZD,,0.0,,,Held with ANZ Bank New Zealand.,,,,2020-12-01 00:00:00,2021-01-01 00:00:00,,,,,,,,,,,,,,,,,,,,
VAN0003.AU,Vanguard International Shares Index,Vanguard International Shares Index Fund,F0AUS05IKO,Managed Funds,International equities,Open-End Fund,AUD,Passive - index,0.0,3,,"The Vanguard International Shares Index Fund is a low-cost managed fund that aims to track the MSCI World ex-Australia Index, giving investors broad exposure to large companies in developed countries (excluding Australia)",https://www.vanguard.com.au/adviser/products/en/list/overview,Vanguard (Australia),Vanguard (Australia),2025-05-12 00:00:00,2025-07-01 00:00:00,,,0.0006,0.0006,0.0018,,0.0018,,,max.paterson@consilium.co.nz,2099-12-31 00:00:00,,Vanguard Investments Australia Ltd,clientservices@vanguard.com.au,www.vanguard.com.au,"Founded in 1975, Vanguard is the world's second largest fund manager, managing over USD 10 trillion in assets globally.",Vanguard Investments Australia Ltd,clientservices@vanguard.com.au,www.vanguard.com.au,"Founded in 1975, Vanguard is the world's second largest fund manager, managing over USD 10 trillion in assets globally."
VAN1233,Vanguard Etclly Cons Glb Agg Bd IdxHNZDH,Vanguard Ethically Conscious Global Aggregate Bond Index Fund (NZD),F0000113B7,Managed Funds,International fixed interest,Open-End Fund,NZD,Passive - index,0.0,2,,"Vanguard Ethically Conscious Global Aggregate Bond Index Fund (Hedged) - NZD Hedged seeks to track the return of the Bloomberg Barclays MSCI Global Aggregate SRI Exclusions Float Adjusted Hedged into New Zealand dollars Index before taking into account fees, expenses and tax.",https://www.vanguard.com.au/adviser/products/en/list/overview,Vanguard (Australia),Vanguard (Australia),2020-12-01 00:00:00,2021-01-01 00:00:00,BMK0018,Bloomberg Global Aggregate Bond Index (NZD),0.0013,0.0013,0.0028,,0.0028,,,,,,Vanguard Investments Australia Ltd,clientservices@vanguard.com.au,www.vanguard.com.au,"Founded in 1975, Vanguard is the world's second largest fund manager, managing over USD 10 trillion in assets globally.",Vanguard Investments Australia Ltd,clientservices@vanguard.com.au,www.vanguard.com.au,"Founded in 1975, Vanguard is the world's second largest fund manager, managing over USD 10 trillion in assets globally."
VAN4013.AU,Vanguard Ethically Cons Intl ShrsIdxNZDH,Vanguard Ethically Conscious International Shares Index Fund (NZD),F0000113BA,Managed Funds,International equities,Open-End Fund,NZD,Passive - index,0.0,3,,"The Fund provides exposure to many of the world's largest companies listed in major developed countries. It offers low-cost access to a broadly diversified range of securities that excludes companies with significant business activities involving fossil fuels, nuclear power, alcohol, tobacco, gambling, weapons, adult entertainment and a conduct related screen based on severe controversies. The Fund is hedged to New Zealand dollars so the value of the Fund is relatively unaffected by currency fluctuations for New Zealand investors.",https://www.vanguard.com.au/adviser/products/en/list/overview,Vanguard (Australia),Vanguard (Australia),2020-12-01 00:00:00,2021-01-01 00:00:00,BMK0005,"MSCI World ex Australia Index (net div., NZD)",0.001,0.001,0.0026,,0.0026,,,,,,Vanguard Investments Australia Ltd,clientservices@vanguard.com.au,www.vanguard.com.au,"Founded in 1975, Vanguard is the world's second largest fund manager, managing over USD 10 trillion in assets globally.",Vanguard Investments Australia Ltd,clientservices@vanguard.com.au,www.vanguard.com.au,"Founded in 1975, Vanguard is the world's second largest fund manager, managing over USD 10 trillion in assets globally."
VAN8175.AU,Vanguard Ethically Cons Intl Shrs Idx,Vanguard Ethically Conscious International Shares Index Fund,F0000113B8,Managed Funds,International equities,Open-End Fund,AUD,Passive - index,0.0,2,,"The FTSE Developed ex Australia ex Non-renewable Energy, Vice Products and Weapons Index comprises securities (shares) listed on the exchanges of the world's major developed economies. The index excludes companies with significant business activities involving fossil fuels, alcohol, tobacco, gambling, military weapons and civilian firearms, nuclear power and adult entertainment. Details of the benchmark methodology can be accessed by visiting www.ftserussell.com.",https://www.vanguard.com.au/adviser/products/en/list/overview,Vanguard (Australia),Vanguard (Australia),2020-12-01 00:00:00,2021-01-01 00:00:00,BMK0031,"MSCI World ex Australia Index (Net div., AUD)",0.0007,0.0007,0.002,,0.002,,,,,,Vanguard Investments Australia Ltd,clientservices@vanguard.com.au,www.vanguard.com.au,"Founded in 1975, Vanguard is the world's second largest fund manager, managing over USD 10 trillion in assets globally.",Vanguard Investments Australia Ltd,clientservices@vanguard.com.au,www.vanguard.com.au,"Founded in 1975, Vanguard is the world's second largest fund manager, managing over USD 10 trillion in assets globally."
DFA0009.AU,Dimensional Global Core Equity AUD Hgd,Dimensional Global Core Equity Trust (AUD hedged),F000002BMN,Managed Funds,International equities,Open-End Fund,AUD,Hybrid - index and tilts,0.0,7,,"Ordinarily, the Trust will invest in a diversified market-wide portfolio of securities associated with approved developed markets (excluding Australia). Eligible securities for the strategy include securities of companies and Real Estate Investment Trusts (REITs) and REIT-like entities listed on approved developed markets (excluding Australia).",https://au.dimensional.com/funds,DFA Australia,DFA Australia,2020-12-01 00:00:00,2021-01-01 00:00:00,,,0.0012,0.0012,0.00361,,0.00361,,,,,,Dimensional Fund Advisors (Australia),,www.au.dimensional.com,"Founded in 1981, utilising research from Nobel laureates, Dimensional manages over USD 1.3 trillion globally.",Dimensional Fund Advisors (Australia),,www.au.dimensional.com,"Founded in 1981, utilising research from Nobel laureates, Dimensional manages over USD 1.3 trillion globally."
SPLINZ50,SuperLife Invest NZ Top 50 Fund,SuperLife Invest NZ Top 50 Fund,F0000172SW,Managed Funds,Australasian equities,Open-End Fund,,Passive - index,0.0,10,,"Invests in New Zealand shares and designed to track the return (before tax, fees and other expenses) on the S&P/NZX 50 Portfolio Index.",https://www.superlife.co.nz/investment,Smartshares,Smartshares,2020-12-01 00:00:00,2021-01-01 00:00:00,BMK0001,S&P/NZX 50 Portfolio Index (Gross with ICs),,,0.0049,,0.0049,,,,,,Smartshares Limited,,,,Smartshares Limited,,,
SUSM.LN,iShares MSCI EM SRI UCITS ETF,iShares MSCI EM SRI UCITS ETF (SUSM),F00000XI35,Listed Securities,International equities,Exchange-Traded Fund,USD,Passive - index,0.0,5,,"The Fund seeks to track the performance of an index composed of emerging markets ESG (environmental, social and governance) screened companies.",https://www.ishares.com/uk/individual/en/products/etf-investments,BlackRock Ireland,BlackRock Ireland,2020-12-01 00:00:00,2021-01-01 00:00:00,,,0.011933989209774676,0.011933989209774676,0.0025,,0.0025,,,,,London Stock Exchange,BlackRock Asset Management Ireland,,www.ishares.com,iShares funds are powered by the expert portfolio and risk management of BlackRock. BlackRock managed over USD 6.47 trillion in assets on behalf of investors worldwide.,BlackRock Asset Management Ireland,,www.ishares.com,iShares funds are powered by the expert portfolio and risk management of BlackRock. BlackRock managed over USD 6.47 trillion in assets on behalf of investors worldwide.
HARNZABF,Harbour NZ Index Shares Fund,Harbour NZ Index Shares Fund,F00000V989,Managed Funds,Australasian equities,Open-End Fund,NZD,Hybrid - index and tilts,0.0,3,,"This Fund is designed to track the S&P/NZX50 Portfolio Index. This index contains the top 50 companies listed on the NZX, but with a 5% cap on each company. Prior to 1 April 2021, this fund was formerly the Harbour NZ Advanced Beta Fund.",https://www.harbourasset.co.nz/our-funds/,Harbour,Harbour,2020-12-01 00:00:00,2021-01-01 00:00:00,BMK0001,S&P/NZX 50 Portfolio Index (Gross with ICs),0,0,0.0013,0.0011,0.0009,0.0007000000000000001,,,,,Harbour Asset Management Ltd,contactus@harbourasset.co.nz,www.harbourasset.co.nz,An experienced New Zealand based investment manager with more than NZD 7 billion in assets under management.,Harbour Asset Management Ltd,contactus@harbourasset.co.nz,www.harbourasset.co.nz,An experienced New Zealand based investment manager with more than NZD 7 billion in assets under management.
HARSNS,Harbour Sustainable NZ Shares Fund,Harbour Sustainable NZ Shares Fund,F0000175CP,Managed Funds,Australasian equities,Open-End Fund,NZD,Hybrid - index and tilts,0.0,3,,"This Fund is designed to track the S&P/NZX50 Portfolio Index, with exclusions to companies that are exposed to large carbon emitters, alcohol, gambling, munitions, adult entertainment, nuclear armaments, firearms, tobacco and recreational cannabis, child labour and companies with human and animal right violations. There will also be positive and negative tilts to the remaining companies based on Harbour’s proprietary Corporate Behaviour Score, which has been a core part of Harbour's equity investment processes for over a decade.",https://www.harbourasset.co.nz/our-funds/,Harbour,Harbour,2021-06-15 00:00:00,2021-08-01 00:00:00,BMK0001,S&P/NZX 50 Portfolio Index (Gross with ICs),0,0,0.0017000000000000001,0.0016,0.0009,0.0008,,,,,Harbour Asset Management Ltd,contactus@harbourasset.co.nz,www.harbourasset.co.nz,An experienced New Zealand based investment manager with more than NZD 7 billion in assets under management.,Harbour Asset Management Ltd,contactus@harbourasset.co.nz,www.harbourasset.co.nz,An experienced New Zealand based investment manager with more than NZD 7 billion in assets under management.
VWO.US,Vanguard FTSE Emerging Markets ETF,Vanguard FTSE Emerging Markets ETF,FEUSA04ADG,Listed Securities,International equities,Exchange-Traded Fund,USD,Passive - index,0.0,5,,"The investment seeks to track the performance of a benchmark index that measures the investment return of stocks issued by companies located in emerging market countries. The Fund employs an indexing investment approach designed to track the performance of the FTSE Emerging Markets All Cap China A Inclusion Index. It invests by sampling the index, meaning that it holds a broadly diversified collection of securities that, in the aggregate, approximates the index in terms of key characteristics.",https://investor.vanguard.com/investment-products/list/etfs,Vanguard,Vanguard,2020-12-01 00:00:00,2021-01-01 00:00:00,,,0,0,0.0006,,0.0006,,,,,New York Stock Exchange,Vanguard Investments,,,,Vanguard Investments,,,
VAN8287,Vanguard Intl Shs Sel Exclusions IdxNZDH,Vanguard International Shares Select Exclusions Index Fund (NZD),F00000YN4F,Managed Funds,International equities,Open-End Fund,NZD,Passive - index,0.0,4,,"The Fund holds all of the securities in the index most of the time, allowing for individual security weightings to vary marginally from the index from time to time. The Fund may hold securities that have been removed from or are expected to be included in the index. The Fund also holds forward foreign exchange contracts and may invest in futures contracts.",https://www.vanguard.com.au/adviser/products/en/list/overview,Vanguard (Australia),Vanguard (Australia),2020-12-01 00:00:00,2021-01-01 00:00:00,BMK0016,NZX NZL Govt Stk GR NZD,0.0008,0.0008,0.0026,,0.0026,,,,,,Vanguard Investments Australia Ltd,clientservices@vanguard.com.au,www.vanguard.com.au,"Founded in 1975, Vanguard is the world's second largest fund manager, managing over USD 10 trillion in assets globally.",Vanguard Investments Australia Ltd,clientservices@vanguard.com.au,www.vanguard.com.au,"Founded in 1975, Vanguard is the world's second largest fund manager, managing over USD 10 trillion in assets globally."
HARAER,Harbour Australasian Equity Fund,Harbour Australasian Equity Fund,F00000GVHM,Managed Funds,Australasian equities,Open-End Fund,NZD,Active - Self described,0.0,3,,The Fund provides actively managed exposure to New Zealand and Australian listed equities. This fund has a growth-oriented active investment management approach to generate alpha (return over the benchmark) for investors.,https://www.harbourasset.co.nz/our-funds/,Harbour,Harbour,2020-12-01 00:00:00,2021-01-01 00:00:00,,,,,0.0107,0.0014,0.0093,,,,,,Harbour Asset Management Ltd,contactus@harbourasset.co.nz,www.harbourasset.co.nz,An experienced New Zealand based investment manager with more than NZD 7 billion in assets under management.,Harbour Asset Management Ltd,contactus@harbourasset.co.nz,www.harbourasset.co.nz,An experienced New Zealand based investment manager with more than NZD 7 billion in assets under management.
COLGGBF,Colchester Global Government Bond PIE Fund,Colchester Global Government Bond PIE Fund,F0000173L3,Managed Funds,International fixed interest,Open-End Fund,NZD,,0.0,2,,The Fund invests in The Colchester Global Bond Enhanced Currency Fund – NZD Hedged Accumulation Class – Z Shares. The Fund aims to achieve favourable income and capital returns from a globally diversified portfolio of primarily sovereign debt or debt-like securities and currencies. An associated objective is the preservation and enhancement of principal.,https://iisolutions.co.nz/fund-hosting/our-funds/,Colchester Global,IIS,2021-09-14 00:00:00,2021-11-01 00:00:00,BMK0256,Simulated series: Colchester Global Government Bond PIE,,,0.0077,0.0015,0.006200000000000001,,,louisa.yandle@consilium.co.nz,,,Colchester Global Investors,,www.colchesterglobal.com,,FundRock NZ Limited,contact@iisolutions.co.nz,,
HARCFI,Harbour NZ Core FI Fund,Harbour NZ Core Fixed Interest Fund,F00000MJ9J,Managed Funds,New Zealand fixed interest,Open-End Fund,NZD,Active - Self described,0.0,3,,The Fund is an actively managed investment grade bond fund that invests mainly in New Zealand government and corporate fixed interest securities.,https://www.harbourasset.co.nz/our-funds/,Harbour,Harbour,2020-12-01 00:00:00,2021-01-01 00:00:00,,,,,0.0063,0.0013,0.005,,,,,,Harbour Asset Management Ltd,contactus@harbourasset.co.nz,www.harbourasset.co.nz,An experienced New Zealand based investment manager with more than NZD 7 billion in assets under management.,Harbour Asset Management Ltd,contactus@harbourasset.co.nz,www.harbourasset.co.nz,An experienced New Zealand based investment manager with more than NZD 7 billion in assets under management.
MAMTF,Milford Trans-Tasman Equity Fund,Milford Trans-Tasman Equity Fund,F0AUS072F5,Managed Funds,Australasian equities,Open-End Fund,NZD,Active - self described,0.0,2,,Capital growth by out-performing a mix of two relevant share market indices over a minimum of five years.,https://milfordasset.com/what-we-offer/investment-funds,Milford Asset Management,Milford Asset Management,2020-12-01 00:00:00,2021-01-01 00:00:00,,,0.0016,0.0016,0.0105,,0.0105,,,,,,Milford Asset Management Ltd,Email: info@milfordasset.com,www.milfordasset.com,,Milford Asset Management Ltd,Email: info@milfordasset.com,www.milfordasset.com,
BENWGIFN,Bentham Global Income Fund NZD,Bentham Global Income Fund (NZD),F00000T0HI,Managed Funds,International fixed interest,Open-End Fund,NZD,Active - Self described,0.0,5,,"The Fund invests in global credit and fixed interest markets. The underlying fund's investments include, but are not limited to, Australian and global hybrid securities, global high yield bonds, global syndicated loans, investment grade securities, global capital securities, asset backed securities, equities and derivatives. SAA guidelines are 90 to 100% in underlying fund and 0 to 10% in Cash.",https://www.benthamam.com.au/funds/overview/,Bentham Asset Management,Bentham Asset Management,2020-12-01 00:00:00,2021-01-01 00:00:00,,,0.0038,0.0038,0.0077,,0.0077,,,,,,Bentham Asset Management,,www.benthamam.com.au,,Bentham Asset Management,,www.benthamam.com.au,
CIM8680.AU,Capital Group New World (AU),Capital Group New World Fund,F00000YGKJ,Managed Funds,International equities,Open-End Fund,AUD,Active - media descriptions,0.0,5,,To achieve long-term growth of capital by investing in common stocks of companies with significant exposure to countries with developing economies and/or markets. Many of these countries may be referred to as emerging countries or emerging markets. The Fund may also invest in debt securities of issuers with exposure to these countries.,https://www.capitalgroup.com/adviser/au/en/funds/fund-finder.html,Capital International,Capital International,2020-12-01 00:00:00,2021-01-01 00:00:00,BMK0021,MSCI ACWI Index (net div.),0,0,0.0085,,0.0085,,,louisa.yandle@consilium.co.nz,,,Capital International (Australia),,www.capitalgroup.com/au/en/,,Capital International (Australia),,www.capitalgroup.com/au/en/,
HUNTERGFIFPIE,Hunter Global Fixed Interest Fund,Hunter Global Fixed Interest Fund (NZD),F000010IQK,Managed Funds,International fixed interest,Open-End Fund,NZD,Active - Self described,0.0,4,,"Actively managed by PIMCO with mandate consistent with PIMCO's flagship fund, optimised for NZ investors.  Benchmarked against the Barclays Global Aggregate Bond Index, hedged to $NZ. Responsible Investment filters. ",https://hunterinvestments.co.nz/hunter-fund/,Harbour,Harbour,2020-12-01 00:00:00,2021-01-01 00:00:00,BMK0018,Bloomberg Global Aggregate Bond Index (NZD),0,0.001,0.0053,0.0008,0.0045,0,,,,,Harbour Asset Management Ltd,contactus@harbourasset.co.nz,www.harbourasset.co.nz,An experienced New Zealand based investment manager with more than NZD 7 billion in assets under management.,Harbour Asset Management Ltd,contactus@harbourasset.co.nz,www.harbourasset.co.nz,An experienced New Zealand based investment manager with more than NZD 7 billion in assets under management.
ADBE.US,Adobe Systems Inc,Adobe Systems Inc,0P0000005M,Listed Securities,International equities,Stock,USD,,0.0,5,,"Adobe Inc. operates as a diversified software company worldwide. Its Digital Media segment provides tools and solutions that enable individuals, small and medium businesses, and enterprises to create, publish, promote, and monetize their digital content. ",https://www.adobe.com/investor-relations.html,,Adobe Systems,2020-12-01 00:00:00,2021-01-01 00:00:00,,,,,,,,,,,,,,,,,Adobe Systems Inc,,,
BABA.US,Alibaba Group Holding Ltd,Alibaba Group Holding Ltd,0P00013K81,Listed Securities,International equities,Stock,USD,,0.0,5,,"Alibaba Group Holding Limited, through its subsidiaries, provides online and mobile commerce businesses in the People's Republic of China and internationally. It operates through four segments: Core Commerce, Cloud Computing, Digital Media and Entertainment, and Innovation Initiatives and Others. ",https://www.alibabagroup.com/en/ir/home,,Alibaba Group Holding,2020-12-01 00:00:00,2021-01-01 00:00:00,,,,,,,,,,,,,,,,,Alibaba Group Holding Ltd,,,
ETL0060.AU,Allan Gray Australia Equity A,Allan Gray Australia Equity A,F0AUS072AB,Managed Funds,Australasian equities,Open-End Fund,AUD,Active - performance fee,0.0,4,20.5% of the fund's out-performance and only payable where the outperformance exceeds the high water mark.,"The Fund's investment approach is to buy securities that offer long-term value, that are currently unpopular with the general investment community or are not well known. Allan Gray will not buy a security simply because it is in the Benchmark. Similarly, Allan Gray will buy significant positions in securities that are not in the Benchmark if they offer outstanding value, based on our bottom-up, fundamental valuation of the opportunity.",https://www.allangray.com.au/b/which-fund-for-you/,Allan Gray,Allan Gray,2020-12-01 00:00:00,2021-01-01 00:00:00,,,0.002,0.002,0.0077,,0.0077,,,,,,Allan Gray Australia Pty Ltd,clientservices@allangray.com.au,www.allangray.com.au,,Allan Gray Australia Pty Ltd,clientservices@allangray.com.au,www.allangray.com.au,
ETL0349.AU,Allan Gray Australia Equity B,Allan Gray Australia Equity B,F00000PBY6,Managed Funds,Australasian equities,Open-End Fund,AUD,Active - performance fee,0.0,4,35.88% of the fund's out-performance and only payable where the outperformance exceeds the high water mark.,"The Fund's investment approach is to buy securities that offer long-term value, that are currently unpopular with the general investment community or are not well known. Allan Gray will not buy a security simply because it is in the Benchmark. Similarly, Allan Gray will buy significant positions in securities that are not in the Benchmark if they offer outstanding value, based on our bottom-up, fundamental valuation of the opportunity.",https://www.allangray.com.au/b/which-fund-for-you/,Allan Gray,Allan Gray,2020-12-01 00:00:00,2021-01-01 00:00:00,,,0.002,0.002,0,,0,,,,,,Allan Gray Australia Pty Ltd,clientservices@allangray.com.au,www.allangray.com.au,,Allan Gray Australia Pty Ltd,clientservices@allangray.com.au,www.allangray.com.au,
ATT.LN,Allianz Technology Trust PLC,Allianz Techûlogy Trust PLC,F0GBR053PH,Listed Securities,International equities,Closed-End Fund,GBP,Active - self described,0.0,5,"Calculated as 10% of outperformance against the benchmark, after adjusting for changes in share capital and will be capped at 1.75% of the Company’s average daily NAV over the relevant year.",The investment objective is to achieve long-term capital growth through investment principally in the equity securities of listed technology companies on a worldwide basis. ,https://uk.allianzgi.com/,Allianz Global Investors,Allianz Global Investors,2020-12-01 00:00:00,2021-01-01 00:00:00,BMK0166,MSCI World/Information Tech NR USD,0,0,0.0064,,0.0064,0,,nicole.prothero@become.nz,,London Stock Exchange,Allianz Global Investors (UK) Ltd,investment-trusts@uk.rcm.com,,,Allianz Global Investors (UK) Ltd,investment-trusts@uk.rcm.com,,
GOOGL.US,Alphabet Inc - Class A,Alphabet Inc - Class A,0P000002HD,Listed Securities,International equities,Stock,USD,,0.0,5,,"Alphabet Inc. is a holding company. The Company's businesses include Google Inc. (Google) and its Internet products, such as Access, Calico, CapitalG, GV, Nest, Verily, Waymo and X. The Company's segments include Google and Other Bets. The Google segment includes its Internet products, such as Search, Ads, Commerce, Maps, YouTube, Google Cloud, Android, Chrome and Google Play, as well as its hardware initiatives",https://abc.xyz/investor/,,Alphabet Inc,2020-12-01 00:00:00,2021-01-01 00:00:00,,,,,,,,,,,,,,,,,Alphabet Inc,,,
HOW0121.AU,Alphinity Sustainable Share,Alphinity Sustainable Share,F0AUS05ISU,Managed Funds,Australasian equities,Open-End Fund,AUD,Active,0.0,3,,"A portfolio of Australian-listed companies that support one or more of the Sustainable Development Goals, have strong ESG practices and offer attractive prospective returns. A committee of reputable external experts ensures the Fund stays true to charter and drives active engagement with companies.",https://www.fidante.com/-/media/Shared/Fidante/ALPH/ASSF_PDS.pdf,Alphinity Investment Management,Alphinity Investment Management,2021-07-06 00:00:00,2021-11-01 00:00:00,,,0.002,0.002,0.0095,,0.0095,,,alistair.bean@abafs.co.nz,,,Alphinity Investment Management,,,,Alphinity Investment Management,,,
AMZN.US,Amazon.Com Inc,Amazon.Com Inc,0P000000B7,Listed Securities,International equities,Stock,USD,,0.0,5,,"Amazon.com, Inc. engages in the retail sale of consumer products and subscriptions in North America and internationally. The company operates through three segments: North America, International, and Amazon Web Services (AWS). It sells merchandise and content purchased for resale from third-party sellers through physical and online stores. ",https://ir.aboutamazon.com/overview/default.aspx,,Amazon,2020-12-01 00:00:00,2021-01-01 00:00:00,,,,,,,,,,,,,,,,,Amazon.Com Inc,,,
APLGFPIE,Antipodes Global Fund (PIE),Antipodes Global Fund (PIE),F000011NNF,Managed Funds,International equities,Open-End Fund,NZD,Active - performance fee,0.0,4,15% of the Fund's performance above the Benchmark Index,"The Fund invests in the Antipodes Global Fund – UCITS (Underlying Fund) and cash or cash equivalent securities. The Underlying Fund’s investment exposure is predominantly to a broad range of international shares listed on stock exchanges in developed and emerging markets. Derivatives, including equity shorts and currency positions may be used where the Investment Manager sees attractive opportunities and also to offset specific unwanted portfolio risks and provide some protection from unexpectedly large movements in the value of the portfolio. Derivatives may also be used to amplify positions where the Investment Manager feels strongly about the return potential of an idea. In using derivatives, the Underlying Fund’s total gross exposure may be leveraged to a maximum of 200% of the Net Asset Value. The Underlying Fund’s net exposure will be within a range of 50% to 100% of its Net Asset Value.",https://iisolutions.co.nz/fund-hosting/our-funds/,Antipodes,IIS,2020-12-01 00:00:00,2021-01-01 00:00:00,BMK0080,"MSCI ACWI Index (Net div., NZD hedged)",0.00075,0.00075,0.012,,0.0125,0.0005,,,,,Antipodes Partners Limited,,,,FundRock NZ Limited,contact@iisolutions.co.nz,,
JCGI.LN,JP Morgan China Growth & Income Trust,JP Morgan China Growth & Income Trust,E0GBR01Q4P,Listed Securities,International equities,Closed-End Fund,,Active - performance fee,0.0,5,,"JPMorgan China Growth & Income Trust focuses on investing in Chinese companies listed on domestic exchanges and companies in greater China. It focuses on the growth of “New China” – companies and sectors that are capitalising on the transition of the country to a more consumer-driven economy. The company aims to deliver a predictable quarterly income distribution, announced at the start of each financial year.",https://am.jpmorgan.com/gb/en/asset-management/adv/funds/,JP Morgan Asset Management,JP Morgan Asset Management,2021-11-05 00:00:00,2022-01-01 00:00:00,,,,,0.0112,,0.0112,0,,dai.eveleigh@firstcapital.co.nz,,,JP Morgan Asset Management Ltd,jpmam.info@jpmorgan.com,,,JP Morgan Asset Management Ltd,jpmam.info@jpmorgan.com,,
PE1.AU,Pengana Private Equity Trust,Pengana Private Equity Trust,F000013KWU,Listed Securities,Other,Closed-End Fund,AUD,Active - self described,0.0,5,15.38% of any return greater than benchmark,"The Trust seeks to provide investors with a diversified set of exposures to private markets, including private equity, private credit, and other opportunistic investments. The Trust may invest either directly or indirectly through investments in one or more GCM Funds, or vehicles managed by third-party investment managers. The Portfolio will seek diversification by strategy, manager, sector, geography and Vintage, primarily in the established markets of North America and Western Europe, with opportunistic exposure to other regions.",https://pengana.com/our-funds/,Pengana Capital,Pengana Capital,2020-12-01 00:00:00,2021-01-01 00:00:00,BMK0147,iShares Listed Private Eq ETF USD Dist,,,0.0125,,0.0125,,,,,,Pengana Capital Group Ltd,institutional.clients@pengana.com,,,Pengana Capital Group Ltd,institutional.clients@pengana.com,,
PCL0005.AU,Pengana Australian Equities Class A,Pengana Australian Equities Class A,F00000H5OD,Managed Funds,Australasian equities,Open-End Fund,AUD,Active - performance fee,0.0,5,A 10.25% performance fee is  payable if a High Water Mark is exceeded and the return of the Class exceeds the average of the daily RBA Cash Rate plus 6% pa accumulated.,The Pengana Australian Equities Fund aims to enhance and preserve investor wealth over a 5 year period via a concentrated core portfolio of principally Australian listed securities.,https://pengana.com/our-funds/,Pengana Capital,Pengana Capital,2020-12-01 00:00:00,2021-01-01 00:00:00,,,0.0015,0.0015,0.010249999999999999,,0.010649999999999998,0.0004,,,,,Pengana Capital Group Ltd,institutional.clients@pengana.com,,,Pengana Capital Group Ltd,institutional.clients@pengana.com,,
PYPL.US,PayPal Holdings Inc,PayPal Holdings Inc,0P00016CGN,Listed Securities,International equities,Stock,USD,,0.0,5,,"PayPal Holdings, Inc. operates as a technology platform and digital payments company that enables digital and mobile payments on behalf of consumers and merchants worldwide.",https://investor.paypal-corp.com/investor-relations,,PayPal Holdings Inc,2020-12-01 00:00:00,2021-01-01 00:00:00,,,,,,,,,,,,,,,,,PayPal Holdings Inc,,,
OCA010,Oceania Healthcare Limited 2.30% 19/10/2027,Oceania Healthcare Limited 2.30% 19/10/2027,,Direct bonds and term deposits,New Zealand fixed interest,Bond,,,0.0,5,,Oceania Healthcare is a leading provider of premium healthcare services in New Zealand.,https://www.oceaniahealthcare.co.nz/investor-centre,,Oceania Healthcare Ltd,2020-12-01 00:00:00,2021-01-01 00:00:00,BMK0044,S&P/NZX A-Grade Corporate Bond Index,,,,,,,,,,,,,,,Oceania Healthcare Ltd,,,
AMPI0136,Mercer NZ Shares Passive Fund (MIF PE),Mercer NZ Shares Passive Fund (MIF PE),F000010ZRP,Managed Funds,Australasian equities,Open-End Fund,NZD,Passive - index,0.0,2,,The fund is a passively managed New Zealand shares portfolio that is designed to track the return of the S&P/NZX 50 Index.,https://www.multimanager.mercer.co.nz/fund-facts/investments-funds.html,Mercer,Mercer,2025-06-19 00:00:00,2025-07-01 00:00:00,,,0.0013,0.0013,0.0028000000000000004,,0.0028000000000000004,0,,bree.oregan@consilium.co.nz,2099-06-30 00:00:00,,Mercer (NZ) Ltd,clientservicecentre@ampcapital.com,www.mercer.co.nz,"Operating in Aotearoa for over 65 years, Mercer globally has over USD$500bn in assets under management.",Mercer (NZ) Ltd,clientservicecentre@ampcapital.com,www.mercer.co.nz,"Operating in Aotearoa for over 65 years, Mercer globally has over USD$500bn in assets under management."
LGF060,NZ Local Govt Funding Agency 4.50% 15/04/2027,NZ Local Govt Funding Agency 4.50% 15/04/2027,B00034UPJF,Direct bonds and term deposits,New Zealand fixed interest,Bond,,,0.0,5,,"New Zealand Local Government Funding Agency Limited operates as a government agency. The Company offers financial support, security trading, bond issuing, bill tenders, and other services. New Zealand Local Government Funding Agency conducts its business in New Zealand.",https://www.lgfa.co.nz/,,NZ Local Government Funding Agency,2020-12-01 00:00:00,2021-01-01 00:00:00,BMK0016,NZX NZL Govt Stk GR NZD,,,,,,,,,,,,,,,NZ Local Government Funding Agency,,,
LGF120,NZ Local Govt Funding Agency 1.50% 15/04/2026,NZ Local Govt Funding Agency 1.50% 15/04/2026,,Direct bonds and term deposits,New Zealand fixed interest,Bond,,,0.0,5,,"New Zealand Local Government Funding Agency Limited operates as a government agency. The Company offers financial support, security trading, bond issuing, bill tenders, and other services. New Zealand Local Government Funding Agency conducts its business in New Zealand.",https://www.lgfa.co.nz/,,NZ Local Government Funding Agency,2020-12-01 00:00:00,2021-01-01 00:00:00,BMK0016,NZX NZL Govt Stk GR NZD,,,,,,,,,,,,,,,NZ Local Government Funding Agency,,,
GOV430,NZ Government 4.50% 15/04/2027,NZ Government 4.50% 15/04/2027,,Direct bonds and term deposits,New Zealand fixed interest,Bond,,,0.0,5,,Wholesale fixed-term debt securities the Crown issues to and repurchases from registered tender counterparties. Nominal bonds have an initial maturity of one year or more.,https://debtmanagement.treasury.govt.nz/government-securities,,NZ Government,2020-12-01 00:00:00,2021-01-01 00:00:00,BMK0016,NZX NZL Govt Stk GR NZD,,,,,,,,,,,,,,,NZ Government,,,
GOV429,NZ Government 3.00% 20/04/2029,NZ Government 3.00% 20/04/2029,,Direct bonds and term deposits,New Zealand fixed interest,Bond,,,0.0,5,,Wholesale fixed-term debt securities the Crown issues to and repurchases from registered tender counterparties. Nominal bonds have an initial maturity of one year or more.,https://debtmanagement.treasury.govt.nz/government-securities,,NZ Government,2020-12-01 00:00:00,2021-01-01 00:00:00,BMK0016,NZX NZL Govt Stk GR NZD,,,,,,,,,,,,,,,NZ Government,,,
GOVIIB0925,NZ Government Inflation Linked 2.00% 20/09/2025,NZ Government Inflation Linked 2.00% 20/09/2025,,Direct bonds and term deposits,New Zealand fixed interest,Bond,,,0.0,5,,Inflation-indexed bonds are wholesale fixed-term debt securities with an inflation-indexed component the Crown issues to registered tender counterparties. Inflation-indexed bonds have an initial maturity of one year or more.,https://debtmanagement.treasury.govt.nz/government-securities,,NZ Government,2020-12-01 00:00:00,2021-01-01 00:00:00,BMK0016,NZX NZL Govt Stk GR NZD,,,,,,,,,,,,,,,NZ Government,,,
NVDA.US,Nvidia Corp,Nvidia Corp,0P00014KYX,Listed Securities,International equities,Stock,USD,,0.0,5,,"Nvidia Corporation is an American multinational technology company incorporated in Delaware and based in Santa Clara, California. It designs graphics processing units for the gaming and professional markets, as well as system on a chip units for the mobile computing and automotive market.",https://investor.nvidia.com/home/default.aspx,,Nvidia,2020-12-01 00:00:00,2021-01-01 00:00:00,BMK0105,S&P 500 Index,,,,,,,,,,,,,,,Nvidia Corp,,,
TYNDALLCBF,Nikko AM NZ Corporate Bond Fund,Nikko AM NZ Corporate Bond Fund,F0AUS0737C,Managed Funds,New Zealand fixed interest,Open-End Fund,NZD,Active - Self described,0.0,2,,"Aims to generate income by constructing an actively managed investment portfolio of New Zealand bonds, deposits and cash with the potential for capital gain from New Zealand dollar fixed interest markets. ",Retail Scheme (nikkoam.co.nz),Nikko Asset Management,Nikko Asset Management,2020-12-01 00:00:00,2021-01-01 00:00:00,,,0,0,0.007,,0.007,0,,,,,Nikko Asset Management NZ Ltd,NZenquiries@nikkoam.com,www.nikkoam.co.nz,,Nikko Asset Management NZ Ltd,NZenquiries@nikkoam.com,www.nikkoam.co.nz,
TYNDALLFI,Nikko AM NZ Bond Fund,Nikko AM NZ Bond Fund,F00000LVV3,Managed Funds,New Zealand fixed interest,Open-End Fund,NZD,Active - Self described,0.0,2,,"Aims to provide investors with regular income by constructing an actively managed investment portfolio of New Zealand bonds, deposits and cash with the potential for capital gain from New Zealand dollar fixed interest markets.",Retail Scheme (nikkoam.co.nz),Nikko Asset Management,Nikko Asset Management,2020-12-01 00:00:00,2021-01-01 00:00:00,,,,,0.006500000000000001,,0.006500000000000001,,,,,,Nikko Asset Management NZ Ltd,NZenquiries@nikkoam.com,www.nikkoam.co.nz,,Nikko Asset Management NZ Ltd,NZenquiries@nikkoam.com,www.nikkoam.co.nz,
PFE.US,Pfizer Incorporated,Pfizer Incorporated,0P000004C0,Listed Securities,International equities,Stock,USD,,0.0,5,,"Pfizer Inc. operates as a pharmaceutical company. The Company offers medicines, vaccines, medical devices, and consumer healthcare products for oncology, inflammation, cardiovascular, and other therapeutic areas. Pfizer serves customers worldwide.",https://investors.pfizer.com/Investors/Overview/default.aspx,,Pfizer,2020-12-01 00:00:00,2021-01-01 00:00:00,,,,,,,,,,,,,,,,,Pfizer Inc,,,
SKNZBOND,Simplicity NZ Bond Fund,Simplicity NZ Bond Fund,F000010FOR,Managed Funds,New Zealand fixed interest,Open-End Fund,NZD,Passive - index,0.0,3,,100% NZ government and highly rated bonds denominated in NZ dollars.,https://simplicity.kiwi/investment-funds/home/,Simplicity,Simplicity,2020-12-01 00:00:00,2021-01-01 00:00:00,BMK0110,Bloomberg NZBond Govt 0+ Yr Index TR NZD,0,0,0.001,,0.001,,,,,,Simplicity (NZ) Ltd,,www.simplicity.kiwi,,Simplicity (NZ) Ltd,,www.simplicity.kiwi,
SIKA.SW,Sika AG,Sika AG,0P0000A5ES,Listed Securities,International equities,Stock,CHF,,0.0,5,,"Sika is a specialty chemicals company with a leading position in the development and production of systems and products for bonding, sealing, damping, reinforcing, and protecting in the building sector and motor vehicle industry. Sika has subsidiaries in 100 countries around the world and manufactures in over 300 factories. Sika employs more than 25,000 people and generated sales of over CHF 8.1 billion in fiscal 2019. At the end of 2019 Sika won the Swiss Technology Award for a ground-breaking new adhesive technology.",https://www.sika.com/en/investors.html,,Sika AG,2020-12-01 00:00:00,2021-01-01 00:00:00,,,,,,,,,,,,,,,,,Sika AG,,,
NOW.US,ServiceNow Inc,ServiceNow Inc,0P0001H8PN,Listed Securities,International equities,Stock,USD,,0.0,5,,"ServiceNow is an American software company based in Santa Clara, California that develops a cloud computing platform to help companies manage digital workflows for enterprise operations, and was also recognized for innovation.",https://www.servicenow.com/company/investor-relations.html,,ServiceNow,2020-12-01 00:00:00,2021-01-01 00:00:00,BMK0105,S&P 500 Index,,,,,,,,,,,,,,,ServiceNow Inc,,,
SMT.LN,Scottish Mortgage Investment Trust PLC,Scottish Mortgage Investment Trust PLC,E0GBR00R1S,Listed Securities,Other,Closed-End Fund,GBP,Active - Self described,0.0,5,,"Scottish Mortgage is an actively managed, low cost investment trust, investing in a high conviction, global portfolio of companies with the aim of maximising its total return to its shareholders over the long term. The managers aim to achieve a greater return than the FTSE All-World Index (in sterling terms) over a five year rolling period. The majority of the portfolio will be held in quoted equities and up to a maximum of 30% of the assets may be invested in companies not listed on a public market (measured at the time of purchase).",https://www.bailliegifford.com/en/uk/institutional-investor/funds/,Baillie Gifford & Co,Baillie Gifford & Co,2020-12-01 00:00:00,2021-01-01 00:00:00,,,,,0.0035,,0.0035,0,,,,London Stock Exchange,Baillie Gifford & Co Ltd,,,,Baillie Gifford & Co Ltd,,,
SALTEPF,Salt Enhanced Property Fund,Salt Enhanced Property Fund,F0000125C6,Managed Funds,Listed property,Open-End Fund,NZD,Active - performance fee,0.0,2,,"The Salt Enhanced Property Fund targets a portfolio of shares of New Zealand and Australian property trusts, companies and other property related securities with exposure to commercial, residential, retail, tourism, industrial, medical, educational, rural, retirement, and other property sectors. The Fund may also, at our discretion, short sell securities, hold cash, lever its assets and utilise active currency management to generate returns. ",https://www.saltfunds.co.nz/salt-enhanced-property-fund,Salt Investment Funds,Salt Investment Funds,2020-12-01 00:00:00,2021-01-01 00:00:00,,,0.002,0.002,0.01,,0.01,0,,,,,Salt Investment Funds Ltd,info@saltfunds.co.nz,,,Salt Investment Funds Ltd,info@saltfunds.co.nz,,
CRM.US,Salesforce Inc,Salesforce Inc,0P000004T1,Listed Securities,International equities,Stock,,,0.0,,,"Salesforce.com, Inc. is an American cloud-based software company headquartered in San Francisco, California. It provides customer relationship management service and also provides a complementary suite of enterprise applications focused on customer service, marketing automation, analytics, and application development.",https://investor.salesforce.com/overview/,,Salesforce,2021-06-15 00:00:00,2021-08-01 00:00:00,BMK0169,"Bloomberg NZBond Bank Bill (Total return, NZD)",,,,,,,,,,,,,,,Salesforce.com Inc,,,
PMC0100.AU,PM Capital Global Companies,PM Capital Global Companies,F0AUS05HEE,Managed Funds,International equities,Open-End Fund,AUD,Active - performance fee,0.0,5,"The performance fees are calculated and accrued on an individual unit-by-unit basis, and are incurred by the relevant Fund as a whole at the end of each month if the Fund meets certain performance objectives.",To provide long-term capital growth and outperform the greater of the MSCI World Net Total Return Index (AUD) or RBA cash rate over rolling seven year periods. The Fund is not intended to replicate the index.,https://www.pmcapital.com.au/managed-funds,PM Capital,PM Capital,2020-12-01 00:00:00,2021-01-01 00:00:00,,,0.0025,0.0025,0.0109,,0.0109,0,,,,,PM Capital Ltd,pmcapital@pmcapital.com.au,,,PM Capital Ltd,pmcapital@pmcapital.com.au,,
RIFGFI,Russell Investments Global Fixed Interest Fund - PIE,Russell Investments Global Fixed Interest Fund (PIE),F00000N7A0,Managed Funds,International fixed interest,Open-End Fund,NZD,Active - Self described,0.0,3,,"The Russell Investments Global Fixed Interest provides exposure to a global fixed interest portfolio managed actively on a multi-manager basis. The Fund's underlying investment exposure comprises of a diversified range of fixed interest investments, including international government securities, government-related securities, corporate securities, asset-backed securities and hybrid securities in both developed and emerging markets around the globe.",https://russellinvestments.com/nz/funds-and-strategies/asset-class-funds/pie-funds,Russell Investments,IIS,2020-12-01 00:00:00,2021-01-01 00:00:00,,,0.0015,0.0015,0.0059,0.0018,0.0040999999999999995,,,,,,Russell Investments group,,www.russellinvestments.com/nz,"Founded in 1936 and active in New Zealand since the 1980s, Russell Investments manages over USD 250 billion.",FundRock NZ Limited,contact@iisolutions.co.nz,,
WHT0015.AU,Resolution Capital Global Property Secs,Resolution Capital Global Property Secs,F0AUS07330,Managed Funds,Listed property,Open-End Fund,AUD,Active - performance fee,0.0,3,20% of the Fund’s outperformance of the Benchmark net of the management fee and expenses.,"The Fund primarily invests in global listed REITs and real estate securities that derive most of their returns from rental income. The Fund's investments provide exposure to a range of underlying real estate from around the world including office buildings, shopping centres, industrial warehouses, residential communities, data centres, cell towers, hotels and healthcare facilities. The Fund may also have exposure to companies which undertake activities such as real estate development, real estate construction contracting and real estate funds management activities.",https://rescap.com/funds/,Resolution Capital,Resolution Capital,2020-12-01 00:00:00,2021-01-01 00:00:00,,,0.001999894742381935,0.001999894742381935,0.008,,0.008,,,,,,Resolution Capital Ltd,resolution@resolutioncapital.com.au,,,Resolution Capital Ltd,resolution@resolutioncapital.com.au,,
RKT.LN,Reckitt Benckiser Group PLC,Reckitt Benckiser Group PLC,0P0000JFHV,Listed Securities,International equities,Stock,GBP,,0.0,5,,"Reckitt, is a British multinational consumer goods company headquartered in Slough, England. It is a producer of health, hygiene and nutrition products.",https://www.reckitt.com/investors/,,Reckitt Benckiser Group,2021-06-15 00:00:00,2021-08-01 00:00:00,,,,,,,,,,,,,,,,,Reckitt Benckiser Group PLC,,,
TGP0034.AU,ClearBridge RARE Infrstrctr Val Unhdgd,ClearBridge RARE Infrstrctr Val Unhdgd,F00000MJ8T,Managed Funds,International equities,Open-End Fund,AUD,Active - self described,0.0,7,,"The Fund will hold a diverse range of global infrastructure securities across a number of infrastructure sub-sectors such as gas, electricity and water utilities, toll-roads, airports, rail and communication infrastructure and across geographic regions.",https://www.clearbridgeinvestments.com.au/investment-strategies/,ClearBridge Investments,ClearBridge Investments,2020-12-01 00:00:00,2021-01-01 00:00:00,,,0.0012,0.0012,0.00974,,0.00974,0,,,,,ClearBridge Investments Ltd,auclientservice@clearbridge.com,,,ClearBridge Investments Ltd,auclientservice@clearbridge.com,,
QUAYINCO,QuayStreet Income Fund,QuayStreet Income Fund,F000013I0F,Managed Funds,Other,Open-End Fund,NZD,Active - self described,0.0,5,,"The QuayStreet Income Fund invests in a diversified portfolio with an emphasis on income producing assets which may include listed property, equities and derivatives. The investment objective is to provide returns above the Fund's benchmark taking into account the prevailing shortterm interest rates while preserving the real value of investments relative to inflation. The Fund aims to make quarterly distributions.",https://quaystreet.com/our-funds/overview,QuayStreet Asset Management,QuayStreet Asset Management,2020-12-01 00:00:00,2021-01-01 00:00:00,BMK0105,S&P 500 Index,,,0.0076,0.0006,0.007,,,,,,QuayStreet Asset Management Ltd,info@quaystreet.com,,,QuayStreet Asset Management Ltd,info@quaystreet.com,,
PFI020,Property for Industry 4.25% 01/10/2025,Property for Industry 4.25% 01/10/2025,B20002FD4Z,Direct bonds and term deposits,New Zealand fixed interest,Bond,,,0.0,5,,"Property for Industry Limited is a property company that invests in New Zealand industrial properties. The Company's property portfolio includes sites in Auckland, Hamilton, Tauranga, Wellington and Christchurch.",https://www.propertyforindustry.co.nz/investor-centre/retail-bonds/,,Property for Industry,2020-12-01 00:00:00,2021-01-01 00:00:00,BMK0044,S&P/NZX A-Grade Corporate Bond Index,,,,,,,,,,,,,,,Property for Industry,,,
MAQ0782.AU,Antipodes Emerging Market Debt Fund,Antipodes Emerging Market Debt Fund,F00000ND9B,Managed Funds,International fixed interest,Open-End Fund,AUD,Active - self described,0.0,3,,"The Antipodes Emerging Market Debt Fund aims to generate current income with the potential for some capital appreciation by investing primarily in high-yielding, sub-investment grade and non-rated fixed income securities across diverse emerging markets. Managed with a disciplined, value-oriented approach, the fund relies on intensive, bottom-up fundamental research to identify undervalued opportunities. Its concentrated portfolio spans regions such as Asia, the Middle East, Eastern Europe, Africa, and Latin America, targeting securities that offer regular income and long-term growth potential.",https://antipodes.com/managed-funds/antipodes-asia-income-fund/,Antipodes,Antipodes,2020-12-01 00:00:00,2021-01-01 00:00:00,,,0.005,0.005,0.0113,,0.0113,,,,,,Antipodes Partners Limited,,,,Antipodes Partners Limited,,,
TYNDALLCNZEF,Nikko AM Core Equity Fund,Nikko AM Core Equity Fund,F00000H3G7,Managed Funds,Australasian equities,Open-End Fund,NZD,Active - fundamental analysis,0.0,2,,Seeks growth opportunities by investing in New Zealand and Australian equity markets. Our local equity portfolio management team hand-pick stocks that they believe have potential for growth of income and capital.,https://www.nikkoam.co.nz/,Nikko Asset Management,Nikko Asset Management,2020-12-01 00:00:00,2021-01-01 00:00:00,,,0.0029,0.0029,0.0095,,0.0095,,,,,,Nikko Asset Management NZ Ltd,NZenquiries@nikkoam.com,www.nikkoam.co.nz,,Nikko Asset Management NZ Ltd,NZenquiries@nikkoam.com,www.nikkoam.co.nz,
MGE0006.AU,Magellan Infrastructure (Unhedged),Magellan Infrastructure (Unhedged),F00000Q498,Managed Funds,International equities,Open-End Fund,AUD,Active - performance fee,0.0,4,10% of the excess return of the units of the Fund above the highest hurdle set by either the S&P Global Infrastructure Index A$ Unhedged Net Total Return Index or the yield of 10-year Australian Government Bonds over each 6 monthly period ending 31 December and 30 June.,"The Magellan Infrastructure Fund has been designed to provide investors with efficient access to the infrastructure asset class, while protecting capital in adverse markets.",https://www.magellangroup.com.au/funds/,Magellan Asset Management,Magellan Asset Management,2020-12-01 00:00:00,2021-01-01 00:00:00,,,0.0015,0.0015,0.0106,,0.0106,0,,,,,Magellan Asset Management Ltd,info@magellangroup.com.au,,,Magellan Asset Management Ltd,info@magellangroup.com.au,,
MGE0002.AU,Magellan Infrastructure,Magellan Infrastructure,F0AUS071EM,Managed Funds,International equities,Open-End Fund,AUD,Active - performance fee,0.0,3,10% above benchmark,"The Magellan Infrastructure Fund has been designed to provide investors with efficient access to the infrastructure asset class, while protecting capital in adverse markets.",https://www.magellangroup.com.au/funds/,Magellan Asset Management,Magellan Asset Management,2020-12-01 00:00:00,2021-01-01 00:00:00,,,0.0015,0.0015,0.0106,,0.0106,,,,,,Magellan Asset Management Ltd,info@magellangroup.com.au,,,Magellan Asset Management Ltd,info@magellangroup.com.au,,
KPG040,Kiwi Property Trust 4.06% 12/11/2025,Kiwi Property Trust 4.06% 12/11/2025,,Direct bonds and term deposits,New Zealand fixed interest,Bond,,,0.0,5,,"The Kiwi Property Trust have been a leader in the New Zealand property sector for 30 years and are a member of the NZX 20 index. They own and operate a diversified portfolio of leading mixed-use, office and retail assets, including The Base and Sylvia Park mixed-use centres, and prestigious office buildings, such as the Vero Centre in Auckland. ",https://www.kiwiproperty.com/corporate/investor-centre/,,Kiwi Property Trust,2020-12-01 00:00:00,2021-01-01 00:00:00,BMK0044,S&P/NZX A-Grade Corporate Bond Index,,,,,,,,,,,,,,,Kiwi Property Trust,,,
KWLGCE,Kernel S&P Global Clean Energy Fund,Kernel S&P Global Clean Energy Fund,F00001CKWP,Managed Funds,International equities,Open-End Fund,NZD,Passive - index,0.0,7,,"This Fund invests in up to 100 companies with significant or total clean energy exposure and low carbon-to-revenue footprints according to independent assessors Trucost. To be eligible for inclusion, companies must be involved in the production of Clean Energy or provision of Clean Energy Technology & Equipment. Designed to focus on capital growth, the fund is a great satellite holding as part of a core satellite strategy.",https://kernelwealth.co.nz/funds/,Kernel Wealth,Kernel Wealth,2021-06-15 00:00:00,2021-08-01 00:00:00,BMK0165,"S&P Global Clean Energy Index (Gross, NZD)",0,0,0.0045,,0.0045,,,,,,Kernel Wealth Ltd,dean@kernelwealth.co.nz,www.kernelwealth.co.nz,"Managing over NZD $1 Billion, Kernel has been delivering index solutions specifically for New Zealanders since 2019.",Kernel Wealth Ltd,dean@kernelwealth.co.nz,www.kernelwealth.co.nz,"Managing over NZD $1 Billion, Kernel has been delivering index solutions specifically for New Zealanders since 2019."
KWLG100,Kernel S&P Global 100 Fund,Kernel S&P Global 100 Fund,F000015G9D,Managed Funds,International equities,Open-End Fund,NZD,Passive - index,0.0,1,,"This Fund provides exposure to blue-chip companies, being those which are large, stable and profitable. This includes household names such as Apple, Nike, Amazon, Nestle and Microsoft. With global diversification across all sectors, this Fund provides reliable long-term capital growth.",https://kernelwealth.co.nz/funds/,Kernel Wealth,Kernel Wealth,2021-07-09 00:00:00,2021-11-01 00:00:00,BMK0164,S&P Global 100 Ex-Controversial Weapons Index Custom,,,0.0025,,0.0025,,,adam@compoundwealth.co.nz,,,Kernel Wealth Ltd,dean@kernelwealth.co.nz,www.kernelwealth.co.nz,"Managing over NZD $1 Billion, Kernel has been delivering index solutions specifically for New Zealanders since 2019.",Kernel Wealth Ltd,dean@kernelwealth.co.nz,www.kernelwealth.co.nz,"Managing over NZD $1 Billion, Kernel has been delivering index solutions specifically for New Zealanders since 2019."
MPL0006.AU,Maple-Brown Abbott Global Listed Infras,Maple-Brown Abbott Global Listed Infras,F00000QABT,Managed Funds,International equities,Open-End Fund,AUD,Active - Self described,0.0,3,,"The Maple-Brown Abbott Global Listed Infrastructure Fund is an actively managed global listed infrastructure securities portfolio with a focus on regulated, contracted and concession assets or networks that provide essential services. The Fund aims to outperform the benchmark over rolling five-year periods. The benchmark is an accumulation index, maintained daily by us, comprised of the OECD Total Inflation Index plus 5.5% per annum.",https://www.maple-brownabbott.com.au/global-listed-infrastructure,Maple-Brown Abbott,Maple-Brown Abbott,2020-12-01 00:00:00,2021-01-01 00:00:00,,,0.0015,0.0015,0.0085,,0.0098,0.0013,,,,,Maple-Brown Abbott Ltd,,,,Maple-Brown Abbott Ltd,,,
KWLNZ9,Kernel NZ Small & Mid Cap Opportunities Fund,Kernel NZ Small & Mid Cap Opportunities Fund,F00001461Y,Managed Funds,Australasian equities,Open-End Fund,NZD,Passive - index,0.0,8,,"Invest in NZX listed financial products whose free-float market capitalisation is between $75
million and $1.25 billion New Zealand dollars and who are outside of the S&P/NZX 20 Index.",https://kernelwealth.co.nz/funds/,Kernel Wealth,Kernel Wealth,2021-06-15 00:00:00,2021-08-01 00:00:00,BMK0199,S&P/NZX Emerging Opportunities (Includes ICs),0,0,0.0025,,0.0025,,,,,,Kernel Wealth Ltd,dean@kernelwealth.co.nz,www.kernelwealth.co.nz,"Managing over NZD $1 Billion, Kernel has been delivering index solutions specifically for New Zealanders since 2019.",Kernel Wealth Ltd,dean@kernelwealth.co.nz,www.kernelwealth.co.nz,"Managing over NZD $1 Billion, Kernel has been delivering index solutions specifically for New Zealanders since 2019."
KWLNZ50,Kernel NZ 50 ESG Tilted Fund,Kernel NZ 50 ESG Tilted Fund,F00001CKWQ,Managed Funds,Australasian equities,Open-End Fund,,Passive - index,0.0,7,,"The first index fund in New Zealand to not only exclude companies from controversial industries, but to also both upweight and downweight companies based on non-financial metrics including governance practices, fossil fuel exposure, and workplace diversity. Using the internationally acclaimed Corporate Sustainability Assessment from S&P Dow Jones, each company included in of the S&P/NZX 50 is given an ESG score and re-weighted accordingly. Tracking the S&P NZX 50 Portfolio ESG Tilted Index, this fund is designed to provide long-term capital growth and diversification.",https://kernelwealth.co.nz/funds/,Kernel Wealth,Kernel Wealth,2021-06-15 00:00:00,2021-08-01 00:00:00,BMK0163,"S&P/NZX 50 Portfolio ESG Tilted Index (Gross with ICs, NZD)",,,0.0025,0.0015,0.001,,,,,,Kernel Wealth Ltd,dean@kernelwealth.co.nz,www.kernelwealth.co.nz,"Managing over NZD $1 Billion, Kernel has been delivering index solutions specifically for New Zealanders since 2019.",Kernel Wealth Ltd,dean@kernelwealth.co.nz,www.kernelwealth.co.nz,"Managing over NZD $1 Billion, Kernel has been delivering index solutions specifically for New Zealanders since 2019."
KWLNZ20,Kernel NZ 20 Fund,Kernel NZ 20 Fund,F00001461X,Managed Funds,Australasian equities,Open-End Fund,NZD,Passive - index,0.0,8,,"Invest in 20 of the largest listed blue-chip companies in New Zealand that are collectively worth over $100 billion. The Fund provides broad diversification across a range of sectors including utilities, real estate, telecommunication and healthcare.",https://kernelwealth.co.nz/funds/,Kernel Wealth,Kernel Wealth,2020-12-01 00:00:00,2021-01-01 00:00:00,BMK0072,S&P/NZX 20 Index (Gross),,,0.0025,,0.0025,,,,,,Kernel Wealth Ltd,dean@kernelwealth.co.nz,www.kernelwealth.co.nz,"Managing over NZD $1 Billion, Kernel has been delivering index solutions specifically for New Zealanders since 2019.",Kernel Wealth Ltd,dean@kernelwealth.co.nz,www.kernelwealth.co.nz,"Managing over NZD $1 Billion, Kernel has been delivering index solutions specifically for New Zealanders since 2019."
KWLWGF,Kernel Global Infrastructure Fund,Kernel Global Infrastructure Fund,F000015G9B,Managed Funds,International equities,Open-End Fund,NZD,Passive - index,0.0,8,,"A globally diversified exposure to mostly infrastructure lines of business, e.g. utilities, storage and telecommunications infrastructure providing relatively stable cash flow and inflation hedging.",https://kernelwealth.co.nz/funds/,Kernel Wealth,Kernel Wealth,2020-12-01 00:00:00,2021-01-01 00:00:00,BMK0107,Dow Jones Brookfield Global Infrastructure Index (TR),,,0.0025,,0.0025,,,,,,Kernel Wealth Ltd,dean@kernelwealth.co.nz,www.kernelwealth.co.nz,"Managing over NZD $1 Billion, Kernel has been delivering index solutions specifically for New Zealanders since 2019.",Kernel Wealth Ltd,dean@kernelwealth.co.nz,www.kernelwealth.co.nz,"Managing over NZD $1 Billion, Kernel has been delivering index solutions specifically for New Zealanders since 2019."
KWLGGP,Kernel Global Green Property Fund,Kernel Global Property (NZD Hedged) Fund,F00001CKWC,Managed Funds,Listed property,Open-End Fund,NZD,Passive - index,0.0,7,,"Using the independent assessment of GRESB, this fund invests in companies owning and operating real estate. This ranges from traditional office and retail to residential providers in the US, Japan and Europe, to more specialised real estate including storage companies, hospital owners and hotels. The sustainability dimension is recognised through overweighting those companies with relatively high GRESB scores and underweighting those with lower or zero scores. This fund tracks the Dow Jones Global Select Green RESI and provides long-term capital growth and income generation.",https://kernelwealth.co.nz/funds/,Kernel Wealth,Kernel Wealth,2021-06-15 00:00:00,2021-08-01 00:00:00,BMK0245,Kernel Global Green Property Fund (Simulated NZD Hedged),0,0,0.0025,,0.0025,,,,,,Kernel Wealth Ltd,dean@kernelwealth.co.nz,www.kernelwealth.co.nz,"Managing over NZD $1 Billion, Kernel has been delivering index solutions specifically for New Zealanders since 2019.",Kernel Wealth Ltd,dean@kernelwealth.co.nz,www.kernelwealth.co.nz,"Managing over NZD $1 Billion, Kernel has been delivering index solutions specifically for New Zealanders since 2019."
JDG.LN,Judges Scientific PLC,Judges Scientific PLC,0P00007OIP,Listed Securities,International equities,Stock,GBP,,0.0,5,,"Judges Scientific plc manufactures and sells scientific instruments. The company operates in two segments, Materials Sciences and Vacuum. It offers engineering teaching and research equipment for universities, colleges, schools, and research centres; and research and development systems for food, beverage, dairy, edible oil, and pharmaceutical industries.",https://www.judges.uk.com/financial-performance/financial-overview.html,,Judges Scientific,2020-12-01 00:00:00,2021-01-01 00:00:00,,,,,,,,,,,,,,,,,Judges Scientific PLC,,,
JFJ.LN,JP Morgan Japanese Inv. Trust P,JP Morgan Japanese Inv. Trust P,E0GBR00P1D,Listed Securities,International equities,Closed-End Fund,GBP,Active,0.0,5,,"Aims to produce capital growth from investment in Japanese companies. The Company has the ability to use gearing to increase potential returns to shareholders. The gearing policy is to operate within the range of 5% net cash to 20% geared, in normal market conditions.",https://am.jpmorgan.com/gb/en/asset-management/adv/funds/,JP Morgan Asset Management,JP Morgan Asset Management,2021-06-15 00:00:00,2021-08-01 00:00:00,,,,,0.0073,,0.0073,0,,,,London Stock Exchange,JP Morgan Asset Management Ltd,jpmam.info@jpmorgan.com,,,JP Morgan Asset Management Ltd,jpmam.info@jpmorgan.com,,
JNJ.US,Johnson & Johnson,Johnson & Johnson,0P0000032S,Listed Securities,International equities,Stock,USD,,0.0,5,,"Johnson & Johnson researches and develops, manufactures, and sells various products in the health care field worldwide. ",https://www.investor.jnj.com/,,Johnson & Johnson,2020-12-01 00:00:00,2021-01-01 00:00:00,,,,,,,,,,,,,,,,,Johnson & Johnson,,,
KWLCPF,Kernel NZ Commercial Property Fund,Kernel NZ Commercial Property Fund,F00001461Z,Managed Funds,Listed property,Open-End Fund,NZD,Passive - index,0.0,7,,The fund aims to provide a gross return that closely matches the return on the S&P/NZX Real Estate Select Index. The Fund is passively managed and invests in financial products (REITS) listed on the NZX.,https://kernelwealth.co.nz/documents,Kernel Wealth,Kernel Wealth,2020-12-01 00:00:00,2021-01-01 00:00:00,BFS_KWLCPF,Backfill: Kernel NZ Commercial Property,0,0,0.0025,,0.0025,,,,,,Kernel Wealth Ltd,dean@kernelwealth.co.nz,www.kernelwealth.co.nz,"Managing over NZD $1 Billion, Kernel has been delivering index solutions specifically for New Zealanders since 2019.",Kernel Wealth Ltd,dean@kernelwealth.co.nz,www.kernelwealth.co.nz,"Managing over NZD $1 Billion, Kernel has been delivering index solutions specifically for New Zealanders since 2019."
MA.US,Mastercard Inc - Class A,Mastercard Inc - Class A,0P00005U6B,Listed Securities,International equities,Stock,USD,,0.0,5,,"Mastercard Incorporated provides financial transaction processing services. The Company offers payment processing services for credit and debit cards, electronic cash, automated teller machines, and travelers checks. Mastercard serves customers worldwide.",https://investor.mastercard.com/overview/default.aspx,,Mastercard,2020-12-01 00:00:00,2021-01-01 00:00:00,,,,,,,,,,,,,,,,,Mastercard Inc,,,
MPL0008.AU,Maple-Brown Abbott Gbl Listed Infra Hd,Maple-Brown Abbott Gbl Listed Infra Hd,F00000W8J3,Managed Funds,International equities,Open-End Fund,AUD,Active - Self described,0.0,2,,"The Maple-Brown Abbott Global Listed Infrastructure Fund - Hedged is an actively managed global listed infrastructure securities portfolio with a focus on regulated, contracted and concession assets or networks that provide essential services. We will substantially hedge the Fund's currency exposure back to Australian dollars. The Fund aims to outperform the benchmark over rolling five-year periods. The benchmark is an accumulation index, maintained daily by us, comprised of the OECD Total Inflation Index plus 5.5% per annum.",https://www.maple-brownabbott.com.au/global-listed-infrastructure-fund-hedged,Maple-Brown Abbott,Maple-Brown Abbott,2020-12-01 00:00:00,2021-01-01 00:00:00,,,0.0015338661499959738,0.0015338661499959738,0.01,,0.01,,,,,,Maple-Brown Abbott Ltd,,,,Maple-Brown Abbott Ltd,,,
MCD.US,McDonalds Corporation,McDonalds Corporation,0P000003IJ,Listed Securities,International equities,Stock,USD,,0.0,5,,McDonald's Corporation franchises and operates fast-food restaurants in the global restaurant industry. The Company's restaurants serves a variety of value-priced menu products in countries around the world.,https://corporate.mcdonalds.com/corpmcd/investors.html,,McDonalds,2020-12-01 00:00:00,2021-01-01 00:00:00,,,,,,,,,,,,,,,,,McDonald's Corp,,,
TYNDALLAAEF,Nikko AM Concentrated Equity Fund PIE,Nikko AM Concentrated Equity Fund PIE,F0AUS070C8,Managed Funds,Australasian equities,Open-End Fund,NZD,Active - performance fee,0.0,2,10% of any return 5% greater than Reserve Bank of New Zealand Official Cash Rate,The strategy is a collection of the portfolio manager's highest conviction investment ideas to achieve capital appreciation. The Fund can invest into 100% NZ and Australian Equities and 100% Cash. The typical number of stocks in the portfolio is circa 15.,https://www.nikkoam.co.nz/,Nikko Asset Management,Nikko Asset Management,2020-12-01 00:00:00,2021-01-01 00:00:00,,,0.0029,0.0029,0.0115,,0.0115,,,,,,Nikko Asset Management NZ Ltd,NZenquiries@nikkoam.com,www.nikkoam.co.nz,,Nikko Asset Management NZ Ltd,NZenquiries@nikkoam.com,www.nikkoam.co.nz,
MINTNZSRI,Mint New Zealand SRI Equity Fund,Mint New Zealand SRI Equity Fund,F000010ACE,Managed Funds,Australasian equities,Open-End Fund,NZD,Active - self described,0.0,3,,"The Fund was designed to meet investor's needs for investment in New Zealand ""eligible ""companies which meet specific responsible investment criteria. Mint New Zealand SRI Equity Fund targets returns in excess of the Fund benchmark of the S&P/NZX50 Gross index, measured over a rolling three year time period.",https://www.mintasset.co.nz/our-funds/funds-overview/,Mint Asset Management,Mint Asset Management,2020-12-01 00:00:00,2021-01-01 00:00:00,BMK0043,"S&P/NZX 50 Index (Gross, backfilled)",,,0.0076,,0.0095,0.0019,,,,,Mint Asset Management Ltd,simon.haworth@mintasset.co.nz,www.mintasset.co.nz,,Mint Asset Management Ltd,simon.haworth@mintasset.co.nz,www.mintasset.co.nz,
MINTREIT,Mint Australasian Property Fund,Mint Australasian Property Fund,F0AUS072HT,Managed Funds,Listed property,Open-End Fund,NZD,Active - self described,0.0,3,,"This is a single asset class Fund, which typically invests in New Zealand and Australian listed property securities. The Fund has an investment objective of outperforming the S&P/NZX All Real Estate (Industry Group) Gross Index by 1% per annum, before fees, over the medium to long-term.",https://www.mintasset.co.nz/our-funds/funds-overview/,Mint Asset Management,Mint Asset Management,2020-12-01 00:00:00,2021-01-01 00:00:00,,,,,0.0105,,0.0105,0,,,,,Mint Asset Management Ltd,simon.haworth@mintasset.co.nz,www.mintasset.co.nz,,Mint Asset Management Ltd,simon.haworth@mintasset.co.nz,www.mintasset.co.nz,
MAMTTBF,Milford Trans-Tasman Bond Fund,Milford Trans-Tasman Bond Fund,F000010F62,Managed Funds,New Zealand fixed interest,Open-End Fund,NZD,Active - self described,0.0,3,,Primarily invests in trans-Tasman fixed interest securities.,https://milfordasset.com/what-we-offer/investment-funds,Milford Asset Management,Milford Asset Management,2020-12-01 00:00:00,2021-01-01 00:00:00,,,0.0011,0.0011,0.006500000000000001,,0.006500000000000001,,,,,,Milford Asset Management Ltd,Email: info@milfordasset.com,www.milfordasset.com,,Milford Asset Management Ltd,Email: info@milfordasset.com,www.milfordasset.com,
MAMIF,Milford Diversified Income Fund,Milford Diversified Income Fund,F00000IR48,Managed Funds,Other,Open-End Fund,NZD,Active - performance fee,0.0,2,10% of the return above hurdle rate of official cash rate plus 2.5%. Capped at 0.85% of average NAV.,Diversified fund that primarily invests in fixed interest and equity income-generating securities.,https://milfordasset.com/what-we-offer/investment-funds,Milford Asset Management,Milford Asset Management,2020-12-01 00:00:00,2021-01-01 00:00:00,,,0.0012,0.0012,0.006500000000000001,,0.006500000000000001,,,,,,Milford Asset Management Ltd,Email: info@milfordasset.com,www.milfordasset.com,,Milford Asset Management Ltd,Email: info@milfordasset.com,www.milfordasset.com,
MAMAAGF,Milford Australian Absolute Growth Fund,Milford Australian Absolute Growth Fund,F0000105EE,Managed Funds,Australasian equities,Open-End Fund,NZD,Active - performance fee,0.0,3,15% of the return above OCR +5%. Cap is 1.65% of average NAV,Absolute returns with an annualised return objective of 5% above the New Zealand Official Cash Rate while seeking to protect capital over rolling three year periods.,https://milfordasset.com/what-we-offer/investment-funds,Milford Asset Management,Milford Asset Management,2020-12-01 00:00:00,2021-01-01 00:00:00,BMK0004,S&P/ASX 300 Index (Total Return),0.0011,0.0011,0.0105,,0.0105,,,,,,Milford Asset Management Ltd,Email: info@milfordasset.com,www.milfordasset.com,,Milford Asset Management Ltd,Email: info@milfordasset.com,www.milfordasset.com,
MAMAF,Milford Active Growth Fund,Milford Active Growth Fund,F0AUS072F6,Managed Funds,Other,Open-End Fund,NZD,Active - performance fee,0.0,4,15% of the return above flat 10% hurdle rate.,"Diversified fund that primarily invests in equities, with a moderate allocation to fixed interest securities.",https://milfordasset.com/what-we-offer/investment-funds,Milford Asset Management,Milford Asset Management,2020-12-01 00:00:00,2021-01-01 00:00:00,,,0.001,0.001,0.0105,,0.0105,,,,,,Milford Asset Management Ltd,Email: info@milfordasset.com,www.milfordasset.com,,Milford Asset Management Ltd,Email: info@milfordasset.com,www.milfordasset.com,
MSFT.US,Microsoft Corporation,Microsoft Corporation,0P000003MH,Listed Securities,International equities,Stock,USD,,0.0,5,,"Microsoft Corporation develops, licenses, and supports software, services, devices, and solutions worldwide. ",https://www.microsoft.com/en-us/investor,,Microsoft,2020-12-01 00:00:00,2021-01-01 00:00:00,,,,,,,,,,,,,,,,,Microsoft Corp,,,
MCY030,Mercury NZ Limited 1.56% 14/09/2027,Mercury NZ Limited 1.56% 14/09/2027,,Direct bonds and term deposits,New Zealand fixed interest,Bond,,,0.0,5,,The proceeds of the Green Bonds are intended to be earmarked to finance or refinance new or existing projects and expenditures relating to Eligible Projects in accordance with Mercury's Green Financing Framework. The proceeds are expected to be primarily earmarked to construction of the Turitea windfarm.,https://www.mercury.co.nz/investors,,Mercury NZ,2020-12-01 00:00:00,2021-01-01 00:00:00,BMK0044,S&P/NZX A-Grade Corporate Bond Index,,,,,,,,,,,,,,,Mercury NZ Ltd,,,
SKNZSHARE,Simplicity NZ Share Fund,Simplicity NZ Share Fund,F000010FOQ,Managed Funds,Australasian equities,Open-End Fund,NZD,Passive - self described,0.0,2,,"The NZ Share Fund invests in securities listed in the New Zealand stock exchange (NZX), to generate a return similar to the performance of the NZ share market. It is designed to be the NZ share component of a diversified investment portfolio.",https://simplicity.kiwi/investment-funds/home/,Simplicity,Simplicity,2020-12-01 00:00:00,2021-01-01 00:00:00,BMK0043,"S&P/NZX 50 Index (Gross, backfilled)",0,0,0.001,,0.001,,,,,,Simplicity (NZ) Ltd,,www.simplicity.kiwi,,Simplicity (NZ) Ltd,,www.simplicity.kiwi,
EEMS.US,iShares MSCI Emerging Markets Small-Cap ETF,iShares MSCI Emerging Markets Small-Cap ETF,F00000M8DB,Listed Securities,International equities,Exchange-Traded Fund,,Passive - index,0.0,5,,The iShares MSCI Emerging Markets Small-Cap ETF seeks to track the investment results of an index composed of small-capitalisation emerging market equities.,https://www.ishares.com/us/products/etf-investments,BlackRock,BlackRock,2021-12-01 00:00:00,2022-01-01 00:00:00,,,,,0.0072,,0.0073,0.0001,,ben.brinkerhoff@consilium.co.nz,,,BlackRock Inc,isharesetfs@blackrock.com,www.ishares.com,iShares funds are powered by the expert portfolio and risk management of BlackRock. BlackRock managed over USD 11 trillion in assets on behalf of investors worldwide.,BlackRock Inc,isharesetfs@blackrock.com,www.ishares.com,iShares funds are powered by the expert portfolio and risk management of BlackRock. BlackRock managed over USD 11 trillion in assets on behalf of investors worldwide.
SWKS.US,Skyworks Solutions,Skyworks Solutions,0P000004ZF,Listed Securities,International equities,Stock,USD,,0.0,5,,"Skyworks Solutions, Inc., together with its subsidiaries, designs, develops, manufactures, and markets proprietary semiconductor products, including intellectual property worldwide.",https://investors.skyworksinc.com/,,Skyworks Solutions,2020-12-01 00:00:00,2021-01-01 00:00:00,,,,,,,,,,,,,,,,,Skyworks Solutions Inc,,,
SPF570,Spark Finance Ltd 3.94% 07/09/2026,Spark Finance Ltd 3.94% 07/09/2026,,Direct bonds and term deposits,New Zealand fixed interest,Bond,,,0.0,5,,Spark Finance Limited is a finance company for the Spark New Zealand Group. The Company raises debt funding in New Zealand and internationally.,https://investors.sparknz.co.nz/Investor-Centre/,,Spark Finance,2020-12-01 00:00:00,2021-01-01 00:00:00,BMK0044,S&P/NZX A-Grade Corporate Bond Index,,,,,,,,,,,,,,,Spark Finance Ltd,,,
VT.US,Vanguard Total World Stock Index Fund,Vanguard Total World Stock Index Fund,FOUSA06UUJ,Listed Securities,International equities,Exchange-Traded Fund,USD,Passive - index,0.0,5,,The Fund employs an indexing investment approach designed to track the performance of the FTSE Global All Cap Index. The investment seeks to track the performance of a benchmark index that measures the investment return of stocks of companies located in developed and emerging markets around the world.,https://investor.vanguard.com/investment-products/etfs/profile/vt,Vanguard,Vanguard,2020-12-01 00:00:00,2021-01-01 00:00:00,,,,,0.0007000000000000001,,0.0007000000000000001,,,,,New York Stock Exchange,Vanguard Investments,,,,Vanguard Investments,,,
VTI.US,Vanguard Index Tst,Vanguard Total Stock Market Index,FEUSA0002P,Listed Securities,International equities,Exchange-Traded Fund,USD,Passive - index,0.0,5,,Seeks to track the performance of the CRSP US Total Market Index.,https://investor.vanguard.com/investment-products/list/etfs,Vanguard,Vanguard,2020-12-01 00:00:00,2021-01-01 00:00:00,,,,,0.0003,,0.0003,,,,,,Vanguard Investments,,,,Vanguard Investments,,,
VTS.AU,Vanguard Total Stock Market Shares Index ETF,Vanguard Total Stock Market Shares Index ETF,F000003V1F,Listed Securities,International equities,Exchange-Traded Fund,AUD,Passive - index,0.0,5,,"The investment seeks to track the performance of a benchmark index that measures the investment return of the overall U.S. stock market. The CRSP US Total Market Index, represents approximately 100%of the investable U.S. stock market and includes large-, mid-, small-, and micro-cap stocks regularly traded on the New York Stock Exchange and Nasdaq.",https://www.vanguard.com.au/adviser/products/en/list/overview,Vanguard (Australia),Vanguard (Australia),2020-12-01 00:00:00,2021-01-01 00:00:00,,,,,0.0003,,0.0003,,,,,,Vanguard Investments Australia Ltd,clientservices@vanguard.com.au,www.vanguard.com.au,"Founded in 1975, Vanguard is the world's second largest fund manager, managing over USD 10 trillion in assets globally.",Vanguard Investments Australia Ltd,clientservices@vanguard.com.au,www.vanguard.com.au,"Founded in 1975, Vanguard is the world's second largest fund manager, managing over USD 10 trillion in assets globally."
VBR.US,Vanguard Small-Cap Value ETF,Vanguard Small-Cap Value ETF,FEUSA04ACH,Listed Securities,International equities,Exchange-Traded Fund,USD,Passive - index,0.0,5,,"Seeks to track the performance of the CRSP US Small Cap Value Index, which measures the investment return of small-capitalisation value stocks.",https://investor.vanguard.com/investment-products/etfs/profile/vbr,Vanguard,Vanguard,2020-12-01 00:00:00,2021-01-01 00:00:00,,,,,0.0007,,0.0007,,,,,,Vanguard Investments,,,,Vanguard Investments,,,
RKLB.US,Rocket Lab USA Inc.,Rocket Lab USA Inc.,0P0001N6M5,Listed Securities,International equities,Stock,USD,,0.0,5,,"Rocket Lab is an end-to-end space company with an established track record of mission success. We deliver reliable launch services, spacecraft components, satellites and other spacecraft and on-orbit management solutions that make it faster, easier and more affordable to access space. We believe that space has defined some of humanity's greatest achievements and it continues to shape our future. We are motivated by the impact we can have on Earth by making it easier to get to space and to use it as a platform for innovation, exploration and infrastructure.",https://investors.rocketlabusa.com/overview/,,Rocket Lab,2021-06-15 00:00:00,2021-08-01 00:00:00,BMK0105,S&P 500 Index,,,,,,,,,,,,,,,Rocket Lab USA Inc,,,
VOO.US,Vanguard S&P 500 ETF,Vanguard S&P 500 ETF,F00000J3JR,Listed Securities,International equities,Exchange-Traded Fund,USD,Passive - index,0.0,5,,"Invests in stocks in the S&P 500 Index, representing 500 of the largest U.S. companies.",https://investor.vanguard.com/investment-products/etfs/profile/voo,Vanguard,Vanguard,2020-12-01 00:00:00,2021-01-01 00:00:00,,,,,0.0003,,0.0003,,,,,,Vanguard Investments,,,,Vanguard Investments,,,
VGT.US,Vanguard Information Technology ETF,Vanguard Information Technology ETF,FEUSA04ACD,Listed Securities,International equities,Exchange-Traded Fund,USD,Passive - index,0.0,5,,"The Fund employs an indexing investment approach designed to track the performance of the MSCI US Investable Market Index/Information Technology 25/50, an index made up of stocks of large, mid-size, and small U.S. companies within the information technology sector, as classified under the Global Industry Classification Standard. It is non-diversified.",https://investor.vanguard.com/investment-products/list/etfs,Vanguard,Vanguard,2020-12-01 00:00:00,2021-01-01 00:00:00,,,,,0.0009,,0.0009,,,,,,Vanguard Investments,,,,Vanguard Investments,,,
VUG.US,Vanguard Growth ETF,Vanguard Growth ETF,FEUSA04AC5,Listed Securities,International equities,Exchange-Traded Fund,USD,Passive - index,0.0,5,,Seeks to track the performance of the CRSP US Large Cap Growth Index.,https://investor.vanguard.com/investment-products/list/etfs,Vanguard,Vanguard,2020-12-01 00:00:00,2021-01-01 00:00:00,,,,,0.0004,,0.0004,,,,,,Vanguard Investments,,,,Vanguard Investments,,,
VNQI.US,Vanguard Global ex-US Real Est,Vanguard Global ex-US Real Est,F00000J3JK,Listed Securities,Listed property,Exchange-Traded Fund,USD,Passive - index,0.0,5,,"Invests in stocks in the S&P Global ex-U.S. Property Index, representing real estate stocks in more than 30 countries.",https://investor.vanguard.com/investment-products/list/etfs,Vanguard,Vanguard,2020-12-01 00:00:00,2021-01-01 00:00:00,,,,,0.0012,,0.0012,,,,,Nasdaq Stock Market,Vanguard Investments,,,,Vanguard Investments,,,
VEA.US,Vanguard FTSE Developed Markets ETF,Vanguard FTSE Developed Markets ETF,FOUSA06JJS,Listed Securities,International equities,Exchange-Traded Fund,USD,Passive - index,0.0,5,,"Seeks to track the investment performance of the FTSE Developed All Cap ex US Index. Provides a convenient way to match the performance of a diversified group of stocks of large-, mid-, and small-cap companies located in Canada and the major markets of Europe and the Pacific region. Follows a passively managed full-replication approach.",https://investor.vanguard.com/investment-products/list/etfs,Vanguard,Vanguard,2020-12-01 00:00:00,2021-01-01 00:00:00,,,,,0.0006,,0.0006,,,,,,Vanguard Investments,,,,Vanguard Investments,,,
VNQ.US,Vanguard REIT - ETF,Vanguard REIT - ETF,FEUSA04ACZ,Listed Securities,Listed property,Exchange-Traded Fund,USD,Passive - self described,0.0,5,,"Invests in stocks issued by real estate investment trusts (REITs), companies that purchase office buildings, hotels, and other real property.",https://investor.vanguard.com/investment-products/list/etfs,Vanguard,Vanguard,2020-12-01 00:00:00,2021-01-01 00:00:00,,,,,0.0013,,0.0013,,,,,,Vanguard Investments,,,,Vanguard Investments,,,
V.US,Visa Inc,Visa Inc,0P0000CPCP,Listed Securities,International equities,Stock,USD,,0.0,5,,"Visa Inc. operates as a payments technology company worldwide. The company facilitates commerce through the transfer of value and information among consumers, merchants, financial institutions, businesses, strategic partners, and government entities. ",https://investor.visa.com/,,Visa,2020-12-01 00:00:00,2021-01-01 00:00:00,,,,,,,,,,,,,,,,,Visa Inc,,,
ZTS.US,Zoetis Inc,Zoetis Inc,0P0000XYO2,Listed Securities,International equities,Stock,,,0.0,5,,"Zoetis Inc. is an American drug company, the world's largest producer of medicine and vaccinations for pets and livestock. The company was a subsidiary of Pfizer, the world's largest drug maker, but with Pfizer's spinoff of its 83% interest in the firm it is now a completely independent company.",https://investor.zoetis.com/home/default.aspx,,Zoetis,2024-05-17 00:00:00,2024-07-01 00:00:00,BMK0105,S&P 500 Index,,,,,,,,jeremy.simpson@hhg.co.nz,,,,,,,Zoetis Inc,,http://www.zoetis.com/,
QQQM.US,Invesco NASDAQ 100 ETF,Invesco NASDAQ 100 ETF,F000015DO3,Listed Securities,International equities,Exchange-Traded Fund,,Passive - index,0.0,5,,The Invesco NASDAQ 100 ETF (Fund) is based on the NASDAQ-100 Index (Index). The Fund will invest at least 90% of its total assets in the securities that comprise the Index. The Index includes securities of 100 of the largest domestic and international nonfinancial companies listed on Nasdaq. The Fund and Index are rebalanced quarterly and reconstituted annually.,https://www.invesco.com/us/financial-products/etfs/,Invesco,Invesco,2021-11-05 00:00:00,2022-01-01 00:00:00,BMK0170,"NASDAQ 100 (Total return, USD)",,,0.0015,,0.0015,,,dai.eveleigh@firstcapital.co.nz,,,Invesco Ltd,,,,Invesco Ltd,,,
PLUG.US,Plug Power Inc,Plug Power Inc,0P000004DY,Listed Securities,International equities,Stock,,,0.0,5,,Plug Power Inc. is an American company engaged in the development of hydrogen fuel cell systems that replace conventional batteries in equipment and vehicles powered by electricity.,https://www.ir.plugpower.com/overview/default.aspx,,Plug Power,2021-11-02 00:00:00,2022-01-01 00:00:00,BMK0105,S&P 500 Index,,,,,,,,jeremy.simpson@hhg.co.nz,,,,,,,Plug Power Inc,,,
ECL.US,Ecolab Inc,Ecolab Inc,0P000001V4,Listed Securities,International equities,Stock,,,0.0,5,,"Ecolab Inc., is an American corporation that develops and offers services, technology and systems that specialise in water treatment, purification, cleaning and hygiene in a wide variety of applications.",https://investor.ecolab.com/home/default.aspx,,Ecolab,2021-11-02 00:00:00,2022-01-01 00:00:00,BMK0105,S&P 500 Index,,,,,,,,jeremy.simpson@hhg.co.nz,,,,,,,Ecolab Inc,,,
NFLX.US,Netflix Inc,Netflix Inc,0P000003UP,Listed Securities,International equities,Stock,,,0.0,5,,"Netflix , Inc. is an American subscription streaming service and production company. Launched in 1997, it offers a library of films and television series through distribution deals as well as its own productions, known as Netflix Originals.",https://ir.netflix.net/ir-overview/profile/default.aspx,,Netflix,2021-11-02 00:00:00,2022-01-01 00:00:00,BMK0105,S&P 500 Index,,,,,,,,jeremy.simpson@hhg.co.nz,,,,,,,Netflix Inc,,,
GK.US,AdvisorShares Gerber Kawasaki ETF,AdvisorShares Gerber Kawasaki ETF,F000016PIK,Listed Securities,International equities,Exchange-Traded Fund,,Passive - index,0.0,5,,"The goal of the AdvisorShares Gerber Kawasaki ETF (GK) is to identify growth companies positioned to benefit from transformative changes in our society. GK focuses on multiple investment themes with potential widespread impact to create a growth-focused portfolio of large, mid and small cap stocks. To uncover the evolving large-scale trends it invests in, GK looks for sustainable change occurring in demographics, societal attitudes, environmental pressures, geopolitical upheaval, disruptive technologies, and product or service innovation.",https://advisorshares.com/etfs/,AdvisorShares,AdvisorShares,2021-10-28 00:00:00,2022-01-01 00:00:00,BMK0171,"Russell 1000 Growth (Total return, USD)",,,0.0075,,0.0075,0,,adam@compoundwealth.co.nz,,,AdvisorShares,,,,AdvisorShares,,,
PLTR.US,Palantir Technologies,Palantir Techûlogies,0P0001KOSE,Listed Securities,International equities,Stock,,,0.0,5,,"Palantir Technologies is a public American software company that specialises in big data analytics. Headquartered in Denver, Colorado, it was founded in 2003.",https://investors.palantir.com/,,Palantir Technologies,2024-05-17 00:00:00,2024-07-01 00:00:00,BMK0105,S&P 500 Index,,,,,,,,jeremy.simpson@hhg.co.nz,,,,,,,Palantir Technologies Inc.,,,
MARA.US,Marathon Digital Holdings Inc,Marathon Digital Holdings Inc,0P0000STDD,Listed Securities,International equities,Stock,,,0.0,5,,"Marathon Digital Holdings Inc is a digital asset technology company which engages in mining cryptocurrencies, with a focus on the blockchain ecosystem and the generation of digital assets. The company was founded in 2010 and is headquartered in Las Vegas, NV.",https://marathondh.com/,,Marathon Digital Holdings,2021-10-20 00:00:00,2022-01-01 00:00:00,BMK0105,S&P 500 Index,,,,,,,,adam@compoundwealth.co.nz,,,,,,,Marathon Digital Holdings Inc,,,
DIS.US,Walt Disney Co,Walt Disney Co,0P000005UJ,Listed Securities,International equities,Stock,USD,,0.0,5,,"The Walt Disney Company, together with its subsidiaries, operates as an entertainment company worldwide.",https://thewaltdisneycompany.com/investor-relations/,,Walt Disney,2020-12-01 00:00:00,2021-01-01 00:00:00,,,,,,,,,,,,,,,,,Walt Disney Co,,,
HUT.CN,Hut 8 Mining Corp,Hut 8 Mining Corp,0P0001CTU6,Listed Securities,International equities,Stock,,,0.0,5,,"Hut 8 Mining Corp is a cryptocurrency mining and blockchain infrastructure company, which is focused solely on mining bitcoin. It provides investors with direct access to bitcoin, without the technical complexity or constraints of purchasing the underlying cryptocurrency. The company was foundedin 2011 and is headquartered in Toronto, Canada.",https://hut8mining.com/investors/,,Hut 8,2021-10-20 00:00:00,2022-01-01 00:00:00,BMK0105,S&P 500 Index,,,,,,,,adam@compoundwealth.co.nz,,,,,,,Hut 8 Mining Corp,,,
ZM.US,Zoom Video Communications Inc,Zoom Video Communications Inc,0P0001H823,Listed Securities,International equities,Stock,USD,,0.0,5,,"Zoom Video Communications, Inc. provides a video-first communications platform in the Americas, the Asia Pacific, Europe, the Middle East, and Africa. ",https://investors.zoom.us/,,Zoom,2020-12-01 00:00:00,2021-01-01 00:00:00,BMK0105,S&P 500 Index,,,,,,,,,,,,,,,Zoom Video Communications Inc,,,
WWH.LN,Worldwide Healthcare Trust,Worldwide Healthcare Trust,F0GBR053PI,Listed Securities,International equities,Closed-End Fund,GBP,Active - performance fee,0.0,5,"The performance fee is calculated quarterly by comparing the cumulative NAV performance with the cumulative benchmark performance since the launch of the company in 1995. The performance fee payable to the Portfolio Manager, amounts to 15% of any outperformance over the Benchmark.","In order to achieve a high level of capital growth, the Company invests in the global healthcare sector and in a diversified portfolio of shares in pharmaceutical and biotechnology companies and related securities in the healthcare sector. It uses gearing, and derivative transactions to mitigate risk and also to enhance returns.",https://www.worldwidewh.com/corporate-information/key-information-document,Worldwide Healthcare Trust PLC,Worldwide Healthcare Trust PLC,2020-12-01 00:00:00,2021-01-01 00:00:00,,,,,0.008,,0.008,0,,,,London Stock Exchange,Worldwide Healthcare Trust PLC,info@frostrow.com,,,Worldwide Healthcare Trust PLC,info@frostrow.com,,
MSTR.US,MicroStrategy,MicroStrategy,0P000003M6,Listed Securities,International equities,Stock,,,0.0,5,,"MicroStrategy Incorporated is a company that provides business intelligence, mobile software and cloud-based services. Founded in 1989 the firm develops software to analyse internal and external data in order to make business decisions and to develop mobile apps.",https://www.microstrategy.com/en/investor-relations,,MicroStrategy,2021-10-20 00:00:00,2022-01-01 00:00:00,SIM_MSTR,Simulated Microstrategy,,,,,,,,adam@compoundwealth.co.nz,,,,,,,MicroStrategy Inc,,,
VAS.AU,Vanguard Australian Shares Index Fund ETF,Vanguard Australian Shares Index Fund ETF,F000002TI7,Listed Securities,Australasian equities,Exchange-Traded Fund,AUD,Passive - index,0.0,5,,"The ETF seeks to track the return (income and capital appreciation) of the S&P/ASX 300 Index before taking into account fund fees, expenses, and tax. The S&P/ASX 300 Accumulation Index is a free-float adjusted capitalisation weighted index of approximately 300 Australian equities (shares) representing over 90 per cent of the value of all Australian based companies and property trusts listed on the ASX.",https://www.vanguard.com.au/adviser/products/en/list/overview,Vanguard (Australia),Vanguard (Australia),2020-12-01 00:00:00,2021-01-01 00:00:00,,,,,0.0007,,0.0007,0,,,,,Vanguard Investments Australia Ltd,clientservices@vanguard.com.au,www.vanguard.com.au,"Founded in 1975, Vanguard is the world's second largest fund manager, managing over USD 10 trillion in assets globally.",Vanguard Investments Australia Ltd,clientservices@vanguard.com.au,www.vanguard.com.au,"Founded in 1975, Vanguard is the world's second largest fund manager, managing over USD 10 trillion in assets globally."
SPLIOSBO,SuperLife Invest Overseas Bonds Fund,SuperLife Invest Overseas Bonds Fund,F0000172SX,Managed Funds,International fixed interest,Open-End Fund,,Passive - index,0.0,5,,"The Overseas Bonds Fund is designed to provide a return (after tax, fees and other expenses) that reflects the after-tax return on international bond markets of developed economies.",https://www.superlife.co.nz/investment,Smartshares,Smartshares,2020-12-01 00:00:00,2021-01-01 00:00:00,BMK0018,Bloomberg Global Aggregate Bond Index (NZD),,,0.0049,,0.0049,,,,,,Smartshares Limited,,,,Smartshares Limited,,,
SPLINZPR,SuperLife Invest NZ Property Fund,SuperLife Invest NZ Property Fund,F0000172ST,Managed Funds,Listed property,Open-End Fund,NZD,Passive - index,0.0,10,,"Invests in New Zealand property and designed to track the return (before tax, fees and other expenses) on the S&P/NZX Real Estate Select Index.",https://www.superlife.co.nz/investment,Smartshares,Smartshares,2020-12-01 00:00:00,2021-01-01 00:00:00,BMK0131,S&P/NZX All Real Estate,,,0.0049,,0.0049,,,,,,Smartshares Limited,,,,Smartshares Limited,,,
SPLIGAB,SuperLife Invest Global Aggregate Bond Fund,SuperLife Invest Global Aggregate Bond Fund,F0000172SN,Managed Funds,International fixed interest,Open-End Fund,NZD,,0.0,3,,"To track the return (before tax, fees and other expenses) on the Bloomberg Barclays Global Aggregate Bond Index, 100% hedged to the New Zealand dollar.",https://www.superlife.co.nz/investment,Smartshares,Smartshares,2021-06-15 00:00:00,2021-08-01 00:00:00,BMK0018,Bloomberg Global Aggregate Bond Index (NZD),,,0.0049,,0.0049,,,,,,Smartshares Limited,,,,Smartshares Limited,,,
SPLIEME,Superlife Invest Emerging Markets Equity Fund,Superlife Invest Emerging Markets Equity Fund,F0000172SK,Managed Funds,International equities,Open-End Fund,NZD,,0.0,3,,"The Emerging Markets Fund is designed to provide a return (after tax, fees and other expenses) that reflects the after-tax return on international share markets of emerging economies.",https://www.superlife.co.nz/investment,Smartshares,Smartshares,2021-06-15 00:00:00,2021-08-01 00:00:00,BMK0025,MSCI Emerging Markets Index (net div.),0,0,0.0063,,0.0063,,,,,,Smartshares Limited,,,,Smartshares Limited,,,
SUM020,Summerset Group Holdings Ltd 4.20% 24/09/2025,Summerset Group Holdings Ltd 4.20% 24/09/2025,B20002F141,Direct bonds and term deposits,New Zealand fixed interest,Bond,,,0.0,5,,"Summerset Group Holdings Ltd. is a profit-oriented entity and develops, owns and operates integrated retirement villages, rest homes and hospitals for the elderly within New Zealand.",https://www.summerset.co.nz/investor-centre/bonds/,,Summerset,2020-12-01 00:00:00,2021-01-01 00:00:00,BMK0044,S&P/NZX A-Grade Corporate Bond Index,,,,,,,,,,,,,,,Summerset Group Holdings Ltd,,,
SUM030,Summerset Group Holdings Limited 2.30% 21/09/2027,Summerset Group Holdings Limited 2.30% 21/09/2027,,Direct bonds and term deposits,New Zealand fixed interest,Bond,,,0.0,5,,Summerset Holdings Limited is a New Zealand retirement village and aged care service provider.,https://www.summerset.co.nz/investor-centre/bonds/,,Summerset,2020-12-01 00:00:00,2021-01-01 00:00:00,BMK0044,S&P/NZX A-Grade Corporate Bond Index,,,,,,,,,,,,,,,Summerset Group Holdings Ltd,,,
SBUX.US,Starbucks Corp,Starbucks Corp,0P00000546,Listed Securities,International equities,Stock,USD,,0.0,5,,"Starbucks Corporation, together with its subsidiaries, operates as a roaster, marketer, and retailer of specialty coffee worldwide. ",https://investor.starbucks.com/ir-home/default.aspx,,Starbucks,2020-12-01 00:00:00,2021-01-01 00:00:00,,,,,,,,,,,,,,,,,Starbucks Corp,,,
XYZ.US,Block Inc,Square Inc,0P00016Z2D,Listed Securities,International equities,Stock,USD,,0.0,5,,"Square, Inc. provides mobile payment solutions. The Company develops point-of-sale software that helps in digital receipts, inventory, and sales reports, as well as offers analytics and feedback. Square also provides financial and marketing services.",https://investors.block.xyz/overview/default.aspx,,Block,2020-12-01 00:00:00,2021-01-01 00:00:00,,,,,,,,,,,,,,,,,Block Inc,,,
PHYS.CN,Sprott Physical Gold Trust,Sprott Physical Gold Trust,F00000GWY1,Listed Securities,Commodities,Closed-End Fund,USD,,0.0,5,,"The Trust was created to invest and hold substantially all its assets in physical gold bullion. The Trust seeks to provide a secure, convenient, and exchange-traded investment alternative for investors interested in holding physical gold bullion without the inconvenience that is typical of a direct investment in physical gold bullion. The Trust does not anticipate making regular cash distributions to unitholders. The Trust intends to achieve its objective by investing primarily in long-term holdings of unencumbered, fully allocated, physical gold bullion and will not speculate regarding short-term changes in gold prices.",https://www.sprott.com/investment-strategies/physical-bullion-trusts/,Sprott Asset Management,Sprott Asset Management,2020-12-01 00:00:00,2021-01-01 00:00:00,,,,,0.0041,,0.0041,0,,,,,Sprott Asset Management LP,info@sprott.com,,,Sprott Asset Management LP,info@sprott.com,,
SPY.US,SPDR S&P500 ETF Trust,SPDR S&P500 ETF Trust,FEUSA00001,Listed Securities,International equities,Exchange-Traded Fund,USD,Passive - index,0.0,5,,"The SPDR® S&P 500® ETF Trust seeks to provide investment results that, before expenses, correspond generally to the price and yield performance of the S&P 500®Index.",https://www.ssga.com/us/en/intermediary/etfs/fund-finder,SPDR,SPDR,2020-12-01 00:00:00,2021-01-01 00:00:00,,,,,0.000945,,0.000945,,,,,,SPDR State Street Global Advisors,,,,SPDR State Street Global Advisors,,,
STW.AU,SPDR S&P/ASX 200 Fund,SPDR S&P/ASX 200 Fund,FOUSA05XPR,Listed Securities,Australasian equities,Exchange-Traded Fund,AUD,Passive - index,0.0,5,,"The SPDR S&P/ASX 200 Fund, seeks to closely match, before fees and expenses, the returns of the S&P/ASX 200 Index. Low-cost exposure to over 90% of the Australian equity market capitalisation in a single transaction - a high level of diversification that can help reduce portfolio risk.",https://www.ssga.com/au/en_gb/intermediary/etfs/funds/spdr-spasx-200-fund-stw,SPDR,SPDR,2020-12-01 00:00:00,2021-01-01 00:00:00,,,,,0.0005,,0.0005,,,,,,SPDR State Street Global Advisors,,,,SPDR State Street Global Advisors,,,
SPLINZBO,SuperLife NZ Bonds Fund,SuperLife NZ Bonds Fund,F0000172SP,Managed Funds,New Zealand fixed interest,Open-End Fund,NZD,Passive - index,0.0,5,,"The NZ Bonds Fund is designed to provide a return (after tax, fees and other expenses) that reflects the after-tax return on the New Zealand bond market.",https://www.superlife.co.nz/investment,Smartshares,Smartshares,2020-12-01 00:00:00,2021-01-01 00:00:00,BMK0044,S&P/NZX A-Grade Corporate Bond Index,,,0.0044,,0.0044,,,,,,Smartshares Limited,,,,Smartshares Limited,,,
TROPGEG,Harbour T. Rowe Price Global Equity Fund,Harbour T. Rowe Price Global Equity Fund,F00000WIVZ,Managed Funds,International equities,Open-End Fund,NZD,Active - Self described,0.0,4,,"The Fund invests primarily in a portfolio of securities of companies which are traded, listed or due to be listed, on recognised exchanges and/or markets throughout the world. It may include securities of companies traded on recognised exchanges of developing countries.",https://www.harbourasset.co.nz/our-funds/,Harbour,Harbour,2020-12-01 00:00:00,2021-01-01 00:00:00,,,,,0.011000000000000001,0.0037,0.008000000000000002,0.0007000000000000001,,,,,Harbour Asset Management Ltd,contactus@harbourasset.co.nz,www.harbourasset.co.nz,An experienced New Zealand based investment manager with more than NZD 7 billion in assets under management.,Harbour Asset Management Ltd,contactus@harbourasset.co.nz,www.harbourasset.co.nz,An experienced New Zealand based investment manager with more than NZD 7 billion in assets under management.
VAP.AU,Vanguard Australian Property Securities Index ETF,Vanguard Australian Property Securities Index ETF,F00000JXWN,Listed Securities,Listed property,Exchange-Traded Fund,AUD,Passive - index,0.0,5,,"The Fund employs an index management strategy designed to track the performance of the S&P/ASX 300 A-REIT index. To closely track the index, the Fund will aim to hold all of the property securities in the index at most times) allowing for individual security weightings to vary marginally from the index from time to time.",https://www.vanguard.com.au/adviser/products/en/list/overview,Vanguard (Australia),Vanguard (Australia),2020-12-01 00:00:00,2021-01-01 00:00:00,,,,,0.0023,,0.0023,,,,,Australian Securities Exchange,Vanguard Investments Australia Ltd,clientservices@vanguard.com.au,www.vanguard.com.au,"Founded in 1975, Vanguard is the world's second largest fund manager, managing over USD 10 trillion in assets globally.",Vanguard Investments Australia Ltd,clientservices@vanguard.com.au,www.vanguard.com.au,"Founded in 1975, Vanguard is the world's second largest fund manager, managing over USD 10 trillion in assets globally."
GDXJ.US,VanEck Vectors Junior Gold Miners ETF,VanEck Vectors Junior Gold Miners ETF,F00000412F,Listed Securities,International equities,Exchange-Traded Fund,USD,Passive - index,0.0,5,,"VanEck Vectors® Junior Gold Miners ETF (GDXJ®) seeks to replicate as closely as possible, before fees and expenses, the price and yield performance of the MVIS® Global Junior Gold Miners Index (MVGDXJTR), which is intended to track the overall performance of small-capitalisation companies that are involved primarily in the mining for gold and/or silver.",https://www.vaneck.com/us/en/etf-mutual-fund-finder/etfs/,VanEck,VanEck,2020-12-01 00:00:00,2021-01-01 00:00:00,,,,,0.005,,0.0052,0.0002,,,,,VanEck,,,,VanEck,,,
GDX.US,VanEck Vectors Gold Miners ETF,VanEck Vectors Gold Miners ETF,FEUSA04AFG,Listed Securities,International equities,Exchange-Traded Fund,USD,Passive - index,0.0,5,,"VanEck Vectors® Gold Miners ETF (GDX®) seeks to replicate as closely as possible, before fees and expenses, the price and yield performance of the NYSE Arca Gold Miners Index (GDMNTR), which is intended to track the overall performance of companies involved in the gold mining industry.",https://www.vaneck.com/us/en/etf-mutual-fund-finder/etfs/,VanEck,VanEck,2020-12-01 00:00:00,2021-01-01 00:00:00,,,,,0.005,,0.0051,0.0001,,,,,VanEck,,,,VanEck,,,
ULVR.LN,Unilever Plc,Unilever Plc,0P00007P0W,Listed Securities,International equities,Stock,GBP,,0.0,5,,"The Unilever Group, together with its subsidiaries, operates in the fast-moving consumer goods industry worldwide. ",https://www.unilever.com/investor-relations/shareholder-centre/,,Unilever,2020-12-01 00:00:00,2021-01-01 00:00:00,,,,,,,,,,,,,,,,,Unilever PLC,,,
UMI.BB,Umicore SA,Umicore SA,0P0000A5MP,Listed Securities,International equities,Stock,EUR,,0.0,5,,"Umicore SA operates as a materials technology and recycling company worldwide. The company operates through Catalysis, Energy & Surface Technologies, and Recycling segments. ",https://www.umicore.com/en/investors/,,Umicore SA,2020-12-01 00:00:00,2021-01-01 00:00:00,,,,,,,,,,,,,,,,,Umicore SA,,,
TWO.US,Two Harbors Investment Corp,Two Harbors Investment Corp,0P0000A2JL,Listed Securities,International equities,Stock,USD,,0.0,5,,"Two Harbors Investment Corp. operates as a real estate investment trust (REIT) that focuses on investing in, financing, and managing residential mortgage-backed securities (RMBS), non-agency securities, mortgage servicing rights, and other financial assets in the United States.",https://investor.twoharborsinvestment.com/overview/default.aspx,,Two Harbors Investments,2020-12-01 00:00:00,2021-01-01 00:00:00,,,,,,,,,,,,,,,,,Two Harbors Investment Corp,,,
MNW170,Manawa Energy Limited FRN 6.56% 21/02/2029,Manawa Energy Limited FRN 6.56% 21/02/2029,B20002MBGG,Direct bonds and term deposits,New Zealand fixed interest,Bond,,,0.0,5,,"Manawa Energy Limited, formerly Trustpower, is a New Zealand electricity generation company that offers bespoke electricity products to commercial and industrial customers across New Zealand.",https://www.manawaenergy.co.nz/investor-centre,,Manawa Energy,2020-12-01 00:00:00,2021-01-01 00:00:00,BMK0044,S&P/NZX A-Grade Corporate Bond Index,,,,,,,,,2100-02-22 00:00:00,,,,,,Manawa Energy Ltd,,,
MNW180,Manawa Energy Limited 3.35% 29/07/2026,TrustPower 3.35% 29/07/2026,B2000075AK,Direct bonds and term deposits,New Zealand fixed interest,Bond,,,0.0,5,,"Manawa Energy Limited, formerly Trustpower, is a New Zealand electricity generation company that offers bespoke electricity products to commercial and industrial customers across New Zealand.",https://www.manawaenergy.co.nz/investor-centre,,Manawa Energy,2020-12-01 00:00:00,2021-01-01 00:00:00,BMK0044,S&P/NZX A-Grade Corporate Bond Index,,,,,,,,,,,,,,,Manawa Energy Ltd,,,
TET.LN,Treatt Plc,Treatt Plc,0P00007P06,Listed Securities,International equities,Stock,GBP,,0.0,5,,"Treatt plc manufactures and supplies ingredient solutions to the flavour, fragrance, beverage, and consumer products industries in the United Kingdom, Germany, Ireland, the United States, China, and internationally.",https://www.treatt.com/investor-relations,,Treatt,2020-12-01 00:00:00,2021-01-01 00:00:00,,,,,,,,,,,,,,,,,Treatt PLC,,,
TRP070,Transpower New Zealand 1.735% 04/09/2025,Transpower New Zealand 1.735% 04/09/2025,,Direct bonds and term deposits,New Zealand fixed interest,Bond,,,0.0,5,,"Transpower New Zealand Ltd. provides electric energy. The Company generates, transmits, and distributes electric energy to a variety of industries such as business, household, and government. Transpower New Zealand offers its services throughout New Zealand.",https://www.transpower.co.nz/investors/investor-information,,Transpower NZ,2020-12-01 00:00:00,2021-01-01 00:00:00,BMK0044,S&P/NZX A-Grade Corporate Bond Index,,,,,,,,,,,,,,,Transpower NZ,,,
TSLA.US,Tesla Motors Inc,Tesla Motors Inc,0P0000OQN8,Listed Securities,International equities,Stock,USD,,0.0,5,,"Tesla, Inc. designs, develops, manufactures, leases, and sells electric vehicles, and energy generation and storage systems in the United States, China, Netherlands, Norway, and internationally.",https://ir.tesla.com/,,Tesla Motors,2020-12-01 00:00:00,2021-01-01 00:00:00,,,,,,,,,,,,,,,,,Tesla Motors Inc,,,
TEM,Templeton Emerging Markets Investment Trust PLC,Templeton Emerging Markets Investment Trust PLC,F0GBR05WML,Listed Securities,International equities,Closed-End Fund,GBP,Active - self described,0.0,5,,The Fund seeks to provide long-term capital appreciation by investing in equity and equity-related securities listed in emerging markets or issued by companies that have a significant amount of their revenues in emerging markets.,https://www.temit.co.uk/investor/,Franklin Templeton,Franklin Templeton,2020-12-01 00:00:00,2021-01-01 00:00:00,BMK0025,MSCI Emerging Markets Index (net div.),,,0.0097,,0.0097,0,,,,London Stock Exchange,Franklin Templeton Investments,ConsultantRequests@franklintempleton.com,,,Franklin Templeton Investments,ConsultantRequests@franklintempleton.com,,
GLD.US,SPDR Gold Trust,SPDR Gold Trust,FEUSA04AD2,Listed Securities,Commodities,Exchange-Traded Fund,USD,Passive - self described,0.0,5,,"SPDR Gold Shares offer investors an innovative, relatively cost efficient and secure way to access the gold market. SPDR Gold Shares are intended to offer investors a means of participating in the gold bullion market without the necessity of taking physical delivery of gold, and to buy and sell that interest through the trading of a security on a regulated stock exchange. ",https://www.ssga.com/us/en/intermediary/etfs/fund-finder,SPDR,SPDR,2020-12-01 00:00:00,2021-01-01 00:00:00,,,,,0.004,,0.004,,,,,,SPDR State Street Global Advisors,,,,SPDR State Street Global Advisors,,,
IXN.US,iShares Global Tech ETF,iShares Global Tech ETF,FEUSA00035,Listed Securities,International equities,Exchange-Traded Fund,USD,Passive - index,0.0,5,,The iShares Global Tech ETF seeks to track the investment results of an index composed of global equities in the technology sector.,https://www.ishares.com/us/products/etf-investments,BlackRock,BlackRock,2020-12-01 00:00:00,2021-01-01 00:00:00,,,,,0.0041,,0.0041,0,,,,,BlackRock Inc,isharesetfs@blackrock.com,www.ishares.com,iShares funds are powered by the expert portfolio and risk management of BlackRock. BlackRock managed over USD 11 trillion in assets on behalf of investors worldwide.,BlackRock Inc,isharesetfs@blackrock.com,www.ishares.com,iShares funds are powered by the expert portfolio and risk management of BlackRock. BlackRock managed over USD 11 trillion in assets on behalf of investors worldwide.
WPC0529.AU,Daintree High Income Trust NZD Unit Cl,Daintree High Income Trust NZD Unit Cl,F000011SEX,Managed Funds,International fixed interest,Open-End Fund,NZD,Active - self described,0.0,2,,"The aim of the Trust is to provide income over the medium term, by investing in a diversified portfolio of credit fixed income securities and cash, and to provide a total return (after fees) that exceeds the Benchmark measured throughout a market cycle.",https://daintreecapital.com.au/,Perennial Investment Management,Perennial Investment Management,2020-12-01 00:00:00,2021-01-01 00:00:00,BMK0160,S&P/NZX NZ Composite Invest Grade NZD,0.0015,0.0015,0.0075,,0.0075,,,,,,Perennial Investment Management Ltd,,,,Perennial Investment Management Ltd,,,
WPC0696,Daintree Core Income Trust NZD,Daintree Core Income Trust NZD,F000010ONB,Managed Funds,International fixed interest,Open-End Fund,NZD,Active - self described,0.0,3,,"Daintree Capital through its absolute return Core Income Trust provides investors with a higher income than generally available through term deposit and banking products. With the RBA Cash Rate at 0.25% many investors are looking for a higher return, but wish to remain conservatively invested. Daintree's Core Income seeks to provide a solution to this dual objective. We offer two classes of units to Australian and New Zealand investors: Australian Dollar and New Zealand Dollar units.",https://daintreecapital.com.au/,Daintree Capital,Daintree Capital,2020-12-01 00:00:00,2021-01-01 00:00:00,BMK0018,Bloomberg Global Aggregate Bond Index (NZD),0,0.0005,0.0055,,0.0055,0,,,,,Daintree Capital,,www.daintreecapital.com.au,,Daintree Capital,,www.daintreecapital.com.au,
CCI.US,Crown Castle International Corp,Crown Castle International Corp,0P000001K3,Listed Securities,International equities,Stock,USD,,0.0,5,,"Crown Castle owns, operates and leases more than 40,000 cell towers and approximately 80,000 route miles of fibre supporting small cells and fibre solutions across every major U.S. market. This nationwide portfolio of communications infrastructure connects cities and communities to essential data, technology and wireless service - bringing information, ideas and innovations to the people and businesses that need them.",https://investor.crowncastle.com/investor-overview,,Crown Castle,2020-12-01 00:00:00,2021-01-01 00:00:00,,,,,,,,,,,,,,,,,Crown Castle International Corp,,,
KO.US,Coca-Cola Company,Coca-Cola Company,0P000001BW,Listed Securities,International equities,Stock,USD,,0.0,5,,"The Coca-Cola Company is an American multinational beverage corporation headquartered in Atlanta, Georgia. The Coca-Cola Company has interests in the manufacturing, retailing and marketing of non-alcoholic beverage concentrates and syrups. The company produces Coca-Cola, invented in 1886 by pharmacist John Stith Pemberton. In 1889, the formula and brand were sold for $2,300 to Asa Griggs Candler, who incorporated The Coca-Cola Company in Atlanta in 1892.",https://investors.coca-colacompany.com/,,Coca-Cola,2020-12-01 00:00:00,2021-01-01 00:00:00,,,,,,,,,,,,,,,,,The Coca-Cola Company,,,
CTY.LN,City of London Investment Trust plc,City of London Investment Trust plc,E0GBR00QXA,Listed Securities,International equities,Closed-End Fund,GBP,Active - performance fee,0.0,5,,"The Company’s objective is to provide long-term growth in income and capital, principally by investment in equities listed on the London Stock Exchange.",https://www.janushenderson.com/en-gb/uk-investment-trusts/trust/the-city-of-london-investment-trust-plc/documents/,Janus Henderson Investors ,Janus Henderson Investors ,2025-02-10 00:00:00,2025-04-01 00:00:00,,,,,0.0037,,0.0037,0,,jeremy.simpson@hhg.co.nz,2100-01-01 00:00:00,London Stock Exchange,Janus Henderson Investors Ltd,support@henderson.com,,,Janus Henderson Investors Ltd,support@henderson.com,,
C.US,Citigroup Incorporated,Citigroup Incorporated,0P000001A2,Listed Securities,International equities,Stock,USD,,0.0,5,,"Citigroup Inc., a diversified financial services holding company, provides various financial products and services to consumers, corporations, governments, and institutions in North America, Latin America, Asia, Europe, the Middle East, and Africa. ",https://www.citigroup.com/citi/investor/,,Citigroup,2020-12-01 00:00:00,2021-01-01 00:00:00,,,,,,,,,,,,,,,,,Citigroup Inc,,,
CNU020,Chorus Limited 6.38% 06/12/2028 ,Chorus Limited 6.38% 06/12/2028 ,,Direct bonds and term deposits,New Zealand fixed interest,Bond,,,0.0,5,,"Chorus Limited is a wholesale and retail telecommunications company. The Company maintains and build the Chorus local access network which is made up of local telephone exchanges, cabinets and copper and fibre cables that connects New Zealand homes and businesses throughout the country.",https://company.chorus.co.nz/investors,,Chorus,2020-12-01 00:00:00,2021-01-01 00:00:00,BMK0044,S&P/NZX A-Grade Corporate Bond Index,,,,,,,,,2028-12-06 00:00:00,,,,,,Chorus Ltd,,,
CASTPTT,Castle Point Trans-Tasman Fund,Castle Point Trans-Tasman Fund,F0000139LX,Managed Funds,Australasian equities,Open-End Fund,NZD,Active - self described,0.0,10,,"The Fund invests in New Zealand and Australian Listed Companies and is benchmarked to the S&P/NZX 50 Index
(incl Imputation Credits).",https://www.castlepointfunds.com/investment-solutions,Castle Point,Castle Point,2020-12-01 00:00:00,2021-01-01 00:00:00,BMK0143,Cat 50% S&P/NZX 50 &50% S&P/ASX 200,0.0015,0.0015,0.0105,,0.0105,,,,,,Castle Point Funds Management Ltd,,www.castlepointfunds.com,,Castle Point Funds Management Ltd,,www.castlepointfunds.com,
CASTPRF,Castle Point Ranger Fund ,Castle Point Ranger Fund ,F00000UK0R,Managed Funds,Other,Open-End Fund,NZD,Active - self described,0.0,3,The performance fee is 15% of any return above NZ Offical Cash Rate + 5% per annum (after all fees but before tax) with a perpetual high water mark,"The Fund can invest in a broad range of New Zealand and Australian assets, including cash, debt instruments, equities, derivatives and other assets.",https://www.castlepointfunds.com/investment-solutions,Castle Point,Castle Point,2020-12-01 00:00:00,2021-01-01 00:00:00,,,0.0015,0.0015,0.0105,,0.0105,,,,,,Castle Point Funds Management Ltd,,www.castlepointfunds.com,,Castle Point Funds Management Ltd,,www.castlepointfunds.com,
CIM0006.AU,Capital Group New Perspective (AU),Capital Group New Perspective (AU),F00000WL1B,Managed Funds,International equities,Open-End Fund,AUD,Active - media descriptions,0.0,5,,To achieve long-term capital growth by seeking to take advantage of investment opportunities generated by changes in international trade patterns and economic and political relationships. Future income is a secondary objective.,https://www.capitalgroup.com/adviser/au/en/funds/fund-finder.html,Capital International,Capital International,2020-12-01 00:00:00,2021-01-01 00:00:00,BMK0032,"MSCI World Index (Net div., AUD)",,,0.0075,,0.0075,0,,,,,Capital International (Australia),,www.capitalgroup.com/au/en/,,Capital International (Australia),,www.capitalgroup.com/au/en/,
BRWM.LN,Blackrock World Mining Trust plc,Blackrock World Mining Trust plc,E0GBR01OPI,Listed Securities,International equities,Closed-End Fund,GBP,Active - Self described,0.0,5,,"The Company aims to provide a diversified investment in mining and metal assets worldwide, actively managed with
the objective of maximising total returns.",https://www.blackrock.com/uk/solutions/investment-trusts/our-range,BlackRock,BlackRock,2020-12-01 00:00:00,2021-01-01 00:00:00,,,,,0.008,,0.008,0,,,,London Stock Exchange,BlackRock Inc,isharesetfs@blackrock.com,www.ishares.com,iShares funds are powered by the expert portfolio and risk management of BlackRock. BlackRock managed over USD 11 trillion in assets on behalf of investors worldwide.,BlackRock Inc,isharesetfs@blackrock.com,www.ishares.com,iShares funds are powered by the expert portfolio and risk management of BlackRock. BlackRock managed over USD 11 trillion in assets on behalf of investors worldwide.
DBK.GE,Deutsche Bank AG,Deutsche Bank AG,0P00009QOR,Listed Securities,International equities,Stock,EUR,,0.0,5,,"Deutsche Bank Aktiengesellschaft provides investment, financial, and related products and services to private individuals, corporate entities, and institutional clients worldwide. Its Corporate Bank segment provides cash management, trade finance and lending, trust and agency, and securities services. ",https://investor-relations.db.com/,,Deutsche Bank,2020-12-01 00:00:00,2021-01-01 00:00:00,,,,,,,,,,,,,,,,,Deutsche Bank AG,,,
DEVONALPHA,Devon Alpha Fund,Devon Alpha Fund,F00000ISGN,Managed Funds,Australasian equities,Open-End Fund,NZD,Active - Self described,0.0,5,The performance fee is the first 1% of gross portfolio performance above the hurdle rate of 12% p.a. up to 13% p.a. then 15% of the amount thereafter. Cap on performance fee of 3%.,"The Fund is actively managed, which means the holdings may differ considerably from its composite 50:50 NZX50 and ASX200 index. While the Fund tends to be fully invested, when there are few compelling investment opportunities, the Fund may hold up to 50% cash or cash equivalent securities.",https://devonfunds.co.nz/investment-options,Devon Funds,Devon Funds,2020-12-01 00:00:00,2021-01-01 00:00:00,,,,,0.01,,0.0125,0.0025,,,,,Devon Funds Management,,https://devonfunds.co.nz/,,Devon Funds Management,,https://devonfunds.co.nz/,
DEVONEI,Devon Dividend Yield Fund,Devon Dividend Yield Fund,F00000PYT8,Managed Funds,Australasian equities,Open-End Fund,NZD,Active - performance fee,0.0,4,10% of the return above the benchmark (50% S&P NZX 50 Net Index and 50% S&P/ASX 200 Index fully hedged),The Devon Dividend Yield Fund consists of a select group of approximately 25-35 New Zealand and Australian listed companies. These stocks are chosen for their attractive dividend yields and growth prospects with the aim of maintaining the dividend yield and capital value in real terms.,https://devonfunds.co.nz/investment-options,Devon Funds,Devon Funds,2020-12-01 00:00:00,2021-01-01 00:00:00,,,,,0.006999999999999999,,0.009999999999999998,0.003,,,,,Devon Funds Management,,https://devonfunds.co.nz/,,Devon Funds Management,,https://devonfunds.co.nz/,
AU203185,Devon Trans-Tasman Fund,Devon Trans-Tasman Fund,F0AUS05Y0O,Managed Funds,Australasian equities,Open-End Fund,NZD,Active - Self described,0.0,2,10% of the performance over a 50:50 composite of the S&PNZX50 (Gross) Index and the S&P/ASX200 (Accumulation) Index unhedged to NZD.,"The Trans-Tasman Fund invests in a high conviction portfolio of 25-35 well researched shares which are primarily New Zealand and Australian listed companies. The Fund is actively managed, which means the holdings may differ considerably from its composite 50:50 NZX50 and ASX200 index. While the Fund tends to be fully invested, when there are few compelling investment opportunities, the Fund may hold up to 50% cash or cash equivalent securities.",https://devonfunds.co.nz/investment-options,Devon Funds,Devon Funds,2020-12-01 00:00:00,2021-01-01 00:00:00,,,0,0,0.01,,0.0125,0.0025,,,,,Devon Funds Management,,https://devonfunds.co.nz/,,Devon Funds Management,,https://devonfunds.co.nz/,
FDP.LN,FD Technologies plc,First Derivatives PLC,0P00007OAZ,Listed Securities,International equities,Stock,GBP,,0.0,5,,"First Derivatives Public Limited Company provides products and consulting services. The Company offers services encompass consultancy, custom software, systems integration, training, and web designing. First Derivatives serves finance, technology, and energy institutions worldwide.",https://fdtechnologies.com/investor-relations/investment-case/,,FD Technologies,2020-12-01 00:00:00,2021-01-01 00:00:00,,,,,,,,,,,,,,,,,FD Technologies PLC,,,
FPS0004.AU,Fiducian Growth Fund,Fiducian Growth Fund,F0AUS05FUQ,Managed Funds,Other,Open-End Fund,AUD,Active - self described,0.0,5,15% to 30% of the net return of the underlying investments in excess of the benchmark,"The Fiducian Growth Fund has a large allocation to growth style assets and is diversified between managers and countries, utilising the Fiducian “Manager the Manager” system that aims to achieve superior returns with reduced risk. Over the long term, the Fund is expected to generate higher returns than funds with a lower allocation to growth assets, but will also be exposed to capital losses when markets turn down. The Fund is suitable for investors seeking good long term capital growth with possible short term volatility. The recommended holding period is at least 5 to 7 years. There is no minimum investment.",https://www.fiducian.com.au/resources/fiducian-product-disclosure-statements/,Fiducian,Fiducian,2020-12-01 00:00:00,2021-01-01 00:00:00,,,0.0015,0.0015,0.0105,,0.010700000000000001,0.0002,,,,,Fiducian Group Ltd,,,,Fiducian Group Ltd,,,
META.US,Meta Platforms Inc,Facebook Inc,0P0000W3KZ,Listed Securities,International equities,Stock,USD,,0.0,5,,"Facebook, Inc. develops products that enable people to connect and share with friends and family through mobile devices, personal computers, virtual reality headsets, and in-home devices worldwide. ",https://investor.fb.com/home/default.aspx,,Facebook,2020-12-01 00:00:00,2021-01-01 00:00:00,,,,,,,,,,,,,,,,,Meta Platforms Inc,,,
ZYAU.AU,Global X S&P/ASX 200 High Dividend ETF,Global X S&P/ASX 200 High Dividend ETF,F00000VY9T,Listed Securities,Australasian equities,Exchange-Traded Fund,AUD,Passive - index,0.0,5,,ZYAU invests in 50 high-dividend stocks from the S&P/ASX 200 Index. Shareholder yield is a measure of return to investors combining both dividends paid and share buybacks. To be eligible for the index companies must have free cash flow in excess of the amount returned to investors and must have non-negative dividend per share growth. The index is weighted by a measure combining both market capitalisation and shareholder yield.,https://www.etfsecurities.com.au/product,ETFS Management,ETFS Management,2020-12-01 00:00:00,2021-01-01 00:00:00,,,,,0.0024,,0.0024,,,,,,ETFS Management (AUS) Ltd,,,,ETFS Management (AUS) Ltd,,,
BRGE.LN,Blackrock Greater Europe Investment Trust plc,Blackrock Greater Europe Investment Trust plc,F000000EYP,Listed Securities,International equities,Closed-End Fund,GBP,,0.0,5,,"The objective is the achievement of capital growth, primarily through investment in a focused portfolio constructed from a combination of the securities of large, mid and small capitalisation European companies, together with some investment in the developing markets of Europe.",https://www.blackrock.com/uk/solutions/investment-trusts/our-range,BlackRock,BlackRock,2021-06-15 00:00:00,2021-08-01 00:00:00,,,,,0.0095,,0.0095,,,,,London Stock Exchange,BlackRock Inc,isharesetfs@blackrock.com,www.ishares.com,iShares funds are powered by the expert portfolio and risk management of BlackRock. BlackRock managed over USD 11 trillion in assets on behalf of investors worldwide.,BlackRock Inc,isharesetfs@blackrock.com,www.ishares.com,iShares funds are powered by the expert portfolio and risk management of BlackRock. BlackRock managed over USD 11 trillion in assets on behalf of investors worldwide.
SILJ.US,Amplify Junior Silver Miners ETF,Amplify Junior Silver Miners ETF,F00000ONJW,Listed Securities,International equities,Exchange-Traded Fund,USD,Passive - index,0.0,5,,"The investment seeks investment results that, before fees and expenses, correspond generally to the price and yield performance of the Prime Junior Silver Miners & Explorers Index.  The Fund invests at least 80% of its total assets in the component securities of the index and in ADRs and GDRs based on the component securities in the index. The index tracks the performance of the equity securities (or corresponding American Depositary Receipts (""ADRs"") or Global Depositary Receipts (""GDRs"") of small-capitalisation companies actively engaged in silver refining, mining, or exploration (""Junior Silver Companies""). The Fund is non-diversified.",https://etfmg.com/our-funds/,ETFMG,ETFMG,2020-12-01 00:00:00,2021-01-01 00:00:00,,,,,0.0069,,0.0069,,,,,,ETFMG,,,,ETFMG,,,
EWI.LN,Edinburgh Worldwide Investment Trust PLC,Edinburgh Worldwide Investment Trust PLC,E0GBR01OFW,Listed Securities,International equities,Closed-End Fund,GBP,Active - self described,0.0,5,,"The investment objective is the achievement of long-term capital growth by investing primarily in listed companies throughout the world. The approach adopted is to construct a portfolio through the identification of individual companies which offer long-term growth potential, normally over at least a five-year horizon and which typically have a market cap of less than 5 billion USD at the time of initial investment. The portfolio is actively managed and does not seek to track the comparative index hence a degree of volatility against the index is inevitable.",https://www.bailliegifford.com/en/uk/institutional-investor/funds/,Baillie Gifford & Co,Baillie Gifford & Co,2020-12-01 00:00:00,2021-01-01 00:00:00,,,,,0.0076,,0.0076,0,,,,London Stock Exchange,Baillie Gifford & Co Ltd,,,,Baillie Gifford & Co Ltd,,,
DOTD.LN,Dotdigital Group Plc,Dotdigital Group Plc,0P00014FUN,Listed Securities,International equities,Stock,GBP,,0.0,5,,Dotdigital Group Plc provides intuitive software as a service (SaaS) and managed services to digital marketing professionals worldwide.,https://www.dotdigitalgroup.com/shareholdings/,,Dotdigital,2020-12-01 00:00:00,2021-01-01 00:00:00,,,,,,,,,,,,,,,,,Dotdigital Group PLC,,,
DMGI.CN,DMG Blockchain Solutions Inc,DMG Blockchain Solutions Inc,0P0000X3KJ,Listed Securities,International equities,Stock,CAD,,0.0,5,,"Founded 2016, DMG Blockchain Solutions Inc. is a diversified blockchain and cryptocurrency company that manages, operates and develops end-to-end solutions to monetize the blockchain ecosystem.",https://dmgblockchain.com/investors-overview/,,DMG,2020-12-01 00:00:00,2021-01-01 00:00:00,,,,,,,,,,,,,,,,,DMG Blockchain Solutions Inc,,,
DFAU.US,Dimensional US Core Equity Market ETF,Dimensional US Core Equity Market ETF,F000015DSF,Listed Securities,International equities,Exchange-Traded Fund,USD,,0.0,5,,"The investment seeks to achieve long-term capital appreciation by investing in companies of all sizes, with increased exposure to smaller capitalisation, lower relative price, and higher profitability companies as compared to their representation in the U.S. Universe. As a non-fundamental policy, under normal circumstances, it will invest at least 80% of its net assets in equity securities of U.S. companies. The Advisor may also increase or reduce the Fund's exposure to an eligible company, or exclude a company, based on shorter-term considerations, such as a company's price momentum and investment characteristics.",https://us.dimensional.com/etfs/,DFA,DFA,2020-12-01 00:00:00,2021-04-01 00:00:00,BMK0105,S&P 500 Index,,,0.0012,,0.0012,,,,,,Dimensional Fund Advisors LP,,,,Dimensional Fund Advisors LP,,,
DFAI.US,Dimensional International Core Equity Market ETF,Dimensional International Core Equity Market ETF,F000015DSG,Listed Securities,International equities,Exchange-Traded Fund,USD,,0.0,5,,"The investment seeks to achieve long-term capital appreciation by investing in companies of all sizes, with increased exposure to smaller capitalisation, lower relative price, and higher profitability companies as compared to their representation in the International Universe. As a non-fundamental policy, under normal circumstances, it will invest at least 80% of its net assets in equity securities. The Advisor may also increase or reduce the Fund's exposure to an eligible company, or exclude a company, based on shorter-term considerations, such as a company's price momentum and investment characteristics.",https://us.dimensional.com/etfs/,DFA,DFA,2020-12-01 00:00:00,2021-04-01 00:00:00,BMK0154,MSCI ACWI Ex USA NR USD,,,0.0018,,0.0018,,,,,,Dimensional Fund Advisors LP,,,,Dimensional Fund Advisors LP,,,
DFAE.US,Dimensional Emerging Core Equity Market ETF,Dimensional Emerging Core Equity Market ETF,F000015DSH,Listed Securities,International equities,Exchange-Traded Fund,USD,,0.0,5,,"The investment seeks to achieve long-term capital appreciation and is designed to purchase a broad and diverse group of readily marketable emerging markets securities that is composed of companies within the Emerging Markets Universe that meet the Advisor's investment criteria. The Advisor defines the ""Emerging Markets Universe"" as a market capitalisation weighted set of non-U.S. companies associated with emerging markets, which may include frontier markets that have been designated as Approved Markets for investment by the Advisor.",https://us.dimensional.com/etfs/,DFA,DFA,2020-12-01 00:00:00,2021-04-01 00:00:00,BMK0025,MSCI Emerging Markets Index (net div.),,,0.0034999999999999996,,0.0034999999999999996,,,,,,Dimensional Fund Advisors LP,,,,Dimensional Fund Advisors LP,,,
DGE.LN,Diageo Plc,Diageo Plc,0P0000B0V8,Listed Securities,International equities,Stock,GBP,,0.0,5,,"Diageo plc, together with its subsidiaries, produces, markets, and sells alcoholic beverages.",https://www.diageo.com/en/investors/,,Diageo,2020-12-01 00:00:00,2021-01-01 00:00:00,,,,,,,,,,,,,,,,,Diageo PLC,,,
TECH.AU,Global X Morningstar Global Tech ETF,ETFS Morningstar Global Techûlogy ETF,F00000YSAI,Listed Securities,International equities,Exchange-Traded Fund,AUD,Passive - index,0.0,5,,TECH offers exposure to highly-rated global technology companies that are the most attractively priced according to the forward-looking views of Morningstar's global equity analyst team. The index is equally-weighted to allow all constituents to contribute.,https://www.etfsecurities.com.au/product,ETFS Management,ETFS Management,2020-12-01 00:00:00,2025-04-01 00:00:00,BMK0149,"Morningstar DM Tech Moat Foc (Net return, USD)",,,0.0045000000000000005,,0.0045000000000000005,,,joel@radicalinvestment.co.nz,2100-12-31 00:00:00,,ETFS Management (AUS) Ltd,,,,ETFS Management (AUS) Ltd,,,
ETHI.AU,BetaShares Global Sustainability Leaders ETF,BetaShares Global Sustainability Leaders ETF,F00000YFGH,Listed Securities,International equities,Exchange-Traded Fund,AUD,Passive - index,0.0,5,,"ETHI aims to track the performance of an index (before fees and expenses) that includes a portfolio of large global stocks identified as ""Climate Leaders"" that have also passed screens to exclude companies with direct or significant exposure to fossil fuels or engaged in activities deemed inconsistent with responsible investment considerations.",https://www.betashares.com.au/fund-list/fund-overview/,BetaShares,BetaShares,2020-12-01 00:00:00,2021-01-01 00:00:00,BMK0031,"MSCI World ex Australia Index (Net div., AUD)",,,0.0049,,0.0059,0.001,,,,,BetaShares Capital Ltd,,,,BetaShares Capital Ltd,,,
HACK.AU,Betashares Global Cybersecurity ETF,Betashares Global Cybersecurity ETF,F00000YBP8,Listed Securities,International equities,Exchange-Traded Fund,AUD,Passive - index,0.0,5,,HACK aims to track the performance of an index (before fees and expenses) that provides exposure to the leading companies in the global cybersecurity sector.,https://www.betashares.com.au/fund-list/fund-overview/,BetaShares,BetaShares,2020-12-01 00:00:00,2021-01-01 00:00:00,,,,,0.005699999999999999,,0.006699999999999999,0.001,,,,,BetaShares Capital Ltd,,,,BetaShares Capital Ltd,,,
AKC100,Auckland Council 3.338% 27/07/2026,Auckland Council 3.338% 27/07/2026,,Direct bonds and term deposits,New Zealand fixed interest,Bond,,,0.0,5,,"Auckland International Airport Limited provides airport facilities, supporting infrastructure, and aeronautical services in Auckland, New Zealand Fixed interest securities are debt investments that pay a fixed or floating rate of return. ",https://www.aucklandcouncil.govt.nz/about-auckland-council/investor-centre/,,Auckland Council,2020-12-01 00:00:00,2021-01-01 00:00:00,BMK0044,S&P/NZX A-Grade Corporate Bond Index,,,,,,,,,,,,,,,Auckland Council,,,
ARKW.US,ARK Next Generation Internet ETF,ARK Next Generation Internet ETF,F00000QERO,Listed Securities,International equities,Exchange-Traded Fund,USD,Active - Self described,0.0,5,,"The investment seeks long-term growth of capital. The Fund is an actively-managed exchange-traded fund (""ETF"") that will invest under normal circumstances primarily (at least 80% of its assets) in domestic and foreign equity securities of companies that are relevant to the Fund's investment theme of next generation internet. Under normal circumstances, substantially all of the Fund's assets will be invested in equity securities, including common stocks, partnership interests, business trust shares and other equity investments or ownership interests in business enterprises. The Fund is non-diversified.",https://ark-funds.com/,ARK,ARK,2020-12-01 00:00:00,2021-01-01 00:00:00,,,,,0.0082,,0.0082,0,,,,,ARK ETF Trust,,,,ARK ETF Trust,,,
ARKK.US,ARK Innovation ETF,ARK Inûvation ETF,F00000QERN,Listed Securities,International equities,Exchange-Traded Fund,USD,Active - fundamental analysis,0.0,5,,"The investment seeks long-term growth of capital. The Fund is an actively-managed exchange-traded fund (""ETF"") that will invest under normal circumstances primarily (at least 65% of its assets) in domestic and foreign equity securities of companies that are relevant to the Fund's investment theme of disruptive innovation. Its investments in foreign equity securities will be in both developed and emerging markets. It may invest in foreign securities (including investments in American Depositary Receipts (""ADRs"") and Global Depositary Receipts (""GDRs"") and securities listed on local foreign exchanges. The Fund is non-diversified.",https://ark-funds.com/,ARK,ARK,2020-12-01 00:00:00,2021-01-01 00:00:00,,,,,0.0075,,0.0075,,,,,,ARK ETF Trust,,,,ARK ETF Trust,,,
ARKG.US,ARK Genomic Revolution Multi-Sector ETF,ARK Geûmic Revolution Multi-Sector ETF,F00000QERL,Listed Securities,International equities,Exchange-Traded Fund,USD,Active - Self described,0.0,5,,"ARKG is an actively managed ETF that seeks long-term growth of capital by investing under normal circumstances primarily (at least 80% of its assets) in domestic and foreign equity securities of companies across multiple sectors, including health care, information technology, materials, energy and consumer discretionary, that are relevant to the Fund's investment theme of the genomics revolution.",https://ark-funds.com/,ARK,ARK,2020-12-01 00:00:00,2021-01-01 00:00:00,,,,,0.0075,,0.0075,,,,,BATS Z-Exchange,ARK ETF Trust,,,,ARK ETF Trust,,,
ARG010,Argosy Property Limited 4.00% 27/03/2026,Argosy Property Limited 4.00% 27/03/2026,,Direct bonds and term deposits,New Zealand fixed interest,Bond,,,0.0,5,,"Argosy Property is one of New Zealand's leading listed property companies, owning a diversified portfolio of industrial, office and retail properties predominantly in Auckland and Wellington, with a modest tenant-driven exposure to other parts of New Zealand.",https://www.argosy.co.nz/investor-centre/,,Argosy Property,2020-12-01 00:00:00,2021-01-01 00:00:00,BMK0044,S&P/NZX A-Grade Corporate Bond Index,,,,,,,,,,,,,,,Argosy Property Ltd,,,
ARG030,Argosy Property Limited 2.20% 27/10/2027,Argosy Property Limited 2.20% 27/10/2027,,Direct bonds and term deposits,New Zealand fixed interest,Bond,,,0.0,5,,"Argosy Property is one of New Zealand's leading listed property companies, owning a diversified portfolio of industrial, office and retail properties predominantly in Auckland and Wellington, with a modest tenant-driven exposure to other parts of New Zealand.",https://www.argosy.co.nz/investor-centre/,,Argosy Property,2020-12-01 00:00:00,2021-01-01 00:00:00,BMK0044,S&P/NZX A-Grade Corporate Bond Index,,,,,,,,,,,,,,,Argosy Property Ltd,,,
AAPL.US,Apple Inc,Apple Inc,0P000000GY,Listed Securities,International equities,Stock,USD,,0.0,5,,"Apple Inc. designs, manufactures, and markets smartphones, personal computers, tablets, wearables, and accessories worldwide.",https://investor.apple.com/investor-relations/default.aspx,,Apple,2020-12-01 00:00:00,2021-01-01 00:00:00,,,,,,,,,,,,,,,,,Apple Computer Inc,,,
APN0008.AU,Dexus AREIT,APN AREIT,F000002KYE,Managed Funds,Listed property,Open-End Fund,AUD,Active - self described,0.0,2,,"The APN AREIT Fund is an income focused, award winning property securities fund that invests in a portfolio of listed Australian Real Estate Investment Trusts (AREITs).",https://apngroup.com.au/unlisted-funds/,Dexus,Dexus,2020-12-01 00:00:00,2021-01-01 00:00:00,,,0.0015,0.0015,0.0085,,0.0085,,,,,,Dexus,,www.dexus.com/investor-centre,,Dexus,,www.dexus.com/investor-centre,
FAIR.AU,Betashares Australian Sustainability Leaders ETF,Betashares Australian Sustainability Leaders ETF,F00000ZU42,Listed Securities,Australasian equities,Exchange-Traded Fund,AUD,Passive - index,0.0,5,,FAIR aims to track the performance of an index (before fees and expenses) that includes Australian companies that have passed screens to exclude companies with direct or significant exposure to fossil fuels or engaged in activities deemed inconsistent with responsible investment considerations.,https://www.betashares.com.au/fund-list/fund-overview/,BetaShares,BetaShares,2020-12-01 00:00:00,2021-01-01 00:00:00,BMK0039,S&P/ASX 200 Index (total return),,,0.0039000000000000003,,0.0049,0.001,,,,,BetaShares Capital Ltd,,,,BetaShares Capital Ltd,,,
BRK/B.US,Berkshire Hathaway Inc B Shares,Berkshire Hathaway Inc B Shares,0P000000RD,Listed Securities,International equities,Stock,USD,,0.0,5,,"Berkshire Hathaway Inc., through its subsidiaries, engages in insurance, freight rail transportation, and utility businesses. It provides property, casualty, life, accident, and health insurance and reinsurance; and operates railroad systems in North America. ",https://www.berkshirehathaway.com/,,Berkshire Hathaway,2020-12-01 00:00:00,2021-01-01 00:00:00,,,,,,,,,,,,,,,,,Berkshire Hathaway Inc,,,
BFL0002.AU,Bennelong Concentrated Australian Equities Fund,Bennelong Concentrated Australian Equities Fund,F000002KEV,Managed Funds,Australasian equities,Open-End Fund,AUD,Active,0.0,4,0.64% - this fee is only payable where the Fund's return outperforms the return generated by its benchmark by more than 2% p.a.,"The Bennelong Concentrated Australian Equities Fund is a portfolio of BAEP’s best high-conviction picks. It aims to grow investment value over the long term via a combination of capital growth and income, by investing in a diversified portfolio of Australian shares. It typically holds 20-35 stocks, primarily from the S&P/ASX 300 Accumulation Index.",https://www.bennelongfunds.com/find-fund,Bennelong Australian Equity Partners,Bennelong Australian Equity Partners,2021-06-17 00:00:00,2021-11-01 00:00:00,,,0.002,0.002,0.0089,,0.0089,0,,jeremy.simpson@hhg.co.nz,,,Bennelong Australian Equity Partners,,,,Bennelong Australian Equity Partners,,,
BNKR.LN,Bankers Investment Trust,Bankers Investment Trust,F0GBR051W1,Listed Securities,International equities,Closed-End Fund,GBP,Active - trys to beat BMK,0.0,5,,"To achieve capital growth in excess of the FTSE World Index and annual dividend growth greater than inflation, by investing in companies listed throughout the world.",https://www.janushenderson.com/en-gb/uk-investment-trusts/trust/the-bankers-investment-trust-plc/documents/,Janus Henderson Investors ,Janus Henderson Investors ,2020-12-01 00:00:00,2021-01-01 00:00:00,BMK0167,"FTSE World Index (Total return, GBP)",,,0.0051,,0.0051,0,,,,London Stock Exchange,Janus Henderson Investors Ltd,support@henderson.com,,,Janus Henderson Investors Ltd,support@henderson.com,,
DRUG.AU,BetaShares Global Healthcare ETF - Currency Hedged,BetaShares Global Healthcare ETF - Currency Hedged,F00000XMWW,Listed Securities,International equities,Exchange-Traded Fund,AUD,Passive - index,0.0,5,,"DRUG aims to track the performance of an index (before fees and expenses) that comprises the largest global healthcare companies (ex-Australia), hedged into Australian dollars.",https://www.betashares.com.au/fund-list/fund-overview/,BetaShares,BetaShares,2020-12-01 00:00:00,2021-01-01 00:00:00,,,,,0.0057,,0.0057,0,,,,,BetaShares Capital Ltd,,,,BetaShares Capital Ltd,,,
AVUV.US,Avantis U.S. Small Cap Value ETF,Avantis U.S. Small Cap Value ETF,F000013TAR,Listed Securities,International equities,Exchange-Traded Fund,USD,,0.0,5,,"The investment seeks long-term capital appreciation by investing primarily in a diverse group of U.S. small cap companies across market sectors and industry groups. Under normal market conditions, it will invest at least 80% of its assets in securities of small capitalisation companies located in the United States. The Fund also may invest in derivative instruments such as futures contracts, currency forwards, and swap agreements.",https://www.avantisinvestors.com/content/avantis/en/investments.html,Avantis,Avantis,2020-12-01 00:00:00,2021-04-01 00:00:00,BMK0156,"Russell 2000 Value (Total return, USD)",0.0008,0.0008,0.0025,,0.0025,,,,,,Avantis Investors,,,,Avantis Investors,,,
AVUS.US,Avantis US Equity ETF,Avantis US Equity ETF,F000013TAQ,Listed Securities,International equities,Exchange-Traded Fund,USD,,0.0,5,,"The investment seeks long-term capital appreciation by investing primarily in a diverse group of U.S. companies across market sectors and industry groups. It may invest in companies of all market capitalisations. Under normal market conditions, the Fund will invest at least 80% of its assets in equity securities of U.S. companies. It also may invest in derivative instruments such as futures contracts, currency forwards, and swap agreements.",https://www.avantisinvestors.com/content/avantis/en/investments.html,Avantis,Avantis,2020-12-01 00:00:00,2021-04-01 00:00:00,BMK0157,"Russell 3000 (Total return, USD)",,,0.0015,,0.0015,,,,,,Avantis Investors,,,,Avantis Investors,,,
AVSF.US,Avantis Short-Term Fixed Income ETF,Avantis Short-Term Fixed Income ETF,F000015BF3,Listed Securities,International fixed interest,Exchange-Traded Fund,USD,,0.0,5,,"The investment seeks to maximize total return by investing primarily in investment grade quality debt obligations from a diverse group of U.S. and non-U.S. issuers. Under normal market conditions, it will invest at least 80% of its net assets, plus any borrowings for investment purposes, in fixed income securities. It seeks to maintain a weighted average maturity of three years or less. The Fund will invest primarily in investment grade securities as rated by an independent rating agency or determined by the advisor to be of comparable credit quality if a rating is unavailable.",https://www.avantisinvestors.com/content/avantis/en/investments.html,Avantis,Avantis,2020-12-01 00:00:00,2021-04-01 00:00:00,BMK0162,"Bloomberg US Aggregate Bond (Total return, USD)",,,0.0015,,0.0015,,,,,,Avantis Investors,,,,Avantis Investors,,,
AVDV.US,Avantis International Small Cap Value ETF,Avantis International Small Cap Value ETF,F000013TAP,Listed Securities,International equities,Exchange-Traded Fund,USD,,0.0,5,,"The investment seeks long-term capital appreciation by primarily investing in a diverse group of non-U.S. small cap value companies across market sectors, industry groups, and countries. Under normal market conditions, it will invest at least 80% of its assets in securities of small capitalisation companies. The Fund also may invest in derivative instruments such as futures contracts, currency forwards, and swap agreements.",https://www.avantisinvestors.com/content/avantis/en/investments.html,Avantis,Avantis,2020-12-01 00:00:00,2021-04-01 00:00:00,BMK0154,MSCI ACWI Ex USA NR USD,0.0008,0.0008,0.0036,,0.0036,,,,,,Avantis Investors,,,,Avantis Investors,,,
AVDE.US,Avantis International Equity ETF,Avantis International Equity ETF,F000013TAO,Listed Securities,International equities,Exchange-Traded Fund,USD,,0.0,5,,"The investment seeks long-term capital appreciation by investing primarily in a diverse group of non-U.S. companies across countries, market sectors and industry groups. It may invest in companies of all market capitalisations. Under normal market conditions, the Fund will invest at least 80% of its assets in equity securities. It also may invest in derivative instruments such as futures contracts, currency forwards, and swap agreements.",https://www.avantisinvestors.com/content/avantis/en/investments.html,Avantis,Avantis,2020-12-01 00:00:00,2021-04-01 00:00:00,BMK0154,MSCI ACWI Ex USA NR USD,,,0.0023,,0.0023,,,,,,Avantis Investors,,,,Avantis Investors,,,
AVEM.US,Avantis Emerging Markets Equity ETF,Avantis Emerging Markets Equity ETF,F000013TAM,Listed Securities,International equities,Exchange-Traded Fund,USD,,0.0,5,,"The investment seeks long-term capital appreciation by investing primarily in a diverse group of companies related to emerging markets across market sectors, industry groups and countries. The Fund may invest in companies of all market capitalisations. Under normal market conditions, the Fund will invest at least 80% of its assets in equity securities of companies related to emerging market countries.",https://www.avantisinvestors.com/content/avantis/en/investments.html,Avantis,Avantis,2020-12-01 00:00:00,2021-04-01 00:00:00,BMK0012,MSCI Emerging Markets IMI (Net div.),0.011933989209774676,0.011933989209774676,0.0033,,0.0033,,,,,,Avantis Investors,,,,Avantis Investors,,,
AVMU.US,Avantis Core Municipal Fixed Income ETF,Avantis Core Municipal Fixed Income ETF,F000015BF2,Listed Securities,International fixed interest,Exchange-Traded Fund,USD,,0.0,5,,"The investment seeks current income that is exempt from federal income tax. Under normal market conditions, the Fund will invest at least 80% of its net assets, plus any borrowings for investment purposes, in municipal fixed income securities with interest payments exempt from federal income tax. The advisor expects to maintain a weighted average duration within 2 years of the weighted average duration of its benchmark, the S&P National AMT-Free Municipal Bond index.",https://www.avantisinvestors.com/content/avantis/en/investments.html,Avantis,Avantis,2020-12-01 00:00:00,2021-04-01 00:00:00,BMK0158,"S&P National AMT Free Municipal Bond Index (Total return, USD)",,,0.0015,,0.0015,,,,,,Avantis Investors,,,,Avantis Investors,,,
AVIG.US,Avantis Core Fixed Income ETF,Avantis Core Fixed Income ETF,F000015BF1,Listed Securities,International fixed interest,Exchange-Traded Fund,USD,,0.0,5,,"The investment seeks to maximize total return by investing primarily in investment grade quality debt obligations from a diverse group of U.S. and non-U.S. issuers. Under normal market conditions, it will invest at least 80% of its net assets, plus any borrowings for investment purposes, in fixed income securities. The Fund seeks to maintain a weighted average duration within 2 years of the weighted average duration of its benchmark, the Bloomberg Barclays U.S. Aggregate Bond index, as calculated by the manager.",https://www.avantisinvestors.com/content/avantis/en/investments.html,Avantis,Avantis,2020-12-01 00:00:00,2021-04-01 00:00:00,BMK0162,"Bloomberg US Aggregate Bond (Total return, USD)",,,0.0015,,0.0015,,,,,,Avantis Investors,,,,Avantis Investors,,,
BLK1965.AU,iShares Screened Wholesale International Equity Index Fund - E2 Class,iShares Screened Wholesale International Equity Index Fund - E2 Class,F0000153D4,Managed Funds,International equities,Open-End Fund,AUD,Passive - index,0.0,6,,"The Fund aims to provide investors with the performance of the market, before fees, as measured by the MSCI World ex-Tobacco ex-Controversial Weapons ex-Nuclear Weapons Net TR Index (unhedged in AUD).",https://www.blackrock.com/au/intermediaries/products/investment-funds,BlackRock Australia,BlackRock Australia,2020-12-01 00:00:00,2021-01-01 00:00:00,BMK0031,"MSCI World ex Australia Index (Net div., AUD)",0.00045,0.00045,0.0018,,0.0018,,,,,,BlackRock Investment Mgmt (AUS) Ltd,,www.ishares.com,"iShares funds are powered by portfolio experts BlackRock, managing over USD 10 trillion in assets worldwide.",BlackRock Investment Mgmt (AUS) Ltd,,www.ishares.com,"iShares funds are powered by portfolio experts BlackRock, managing over USD 10 trillion in assets worldwide."
IWLD.AU,iShares Core MSCI World Ex Aus Esg Leaders ETF,iShares Core MSCI World Ex Aus Esg Leaders ETF,F00000X66K,Listed Securities,International equities,Exchange-Traded Fund,AUD,Passive - index,0.0,5,,"The fund aims to provide investors with the performance of the MSCI World Investable Market Index, before fees and expenses. The index is designed to measure the performance of global, developed market large-, mid- and small-capitalisation companies.",https://www.blackrock.com/au/intermediaries/products/investment-funds,BlackRock Australia,BlackRock Australia,2020-12-01 00:00:00,2021-01-01 00:00:00,,,,,0.0009,,0.0009,,,,,,BlackRock Investment Mgmt (AUS) Ltd,,www.ishares.com,"iShares funds are powered by portfolio experts BlackRock, managing over USD 10 trillion in assets worldwide.",BlackRock Investment Mgmt (AUS) Ltd,,www.ishares.com,"iShares funds are powered by portfolio experts BlackRock, managing over USD 10 trillion in assets worldwide."
IEMG.US,iShares Core MSCI Emerging Markets ETF,iShares Core MSCI Emerging Markets ETF,F00000OPJJ,Listed Securities,International equities,Exchange-Traded Fund,USD,Passive - index,0.0,5,,"The iShares Core MSCI Emerging Markets ETF seeks to track the investment results of an index composed of large-, mid- and small-capitalisation emerging market equities.",https://www.ishares.com/us/products/etf-investments,BlackRock,BlackRock,2020-12-01 00:00:00,2021-01-01 00:00:00,,,,,0.0009,,0.0009,,,,,New York Stock Exchange,BlackRock Inc,isharesetfs@blackrock.com,www.ishares.com,iShares funds are powered by the expert portfolio and risk management of BlackRock. BlackRock managed over USD 11 trillion in assets on behalf of investors worldwide.,BlackRock Inc,isharesetfs@blackrock.com,www.ishares.com,iShares funds are powered by the expert portfolio and risk management of BlackRock. BlackRock managed over USD 11 trillion in assets on behalf of investors worldwide.
BGL0108.AU,iShares Australian Listed Property Index,iShares Australian Listed Property Index Fund,F0AUS05KCI,Managed Funds,Listed property,Open-End Fund,AUD,Passive - index,0.0,5,,"The Fund aims to provide investors with the performance of the market, before fees, as measured by the S&P/ASX 300 A-REIT TR Index (index). To achieve its investment objective the Fund invests substantially all of its assets in units of the iShares Wholesale Australian Listed Property Index Fund (underlying fund), another fund managed by the company that has the same investment strategy as the Fund. The underlying fund invests in the Australian real estate investment trusts (REITs) that form the index.",https://www.blackrock.com/au/intermediaries/products/investment-funds,BlackRock Australia,BlackRock Australia,2020-12-01 00:00:00,2021-01-01 00:00:00,,,0.0008018825897139069,0.0008018825897139069,0.002,,0.002,,,,,,BlackRock Investment Mgmt (AUS) Ltd,,www.ishares.com,"iShares funds are powered by portfolio experts BlackRock, managing over USD 10 trillion in assets worldwide.",BlackRock Investment Mgmt (AUS) Ltd,,www.ishares.com,"iShares funds are powered by portfolio experts BlackRock, managing over USD 10 trillion in assets worldwide."
AGGNZX.ID,iShares Global Aggregate Bond UCITS ETF NZD,iShares Global Aggregate Bond UCITS ETF NZD,F00001181L,Listed Securities,International fixed interest,Exchange-Traded Fund,NZD,Passive - index,0.0,5,,The iShares Global Aggregate Bond UCITS ETF seeks to track the investment results of an index composed of global investment grade bonds.,https://www.ishares.com/uk/individual/en/products/etf-investments,BlackRock Ireland,BlackRock Ireland,2020-12-01 00:00:00,2021-01-01 00:00:00,BMK0018,Bloomberg Global Aggregate Bond Index (NZD),,,0.0015,,0.0015,,,,,"BATS CHI-X Europe -CXE Order Books
",BlackRock Asset Management Ireland,,www.ishares.com,iShares funds are powered by the expert portfolio and risk management of BlackRock. BlackRock managed over USD 6.47 trillion in assets on behalf of investors worldwide.,BlackRock Asset Management Ireland,,www.ishares.com,iShares funds are powered by the expert portfolio and risk management of BlackRock. BlackRock managed over USD 6.47 trillion in assets on behalf of investors worldwide.
ICLN.US,iShares Global Clean Energy ETF,iShares Global Clean Energy ETF,FOUSA06TIT,Listed Securities,International equities,Exchange-Traded Fund,USD,,0.0,5,,"The investment seeks to track the S&P Global Clean Energy IndexTM. The Fund generally invests at least 90% of its assets in the component securities of the index and in investments that have economic characteristics that are substantially identical to the component securities and may invest up to 10% of its assets in certain futures, options and swap contracts, cash and cash equivalents, as well as in securities not included in the index. The index is designed to track the performance of approximately 28 clean energy-related companies. The Fund is non-diversified.",https://www.ishares.com/us/products/etf-investments,BlackRock,BlackRock,2020-12-01 00:00:00,2021-01-01 00:00:00,,,,,0.0041,,0.0041,0,,,,Nasdaq Stock Market,BlackRock Inc,isharesetfs@blackrock.com,www.ishares.com,iShares funds are powered by the expert portfolio and risk management of BlackRock. BlackRock managed over USD 11 trillion in assets on behalf of investors worldwide.,BlackRock Inc,isharesetfs@blackrock.com,www.ishares.com,iShares funds are powered by the expert portfolio and risk management of BlackRock. BlackRock managed over USD 11 trillion in assets on behalf of investors worldwide.
IXG.US,iShares S&P Global Financials Sector Index Fund,iShares S&P Global Financials Sector Index Fund,FEUSA00033,Listed Securities,International equities,Exchange-Traded Fund,USD,Passive - index,0.0,5,,The iShares Global Financials ETF seeks to track the investment results of an index composed of global equities in the financials sector.,https://www.ishares.com/us/products/etf-investments,BlackRock,BlackRock,2020-12-01 00:00:00,2021-01-01 00:00:00,,,,,0.0041,,0.0041,0,,,,,BlackRock Inc,isharesetfs@blackrock.com,www.ishares.com,iShares funds are powered by the expert portfolio and risk management of BlackRock. BlackRock managed over USD 11 trillion in assets on behalf of investors worldwide.,BlackRock Inc,isharesetfs@blackrock.com,www.ishares.com,iShares funds are powered by the expert portfolio and risk management of BlackRock. BlackRock managed over USD 11 trillion in assets on behalf of investors worldwide.
KXI.US,iShares S&P Global Consumer Staples Index,iShares S&P Global Consumer Staples Index,0P0000PSNI,Listed Securities,International equities,Exchange-Traded Fund,MXP,Passive - index,0.0,5,,"The fund tracks the investment results of an index composed of global equities in the consumer staples sector. It provides global exposure to essential consumer goods companies, offering stable growth with lower market volatility.",https://www.ishares.com/us/products/239740/ishares-global-consumer-staples-etf,BlackRock,BlackRock,2020-12-01 00:00:00,2025-04-01 00:00:00,,,,,0.0041,,0.0041,0,,joel@radicalinvestment.co.nz,2100-12-31 00:00:00,Bolsa Mexicana De Valores (Mexican Stock Exchange),BlackRock Inc,isharesetfs@blackrock.com,www.ishares.com,iShares funds are powered by the expert portfolio and risk management of BlackRock. BlackRock managed over USD 11 trillion in assets on behalf of investors worldwide.,BlackRock Inc,isharesetfs@blackrock.com,www.ishares.com,iShares funds are powered by the expert portfolio and risk management of BlackRock. BlackRock managed over USD 11 trillion in assets on behalf of investors worldwide.
IVV.US,iShares S&P 500 Index Fund,iShares S&P 500 Index Fund,FEUSA0000E,Listed Securities,International equities,Exchange-Traded Fund,USD,Passive - index,0.0,5,,The iShares Core S&P 500 ETF seeks to track the investment results of an index composed of large-capitalisation U.S. equities.,https://www.ishares.com/us/products/etf-investments,BlackRock,BlackRock,2020-12-01 00:00:00,2021-01-01 00:00:00,,,,,0.0003,,0.0003,,,,,,BlackRock Inc,isharesetfs@blackrock.com,www.ishares.com,iShares funds are powered by the expert portfolio and risk management of BlackRock. BlackRock managed over USD 11 trillion in assets on behalf of investors worldwide.,BlackRock Inc,isharesetfs@blackrock.com,www.ishares.com,iShares funds are powered by the expert portfolio and risk management of BlackRock. BlackRock managed over USD 11 trillion in assets on behalf of investors worldwide.
SUSW.LN,iShares MSCI World SRI UCTIS ETF,iShares MSCI World SRI UCTIS ETF,F00000ZMD4,Listed Securities,International equities,Exchange-Traded Fund,EUR,Passive - index,0.0,5,,"The Fund seeks to track the performance of an index composed of developed markets ESG (environmental, social and governance) screened companies.",https://www.ishares.com/uk/individual/en/products/etf-investments,BlackRock Ireland,BlackRock Ireland,2020-12-01 00:00:00,2021-01-01 00:00:00,BMK0021,MSCI ACWI Index (net div.),,,0.002,,0.002,,,,,London Stock Exchange,BlackRock Asset Management Ireland,,www.ishares.com,iShares funds are powered by the expert portfolio and risk management of BlackRock. BlackRock managed over USD 6.47 trillion in assets on behalf of investors worldwide.,BlackRock Asset Management Ireland,,www.ishares.com,iShares funds are powered by the expert portfolio and risk management of BlackRock. BlackRock managed over USD 6.47 trillion in assets on behalf of investors worldwide.
IWRD.LN,iShares MSCI World Index Fund,iShares MSCI World Index Fund,0P0000I5AK,Listed Securities,International equities,Exchange-Traded Fund,USD,Passive - index,0.0,5,,"The Fund seeks broad exposure to a wide range of global companies within 23 developed countries, covering 85% of the listed equities in each country. Designed to seek long-term growth.",https://www.ishares.com/uk/individual/en/products/etf-investments,BlackRock Ireland,BlackRock Ireland,2020-12-01 00:00:00,2021-01-01 00:00:00,,,,,0.005,,0.005,,,,,London Stock Exchange,BlackRock Asset Management Ireland,,www.ishares.com,iShares funds are powered by the expert portfolio and risk management of BlackRock. BlackRock managed over USD 6.47 trillion in assets on behalf of investors worldwide.,BlackRock Asset Management Ireland,,www.ishares.com,iShares funds are powered by the expert portfolio and risk management of BlackRock. BlackRock managed over USD 6.47 trillion in assets on behalf of investors worldwide.
TLT.US,iShares 20+ Year Treasury Bond ETF,iShares 20+ Year Treasury Bond ETF,FEUSA0003A,Listed Securities,International fixed interest,Exchange-Traded Fund,USD,Passive - index,0.0,5,,The iShares 20+ Year Treasury Bond ETF seeks to track the investment results of an index composed of U.S. Treasury bonds with remaining maturities greater than twenty years.,https://www.ishares.com/us/products/etf-investments,BlackRock,BlackRock,2020-12-01 00:00:00,2021-01-01 00:00:00,,,,,0.0015,,0.0015,,,,,Nasdaq Stock Market,BlackRock Inc,isharesetfs@blackrock.com,www.ishares.com,iShares funds are powered by the expert portfolio and risk management of BlackRock. BlackRock managed over USD 11 trillion in assets on behalf of investors worldwide.,BlackRock Inc,isharesetfs@blackrock.com,www.ishares.com,iShares funds are powered by the expert portfolio and risk management of BlackRock. BlackRock managed over USD 11 trillion in assets on behalf of investors worldwide.
ESGE.US,iShares MSCI EM ESG Optimized ETF,iShares MSCI EM ESG Optimized ETF,F00000X1BL,Listed Securities,International equities,Exchange-Traded Fund,USD,Passive - index,0.0,5,,"The iShares ESG Aware MSCI EM ETF seeks to track the investment results of an index composed of large- and mid-capitalisation emerging market equities that have positive environmental, social and governance characteristics as identified by the index provider while exhibiting risk and return characteristics similar to those of the parent index.",https://www.ishares.com/us/products/etf-investments,BlackRock,BlackRock,2020-12-01 00:00:00,2021-01-01 00:00:00,,,,,0.0025,,0.0025,,,,,Nasdaq Stock Market,BlackRock Inc,isharesetfs@blackrock.com,www.ishares.com,iShares funds are powered by the expert portfolio and risk management of BlackRock. BlackRock managed over USD 11 trillion in assets on behalf of investors worldwide.,BlackRock Inc,isharesetfs@blackrock.com,www.ishares.com,iShares funds are powered by the expert portfolio and risk management of BlackRock. BlackRock managed over USD 11 trillion in assets on behalf of investors worldwide.
EWA.US,iShares MSCI Australia Index Fund,iShares MSCI Australia Index Fund,FEUSA00026,Listed Securities,Australasian equities,Exchange-Traded Fund,USD,Passive - index,0.0,5,,The investment seeks to track the investment results of the MSCI Australia Index composed of Australian equities. The Fund generally invests at least 90% of its assets in the securities of its underlying index and in depositary receipts representing securities in its underlying index. The underlying index primarily consists of stocks traded on the Australian Stock Exchange. It will include large- and mid-capitalisation companies and may change over time. The Fund is non-diversified.,https://www.ishares.com/us/products/etf-investments,BlackRock,BlackRock,2020-12-01 00:00:00,2021-01-01 00:00:00,,,,,0.005,,0.005,,,,,,BlackRock Inc,isharesetfs@blackrock.com,www.ishares.com,iShares funds are powered by the expert portfolio and risk management of BlackRock. BlackRock managed over USD 11 trillion in assets on behalf of investors worldwide.,BlackRock Inc,isharesetfs@blackrock.com,www.ishares.com,iShares funds are powered by the expert portfolio and risk management of BlackRock. BlackRock managed over USD 11 trillion in assets on behalf of investors worldwide.
IPRV.LN,iShares Listed Private Equity UCITS ETF,iShares Listed Private Equity UCITS ETF,F000000F3D,Listed Securities,International equities,Exchange-Traded Fund,GBP,Passive - index,0.0,5,,The Fund seeks to track the performance of an index composed of publicly-listed companies active in the private equity space.,https://www.ishares.com/uk/individual/en/products/etf-investments,BlackRock Ireland,BlackRock Ireland,2020-12-01 00:00:00,2021-01-01 00:00:00,,,,,0.0075,,0.0075,,,,,London Stock Exchange,BlackRock Asset Management Ireland,,www.ishares.com,iShares funds are powered by the expert portfolio and risk management of BlackRock. BlackRock managed over USD 6.47 trillion in assets on behalf of investors worldwide.,BlackRock Asset Management Ireland,,www.ishares.com,iShares funds are powered by the expert portfolio and risk management of BlackRock. BlackRock managed over USD 6.47 trillion in assets on behalf of investors worldwide.
IGM.US,iShares Expanded Tech Sector ETF,iShares Expanded Tech Sector ETF,FEUSA0002N,Listed Securities,International equities,Exchange-Traded Fund,USD,Passive - index,0.0,5,,The iShares Expanded Tech Sector ETF seeks to track the investment results of an index composed of North American equities in the technology sector and select North American equities from communication services to consumer discretionary sectors.,https://www.ishares.com/us/products/etf-investments,BlackRock,BlackRock,2020-12-01 00:00:00,2021-01-01 00:00:00,,,,,0.0041,,0.0041,0,,,,,BlackRock Inc,isharesetfs@blackrock.com,www.ishares.com,iShares funds are powered by the expert portfolio and risk management of BlackRock. BlackRock managed over USD 11 trillion in assets on behalf of investors worldwide.,BlackRock Inc,isharesetfs@blackrock.com,www.ishares.com,iShares funds are powered by the expert portfolio and risk management of BlackRock. BlackRock managed over USD 11 trillion in assets on behalf of investors worldwide.
IAU.US,iShares Gold Trust,iShares Gold Trust,FEUSA04AD5,Listed Securities,Commodities,Exchange-Traded Fund,USD,Passive - index,0.0,5,,"The investment seeks to reflect generally the performance of the price of gold. The Trust seeks to reflect such performance before payment of the Trust’s expenses and liabilities. It is not actively managed. The Trust does not engage in any activities designed to obtain a profit from, or to ameliorate losses caused by, changes in the price of gold. The advisor intends to constitute a simple and cost-effective means of making an investment similar to an investment in gold. An investment in physical gold requires expensive and sometimes complicated arrangements in connection with the assay, transportation, warehousing and insurance of the metal.",https://www.ishares.com/us/products/etf-investments,BlackRock,BlackRock,2020-12-01 00:00:00,2021-01-01 00:00:00,BMK0168,LBMA Gold Price PM USD,,,0.0025,,0.0025,,,,,,BlackRock Inc,isharesetfs@blackrock.com,www.ishares.com,iShares funds are powered by the expert portfolio and risk management of BlackRock. BlackRock managed over USD 11 trillion in assets on behalf of investors worldwide.,BlackRock Inc,isharesetfs@blackrock.com,www.ishares.com,iShares funds are powered by the expert portfolio and risk management of BlackRock. BlackRock managed over USD 11 trillion in assets on behalf of investors worldwide.
FCG050,Fonterra Co-op Group 4.15% 14/11/2025,Fonterra Co-op Group 4.15% 14/11/2025,,Direct bonds and term deposits,New Zealand fixed interest,Bond,,,0.0,5,,"Fonterra Co-operative Group Limited, together with its subsidiaries, collects, manufactures, and sells milk and milk-derived products.",https://www.fonterra.com/nz/en/investors.html,,Fonterra,2020-12-01 00:00:00,2021-01-01 00:00:00,BMK0044,S&P/NZX A-Grade Corporate Bond Index,,,,,,,,,,,,,,,Fonterra Co-operative Group Ltd,,,
QQQ.US,Invesco QQQ Trust Series 1,Invesco QQQ Trust Series 1,FEUSA00003,Listed Securities,International equities,Exchange-Traded Fund,USD,Passive - index,0.0,5,,The investment seeks investment results that generally correspond to the price and yield performance of the NASDAQ-100 Index®.,https://www.invesco.com/us/financial-products/etfs/,Invesco,Invesco,2020-12-01 00:00:00,2021-01-01 00:00:00,,,,,0.002,,0.002,,,,,Nasdaq Stock Market,Invesco Ltd,,,,Invesco Ltd,,,
HARECF,Harbour Enhanced Cash Fund,Harbour Enhanced Cash Fund,F000013ZN2,Managed Funds,Cash and cash equivalents,Open-End Fund,NZD,Active - Self described,0.0,3,,"The Fund principally holds cash or cash like securities and seeks to enhance returns through active interest rate management. It may also hold NZ dollar Government Stock, investment grade bonds and bank deposits.",https://www.harbourasset.co.nz/our-funds/,Harbour,Harbour,2020-12-01 00:00:00,2021-01-01 00:00:00,BMK0159,S&P/NZX NZ Call Rate GR NZD,0,0,0.0017000000000000001,0.001,0.0015,0.0008,,,,,Harbour Asset Management Ltd,contactus@harbourasset.co.nz,www.harbourasset.co.nz,An experienced New Zealand based investment manager with more than NZD 7 billion in assets under management.,Harbour Asset Management Ltd,contactus@harbourasset.co.nz,www.harbourasset.co.nz,An experienced New Zealand based investment manager with more than NZD 7 billion in assets under management.
HARAEIW,Harbour Australasian Equity Income Fund R,Harbour Australasian Equity Income Fund R,F00000N700,Managed Funds,Australasian equities,Open-End Fund,NZD,Active - self described,0.0,3,,The Fund is designed to generate attractive levels of quarterly income from a diversified portfolio of New Zealand and Australian listed equities that pay sustainable and growing dividend yields as well as holding cash and fixed interest securities.,https://www.harbourasset.co.nz/our-funds/,Harbour,Harbour,2020-12-01 00:00:00,2021-01-01 00:00:00,,,0,0,0.0083,0.0028,0.0075,0.002,,,,,Harbour Asset Management Ltd,contactus@harbourasset.co.nz,www.harbourasset.co.nz,An experienced New Zealand based investment manager with more than NZD 7 billion in assets under management.,Harbour Asset Management Ltd,contactus@harbourasset.co.nz,www.harbourasset.co.nz,An experienced New Zealand based investment manager with more than NZD 7 billion in assets under management.
HARAEF,Harbour Australasian Equity Focus Fund,Harbour Australasian Equity Focus Fund,F00000T88Y,Managed Funds,Australasian equities,Open-End Fund,NZD,Active - Self described,0.0,3,"10% of the return above the Benchmark (50% S&P NZX 50 Net Index and 50% S&P/ASX 200 Index, hedged 50% to NZD) plus 1.00%.",The Fund is an actively managed fund investing in New Zealand and Australian listed equities. It is a high conviction fund where the portfolio will consist of companies our analysts have researched and have a high belief will perform over the medium to longer-term. A higher rated company will have a higher weighting in the portfolio.,https://www.harbourasset.co.nz/our-funds/,Harbour,Harbour,2020-12-01 00:00:00,2021-01-01 00:00:00,,,,,0.0088,0.0031,0.007600000000000001,0.0019,,,,,Harbour Asset Management Ltd,contactus@harbourasset.co.nz,www.harbourasset.co.nz,An experienced New Zealand based investment manager with more than NZD 7 billion in assets under management.,Harbour Asset Management Ltd,contactus@harbourasset.co.nz,www.harbourasset.co.nz,An experienced New Zealand based investment manager with more than NZD 7 billion in assets under management.
GOOG.US,Alphabet Inc - Class C,Alphabet Inc - Class C,0P00012BBI,Listed Securities,International equities,Stock,USD,,0.0,5,,"Alphabet Inc. provides online advertising services in the United States, Europe, the Middle East, Africa, the Asia-Pacific, Canada, and Latin America. It offers performance and brand advertising services. ",https://abc.xyz/investor/,,Alphabet Inc,2020-12-01 00:00:00,2021-01-01 00:00:00,,,,,,,,,,,,,,,,,Alphabet Inc,,,
GOLD.AU,Global X Physical Gold,ETFS Physical Gold,FOUSA06P50,Listed Securities,Commodities,Exchange-Traded Fund,AUD,"Passive ""return equivalent to the movements in the Australian dollar price of gold less a daily management fee""",0.0,5,,"GOLD offers investors a simple, cost-efficient and secure way to access gold by providing a return equivalent to the movements in the Australian dollar price of gold less a daily management fee.",https://www.etfsecurities.com.au/product,ETFS Metal Securities Australia,ETFS Metal Securities Australia,2020-12-01 00:00:00,2021-01-01 00:00:00,,,,,0.004,,0.004,,,,,,ETFS Metal Securities Australia Ltd,,,,ETFS Metal Securities Australia Ltd,,,
SIL.US,Global X Silver Miners ETF,Global X Silver Miners ETF,F000008RRQ,Listed Securities,International equities,Exchange-Traded Fund,USD,Passive - index,0.0,5,,"The investment seeks to provide investment results that correspond generally to the price and yield performance, before fees and expenses, of the Solactive Global Silver Miners Total Return Index. The Fund invests at least 80% of its total assets in the securities of the underlying index and in American Depositary Receipts (""ADRs"") and Global Depositary Receipts (""GDRs"") based on the securities in the underlying index. The underlying index is designed to measure broad-based equity market performance of global companies involved in the silver mining industry. The Fund is non-diversified.",https://www.globalxetfs.com/explore/,Global X,Global X,2020-12-01 00:00:00,2021-01-01 00:00:00,,,,,0.006500000000000001,,0.006500000000000001,,,,,,Global X ETFS,info@globalxetfs.com,,,Global X ETFS,info@globalxetfs.com,,
BOTZ.US,Global X Robotics & Artificial Intelligence ETF,Global X Robotics & Artificial Intelligence ETF,F00000X8Q6,Listed Securities,International equities,Exchange-Traded Fund,USD,Passive - index,0.0,5,,"The Index Global Robotics & Artificial Intelligence Thematic Index seeks to invest in companies that potentially stand to benefit from increased adoption and utilization of robotics and artificial intelligence (AI), including those involved with industrial robotics and automation, non-industrial robots, and autonomous vehicles.",https://www.globalxetfs.com/explore/,Global X,Global X,2020-12-01 00:00:00,2021-01-01 00:00:00,,,,,0.0068000000000000005,,0.0068000000000000005,,,,,Nasdaq Stock Market,Global X ETFS,info@globalxetfs.com,,,Global X ETFS,info@globalxetfs.com,,
LIT.US,Global X Lithium & Battery Tech ETF,Global X Lithium - ETF.,F00000HH7Z,Listed Securities,International equities,Exchange-Traded Fund,USD,Passive - index,0.0,5,,"The investment seeks to provide investment results that correspond generally to the price and yield performance, before fees and expenses, of the Solactive Global Lithium Index. The Fund invests at least 80% of its total assets in the securities of the underlying index and in American Depositary Receipts (""ADRs"") and Global Depositary Receipts (""GDRs"") based on the securities in the underlying index. The underlying index is designed to measure broad-based equity market performance of global companies involved in the lithium industry. The Fund is non-diversified.",https://www.globalxetfs.com/explore/,Global X,Global X,2020-12-01 00:00:00,2021-01-01 00:00:00,,,,,0.0075,,0.0075,,,,,,Global X ETFS,info@globalxetfs.com,,,Global X ETFS,info@globalxetfs.com,,
HARREI,Harbour Real Estate Investment Fund,Harbour Real Estate Investment Fund,F000011KZA,Managed Funds,Listed property,Open-End Fund,NZD,Active - self described,0.0,3,,"The Fund will predominantly be invested in sustainable dividend generating companies, which derive their economic value from owning traditional real estate assets with appropriate financial and governance structures in place. In addition, the Fund may invest in shares of companies that derive their economic value from the control of real estate assets, but don't meet the strict definition of listed property securities or REITS.",https://www.harbourasset.co.nz/our-funds/,Harbour,Harbour,2020-12-01 00:00:00,2021-01-01 00:00:00,BMK0131,S&P/NZX All Real Estate,,,0.0064,0.0007,0.006500000000000001,0.0008,,,,,Harbour Asset Management Ltd,contactus@harbourasset.co.nz,www.harbourasset.co.nz,An experienced New Zealand based investment manager with more than NZD 7 billion in assets under management.,Harbour Asset Management Ltd,contactus@harbourasset.co.nz,www.harbourasset.co.nz,An experienced New Zealand based investment manager with more than NZD 7 billion in assets under management.
HEI.US,Heico Corp,Heico Corp,0P000002N5,Listed Securities,International equities,Stock,USD,,0.0,5,,"HEICO Corporation, through its subsidiaries, designs, manufactures, and sells aerospace, defence, and electronic related products and services in the United States and internationally.",https://www.heico.com/investors/,,Heico Corp,2020-12-01 00:00:00,2021-01-01 00:00:00,,,,,,,,,,,,,,,,,Heico Corp,,,
PKB.US,Invesco Building & Construction ETF,Invesco Building & Construction ETF,FEUSA04ADZ,Listed Securities,International equities,Exchange-Traded Fund,USD,Passive - index,0.0,5,,The Invesco Dynamic Building & Construction ETF (Fund) is based on the Dynamic Building & Construction Intellidex? Index (Intellidex Index). The Fund will normally invest at least 90% of its total assets in the securities that comprise the Index.,https://www.invesco.com/us/financial-products/etfs/,Invesco,Invesco,2020-12-01 00:00:00,2021-01-01 00:00:00,,,,,0.0057,,0.0057,0,,,,,Invesco Ltd,,,,Invesco Ltd,,,
ISRG.US,Intuitive Surgical Inc,Intuitive Surgical Inc,0P00000301,Listed Securities,International equities,Stock,USD,,0.0,5,,"Intuitive Surgical, Inc., together with its subsidiaries, designs, manufactures, and markets da Vinci surgical systems, and related instruments and accessories in the United States and internationally. ",https://isrg.intuitive.com/,,Intuitive Surgical Inc,2020-12-01 00:00:00,2021-01-01 00:00:00,,,,,,,,,,,,,,,,,Intuitive Surgical Inc,,,
IFT280,Infratil 3.35% 15/12/2026,Infratil 3.35% 15/12/2026,B200009R1Y,Direct bonds and term deposits,New Zealand fixed interest,Bond,,,0.0,5,,"Infratil is an infrastructure investment company. It owns renewable energy, digital infrastructure, airports, and healthcare assets with operations in New Zealand, Australia, Asia, the US and Europe.",https://infratil.com/for-investors/bonds/,,Infratil,2020-12-01 00:00:00,2021-01-01 00:00:00,BMK0044,S&P/NZX A-Grade Corporate Bond Index,,,,,,,,,,,,,,,Infratil Ltd,,,
IEM.LN,Impax Environmental Markets PLC,Impax Environmental Markets PLC,E0GBR01R9F,Listed Securities,International equities,Closed-End Fund,GBP,,0.0,5,,"The Company's objective is to enable investors to benefit from growth in the markets for cleaner or more efficient delivery of basic services of energy, water and waste. Investments are made predominantly in quoted companies which provide, utilise, implement or advise upon technology-based systems, products or services in environmental markets, particularly those of alternative energy and energy efficiency, water treatment and pollution control, and waste technology and resource management (which includes sustainable food, agriculture and forestry).",https://impaxenvironmentalmarkets.co.uk/about/priips/,Impax,Impax,2020-12-01 00:00:00,2021-01-01 00:00:00,,,,,0.0112,,0.0112,0,,,,London Stock Exchange,Impax Asset Management Group PLC,,,,Impax Asset Management Group PLC,,,
WHT8435.AU,Hyperion Global Growth Companies B,Hyperion Global Growth Companies B,F000016OMV,Managed Funds,International equities,Open-End Fund,AUD,Active - performance fee,0.0,1,"If applicable, a performance fee of 20% of the Fund’s outperformance relative to its benchmark return, multiplied by the NAV of the Fund","The Hyperion Global Growth Companies Fund seeks to achieve medium to long-term capital growth and income by investing in high calibre companies primarily listed on a recognised global exchange, at the time of investment.",https://www.hyperion.com.au/funds/hyperion-global-growth-companies-fund/,Hyperion,Hyperion,2020-12-01 00:00:00,2021-01-01 00:00:00,BMK0032,"MSCI World Index (Net div., AUD)",0.003,0.003,0.007,,0.007,0,,,,,Hyperion Asset Management Ltd,,,,Hyperion Asset Management Ltd,,,
BNT0003.AU,Hyperion Australian Growth Companies,Hyperion Australian Growth Companies,F0AUS05HH2,Managed Funds,Australasian equities,Open-End Fund,AUD,Active - self described,0.0,7,,"Hyperion Australian Growth Companies Fund seeks to achieve medium to long-term capital growth and income by investing primarily in high calibre Australian companies listed within the S&P/ASX 300 Index, at the time of investment.",https://www.hyperion.com.au/,Hyperion,Hyperion,2020-12-01 00:00:00,2021-01-01 00:00:00,,,0.003011590828567096,0.003011590828567096,0.0095,,0.0095,,,,,,Hyperion Asset Management Ltd,,,,Hyperion Asset Management Ltd,,,
HNZ1028,Housing NZ Limited 3.42% 18/10/2028,Housing NZ Limited 3.42% 18/10/2028,,Direct bonds and term deposits,New Zealand fixed interest,Bond,,,0.0,5,,"Housing New Zealand Limited operates as a residential property owner. The Company owns and manages homes, as well as focuses on development of housing and urban properties. Housing New Zealand serves customers in New Zealand.",https://kaingaora.govt.nz/investor-centre/,,Housing NZ,2020-12-01 00:00:00,2021-01-01 00:00:00,BMK0044,S&P/NZX A-Grade Corporate Bond Index,,,,,,,,,,,,,,,Housing New Zealand Ltd,,,
HD.US,Home Depot Inc,Home Depot Inc,0P00014L01,Listed Securities,International equities,Stock,USD,,0.0,5,,"Home Depot is the largest home improvement retailer in the United States, supplying tools, construction products, and services.",https://ir.homedepot.com/,,Home Depot Inc,2021-06-15 00:00:00,2021-08-01 00:00:00,,,,,,,,,,,,,,,,,Home Depot Inc,,,
ILMN.US,Illumina Inc,Illumina Inc,0P000002TH,Listed Securities,International equities,Stock,,,0.0,5,,"Illumina is an American company which develops, manufactures, and markets integrated systems for the analysis of genetic variation and biological function. The company provides a line of products and services that serves the sequencing, genotyping and gene expression, and proteomics markets. Its headquarters are located in San Diego, California.",https://investor.illumina.com/stock-information/default.aspx,,Illumina,2021-12-17 00:00:00,2022-04-01 00:00:00,BMK0105,S&P 500 Index,,,,,,,,jeremy.simpson@hhg.co.nz,,,,,,,Illumina Inc,,,
DFA8887.AU,Dimensional Emerging Mrkts Sustnblty Tr,Dimensional Emerging Markets Sustainability Trust,F000016ZM6,Managed Funds,International equities,Open-End Fund,AUD,Hybrid - index and tilts,0.0,5,,"The investment objective of the Trust is to provide long-term capital growth by gaining exposure to a diversified portfolio of large market capitalisation securities associated with approved emerging markets, with increased emphasis on higher expected return securities, and adjusted to take into account certain environmental and sustainability impact and social considerations.",https://au.dimensional.com/funds,DFA Australia,DFA Australia,2022-01-28 00:00:00,2022-04-01 00:00:00,BFS_DFA8887.AU,Backfill: Dimensional Emerging Mrkts Sustnblty Tr,0.0022,0.0022,0.00601,,0.00601,,,mark@quartzwealth.co.nz> ,,,Dimensional Fund Advisors (Australia),,www.au.dimensional.com,"Founded in 1981, utilising research from Nobel laureates, Dimensional manages over USD 1.3 trillion globally.",Dimensional Fund Advisors (Australia),,www.au.dimensional.com,"Founded in 1981, utilising research from Nobel laureates, Dimensional manages over USD 1.3 trillion globally."
BNKS.AU,BetaShares Global Banks ETF - currency hedged,BetaShares Global Banks ETF - currency hedged,F00000XMWY,Listed Securities,International equities,Exchange-Traded Fund,,Active - performance fee,0.0,5,,"The aim of the fund is to track the performance of an index (before fees and expenses) that comprises the largest global banks (ex-Australia), hedged into Australian dollars.",https://www.betashares.com.au/fund-list/fund-overview/,BetaShares,BetaShares,2022-02-16 00:00:00,2022-04-01 00:00:00,,,,,0.0057,,0.0057,,,jeremy.simpson@hhg.co.nz,,,BetaShares Capital Ltd,,,,BetaShares Capital Ltd,,,
VALE.US,Vale S.A.,Vale S.A.,0P000001EZ,Listed Securities,International equities,Stock,,,0.0,5,,Vale S.A. is a Brazilian multinational corporation engaged in metals and mining and one of the largest logistics operators in Brazil.,http://www.vale.com/en/investors/pages/default.aspx,,Vale S.A.,2022-02-22 00:00:00,2022-04-01 00:00:00,BMK0105,S&P 500 Index,,,,,,,,adam@compoundwealth.co.nz,,,,,,,Vale S.A.,,,
ZIM.US,ZIM Integrated Shipping Services Ltd,ZIM Integrated Shipping Services Ltd,0P0001LK0Z,Listed Securities,International equities,Stock,,,0.0,5,,"Zim is a publicly held Israeli international cargo shipping company, and one of the top 20 global carriers. The company's headquarters are in Haifa, Israel; it also has a North American headquarters in Norfolk, Virginia.",https://www.zim.com/investors,,Zim Integrated Shipping Services,2022-02-22 00:00:00,2022-04-01 00:00:00,BMK0105,S&P 500 Index,,,,,,,,adam@compoundwealth.co.nz,,,,,,,Zim Integrated Shipping Services Ltd,,,
SHOP.US,Shopify Inc,Shopify Inc,0P00015ZGZ,Listed Securities,International equities,Stock,,,0.0,5,,"Shopify is a Canadian multinational e-commerce company headquartered in Ottawa, Ontario. It is also the name of its proprietary e-commerce platform for online stores and retail point-of-sale systems.",https://investors.shopify.com/stock-information/default.aspx,,Shopify,2022-02-22 00:00:00,2022-04-01 00:00:00,BMK0105,S&P 500 Index,,,,,,,,adam@compoundwealth.co.nz,,,,,,,Shopify Inc,,,
COST.US,Costco Wholesale Corp,Costco Wholesale Corp,0P000001IK,Listed Securities,International equities,Stock,,,0.0,5,,"Costco is an American multinational corporation which operates a chain of membership-only big-box retail stores. As of 2020, Costco was the fifth largest retailer in the world, and the world's largest retailer of choice and prime beef, organic foods, rotisserie chicken, and wine as of 2016.",https://investor.costco.com/,,Costco,2022-02-22 00:00:00,2022-04-01 00:00:00,BMK0105,S&P 500 Index,,,,,,,,adam@compoundwealth.co.nz,,,,,,,Costco Wholesale Corporation,,,
MU.US,Micron Technology Inc,Micron Techûlogy Inc,0P000003MC,Listed Securities,International equities,Stock,,,0.0,5,,"Micron Technology is an American producer of computer memory and computer data storage including dynamic random-access memory, flash memory, and USB flash drives. It is headquartered in Boise, Idaho. Its consumer products are marketed under the brands Crucial and Ballistix.",https://investors.micron.com/,,Micron Technology,2022-02-22 00:00:00,2022-04-01 00:00:00,BMK0105,S&P 500 Index,,,,,,,,adam@compoundwealth.co.nz,,,,,,,Micron Technology Inc,,,
CHPT.US,ChargePoint Holdings Inc,ChargePoint Holdings Inc,0P0001MKRD,Listed Securities,International equities,Stock,,,0.0,5,,"ChargePoint is an American electric vehicle infrastructure company based in Campbell, California. ChargePoint operates the largest online network of independently owned EV charging stations operating in 14 countries and makes the technology used in it.",https://investors.chargepoint.com/overview/default.aspx,,ChargePoint,2022-02-22 00:00:00,2022-04-01 00:00:00,BMK0105,S&P 500 Index,,,,,,,,adam@compoundwealth.co.nz,,,,,,,ChargePoint Inc,,,
SOFI.US,Sofi Technologies,Sofi Techûlogies,0P0001MMYT,Listed Securities,International equities,Stock,,,0.0,5,,"SoFi Technologies is an American online personal finance company. Based in San Francisco, SoFi provides financial products including student and auto loan refinancing, mortgages, personal loans, credit card, investing, and banking through both mobile app and desktop interfaces.",https://investors.sofi.com/overview/default.aspx,,SoFi Technologies,2022-02-22 00:00:00,2022-04-01 00:00:00,BMK0105,S&P 500 Index,,,,,,,,adam@compoundwealth.co.nz,,,,,,,SoFi Technologies Inc,,,
TDOC.US,Teladoc Inc,Teladoc Inc,0P0001691F,Listed Securities,International equities,Stock,,,0.0,5,,"Teladoc Health is a multinational telemedicine and virtual healthcare company headquartered in the United States. Primary services include telehealth, medical opinions, AI and analytics, telehealth devices and licensable platform services.",https://ir.teladochealth.com/investors/default.aspx,,Teladoc Health,2022-02-22 00:00:00,2022-04-01 00:00:00,BMK0105,S&P 500 Index,,,,,,,,adam@compoundwealth.co.nz,,,,,,,Teladoc Health Inc,,,
RIFSGSH,Russell Investments Hedged Sustainable Global Shares Fund,Russell Investments Hedged Sustainable Global Shares Fund (NZD),F00001DBYT,Managed Funds,International equities,Open-End Fund,NZD,Passive,0.0,5,,"The Fund invests
predominantly in a broad 
range of international 
shares listed on developed 
and emerging market
exchanges. The Fund 
maintains reduced carbon 
exposure compared to the 
MSCI ACWI Index 100% 
Hedged to NZD - Net, whilst 
increasing exposure to 
renewable energy and 
taking into account other 
ESG considerations . 
Derivatives may be used to 
implement investment 
strategies and manage risk. 
Foreign currency exposures 
are largely hedged back to 
New Zealand dollars.",https://russellinvestments.com/nz/funds/russell-investments-hedged-sustainable-global-shares-fund,Russell Investments,IIS,2023-01-30 00:00:00,2023-04-01 00:00:00,BFS_RIFSGSH,Backfilled: Russell Investments Hdg Sust Glbl Shrs,0.0014,0.0012,0.0029,0.00126,0.0016399999999999997,,,Dayle Engelbrecht,,,Russell Investments group,,www.russellinvestments.com/nz,"Founded in 1936 and active in New Zealand since the 1980s, Russell Investments manages over USD 250 billion.",FundRock NZ Limited,contact@iisolutions.co.nz,,
RIFSGS,Russell Investments Sustainable Global Shares Fund,Russell Investments Sustainable Global Shares Fund,F00001DBYS,Managed Funds,International equities,Open-End Fund,NZD,Passive,0.0,5,,"The Fund invests
predominantly in a broad 
range of international 
shares listed on developed 
and emerging market
exchanges. The Fund 
maintains reduced carbon 
exposure compared to the 
MSCI ACWI Index Net, 
whilst increasing exposure 
to renewable energy and 
taking into account other 
ESG considerations.
Derivatives may be used to 
implement investment 
strategies and manage risk. 
Foreign currency exposures 
are unhedged.",https://russellinvestments.com/nz/funds/russell-investments-sustainable-global-shares-fund,Russell Investments,IIS,2023-01-30 00:00:00,2023-04-01 00:00:00,BMK0021,MSCI ACWI Index (net div.),0.0012,0.001,0.003,0.00126,0.00174,,,Dayle Engelbrecht,,,Russell Investments group,,www.russellinvestments.com/nz,"Founded in 1936 and active in New Zealand since the 1980s, Russell Investments manages over USD 250 billion.",FundRock NZ Limited,contact@iisolutions.co.nz,,
ESGBF,Evidential Sustainable Global Bond Fund,Evidential Sustainable Global Bond Fund (NZD),F00001EDRK,Managed Funds,International fixed interest,Open-End Fund,NZD,Hybrid - index and tilts,0.0,5,,The Fund provides investors with exposure to a diversified portfolio of intermediate term global fixed interest and money market securities whilst taking into account certain environmental and social considerations. The Fund aims to hedge all foreign currency exposure to the New Zealand dollar.,https://www.evidential.co.nz/funds/,DFA Australia,Evidential,2022-05-17 00:00:00,2022-07-01 00:00:00,BFS_ESGBF,Backfilled: Evidential glbl bond sustainability,0.0008,0.0008,0.0032,0.0002,0.003,,,louisa.yandle@consilium.co.nz,,,Dimensional Fund Advisors (Australia),,www.au.dimensional.com,"Founded in 1981, utilising research from Nobel laureates, Dimensional manages over USD 1.3 trillion globally.",Consilium NZ Limited,,www.evidential.co.nz,"Issued by Consilium, the Evidential Funds are designed to provide New Zealand investors with tax effective access to outstanding global evidence based investment strategies."
ABNB.US,Airbnb Inc,Airbnb Inc Ordinary Shares - Class A,0P0001L8LC,Listed Securities,International equities,Stock,,,0.0,5,,"Airbnb Inc. is an American company that operates an online marketplace for lodging, primarily homestays for vacation rentals, and tourism activities. The platform is accessible via website and mobile app. Airbnb does not own any of the listed properties, instead, it profits by receiving commission from each booking. The company was founded in 2008 by Brian Chesky, Nathan Blecharczyk, and Joe Gebbia.",https://airbnb2020ipo.q4web.com/home/default.aspx,,Airbnb,2022-03-29 00:00:00,2022-07-01 00:00:00,BMK0105,S&P 500 Index,,,,,,,,adam@compoundwealth.co.nz,,,,,,,Airbnb Inc,,,
AFRM.US,Affirm Holdings Inc Ordinary Shares,Affirm Holdings Inc Ordinary Shares - Class A,0P0001LGJK,Listed Securities,International equities,Stock,,,0.0,5,,"Affirm is a publicly traded financial technology company headquartered in San Francisco. Founded in 2012, the company operates as a financial lender of installment loans for consumers to use at the point of sale to finance a purchase.",https://investors.affirm.com/,,Affirm Holdings,2022-03-29 00:00:00,2022-07-01 00:00:00,BMK0105,S&P 500 Index,,,,,,,,adam@compoundwealth.co.nz,,,,,,,Affirm Holdings Inc,,,
LCID.US,Lucid Group Inc,Lucid Group Inc Shs,0P0001N05O,Listed Securities,International equities,Stock,,,0.0,5,,"Lucid was founded in 2007 under the name Atieva and originally focused on building electric vehicle batteries and powertrains for other vehicle manufacturers. The company rebranded to Lucid Motors in October 2016 and officially announced its intent to develop an all-electric, high-performance luxury vehicle.",https://ir.lucidmotors.com/,,Lucid Group,2022-03-29 00:00:00,2022-07-01 00:00:00,BMK0105,S&P 500 Index,,,,,,,,adam@compoundwealth.co.nz,,,,,,,Lucid Group Inc,,,
RBLX.US,ROBLOX Corp,Roblox Corp Ordinary Shares - Class A,0P0001LI7Z,Listed Securities,International equities,Stock,,,0.0,5,,"Roblox Corporation is an American video game developer based in San Mateo, California. Founded in 2004 by David Baszucki and Erik Cassel, the company is the developer of Roblox, which was released in 2006. As of 2022 Roblox Corporation employs approximately 1,600 people.",https://ir.roblox.com/overview/default.aspx,,Roblox,2022-03-29 00:00:00,2022-07-01 00:00:00,BMK0105,S&P 500 Index,,,,,,,,adam@compoundwealth.co.nz,,,,,,,Roblox Corp,,,
TWLO.US,Twilio Inc,Twilio Inc Class A,0P000186EL,Listed Securities,International equities,Stock,,,0.0,5,,"Twilio is an American company based in San Francisco, California, which provides programmable communication tools for making and receiving phone calls, sending and receiving text messages, and performing other communication functions using its web service APIs.",https://investors.twilio.com/overview/default.aspx,,Twilio,2022-03-29 00:00:00,2022-07-01 00:00:00,BMK0105,S&P 500 Index,,,,,,,,adam@compoundwealth.co.nz,,,,,,,Twilio Inc,,,
UBX.US,Unity Biotechnology Inc,Unity Biotechûlogy Inc,0P0001D6JL,Listed Securities,International equities,Stock,,,0.0,5,,"Unity Biotechnology, a biotechnology company, engages in the research and development of therapeutics to slow, halt, or reverse diseases of aging. The company was formerly known as Forge, Inc. and changed its name to Unity Biotechnology, Inc. in 2015. Unity Biotechnology, Inc. was incorporated in 2009 and is headquartered in South San Francisco, California.",https://ir.unitybiotechnology.com/,,Unity Biotechnology,2022-03-29 00:00:00,2022-07-01 00:00:00,BMK0105,S&P 500 Index,,,,,,,,adam@compoundwealth.co.nz,,,,,,,Unity Biotechnology Inc,,,
NIO.US,NIO Inc,NIO Inc ADR,0P0001EEPZ,Listed Securities,International equities,Stock,,,0.0,5,,"NIO is a Chinese multinational automobile manufacturer headquartered in Shanghai, specializing in designing and developing electric vehicles. The company is known for its development of battery-swapping stations for its vehicles as an alternative to conventional charging stations.",https://ir.nio.com/,,Nio Inc,2022-03-29 00:00:00,2022-07-01 00:00:00,BMK0105,S&P 500 Index,,,,,,,,adam@compoundwealth.co.nz,,,,,,,Nio Inc,,,
CMDY.US,iShares Bloomberg Roll Select Commodity Strategy ETF,iShares Bloomberg Roll Sel Brd Cmdty ETF,F00000ZUMM,Listed Securities,Commodities,Exchange-Traded Fund,,Passive - index,0.0,5,,"The Fund seeks to track the investment results of an index composed of a broad range of commodity exposures with enhanced roll selection, on a total return basis.",https://www.ishares.com/us/products/etf-investments,BlackRock,BlackRock,2022-04-13 00:00:00,2022-07-01 00:00:00,BMK0183,"Bloomberg Roll Select Commdty (Total return, USD)",,,0.0028,,0.0028,,,scott.alman@consilium.co.nz,,,BlackRock Inc,isharesetfs@blackrock.com,www.ishares.com,iShares funds are powered by the expert portfolio and risk management of BlackRock. BlackRock managed over USD 11 trillion in assets on behalf of investors worldwide.,BlackRock Inc,isharesetfs@blackrock.com,www.ishares.com,iShares funds are powered by the expert portfolio and risk management of BlackRock. BlackRock managed over USD 11 trillion in assets on behalf of investors worldwide.
HYPGGCPIE,Hyperion Global Growth Companies (PIE),Hyperion Global Growth Companies,F00001GFZH,Managed Funds,International equities,Open-End Fund,,Active - Self described,0.0,5,"If applicable, a performance fee of 20% of the Fund’s outperformance relative to its benchmark return, multiplied by the NAV of the Fund","The investment objective of the Fund is to achieve long-term returns above the MSCI World Net Total Return Index in NZ dollars, and minimise the risk of permanent capital loss. The Fund invests in growth-oriented companies primarily listed on a recognised global exchange, at the time of investment.",https://www.hyperion.com.au/funds/hyperion-australian-growth-companies-fund/,Hyperion,IIS,2022-05-03 00:00:00,2022-07-01 00:00:00,BMK0188,MSCI World Growth NR USD,0.003,0.003,0.0072,,0.0072,0,,samantha.ellis@firstcapital.co.nz,,,Hyperion Asset Management Ltd,,,,FundRock NZ Limited,contact@iisolutions.co.nz,,
SALTNZSF,Salt Core NZ Shares Fund,Salt Core NZ Shares,F00001D41Q,Managed Funds,Australasian equities,Open-End Fund,,Active - Self described,0.0,2,,Aims to outperform the S&P/NZX 50 Gross Index on a rolling three year basis by investing predominantly in New Zealand shares but with the ability to invest opportunistically in Australian shares.,https://www.saltfunds.co.nz/,Salt Investment Funds,Salt Investment Funds,2022-06-01 00:00:00,2022-07-01 00:00:00,BMK0041,S&P/NZX 50 Index (gross with imputation),0.002,0.002,0.0108,,0.0108,0,,vivecca.robinson@consilium.co.nz,,,Salt Investment Funds Ltd,info@saltfunds.co.nz,,,Salt Investment Funds Ltd,info@saltfunds.co.nz,,
SALTDAF,Salt NZ Dividend Appreciation Fund,Salt Dividend Appreciation,F0000125C5,Managed Funds,Australasian equities,Open-End Fund,,Active - Self described,0.0,5,,Aims to outperform the S&P/NZX 50 Gross Index on a rolling three year basis by investing predominantly in New Zealand shares that may pay high and sustainable dividends.,https://www.saltfunds.co.nz/,Salt Investment Funds,Salt Investment Funds,2022-06-01 00:00:00,2022-07-01 00:00:00,BMK0041,S&P/NZX 50 Index (gross with imputation),0.002,0.002,0.0108,,0.0108,0,,vivecca.robinson@consilium.co.nz,,,Salt Investment Funds Ltd,info@saltfunds.co.nz,,,Salt Investment Funds Ltd,info@saltfunds.co.nz,,
DDOG.US,Datadog Inc,Datadog Inc Class A,0P0001IEZ0,Listed Securities,International equities,Stock,,,0.0,5,,"Datadog is an observability service for cloud-scale applications, providing monitoring of servers, databases, tools, and services, through a SaaS-based data analytics platform.",https://investors.datadoghq.com/,,Datadog,2022-06-20 00:00:00,2022-07-01 00:00:00,BMK0105,S&P 500 Index,,,,,,,,adam@compoundwealth.co.nz,,,,,,,Datadog Inc,,,
AMD.US,Advanced Micro Devices Inc,Advanced Micro Devices Inc,0P0000006A,Listed Securities,International equities,Stock,,,0.0,5,,"Advanced Micro Devices, Inc. (AMD) is an American multinational semiconductor company based in Santa Clara, California, that develops computer processors and related technologies for business and consumer markets. While it initially manufactured its own processors, the company later outsourced its manufacturing. AMD's main products include microprocessors, motherboard chipsets, embedded processors, graphics processors, and FPGAs for servers, workstations, personal computers, and embedded system applications.",https://ir.amd.com/,,Advanced Micro Devices,2022-06-20 00:00:00,2022-07-01 00:00:00,BMK0105,S&P 500 Index,,,,,,,,adam@compoundwealth.co.nz,,,,,,,Advanced Micro Devices Inc,,,
S.US,SentinelOne Inc,SentinelOne Inc Class A,0P0001MRB1,Listed Securities,International equities,Stock,,,0.0,5,,"SentinelOne is a cybersecurity company listed on NYSE and based in Mountain View, California. The company uses machine learning for monitoring personal computers, IoT devices, and cloud workloads. The company's platform utilizes a heuristic model, specifically its patented behavioral AI.",https://investors.sentinelone.com/overview/default.aspx,,SentinelOne,2022-06-20 00:00:00,2022-07-01 00:00:00,BMK0105,S&P 500 Index,,,,,,,,adam@compoundwealth.co.nz,,,,,,,SentinelOne Inc,,,
SSO.US,ProShares Ultra S&P500 ETF,ProShares Ultra S&P500 ETF,FEUSA04AG6,Listed Securities,International equities,Exchange-Traded Fund,USD,Passive - Index (Leveraged),0.0,5,,"This leveraged ProShares ETF seeks a return that is 2x the return of its underlying benchmark, S&P 500, for a single day, as measured from one NAV calculation to the next.",https://www.proshares.com/our-etfs/leveraged-and-inverse/sso,ProShares,ProShares,2022-06-28 00:00:00,2022-10-01 00:00:00,,,,,0.0089,,0.0089,0,,adam@compoundwealth.co.nz,,,ProShares,,www.proshares.com/,,ProShares,,www.proshares.com/,
BITS.US,Global X Blockchain & Bitcoin Strategy ETF,Global X Blockchain & Bitcoin Strategy ETF,F00001CJ9S,Listed Securities,International equities,Exchange-Traded Fund,USD,Active - Self described,0.0,5,,"The Global X Blockchain & Bitcoin Strategy ETF (BITS) is an actively-managed fund that seeks to capture the long-term growth potential of the blockchain and digital assets theme. The Fund takes long positions in U.S. listed bitcoin futures contracts and invests, directly and/or indirectly, in companies positioned to benefit from the increased adoption of blockchain technology.",https://www.globalxetfs.com/explore/,Global X,Global X,2022-07-11 00:00:00,2022-10-01 00:00:00,BTC,Bitcoin,,,0.0065,,0.0065,,,adam@compoundwealth.co.nz,,Nasdaq Stock Market,Global X ETFS,info@globalxetfs.com,,,Global X ETFS,info@globalxetfs.com,,
BLOK.US,Amplify Transformational Data Sharing ETF,Amplify Transformational Data Sharing ETF,F00000ZP8S,Listed Securities,International equities,Exchange-Traded Fund,USD,Active - Self described,0.0,5,,BLOK is an actively managed ETF that seeks to provide total return by investing at least 80% of its net assets in equity securities of companies actively involved in the development and utilization of blockchain technologies.,https://amplifyetfs.com/blok/,Amplify ETFs,Amplify ETFs,2022-07-11 00:00:00,2022-10-01 00:00:00,XLK.US,Techûlogy Select Sector SPDR,,,0.0073,,0.0073,0,,adam@compoundwealth.co.nz,,,Amplify ETFs,,,,Amplify ETFs,,,
MDB.US,MongoDB Inc,MongoDB Inc,0P000167TT,Listed Securities,International equities,Stock,USD,,0.0,5,,"MongoDB is the developer data platform company empowering innovators to create, transform, and disrupt industries by unleashing the power of software and data. Headquartered in New York, MongoDB has more than 37,000 customers in over 100 countries. The MongoDB database platform has been downloaded over 300 million times and there have been more than 1.5 million registrations for MongoDB University courses.",https://investors.mongodb.com/ ,,MongoDB,2022-07-21 00:00:00,2022-10-01 00:00:00,BMK0105,S&P 500 Index,,,,,,,,adam@compoundwealth.co.nz,,,,,,,MongoDB,,,
ROKU.US,Roku Inc,Roku Inc,0P0001BMW4,Listed Securities,International equities,Stock,USD,,0.0,5,,"Roku, Inc. is an American publicly traded company based in San Jose, California, that manufactures a variety of digital media players for video streaming. Roku has an advertising business and also licenses its hardware and software to other companies.",https://www.roku.com/investor ,,Roku,2022-07-21 00:00:00,2022-10-01 00:00:00,BMK0105,S&P 500 Index,,,,,,,,adam@compoundwealth.co.nz,,,,,,,Roku Inc,,,
SNOW.US,Snowflake Inc,Snowflake Inc,0P0000A655,Listed Securities,International equities,Stock,USD,,0.0,5,,"Snowflake Inc. is a cloud computing–based data cloud company based in Bozeman, Montana. It was founded in July 2012 and was publicly launched in October 2014 after two years in stealth mode. The firm offers a cloud-based data storage and analytics service, generally termed ""data-as-a-service"".",https://investors.snowflake.com/overview/ ,,Snowflake,2022-07-21 00:00:00,2022-10-01 00:00:00,BMK0105,S&P 500 Index,,,,,,,,adam@compoundwealth.co.nz,,,,,,,Snowflake Inc,,,
MRVL.US,Marvell Technology Group Ltd,Marvell Techûlogy Group Ltd,0P000003H5,Listed Securities,International equities,Stock,USD,,0.0,5,,"Marvell Technology, Inc. is an American company, headquartered in Santa Clara, California, which develops and produces semiconductors and related technology. Founded in 1995, the company had more than 6,000 employees as of 2021, with over 10,000 patents worldwide, and an annual revenue of $4.5 billion for 2021.",https://investor.marvell.com/ ,,Marvell Technology Group,2022-07-21 00:00:00,2022-10-01 00:00:00,BMK0105,S&P 500 Index,,,,,,,,adam@compoundwealth.co.nz,,,,,,,Marvell Technology Group Ltd,,,
INMD.US,InMode Ltd.,InMode Ltd.,0P0001I4CI,Listed Securities,International equities,Stock,USD,,0.0,5,,"Inmode Ltd is an Israel-based company. It designs, develops, manufactures and commercializes energy-based, minimally-invasive surgical aesthetic and medical treatment solutions.",https://inmodemd.com/investors/ ,,InMode,2022-07-21 00:00:00,2022-10-01 00:00:00,BMK0105,S&P 500 Index,,,,,,,,adam@compoundwealth.co.nz,,,,,,,InMode Ltd,,,
KWLGIHF,Kernel Global Infrastructure Fund (NZD Hedged),Kernel Global Infrastructure Fund (NZD),F00001EBMA,Managed Funds,International equities,Open-End Fund,NZD,Passive - index,0.0,,,"Through this fund you can invest in global companies which derive at least 70% of their cash flows from infrastructure lines of business, which adds an element of reliability to a portfolio. Closely tied to economic growth, exposure to infrastructure can benefit investors long-term. This fund tracks the Dow Jones Brookfield Global Infrastructure Index and covers all sectors of the infrastructure market.",https://kernelwealth.co.nz/funds,Kernel Wealth,Kernel Wealth,2022-08-08 00:00:00,2022-10-01 00:00:00,BMK0197,"Dow Jones Brookfield Global Infrastructure Index (Total return, NZD hedged)",,,0.0025,,0.0025,,,jh@totarawealth.co.nz,,,Kernel Wealth Ltd,dean@kernelwealth.co.nz,www.kernelwealth.co.nz,"Managing over NZD $1 Billion, Kernel has been delivering index solutions specifically for New Zealanders since 2019.",Kernel Wealth Ltd,dean@kernelwealth.co.nz,www.kernelwealth.co.nz,"Managing over NZD $1 Billion, Kernel has been delivering index solutions specifically for New Zealanders since 2019."
WGMI.US,Valkyrie Bitcoin Miners ETF,Valkyrie Bitcoin Miners ETF,F00001CYQN,Listed Securities,International equities,Exchange-Traded Fund,USD,Active - Self described,0.0,5,,"The Fund is an actively-managed exchange-traded fund (“ETF”) that will invest at least 80% of its net assets (plus borrowings for investment purposes) in securities of companies that derive at least 50% of their revenue or profits from bitcoin mining operations and/or from providing specialized chips, hardware and software or other services to companies engaged in bitcoin mining.",https://valkyrie-funds.com/,Valkyrie,Valkyrie,2022-09-14 00:00:00,2022-10-01 00:00:00,SIM_WGMI,"Simulated: Valkyrie Bitcoin Miners ETF
",,,0.0075,,0.0075,,,adam@compoundwealth.co.nz,,Nasdaq Stock Market,Valkyrie,,,,Valkyrie,,,
FBI200,Fletcher Building Industries 2.80% 15/03/2026,Fletcher Building Industries 2.80% 15/03/2026,,Direct bonds and term deposits,New Zealand fixed interest,Bond,NZD,,0.0,5,,"Fletcher Building Industries Limited manufactures and retails building materials. The Company offers gypsum wallboard, insulation, roofing tiles, sinks, aluminium extrusions, wall frames, roof trusses, concrete, laminates, and steel building products. Fletcher Building Industries serves customers in New Zealand, Australia, and the South Pacific.",https://www.fletcherbuilding.com/investor-centre,,Fletcher Building,2022-09-23 00:00:00,2022-10-01 00:00:00,BMK0044,S&P/NZX A-Grade Corporate Bond Index,,,,,,,,jeremy.simpson@hhg.co.nz,,,,,,,Fletcher Building Industries,,,
CNU030,Chorus Limited 1.98% 02/12/2027,Chorus Limited 1.98% 02/12/2027,,Direct bonds and term deposits,New Zealand fixed interest,Bond,NZD,,0.0,5,,"Chorus Limited is a wholesale and retail telecommunications company. The Company maintains and build the Chorus local access network which is made up of local telephone exchanges, cabinets and copper and fibre cables that connects New Zealand homes and businesses throughout the country.",https://company.chorus.co.nz/investors,,Chorus,2022-09-23 00:00:00,2022-10-01 00:00:00,BMK0044,S&P/NZX A-Grade Corporate Bond Index,,,,,,,,jeremy.simpson@hhg.co.nz,,,,,,,Chorus Ltd,,,
IPL020,Investore Property Limited 2.40% 31/08/2027,Investore Property Limited 2.40% 31/08/2027,,Direct bonds and term deposits,New Zealand fixed interest,Bond,NZD,,0.0,5,,Investore Property Limited operates as a real estate investment company. The Company invests in retail property assets. Investore Property also provides leasing services. Investore Property serves clients in New Zealand.,https://www.investoreproperty.co.nz/,,Investore Property,2022-09-23 00:00:00,2022-10-01 00:00:00,BMK0044,S&P/NZX A-Grade Corporate Bond Index,,,,,,,,jeremy.simpson@hhg.co.nz,,,,,,,Investore Property Ltd,,,
IPL030,Investore Property Limited 4.00% 25/02/2027,Investore Property Limited 4.00% 25/02/2027,,Direct bonds and term deposits,New Zealand fixed interest,Bond,NZD,,0.0,5,,Investore Property Limited operates as a real estate investment company. The Company invests in retail property assets. Investore Property also provides leasing services. Investore Property serves clients in New Zealand.,https://www.investoreproperty.co.nz/,,Investore Property,2022-09-23 00:00:00,2022-10-01 00:00:00,BMK0044,S&P/NZX A-Grade Corporate Bond Index,,,,,,,,jeremy.simpson@hhg.co.nz,,,,,,,Investore Property Ltd,,,
MNW190,Manawa Energy Limited 5.36% 08/09/2027,Manawa Energy Limited 5.36% 08/09/2027,,Direct bonds and term deposits,New Zealand fixed interest,Bond,NZD,,0.0,5,,"Manawa Energy Limited, formerly Trustpower, is a New Zealand electricity generation company that offers bespoke electricity products to commercial and industrial customers across New Zealand.",https://www.manawaenergy.co.nz/investor-centre,,Manawa Energy,2022-09-23 00:00:00,2022-10-01 00:00:00,BMK0044,S&P/NZX A-Grade Corporate Bond Index,,,,,,,,jeremy.simpson@hhg.co.nz,,,,,,,Manawa Energy Ltd,,,
OCA020,Oceania Healthcare Limited 3.30% 13/09/2028,Oceania Healthcare Limited 3.30% 13/09/2028,,Direct bonds and term deposits,New Zealand fixed interest,Bond,NZD,,0.0,5,,Oceania Healthcare is a leading provider of premium healthcare services in New Zealand. ,https://www.oceaniahealthcare.co.nz/investor-centre,,Oceania Healthcare Ltd,2022-09-23 00:00:00,2022-10-01 00:00:00,BMK0044,S&P/NZX A-Grade Corporate Bond Index,,,,,,,,jeremy.simpson@hhg.co.nz,,,,,,,Oceania Healthcare Ltd,,,
SBS010,Southland Building Society 4.32% 18/03/2027,Southland Building Society 4.32% 18/03/2027,,Direct bonds and term deposits,New Zealand fixed interest,Bond,NZD,,0.0,5,,SBS Bank is a registered bank in New Zealand which was founded in 1869. In October 2008 it gained bank registration and the Southland Building Society became SBS Bank. It is a 100% New Zealand owned registered bank that has retained a mutual building society structure.,https://www.sbsbank.co.nz/,,Southland Building Society,2022-09-23 00:00:00,2022-10-01 00:00:00,BMK0044,S&P/NZX A-Grade Corporate Bond Index,,,,,,,,jeremy.simpson@hhg.co.nz,,,,,,,Southland Building Society,,,
KERNELHG,Kernel High Growth Fund,Kernel High Growth Fund,F00001E0WV,Managed Funds,International equities,Open-End Fund,NZD,Passive - index,0.0,,,"The High Growth Fund is made up of over 98% growth assets, such as shares and listed property. Globally diversified, the Fund is designed to help Kiwis build long-term wealth while lessening volatility through geographical and sector diversification. This Fund is suitable for an investor with an investment time horizon of at least 5 years.",https://kernelwealth.co.nz/funds,Kernel Wealth,Kernel Wealth,2022-08-16 00:00:00,2022-10-01 00:00:00,BMKC001,"Consilium GCOR Expectation (NZD Hedged): β=1, SMB=0.10, LHML=0.125, SHML=0.025, LRMW=0.125",,,0.0025,,0.0025,,,dean@kernelwealth.co.nz,,,Kernel Wealth Ltd,dean@kernelwealth.co.nz,www.kernelwealth.co.nz,"Managing over NZD $1 Billion, Kernel has been delivering index solutions specifically for New Zealanders since 2019.",Kernel Wealth Ltd,dean@kernelwealth.co.nz,www.kernelwealth.co.nz,"Managing over NZD $1 Billion, Kernel has been delivering index solutions specifically for New Zealanders since 2019."
STEWWLSS,Stewart Investors Worldwide Leaders Sustainability Fund (PIE),Stewart Investors Worldwide Leaders Sustainability Fund (PIE),F00001EG1R,Managed Funds,International equities,Open-End Fund,NZD,,0.0,6,,"To achieve long-term capital growth by investing directly or indirectly in a diversified portfolio of equity or equity-related securities of larger capitalisation companies which are listed, traded or dealt in on any of the regulated markets worldwide. The Fund aims to exceed the MSCI All Country World Index (NZD) over rolling five-year periods before fees and taxes.",https://iisolutions.co.nz/fund-hosting/our-funds/,Stewart Investors,IIS,2022-08-10 00:00:00,2022-10-01 00:00:00,BFS_STEWWLSS.US,Stewart Investors Worldwide Leaders Sustainability Fund (USD Acc),0.001,0.001,0.0062,,0.0062,,,peter@ethicalinvesting.nz,,,Stewart Investors,,https://www.stewartinvestors.com/,,FundRock NZ Limited,contact@iisolutions.co.nz,,
DIMGLBSS,Dimensional Global Sustainability PIE Fund,Dimensional Global Sustainability PIE Fund (Unhedged),F00001E28C,Managed Funds,International equities,Open-End Fund,NZD,Hybrid - index and tilts,1.0,5,,"The investment objective of the Fund is to provide long-term capital growth by gaining exposure to a diversified portfolio of securities associated with approved developed markets (excluding Australia), with increased emphasis on higher expected return securities. The Fund also considers non-financial factors to target sustainability goals. The Fund has a Carbon Footprint Reduction Goal and evaluates companies based on specific sustainability criteria.",https://iisolutions.co.nz/fund-hosting/our-funds/,DFA Australia,IIS,2023-01-30 00:00:00,2023-04-01 00:00:00,BFS_DFA0041.AU,Backfilled: Dimensional Global Sustainability Trust - Unhedged class Units (net of fees),0.001,0.001,0.0041,,0.0041,,,Dayle Engelbrecht,,,Dimensional Fund Advisors (Australia),,www.au.dimensional.com,"Founded in 1981, utilising research from Nobel laureates, Dimensional manages over USD 1.3 trillion globally.",FundRock NZ Limited,contact@iisolutions.co.nz,,
DIMGLBSSHDG,Dimensional Global Sustainability PIE Fund (NZD Hedged),Dimensional Global Sustainability PIE Fund (NZD),F00001E28D,Managed Funds,International equities,Open-End Fund,NZD,Hybrid - index and tilts,0.0,5,,"The investment objective of the Fund is to provide long-term capital growth by gaining exposure to a diversified portfolio of securities associated with approved developed markets (excluding Australia), with increased emphasis on higher expected return securities. The Fund also considers non-financial factors to target sustainability goals. The Fund has a Carbon Footprint Reduction Goal and evaluates companies based on specific sustainability criteria. The Fund mitigates currency risk by hedging most major foreign currency exposures to the New Zealand dollar.",https://iisolutions.co.nz/fund-hosting/our-funds/,DFA Australia,IIS,2023-01-30 00:00:00,2023-04-01 00:00:00,BFS_DFA0043,Backfill: DFA Global Sustainability (NZD Hedged),0.0012,0.0012,0.0041,,0.0041,,,Dayle Engelbrecht,,,Dimensional Fund Advisors (Australia),,www.au.dimensional.com,"Founded in 1981, utilising research from Nobel laureates, Dimensional manages over USD 1.3 trillion globally.",FundRock NZ Limited,contact@iisolutions.co.nz,,
DMXF.US,iShares ESG Advanced MSCI EAFE ETF ,iShares ESG Advanced MSCI EAFE ETF ,F0000150Z8,Listed Securities,International equities,Exchange-Traded Fund,USD,,0.0,5,,"The fund seeks to track the investment results of an index composed of large- and mid-capitalisation developed market companies excluding the U.S. and Canada that have a favorable environmental, social and governance rating while applying extensive screens for company involvement in controversial activities.",https://www.ishares.com/us/products/etf-investments,BlackRock,BlackRock,2022-11-03 00:00:00,2023-01-01 00:00:00,BMK0251,MSCI ACWI Ex USA NR USD,,,0.0012,,0.0012,,,Chelsea.Traver@evergreenadvice.co.nz,,Nasdaq Stock Market,BlackRock Inc,isharesetfs@blackrock.com,www.ishares.com,iShares funds are powered by the expert portfolio and risk management of BlackRock. BlackRock managed over USD 11 trillion in assets on behalf of investors worldwide.,BlackRock Inc,isharesetfs@blackrock.com,www.ishares.com,iShares funds are powered by the expert portfolio and risk management of BlackRock. BlackRock managed over USD 11 trillion in assets on behalf of investors worldwide.
USXF.US,iShares ESG Advanced MSCI USA ETF ,iShares ESG Advanced MSCI USA ETF ,F0000150ZA,Listed Securities,International equities,Exchange-Traded Fund,USD,,0.0,5,,"The fund seeks to track the investment results of an index composed of large- and mid-capitalisation U.S. companies that have a favorable environmental, social and governance rating while applying extensive screens for company involvement in controversial activities.",https://www.ishares.com/us/products/etf-investments,BlackRock,BlackRock,2022-11-03 00:00:00,2023-01-01 00:00:00,BMK0395,"MSCI US Equity Choice ESG Screened (Gross Return, USD Class)",,,0.001,,0.001,,,Chelsea.Traver@evergreenadvice.co.nz,,Nasdaq Stock Market,BlackRock Inc,isharesetfs@blackrock.com,www.ishares.com,iShares funds are powered by the expert portfolio and risk management of BlackRock. BlackRock managed over USD 11 trillion in assets on behalf of investors worldwide.,BlackRock Inc,isharesetfs@blackrock.com,www.ishares.com,iShares funds are powered by the expert portfolio and risk management of BlackRock. BlackRock managed over USD 11 trillion in assets on behalf of investors worldwide.
PABU.US,iShares Paris-Aligned Climate MSCI USA ETF ,iShares Paris-Aligned Climate MSCI USA ETF ,F00001CROG,Listed Securities,International equities,Exchange-Traded Fund,USD,,0.0,5,,"The fund seeks to track the investment results of an index composed of U.S. large-and mid-capitalisation stocks that is designed to be compatible with the objectives of the Paris Agreement by, in aggregate, following a decarbonisation trajectory, reducing exposure to climate-related transition and physical risks and increasing exposure to companies favorably positioned for the transition to a low-carbon economy.",https://www.ishares.com/us/products/325725/ishares-paris-aligned-climate-msci-usa-etf,BlackRock,BlackRock,2022-11-03 00:00:00,2023-01-01 00:00:00,BMK0252,"Russell 1000 Growth Index (Total return, USD)",,,0.001,,0.001,,,Chelsea.Traver@evergreenadvice.co.nz,,Nasdaq Stock Market,BlackRock Inc,isharesetfs@blackrock.com,www.ishares.com,iShares funds are powered by the expert portfolio and risk management of BlackRock. BlackRock managed over USD 11 trillion in assets on behalf of investors worldwide.,BlackRock Inc,isharesetfs@blackrock.com,www.ishares.com,iShares funds are powered by the expert portfolio and risk management of BlackRock. BlackRock managed over USD 11 trillion in assets on behalf of investors worldwide.
CO2,Carbon Fund,Carbon Fund,,Listed Securities,Commodities,Exchange-Traded Fund,NZD,Active,0.0,5,,The Carbon Fund is New Zealand’s first NZX-listed investment fund designed to trade in carbon credits. The Fund’s investment objective is to provide investors with a total return exposure to movements in the price of carbon credits. The Fund has the ability to buy carbon credits in Emissions Trading Schemes in New Zealand and offshore. ,https://www.carbonfund.co.nz/,Salt Investment Funds,Salt Investment Funds,2022-11-14 00:00:00,2023-01-01 00:00:00,NZU,New Zeland Emission Unit,,,0.0096,,0.0096,,,vivecca.robinson@consilium.co.nz,,New Zealand's Exchange,Salt Investment Funds Ltd,info@saltfunds.co.nz,,,Salt Investment Funds Ltd,info@saltfunds.co.nz,,
AEHR.US,Aehr Test Systems,Aehr Test Systems,0P0000006T,Listed Securities,International equities,Stock,USD,,0.0,5,,"Headquartered in Fremont, California, Aehr Test Systems is a worldwide provider of test systems for burning-in and testing logic, optical and memory integrated circuits and has over 2,500 systems installed worldwide.",https://www.aehr.com/investor-relations/,,Aehr Test Systems,2022-11-16 00:00:00,2023-01-01 00:00:00,BMK0105,S&P 500 Index,,,,,,,,adam@compoundwealth.co.nz,,,,,,,Aehr Test Systems,,,
CRWD.US,Crowdstrike Holdings Inc,Crowdstrike Holdings Inc,0P0001HOOZ,Listed Securities,International equities,Stock,USD,,0.0,5,,"CrowdStrike Holdings, Inc. is an American cybersecurity technology company based in Austin, Texas. It provides cloud workload and endpoint security, threat intelligence, and cyberattack response services.",https://ir.crowdstrike.com/,,Crowdstrike,2022-11-16 00:00:00,2023-01-01 00:00:00,BMK0105,S&P 500 Index,,,,,,,,adam@compoundwealth.co.nz,,,,,,,Crowdstrike Holdings Inc,,,
ENPH.US,Enphase Energy Inc,Enphase Energy Inc,0P0000VR78,Listed Securities,International equities,Stock,USD,,0.0,5,,"Enphase Energy is an American energy technology company headquartered in Fremont, California that develops and manufactures solar micro-inverters, battery energy storage, and EV charging stations primarily for residential customers. Enphase was established in 2006 and is the first company to successfully commercialize the solar micro-inverter.",https://investor.enphase.com/,,Enphase Energy,2022-11-16 00:00:00,2023-01-01 00:00:00,,,,,,,,,,adam@compoundwealth.co.nz,,,,,,,Enphase Energy Inc,,,
SQM.US,Sociedad Quimica Y Minera de Chile S.A. ADR,Sociedad Quimica Y Minera de Chile S.A. ADR,0P00008936,Listed Securities,International equities,Stock,USD,,0.0,5,,"SQM is a global company that develops and produces various products for various industries essential to human progress such as health, nutrition, renewable energy and technology through innovation and technological advancement. We aim to maintain our global leadership position in the lithium, potassium nitrate, iodine and solar thermal salts markets by manufacturing high-quality products to meet the dynamic and changing requirements of our customers.",https://ir.sqm.com/English/home/default.aspx,,Sociedad Quimica Y Minera de Chile S.A. ADR,2022-11-16 00:00:00,2023-01-01 00:00:00,,,,,,,,,,adam@compoundwealth.co.nz,,,,,,,Sociedad Quimica Y Minera de Chile S.A. ADR,,,
TAN.US,Invesco Solar Portfolio,Invesco Solar Portfolio,FOUSA06SP1,Listed Securities,International equities,Exchange-Traded Fund,USD,,0.0,5,,"The Invesco Solar ETF is based on the MAC Global Solar Energy Index. The Fund will invest at least 90% of its total assets in the securities, American depositary receipts (ADRs) and global depositary receipts (GDRs) that comprise the Index. The Index is comprised of companies in the solar energy industry.",https://www.invesco.com/us/financial-products/etfs/,Invesco,Invesco,2022-11-16 00:00:00,2023-01-01 00:00:00,,,,,0.0071,,0.0071,0,,adam@compoundwealth.co.nz,,New York Stock Exchange,Invesco Ltd,,,,Invesco Ltd,,,
URA.US,Global X Uranium ETF,Global X Uranium ETF,F00000HH7X,Listed Securities,International equities,Exchange-Traded Fund,USD,Passive - index,0.0,5,,"The Global X Uranium ETF seeks to provide investment results that correspond generally  to  the  price  and  yield  performance,  before  fees  and  expenses,  of  the  Solactive  Global  Uranium  &  Nuclear  Components  Total  Return  Index.  The  Fund is passively managed, which means the investment adviser does not attempt to take defensive positions in declining markets. The Fund generally seeks to fully replicate the Underlying Index.",https://www.globalxetfs.com/explore/,Global X,Global X,2022-11-28 00:00:00,2023-01-01 00:00:00,,,,,0.0069,,0.0069,,,jeremy.simpson@hhg.co.nz,,New York Stock Exchange,Global X ETFS,info@globalxetfs.com,,,Global X ETFS,info@globalxetfs.com,,
COOLSTIPF,Coolabah Short Term Income PIE Fund,Coolabah Short Term Income PIE Fund,F00001E2SQ,Managed Funds,International fixed interest,Open-End Fund,NZD,Active,0.0,5,"22.5% of the fund's gross excess performance over the Benchmark, subject to a high water mark","The Coolabah Short Term Income PIE Fund is a zero duration, short-term fixed-interest investment solution that targets returns that outperform the RBNZ cash rate by 1.5% – 3.0% per annum after all fees and before tax, over rolling 12 month periods. This strategy gains exposure to an actively managed portfolio of Australian cash securities and investment-grade floating-rate notes with a target dollar-weighted average credit rating in the “A” band hedged to NZ dollars. It does not invest in fixed-rate bonds (unless interest rate risk is swapped out) or equities.",https://coolabahcapital.com/new-zealand-pie-funds/,Coolabah,Coolabah,2022-12-02 00:00:00,2023-01-01 00:00:00,BMK0253,Simulated series: Coolabah Short Term Income PIE,0,0.00025,0.0069,,0.0069,0,,nicole.prothero@become.nz,,,Coolabah Investment Funds,info@coolabahcapital.com ,https://coolabahcapital.com/,,Coolabah Investment Funds,info@coolabahcapital.com ,https://coolabahcapital.com/,
COOLLSCPF,Coolabah Long-Short Credit PIE Fund,Coolabah Long-Short Credit PIE Fund,F00001E2SR,Managed Funds,International fixed interest,Open-End Fund,NZD,Active,0.0,5,20.5% of the funds gross performance above the hurdle rate. Hurdle rate is Bloomgerg Ausbond Composite 0+Yr index hedged to NZD +1%. Subject to a High Water Mark.,"The Coolabah Long-Short Credit PIE Fund provides investors with exposure to an absolute return fixed-income strategy focused on exploiting long and short mispricings in credit markets. The strategy targets returns above the RBNZ cash rate plus 4% to 6% pa after all fees and before tax over rolling 3 year periods . It targets volatility of less than 5% pa. This strategy offers investor exposure primarily to senior and subordinated bonds, hybrids and derivatives, hedged to NZ dollars. The Coolabah Long-Short Credit PIE Fund targets holding the majority of its portfolio in investment-grade quality debt securities.",https://coolabahcapital.com/new-zealand-pie-funds/,Coolabah,Coolabah,2022-12-02 00:00:00,2023-01-01 00:00:00,BMK0254,Simulated series: Coolabah Long-Short Credit PIE,0,0.0005,0.01,,0.01,,,nicole.prothero@become.nz,,,Coolabah Investment Funds,info@coolabahcapital.com ,https://coolabahcapital.com/,,Coolabah Investment Funds,info@coolabahcapital.com ,https://coolabahcapital.com/,
APLGFLPIE,Antipodes Global Fund - Long - PIE,Antipodes Global Fund - Long - PIE,F00000WXG1,Managed Funds,International equities,Open-End Fund,NZD,Active,0.0,5,15% of the Fund's performance above the Benchmark Index,The Fund invests in the Antipodes Global Fund – Long – UCITS (Underlying Fund) and cash or cash equivalent securities. The Underlying Fund’s investment exposure is predominantly to a broad range of international shares listed on stock exchanges in developed and emerging markets. The Underlying Fund may use exchange traded derivatives for risk management purposes and to achieve equity exposure.,https://iisolutions.co.nz/fund-hosting/our-funds/,Antipodes,IIS,2023-01-06 00:00:00,2023-04-01 00:00:00,BMK0106,"Morningstar DM ex-Australia Large-Mid Index (Net return, NZD)",0.00075,0.00075,0.012,,0.0125,0.0005,,nicole.prothero@become.nz,,,Antipodes Partners Limited,,,,FundRock NZ Limited,contact@iisolutions.co.nz,,
CVS.US,CVS Health Corp,CVS Health Corporation ,0P000000ZP,Listed Securities,International equities,Stock,USD,,1.0,5,,"CVS Health Corporation is an American healthcare company that owns CVS Pharmacy, a retail pharmacy chain; CVS Caremark, a pharmacy benefits manager; and Aetna, a health insurance provider, among many other brands. The company's headquarters is in Woonsocket, Rhode Island.",https://www.cvshealth.com/,,CVS Health Corporation ,2023-02-10 00:00:00,2023-04-01 00:00:00,BMK0105,S&P 500 Index,,,,,,,,Jeremy Simpson,,,,,,,CVS Health Corporation ,,,
NIKKOGSHF,Nikko AM Global Shares Hedged Fund,Nikko AM Global Shares Hedged Fund (NZD hedged),F000013WQI,Managed Funds,International equities,Open-End Fund,NZD,Active - Self described,0.0,1,,The Fund provides investors with a relatively concentrated actively managed portfolio of global equities to achieve long term capital growth hedged to the NZD.,Retail Scheme (nikkoam.co.nz),Nikko Asset Management,Nikko Asset Management,2020-12-01 00:00:00,2021-01-01 00:00:00,BMK0106,"Morningstar DM ex-Australia Large-Mid Index (Net return, NZD)",0.0007,0.0007,0.012,,0.012,0,,,,,Nikko Asset Management NZ Ltd,NZenquiries@nikkoam.com,www.nikkoam.co.nz,,Nikko Asset Management NZ Ltd,NZenquiries@nikkoam.com,www.nikkoam.co.nz,
NIKKONZC,Nikko AM NZ Cash Fund,Nikko AM NZ Cash Fund,F00000TPPK,Managed Funds,Cash and cash equivalents,Open-End Fund,NZD,Active - Self described,0.0,3,,Aims to generate income by constructing an actively managed investment portfolio of short-term deposits and bonds whilst preserving capital value.,Retail Scheme (nikkoam.co.nz),Nikko Asset Management,Nikko Asset Management,2020-12-01 00:00:00,2021-01-01 00:00:00,,,0,0,0.003,,0.003,,,,,,Nikko Asset Management NZ Ltd,NZenquiries@nikkoam.com,www.nikkoam.co.nz,,Nikko Asset Management NZ Ltd,NZenquiries@nikkoam.com,www.nikkoam.co.nz,
AMPI0137,Mercer Ethical Leaders Hedged Global Fixed Interest Index Fund (MIF PQ),Mercer Responsible Hedged Global Fixed Interest Index Fund (NZD),F000010ZRQ,Managed Funds,International fixed interest,Open-End Fund,NZD,Passive - index,0.0,3,,"The fund gives you access to a multi-manager approach to investing in global bond markets. It invests in a diversified range of international government securities, government related securities, corporate securities, asset-backed securities and hybrid securities in both developed and emerging markets around the globe, managed within a sustainable and responsible framework.",https://www.macquarieim.com/,Mercer,Mercer,2020-12-01 00:00:00,2021-01-01 00:00:00,BMK0018,Bloomberg Global Aggregate Bond Index (NZD),0.0016,0.0006,0.0046,,0.0046,0,,,,,Mercer (NZ) Ltd,clientservicecentre@ampcapital.com,www.mercer.co.nz,"Operating in Aotearoa for over 65 years, Mercer globally has over USD$500bn in assets under management.",Mercer (NZ) Ltd,clientservicecentre@ampcapital.com,www.mercer.co.nz,"Operating in Aotearoa for over 65 years, Mercer globally has over USD$500bn in assets under management."
AMPI0138,Mercer All Country Global Shares Index Fund MIF PI,Mercer All Country Global Shares Index Fund (MIF PI),F000010ZRR,Managed Funds,International equities,Open-End Fund,NZD,Passive - self described,0.0,3,,The fund is in a passively managed low tracking error portfolio managed against companies listed on the MSCI All Country World ex Tobacco Index and targets a position of being 69% gross hedged to the New Zealand dollar. The hedges are based on the currency components of the underlying index.,https://www.multimanager.mercer.co.nz/fund-facts/investments-funds.html,Mercer,Mercer,2020-12-01 00:00:00,2021-01-01 00:00:00,NA_BMK_DMEQ_0006,"MSCI ACWI Index (69% NZD hedged, Net div.)",0.0007,0.0012,0.0046,,0.0046,0,,,,,Mercer (NZ) Ltd,clientservicecentre@ampcapital.com,www.mercer.co.nz,"Operating in Aotearoa for over 65 years, Mercer globally has over USD$500bn in assets under management.",Mercer (NZ) Ltd,clientservicecentre@ampcapital.com,www.mercer.co.nz,"Operating in Aotearoa for over 65 years, Mercer globally has over USD$500bn in assets under management."
BGL0034.AU,iShares Australian Equity Index,iShares Australian Equity Index Fund,F0AUS05CT4,Managed Funds,Australasian equities,Open-End Fund,AUD,Passive - index,0.0,3,,"The Fund aims to provide investors with the performance of the market, before fees, as measured by the S&P/ASX 300 TR Index (Index). The strategy uses a full-replication approach to match the performance of the benchmark.",https://www.blackrock.com/au/intermediaries/products/investment-funds,BlackRock Australia,BlackRock Australia,2020-12-01 00:00:00,2021-01-01 00:00:00,,,0.0008,0.0008,0.002,,0.002,,,,,,BlackRock Investment Mgmt (AUS) Ltd,,www.ishares.com,"iShares funds are powered by portfolio experts BlackRock, managing over USD 10 trillion in assets worldwide.",BlackRock Investment Mgmt (AUS) Ltd,,www.ishares.com,"iShares funds are powered by portfolio experts BlackRock, managing over USD 10 trillion in assets worldwide."
BGL0083.AU,iShares Emerging Markets IMI Equity Idx,iShares Emerging Markets IMI Equity Index Fund,F00000W1NK,Managed Funds,International equities,Open-End Fund,AUD,Passive - index,0.0,6,,"The Fund aims to provide investors with the performance of the market, before fees less withholding taxes, as measured by the MSCI Emerging Markets Investible Markets Index (unhedged in Australian dollars with net dividends reinvested)",https://www.blackrock.com/au/intermediaries/products/investment-funds,BlackRock Australia,BlackRock Australia,2020-12-01 00:00:00,2021-01-01 00:00:00,,,0.003,0.0035,0.0055,,0.0055,,,,,,BlackRock Investment Mgmt (AUS) Ltd,,www.ishares.com,"iShares funds are powered by portfolio experts BlackRock, managing over USD 10 trillion in assets worldwide.",BlackRock Investment Mgmt (AUS) Ltd,,www.ishares.com,"iShares funds are powered by portfolio experts BlackRock, managing over USD 10 trillion in assets worldwide."
MINT,Mint Australasian Equity Fund,Mint Australasian Equity Fund,F0AUS072HS,Managed Funds,Australasian equities,Open-End Fund,NZD,Active - self described,0.0,3,,"This is a single asset class Fund, which typically invests in New Zealand and Australian
listed equities. Investors should expect returns and risk commensurate with the
New Zealand and Australian share markets. The Fund has an investment objective of
outperforming the S&P/NZX50 Gross Index by 3% per annum, before fees, over the medium to long-term.",https://www.mintasset.co.nz/our-funds/funds-overview/,Mint Asset Management,Mint Asset Management,2021-06-15 00:00:00,2021-08-01 00:00:00,,,,,0.0119,,0.0119,0,,,,,Mint Asset Management Ltd,simon.haworth@mintasset.co.nz,www.mintasset.co.nz,,Mint Asset Management Ltd,simon.haworth@mintasset.co.nz,www.mintasset.co.nz,
FSGLIF,First Sentier Responsible Listed Infrastructure Fund,First Sentier Responsible Listed Infrastructure Fund,F00000YBPN,Managed Funds,International equities,Open-End Fund,NZD,,0.0,2,,"The objective of the Fund is to deliver capital growth and inflation-protected income by investing in a globally diversified portfolio of infrastructure securities. The Fund aims to outperform the FTSE Global Core Infrastructure 50-50 Net Total Return Index (NZD hedged), after fees and expenses, but before investor taxes, over a rolling three year period. Currency exposure will be hedged back into New Zealand dollars using forward currency contract derivatives.",https://www.firstsentierinvestors.com/nz/en/adviser/performance/literature.html,First Sentier Investors,IIS,2021-06-15 00:00:00,2021-08-01 00:00:00,BMK0146,FTSE Global Core Infra 50/50 NR USD,0.0015,0.0015,0.0101,,0.0101,,,,,,First Sentier Investors,,www.firstsentierinvestors.com,,FundRock NZ Limited,contact@iisolutions.co.nz,,
KWLGBLESG,Kernel Global ESG,Kernel Global ESG,F00001GZNX,Managed Funds,International equities,Open-End Fund,NZD,Passive,0.0,7,,"The fund aims to provide a gross return that closely matches the return on the S&P Developed Ex-Korea LargeMidCap Net Zero 2050 Paris-Aligned ESG ex non-pharma Animal Testing (PAB Ex AT) Index. The fund is passively managed and invests in a diverse mix of globally listed companies and is designed to approximate the developed global equity market across countries and sectors. 
",https://kernelwealth.co.nz/documents,Kernel Wealth,Kernel Wealth,2023-06-28 00:00:00,2023-07-01 00:00:00,BFS_KWLGBLESG,Backfilled series: Kernel Global ESG,0,0,0.0025,0.001,0.0015,,,Chelsea Traver,,,Kernel Wealth Ltd,dean@kernelwealth.co.nz,www.kernelwealth.co.nz,"Managing over NZD $1 Billion, Kernel has been delivering index solutions specifically for New Zealanders since 2019.",Kernel Wealth Ltd,dean@kernelwealth.co.nz,www.kernelwealth.co.nz,"Managing over NZD $1 Billion, Kernel has been delivering index solutions specifically for New Zealanders since 2019."
KWLGBLESGH,Kernel Global ESG Fund (NZD),Kernel Global ESG Fund (NZD),F00001GZNY,Managed Funds,International equities,Open-End Fund,NZD,Passive,0.0,7,,The fund aims to provide a gross return that closely matches the return on the S&P Developed Ex-Korea LargeMidCap Net Zero 2050 Paris-Aligned ESG ex non-pharma Animal Testing (PAB Ex AT) (NZD Hedged) Index. The fund is passively managed and invests in a diverse mix of globally listed companies and is designed to approximate the developed global equity market across countries and sectors. ,https://kernelwealth.co.nz/documents,Kernel Wealth,Kernel Wealth,2023-06-28 00:00:00,2023-07-01 00:00:00,BFS_KWLGBLESGH,Backfilled series: Kernel Global ESG (NZD hedged),0,0,0.0025,0.001,0.0015,,,Chelsea Traver,,,Kernel Wealth Ltd,dean@kernelwealth.co.nz,www.kernelwealth.co.nz,"Managing over NZD $1 Billion, Kernel has been delivering index solutions specifically for New Zealanders since 2019.",Kernel Wealth Ltd,dean@kernelwealth.co.nz,www.kernelwealth.co.nz,"Managing over NZD $1 Billion, Kernel has been delivering index solutions specifically for New Zealanders since 2019."
ESTFF,Evidential Sustainable Targeted Factor Fund,Evidential Sustainable Targeted Factor Fund,F00001L00O,Managed Funds,International equities,Open-End Fund,NZD,Managed Funds,0.0,5,,"The Evidential Sustainable Targeted Factor Fund provides New Zealand investors with tax efficient, evidence based exposure to a broadly diversified portfolio of international small and mid capitalisation companies targeting sources of higher expected returns, whilst taking into account certain environmental and social considerations..",https://www.evidential.co.nz/documents/,DFA Australia,Evidential,2024-01-10 00:00:00,2024-04-01 00:00:00,BFS_ESTFF,Backfilled series: Evidential Sustainable Targeted Factor Fund,0.0013,0.0013,0.0062,0.0003,0.0059,,,bronwyn.murray@consilium.co.nz,,,Dimensional Fund Advisors (Australia),,www.au.dimensional.com,"Founded in 1981, utilising research from Nobel laureates, Dimensional manages over USD 1.3 trillion globally.",Consilium NZ Limited,,www.evidential.co.nz,"Issued by Consilium, the Evidential Funds are designed to provide New Zealand investors with tax effective access to outstanding global evidence based investment strategies."
PATHFINDERGWF,Pathfinder Global Water Fund,Pathfinder Global Water Fund,F00000LOWD,Managed Funds,International equities,Open-End Fund,NZD,Managed Funds,0.0,13,,"The Managed Global Water Fund seeks to achieve above-average long-term returns by investing ethically in companies involved in water quality, accessibility, and sustainability. The portfolio focuses on companies engaged in water utilities, filtration, monitoring technology, and the production of pumps, pipes, and irrigation equipment, referred to as ""Water Companies.""",https://pathfinder.kiwi/managed-funds/global-water-fund/,Pathfinder Asset Management,Pathfinder Asset Management,2024-07-31 00:00:00,2024-10-01 00:00:00,BMK0393,"Bloomberg Global Aggregate (Total Return, NZD Hedged)",0.0005,0.0005,0.013,0.0005,0.012499999999999999,,,Simon.Leach@alvarium.co.nz,,,Pathfinder Asset Management Ltd,info@pfam.co.nz,,,Pathfinder Asset Management Ltd,info@pfam.co.nz,,
PATHFINDERGRF,Pathfinder Global Responsibility Fund,Pathfinder Global Responsibility Fund,F00000ZPQT,Managed Funds,International equities,Open-End Fund,NZD,Active,0.0,2,,"The Fund invests in international equities and listed property. It achieves this 
by investing in Pathfinder’s Wholesale Responsible Investment Fund.",https://pathfinder.kiwi/managed-funds/global-responsibility-fund/,Pathfinder Asset Management,Pathfinder Asset Management,2023-12-01 00:00:00,2024-01-01 00:00:00,,,,,0.0093,,0.0093,,,Joel Radical investment,,,Pathfinder Asset Management Ltd,info@pfam.co.nz,,,Pathfinder Asset Management Ltd,info@pfam.co.nz,,
HARSIM,Harbour Sustainable Impact Fund,Harbour Sustainable Impact Fund,F00001DBXX,Managed Funds,Other,Open-End Fund,NZD,Active - Self described,0.0,5,,"The Fund is designed to provide investors with exposure to a diversified range of global and domestic investments which make a positive environmental or social impact. All investments are assessed against the United Nations Sustainable Development Goals (SDGs). The Fund invests approximately 60% in growth assets such as impact global and domestic public and private equities and approximately 40% into more defensive assets, predominantly impact and green bonds that meet our research criteria. The Manager will use active management to enhance returns and manage downside risks.",https://www.harbourasset.co.nz/our-funds/sustainable-impact-fund/,Harbour,Harbour,2023-08-03 00:00:00,2023-10-01 00:00:00,BFS_HARSIM_TEMP,Backfill: Harbour Sustainable Impact Fund,,,0.012,0.003,0.009000000000000001,,,Chelsea Traver,,,Harbour Asset Management Ltd,contactus@harbourasset.co.nz,www.harbourasset.co.nz,An experienced New Zealand based investment manager with more than NZD 7 billion in assets under management.,Harbour Asset Management Ltd,contactus@harbourasset.co.nz,www.harbourasset.co.nz,An experienced New Zealand based investment manager with more than NZD 7 billion in assets under management.
DFSU.US,Dimensional US Sustainability Core ETF ,Dimensional US Sustainability Core ETF ,F00001DQ79,Listed Securities,International equities,Exchange-Traded Fund,USD,Hybrid-Index and tilts,0.0,5,,"The Portfolio is designed to purchase a broad and diverse group of securities of U.S. companies. The Portfolio invests in companies of all sizes, with increased exposure to smaller capitalization, lower relative price, and higher profitability companies as compared to their representation in the U.S. Universe, while adjusting the composition of the Portfolio based on sustainability impact considerations. ",https://www.dimensional.com/us-en/funds/dfsu/us-sustainability-core-1-etf,DFA,DFA,2023-10-20 00:00:00,2024-01-01 00:00:00,,,,,0.0018,,0.0018,,,Chelsea.Traver,,New York Stock Exchange,Dimensional Fund Advisors LP,,,,Dimensional Fund Advisors LP,,,
NIKKOAGS,"Nikko AM Global Shares Fund
","Nikko AM Global Shares Fund
",F000010E2Z,Managed Funds,International equities,Open-End Fund,NZD,Active - Self described,0.0,1,,This fund aims to provide investors with a relatively concentrated actively managed investment portfolio of global equities to achieve long term capital growth.,https://www.nikkoam.co.nz/,Nikko Asset Management,Nikko Asset Management,2023-04-01 00:00:00,2023-07-01 00:00:00,,,0.0007,0.0007,0.012,,0.012,,,Ben Brinkerhoff,,,Nikko Asset Management NZ Ltd,NZenquiries@nikkoam.com,www.nikkoam.co.nz,,Nikko Asset Management NZ Ltd,NZenquiries@nikkoam.com,www.nikkoam.co.nz,
HGI4648.AU,Janus Henderson Global Multi-Strategy,Janus Henderson Global Multi-Strategy,F000015C8G,Managed Funds,Other,Open-End Fund,AUD,Active - Self described,0.0,8,"The performance fee is calculated as 20% of the Fund's daily outperformance of the Current Day NAV per Unit relative to the Hurdle and the previous day NAV, subject to the High Water Mark.","The Fund is designed to provide positive absolute returns, with low to moderate volatility and low correlation to both traditional and alternative asset classes. The Fund invests in a diversified set of strategies at a bottom-up level, including convertible arbitrage, event driven, price pressure, risk transfer and equity market neutral, combined with a top-down protection strategy.",https://www.janushenderson.com/en-au/investor/documents/?document_title=global+multi,Janus Henderson Investors ,Janus Henderson Investors ,2023-04-01 00:00:00,2023-10-01 00:00:00,BFS_HGI4648.AU_TEMP,Backfill: Janus Henderson Multi-Strategy,0,0,0.0099,,0.0099,0,,Ben Brinkerhoff,,,Janus Henderson Investors Ltd,support@henderson.com,,,Janus Henderson Investors Ltd,support@henderson.com,,
MAN0017.AU,Man AHL Alpha (AUD) B,Man AHL Alpha (AUD) Class B,F00000Y96J,Managed Funds,Other,Open-End Fund,AUD,Active - self described,0.0,7,"The Fund itself does not charge a performance fee. However, the Underlying Fund charges a performance fee of up to 25% of any outperformance, net of management fee and subject to any previous high-water mark. ","The Fund aims to generate medium to long term returns primarily by identifying and taking advantage of upward and downward price trends through a varied portfolio of investments which may include trading in futures, options, forward contracts, contracts for difference, equities, debt, swaps and other derivatives, both on and off exchange, using the AHL Alpha Program.",https://www.man.com/products/man-ahl-alpha-aud-class-b-aud,Man Investments,Man Investments,2023-04-24 00:00:00,2023-07-01 00:00:00,,,0,0,0.008,,0.008,0,,ben.brinkerhoff@consilium.co.nz,,,Man Investments Australia Limited,,https://www.man.com/,,Man Investments Australia Limited,,https://www.man.com/,
QLD.US,ProShares Ultra QQQ,ProShares Ultra QQQ,FEUSA04AGC,Listed Securities,International equities,Exchange-Traded Fund,USD,Passive - Index (Leveraged),0.0,5,,"ProShares Ultra QQQ seeks daily investment results, before fees and expenses, that correspond to two times (2x) the daily performance of the Nasdaq-100 Index.",https://www.proshares.com/our-etfs/leveraged-and-inverse/qld,ProShares,ProShares,2023-05-09 00:00:00,2023-07-01 00:00:00,,,,,0.0095,,0.0095,,,Joel Robinson,,New York Stock Exchange,ProShares,,www.proshares.com/,,ProShares,,www.proshares.com/,
SAA.US,ProShares Ultra SmallCap 600,ProShares Ultra SmallCap600,FOUSA069P1,Listed Securities,International equities,Exchange-Traded Fund,USD,Passive - Index (Leveraged),0.0,5,,"ProShares Ultra SmallCap600 seeks daily investment results, before fees and expenses, that correspond to two times (2x) the daily performance of the S&P SmallCap 600.",https://www.proshares.com/our-etfs/leveraged-and-inverse/saa,ProShares,ProShares,2023-05-09 00:00:00,2023-07-01 00:00:00,,,,,0.0095,,0.0095,,,Joel Robinson,,New York Stock Exchange,ProShares,,www.proshares.com/,,ProShares,,www.proshares.com/,
QUAYFI,"QuayStreet AM Fixed Interest Fund
",QuayStreet Fixed Interest Fund,F000013I0D,Managed Funds,International fixed interest,Open-End Fund,NZD,Active - Self described,0.0,10,,"A diversified portfolio of fixed interest and derivative investments 
with an emphasis on corporate bonds. The Fund targets investment 
grade securities which may be spread across multiple issuers, 
sectors, maturities and regions to provide an appropriate level of 
risk diversification. International investments are hedged back to NZ 
dollars. ",https://quaystreet.com/our-funds/fixed-interest-fund,QuayStreet Asset Management,QuayStreet Asset Management,2023-07-06 00:00:00,2023-10-01 00:00:00,,,,,0.0076,0.002,0.0056,,,Nathan Jolly,,,QuayStreet Asset Management Ltd,info@quaystreet.com,,,QuayStreet Asset Management Ltd,info@quaystreet.com,,
BNT0101.AU,"Hyperion Small Growth Companies
",Hyperion Small Growth Companies Fund,F0AUS05CNA,Managed Funds,Australasian equities,Open-End Fund,AUD,Active - Self described,0.0,7,"If applicable, a performance fee of 15% of the Fund’s outperformance (net of management fees) relative to its Benchmark return, multiplied by the NAV of the Fund. ","Hyperion is a high conviction growth style manager that specialises in identifying and investing in high-quality Australian and Global equities. The Fund invests primarily in Australian listed companies excluded from the S&P/ASX 100 Index at the time of initial investment and will also have some exposure to cash. Typically, the Fund is highly concentrated with 15-30 stocks.",https://www.hyperion.com.au/funds/hyperion-small-growth-companies-fund/,Hyperion,Hyperion,2023-07-30 00:00:00,2023-10-01 00:00:00,,,0.003,0.003,0.0125,,0.0125,,,Nathan Jolly,,,Hyperion Asset Management Ltd,,,,Hyperion Asset Management Ltd,,,
DFSB.US,Dimensional Global Sustainability Fixed Income ETF,"Dimensional Global Sustainability Fixed Income ETF
",F00001DQ7C,Listed Securities,International fixed interest,Exchange-Traded Fund,USD,Hybrid - index and tilts,0.0,5,,"The investment objective of the Fund is to seek to maximize total returns from the universe of debt securities in which the Portfolio invests. Total return is comprised of income and capital appreciation. The Fund invests in a broad portfolio of investment grade debt securities of U.S. and non-U.S. corporate and government issuers, including mortgage-backed securities, while excluding or underweighting securities of corporate and certain non-sovereign government issuers based upon the Portfolio’s sustainability impact considerations. ",https://www.dimensional.com/us-en/funds/dfsb/global-sustainability-fixed-income-etf,DFA,DFA,2023-08-03 00:00:00,2023-10-01 00:00:00,BMK0162,"Bloomberg US Aggregate Bond (Total return, USD)",,,0.0024,,0.0024,0,,Chelsea Traver,,New York Stock Exchange,Dimensional Fund Advisors LP,,,,Dimensional Fund Advisors LP,,,
MXT.AU,Metrics Master Income Trust,Metrics Master Income Trust,F00000ZL81,Managed Funds,International fixed interest,Open-End Fund,AUD,Active - Self described,0.0,5,Metrics is entitled to a performance related fee of an amount equal to 15% of the difference between the return on each unit in the relevant fund and the hurdle applicable to that fund.,"The Trust’s Investment Objective is to provide monthly cash income, low risk of capital loss and portfolio diversification by gaining exposure to actively managed diversified loan portfolios and participating in Australia’s bank-dominated corporate loan market. The Manager seeks to implement active strategies designed to balance delivery of the Target Return, while seeking to preserve investor capital.",https://metrics.com.au/listed-funds/metrics-master-income-trust/,Metrics,Metrics,2023-08-09 00:00:00,2023-10-01 00:00:00,,,,,0.0060999999999999995,,0.0060999999999999995,,,Samantha Ellis,,,Metrics Credit Partners Pty Ltd,invest@metrics.com.au,https://metrics.com.au/,,Metrics Credit Partners Pty Ltd,invest@metrics.com.au,https://metrics.com.au/,
ENZL.US,iShares MSCI New Zealand Capped ETF,iShares MSCI New Zealand ETF,F000005Q7U,Listed Securities,Australasian equities,Exchange-Traded Fund,USD,Passive,0.0,5,,"The iShares MSCI New Zealand ETF seeks to track the investment results of the MSCI New Zealand IMI 25/50 Index, which is a free float-adjusted market capitalization-weighted index that is designed to measure the performance of the large-, mid- and small capitalization segments of the equity market in New Zealand.",https://www.ishares.com/us/products/239672/ishares-msci-new-zealand-capped-etf,BlackRock,BlackRock,2023-08-03 00:00:00,2023-10-01 00:00:00,,,0,0,0.005,,0.005,,,Chelsea Traver,,Nasdaq Stock Market,BlackRock Inc,isharesetfs@blackrock.com,www.ishares.com,iShares funds are powered by the expert portfolio and risk management of BlackRock. BlackRock managed over USD 11 trillion in assets on behalf of investors worldwide.,BlackRock Inc,isharesetfs@blackrock.com,www.ishares.com,iShares funds are powered by the expert portfolio and risk management of BlackRock. BlackRock managed over USD 11 trillion in assets on behalf of investors worldwide.
DEVONAGSBF,Devon Artesian Green & Sustainable Bond Fund (NZD),Devon Artesian Green & Sustainable Bond Fund (NZD),F00001GHDH,Managed Funds,International fixed interest,Open-End Fund,NZD,Active - Self described,0.0,10,,"The strategy for the Fund is to invest in a diversified portfolio of Australian and international Green, Social and Sustainable Bonds that have been screened in accordance with Artesian’s screening processes. The Fund obtains this exposure through investment in the Artesian Green and Sustainable Bond Fund (AUD) managed by Artesian Corporate Bond Pty Ltd.",https://devonfunds.co.nz/devon-funds-product-disclosure-statement,Devon Funds,Devon Funds,2023-08-03 00:00:00,2023-10-01 00:00:00,BMK0312,Bloomberg AusBond Composite 0+ Yr Index,0,0,0.0059,,0.0059,,,Chelsea Traver,,,Devon Funds Management,,https://devonfunds.co.nz/,,Devon Funds Management,,https://devonfunds.co.nz/,
BETASHARESNZFAIR,Betashares Australian Sustainability Leaders Fund,"BetaShares Australian Sustainability Leaders PIE fund
",F00000ZU42,Managed Funds,Australasian equities,Open-End Fund,NZD,Passive,0.0,5,,The Fund aims to track the performance of the Nasdaq Future Australian Sustainability Leaders Index that includes Australian companies that have passed screens to exclude companies with direct or significant exposure to fossil fuels or engaged in activities deemed inconsistent with responsible investment considerations.,https://www.betashares.co.nz/fund/australian-sustainability-leaders/,BetaShares,BetaShares,2023-08-14 00:00:00,2023-10-01 00:00:00,,,0.0006,0.0006,0.0067,,0.0067,,,Chelsea Traver,,,BetaShares Capital Ltd,,,,BetaShares Capital Ltd,,,
OIH.US,VanEck Vectors Oil Services ETF,VanEck Oil Services ETF,F00000MVJ8,Listed Securities,International equities,Exchange-Traded Fund,USD,Passive,0.0,5,,"The Fund seeks to replicate as closely as possible, before fees and expenses, the price and yield performance of the MVIS US Listed Oil Services 25 Index (MVOIHTR), which is intended to track the overall performance of U.S. listed companies involved in oil services to the upstream oil sector, which include oil equipment, oil services, or oil drilling.",https://www.vaneck.com/us/en/investments/oil-services-etf-oih/overview/,VanEck,VanEck,2023-08-18 00:00:00,2023-10-01 00:00:00,,,,,0.0034999999999999996,,0.0034999999999999996,,,Philip Stevenson,,New York Stock Exchange,VanEck,,,,VanEck,,,
HGI1794.AU,Janus Henderson Global Multi-Strat Instl,Janus Henderson Global Multi-Strategy Fund - Institutional,F000016KY5,Managed Funds,Other,Open-End Fund,AUD,Active - Self described,0.0,10,"20% p.a. of the Fund’s daily outperformance of the Current Day NAV per Unit relative to the Hurdle and the previous day NAV,subject to the High Water Mark.","The Fund seeks to provide positive absolute returns with low to moderate volatility and low correlation to both traditional and alternative asset classes. A typical investor will invest into this Fund to seek an absolute return through global markets and specifically through a global multi-strategy fund. We invest in a diversified set of strategies at a bottom-up level, including convertible arbitrage, event-driven, price pressure, risk transfer and equity market neutral, combined with a top-down portfolio protection strategy. ",https://www.janushenderson.com/en-au/investor/product/janus-henderson-global-multi-strategy-fund/,Janus Henderson Investors ,Janus Henderson Investors ,2023-08-29 00:00:00,2023-10-01 00:00:00,BFS_HGI4648.AU_TEMP,Backfill: Janus Henderson Multi-Strategy,,,0.0079,,0.0079,0,,Chris Douglas,,,Janus Henderson Investors Ltd,support@henderson.com,,,Janus Henderson Investors Ltd,support@henderson.com,,
BITO.US,ProShares Bitcoin Strategy ETF,ProShares Bitcoin Strategy ETF,STUSA09598,Listed Securities,Other,Exchange-Traded Fund,USD,Passive,0.0,5,,"The Fund aims to produce returns that correspond to bitcoin. There can be no assurance that the Fund will achieve its investment objective. The Fund seeks to provide capital appreciation primarily through managed exposure to bitcoin futures contracts. The Fund does not invest directly in bitcoin and may also invest in other instruments.
",https://www.proshares.com/our-etfs/strategic/bito,ProShares,ProShares,2023-09-05 00:00:00,2023-10-01 00:00:00,BFS_BITO.US,Backfill: ProShares Bitcoin Strategy ETF,,,0.0095,,0.0095,,,Adam Stewart,,New York Stock Exchange,ProShares,,www.proshares.com/,,ProShares,,www.proshares.com/,
SMCI.US,Super Micro Computer Inc,"Super Micro Computer Inc
",0P000086IX,Listed Securities,International equities,Stock,USD,,0.0,5,,"Super Micro Computer, Inc., is an information technology company based in San Jose, California. It has manufacturing operations in the Silicon Valley, the Netherlands and at its Science and Technology Park in Taiwan. Founded on November 1, 1993, Supermicro is a provider of high-performance and high-efficiency servers, server management softwares, and storage systems for various markets, including enterprise data centers, cloud computing, artificial intelligence, 5G and edge computing.",https://www.supermicro.com/en/home,,Supermicro,2023-09-05 00:00:00,2023-10-01 00:00:00,,,,,,,,,,Adam Stewart,,,,,,,"Super Micro Computer, Inc.",,https://www.supermicro.com/en/home,"Super Micro Computer, Inc., dba Supermicro, is an information technology company based in San Jose, California."
KWLCSHPLS,Kernel Cash Plus Fund,Kernel Cash Plus Fund,F00001EVGQ,Managed Funds,Cash and cash equivalents,Open-End Fund,NZD,Active - Self described,0.0,7,,"The Fund is actively managed and aims to achieve returns comparable to the Bloomberg NZ Bond Bank Bill Index by investing in cash, selected cash equivalents, and selected short-term New Zealand fixed interest-bearing assets. These kinds of investments will typically be stable in value but may have short periods of negative performance.",https://kernelwealth.co.nz/documents,Kernel Wealth,Kernel Wealth,2023-09-18 00:00:00,2023-10-01 00:00:00,BFS_KWLCSHPLS,Backfill: Kernel Cash Plus Fund,,,0.0025,,0.0025,,,Samantha Ellis,,,Kernel Wealth Ltd,dean@kernelwealth.co.nz,www.kernelwealth.co.nz,"Managing over NZD $1 Billion, Kernel has been delivering index solutions specifically for New Zealanders since 2019.",Kernel Wealth Ltd,dean@kernelwealth.co.nz,www.kernelwealth.co.nz,"Managing over NZD $1 Billion, Kernel has been delivering index solutions specifically for New Zealanders since 2019."
SKUGSF,Simplicity Unhedged Global Share Fund,Simplicity Unhedged Global Share Fund,F00001GOQL,Managed Funds,International equities,Open-End Fund,NZD,Passive-Index,0.0,3,,"The Unhedged Global Share Fund invests in shares across developed markets, designed to generate a return similar to 
the performance of the Bloomberg DM ex NZ ESG Screened Index (unhedged) and to be the unhedged International 
shares component of a diversified investment portfolio.",https://simplicitykiwi-assets.s3-accelerate.amazonaws.com/public/Uploads/1fdf176433/Product-Disclosure-Statement-Simplicity-Investment-Funds-27-October-2023.pdf,Simplicity,Simplicity,2023-10-20 00:00:00,2024-01-01 00:00:00,,,0,0,0.0015,,0.0015,,,Vivecca Robinson,,,Simplicity (NZ) Ltd,,www.simplicity.kiwi,,Simplicity (NZ) Ltd,,www.simplicity.kiwi,
SKHGSF,Simplicity Hedged Global Share Fund,Simplicity Hedged Global Share Fund,F00001GOQH,Managed Funds,International equities,Open-End Fund,NZD,Passive-Index,0.0,3,,"The Hedged Global Share Fund invests in shares across developed markets, designed to generate a return similar to the 
performance of the Bloomberg DM ex NZ ESG Screened index (NZD hedged) and to be the hedged International shares 
component of a diversified investment portfolio.",https://simplicitykiwi-assets.s3-accelerate.amazonaws.com/public/Uploads/1fdf176433/Product-Disclosure-Statement-Simplicity-Investment-Funds-27-October-2023.pdf,Simplicity,Simplicity,2023-10-20 00:00:00,2024-01-01 00:00:00,,,0,0,0.0015,,0.0015,,,Vivecca Robinson,,,Simplicity (NZ) Ltd,,www.simplicity.kiwi,,Simplicity (NZ) Ltd,,www.simplicity.kiwi,
SKGBHF,Simplicity Hedged Global Bond Fund,Simplicity Hedged Global Bond Fund,F00001GOQI,Managed Funds,International fixed interest,Open-End Fund,NZD,Passive-Index,0.0,3,,"The Hedged Global Bond Fund invests mostly in government bonds in developed markets, designed to generate a return 
similar to the performance of the Bloomberg MSCI Global Aggregate SRI Exclusions Float Adjusted Index (hedged into 
New Zealand dollars) and to be the hedged global bond component of a diversified investment portfolio",https://simplicitykiwi-assets.s3-accelerate.amazonaws.com/public/Uploads/1fdf176433/Product-Disclosure-Statement-Simplicity-Investment-Funds-27-October-2023.pdf,Simplicity,Simplicity,2023-10-20 00:00:00,2024-01-01 00:00:00,,,0,0,0.0015,,0.0015,,,Vivecca Robinson,,,Simplicity (NZ) Ltd,,www.simplicity.kiwi,,Simplicity (NZ) Ltd,,www.simplicity.kiwi,
BENGIPIE,Bentham Global Income PIE fund,Bentham Global Income PIE fund,F00001FE4L,Managed Funds,International fixed interest,Open-End Fund,NZD,"The fund provides exposure to an actively managed, diversified portfolio which invests in global credit
markets",0.0,8,,"The fund aims to generate income with some potential for capital growth over the medium to long
term. The fund aims to outperform its composite benchmark (50% Bloomberg AusBond Composite Bond
Index hedged to the New Zealand dollar, 50% Bloomberg AusBond Bank Bill Index, hedged to the New
Zealand dollar) over the suggested minimum investment timeframe (typically 3 years).",https://www.benthamam.com.au/how-to-apply/how-to-apply/bentham-global-income-fund/,Bentham Asset Management,IIS,2023-09-28 00:00:00,2024-01-01 00:00:00,,,0.0023,0.0023,0.0083,,0.0083,0,,Nicole Prothero,,,Bentham Asset Management,,www.benthamam.com.au,,FundRock NZ Limited,contact@iisolutions.co.nz,,
SSGCPFH,Schroder Sustainable Global Core PIE Fund (Hedged),Schroder Sustainable Global Core PIE Fund (Hedged),F00001I9CB,Managed Funds,International equities,Open-End Fund,NZD,Active-Index,0.0,5,,The investment objective of the Fund is to outperform relative to the MSCI World ex Tobacco Index (net dividends reinvested) (Hedged) after fees with low indexrelative risk across a broad range of market environments.,https://www.fundrock.com/fundrock-new-zealand-funds/schroder-sustainable-global-core-pie-fund-hedged/,Schroder,IIS,2023-09-28 00:00:00,2024-01-01 00:00:00,,,0.0015,0.001,0.0039,,0.0039,,,Nicole Prothero,,,Schroder Investment Management,"Mike Ruetsch <Mike@heathcoteinvestment.com>, Simon Mead <Simon.Mead@schroders.com>",https://www.schroders.com/en/global/individual/,"Mike from Heathcote Investment Partners, represents Schroders in NZ. Simon from Schroders Australia, he provide the minimum investment waiver. ",FundRock NZ Limited,contact@iisolutions.co.nz,,
SSGCPFU,Schroder Sustainable Global Core PIE Fund,Schroder Sustainable Global Core PIE Fund,F00001I9CA,Managed Funds,International equities,Open-End Fund,NZD,Active-Index,0.0,,,"The investment objective of the Fund is to outperform relative to the MSCI World 
ex Tobacco Index (net dividends reinvested) after fees with low index-relative 
risk across a broad range of market environments. ",https://www.fundrock.com/fundrock-new-zealand-funds/schroder-sustainable-global-core-pie-fund-hedged/,Schroder,IIS,2023-12-07 00:00:00,2024-01-01 00:00:00,,,0.0015,0.001,0.0039,,0.0039,,,Dayle Engelbrecht,,,Schroder Investment Management,"Mike Ruetsch <Mike@heathcoteinvestment.com>, Simon Mead <Simon.Mead@schroders.com>",https://www.schroders.com/en/global/individual/,"Mike from Heathcote Investment Partners, represents Schroders in NZ. Simon from Schroders Australia, he provide the minimum investment waiver. ",FundRock NZ Limited,contact@iisolutions.co.nz,,
LLY.US,Eli Lilly & Co,Eli Lilly & Co,,Listed Securities,International equities,Stock,USD,,0.0,5,,"Eli Lilly and Company is an American pharmaceutical company headquartered in Indianapolis, Indiana, with offices in 18 countries. Its products are sold in approximately 125 countries.",https://www.lilly.com/,,Eli Lilly & Co,2023-11-02 00:00:00,2024-01-01 00:00:00,,,,,,,,,,Joel Radical Investment,,,,,,,Eli Lilly & Co,,,
CSU.CN,Constellation Software Inc,Constellation Software Inc,,Listed Securities,International equities,Stock,CAD,,0.0,,,"Constellation Software is a Canadian diversified software company. It is based in Toronto, Canada, is listed on the Toronto Stock Exchange, and is a constituent of the S&P/TSX 60.The company's business strategy is to acquire software companies, and then hold them for the long term.",https://www.csisoftware.com/,,Constellation Software Inc,2023-11-16 00:00:00,2024-01-01 00:00:00,,,,,,,,,,Kate Brookes,,,,,,,Constellation Software Inc,,,
COIN.US,Coinbase Global Inc,Coinbase Global Inc,,Listed Securities,International equities,Stock,USD,,0.0,,,"Coinbase Global, Inc., branded Coinbase, is an American publicly traded company that operates a cryptocurrency exchange platform. Coinbase is a distributed company; all employees operate via remote work. It is the largest cryptocurrency exchange in the United States by trading volume",https://www.coinbase.com/about,,Coinbase Global Inc,2023-12-11 00:00:00,2024-01-01 00:00:00,BFS_COIN.US,Backfill: Coinbase Global Inc,,,,,,,,Adam Compound wealth,,,,,,,Coinbase Global Inc,,,
CLSK.US,Cleanspark Inc,Cleanspark Inc,,Listed Securities,International equities,Stock,USD,,0.0,,,"CleanSpark responsibly develops infrastructure for Bitcoin, an essential tool for financial independence and inclusion. We strive to leave the planet better than we found it by investing in communities that source low-carbon energy, like wind, solar, nuclear, and hydro.",https://www.cleanspark.com/,,CleanSpark Inc,2023-12-11 00:00:00,2024-01-01 00:00:00,,,,,,,,,,Adam Compound wealth,,,,,,,CleanSpark Inc,,,
DIMAUS,Dimensional Australian Sustainability PIE Fund,Dimensional Australian Sustainability PIE Fund,F00001H22B,Managed Funds,Australasian equities,Open-End Fund,NZD,,0.0,,,The investment objective of the Fund is to provide long-term capital growth by gaining exposure to a diversified portfolio of securities listed in Australia with increased emphasis on higher expected return securities. The fund also targets non-financial factors to meet sustainability goals.,https://www.fundrock.com/fundrock-new-zealand/frnz-documents-and-reporting/,DFA Australia,IIS,2024-03-01 00:00:00,2024-04-01 00:00:00,BFS_DIMAUS,Backfill: Dimensional Australian Sustainability PIE Fund,0.0008,0.0008,0.0034999999999999996,,0.0034999999999999996,,,marlene@quartzwealth.co.nz,,,Dimensional Fund Advisors (Australia),,www.au.dimensional.com,"Founded in 1981, utilising research from Nobel laureates, Dimensional manages over USD 1.3 trillion globally.",FundRock NZ Limited,contact@iisolutions.co.nz,,
ARKB.US,ARK 21Shares Bitcoin ETF,ARK 21Shares Bitcoin ETF,F00001IWSY,Listed Securities,Other,Exchange-Traded Fund,USD,Listed Securities,0.0,,,"ARKB seeks to track the performance of bitcoin, as measured by the performance of the CME CF Bitcoin Reference Rate, adjusted for the Trust’s expense’s and other liabilities.",https://ark-funds.com/funds/arkb/,21Shares,21Shares,2024-01-22 00:00:00,2024-04-01 00:00:00,,,,,0.0021,,0.0021,,,joel@radicalinvestment.co.nz,,,21Shares US LLC,,https://21shares.com/,,21Shares US LLC,,https://21shares.com/,
IBIT.US,iShares Bitcoin Trust ETF,iShares Bitcoin Trust ETF,F00001IWSZ,Listed Securities,Other,Exchange-Traded Fund,USD,Listed Securities (ETF),0.0,,,"IBIT is an ETF that directly invests in Bitcoin, offering investors exposure to the digital asset without the challenges of holding it directly.",https://www.ishares.com/us/products/333011/ishares-bitcoin-trust,BlackRock,BlackRock,2024-01-22 00:00:00,2024-04-01 00:00:00,BTC,Bitcoin,,,0.0025,,0.0025,,,joel@radicalinvestment.co.nz,,Nasdaq Stock Market,BlackRock Inc,isharesetfs@blackrock.com,www.ishares.com,iShares funds are powered by the expert portfolio and risk management of BlackRock. BlackRock managed over USD 11 trillion in assets on behalf of investors worldwide.,BlackRock Inc,isharesetfs@blackrock.com,www.ishares.com,iShares funds are powered by the expert portfolio and risk management of BlackRock. BlackRock managed over USD 11 trillion in assets on behalf of investors worldwide.
FBTC.US,Fidelity Wise Origin Bitcoin fund,Fidelity Wise Origin Bitcoin fund,F00001IW2F,Listed Securities,Other,Exchange-Traded Fund,USD,Listed Securities,0.0,,,FBTC is an exchange-traded product that seeks to track the performance of bitcoin. FBTC provides investors with the opportunity to gain exposure to the price of bitcoin in a familiar investment structure that passively invests in bitcoin.,https://institutional.fidelity.com/advisors/investment-solutions/asset-classes/alternatives/fidelity-wise-origin-bitcoin-fund,Fidelity,Fidelity,2024-01-31 00:00:00,2024-04-01 00:00:00,,,,,0.0025,,0.0025,,,joel@radicalinvestment.co.nz,,,Fidelity Investments,,https://www.fidelity.com/,"Fidelity Investments, commonly referred to as Fidelity, earlier as Fidelity Management & Research or FMR, is an American multinational financial services corporation based in Boston, Massachusetts.",Fidelity Investments,,https://www.fidelity.com/,"Fidelity Investments, commonly referred to as Fidelity, earlier as Fidelity Management & Research or FMR, is an American multinational financial services corporation based in Boston, Massachusetts."
AETH.US,Bitwise Ethereum Strategy ETF,Bitwise Ethereum Strategy ETF,F00001FX3K,Listed Securities,Other,Exchange-Traded Fund,USD,,0.0,,,"AETH provides Ethereum-linked exposure in a traditional, regulated ETF, backed by the specialized expertise and nationwide presence of the Bitwise team. The fund invests in CME Ethereum futures. The fund does not invest directly in Ethereum.",https://aethetf.com/materials,Bitwise,Bitwise,2024-02-16 00:00:00,2024-04-01 00:00:00,,,,,0.009,,0.009,,,adam@compoundwealth.co.nz,,New York Stock Exchange,Bitwise Investments,,https://bitwiseinvestments.com/,Bitwise Asset Management is the largest crypto index fund manager in America. ,Bitwise Investments,,https://bitwiseinvestments.com/,Bitwise Asset Management is the largest crypto index fund manager in America. 
HHI.LN,Henderson High Income,Henderson High Income Trust PLC,E0GBR00QXE,Listed Securities,Other,Closed-End Fund,GBP,,0.0,,,"The Company invests in a prudently diversified selection of both well-known and smaller companies to provide investors with a high dividend income stream while also maintaining the prospect of capital growth. By balancing equities and bonds, the trust aims to provide a dependable high source of income while also allowing for capital growth.",https://www.janushenderson.com/en-gb/uk-investment-trusts/trust/henderson-high-income-trust-plc/documents/,Janus Henderson Investors ,Janus Henderson Investors ,2024-02-29 00:00:00,2024-04-01 00:00:00,,,,,0.0086,,0.0086,,,bronwyn.muuray@consilum.co.nz,,London Stock Exchange,Janus Henderson Investors Ltd,support@henderson.com,,,Janus Henderson Investors Ltd,support@henderson.com,,
BETASHARESNZA200,Betashares Australia 200 Fund,Betashares Australia 200 Fund,F00001GLTE,Managed Funds,Australasian equities,Open-End Fund,NZD,,0.0,,,"AUS 200 aims to provide an investment return that tracks the performance of the Solactive Australia 200 Index, before taking into account fees and expenses.",https://www.betashares.co.nz/fund/australia-200/,BetaShares,BetaShares,2024-03-01 00:00:00,2024-04-01 00:00:00,BMK0235,"Solactive Australia 200 (Total return, AUD)",0.0003,0.0003,0.0023,,0.0023,,,marlene@quartzwealth.co.nz,,,BetaShares Capital Ltd,,,,BetaShares Capital Ltd,,,
BITB.US,Bitwise Bitcoin ETF,Bitwise Bitcoin ETF,F00001IWT2,Listed Securities,Other,Exchange-Traded Fund,USD,,0.0,,,"BITB allows investors to gain low-cost exposure to bitcoin through a traditional, professionally managed ETF. This may avoid the cost, complexity, and custody concerns of owning bitcoin directly.",https://bitbetf.com/,Bitwise,Bitwise,2024-03-05 00:00:00,2024-04-01 00:00:00,,,,,0.002,,0.002,,,joel@radicalinvestment.co.nz,,New York Stock Exchange,Bitwise Investments,,https://bitwiseinvestments.com/,Bitwise Asset Management is the largest crypto index fund manager in America. ,Bitwise Investments,,https://bitwiseinvestments.com/,Bitwise Asset Management is the largest crypto index fund manager in America. 
IFT320,Infratil FRN 5.93% 15/06/2026 (R),Infratil FRN 5.93% 15/06/2026 (R),,Direct bonds and term deposits,New Zealand fixed interest,Bond,,,0.0,,,"Infratil is an infrastructure investment company. It owns renewable energy, digital infrastructure, airports, and healthcare assets with operations in New Zealand, Australia, Asia, the US and Europe.",https://infratil.com/for-investors/our-bonds/,,Infratil,2024-03-13 00:00:00,2024-04-01 00:00:00,BMK0044,S&P/NZX A-Grade Corporate Bond Index,,,,,,,,tim@fortitudefinancial.co.nz,2030-06-15 00:00:00,,,,,,Infratil Ltd,,,
IFT330,Infratil Ltd 6.90% 31/07/2029,Infratil Ltd 6.90% 31/07/2029,,Direct bonds and term deposits,New Zealand fixed interest,Bond,,,0.0,,,"Infratil is an infrastructure investment company. It owns renewable energy, digital infrastructure, airports, and healthcare assets with operations in New Zealand, Australia, Asia, the US and Europe.",https://infratil.com/for-investors/our-bonds/,,Infratil,2024-03-13 00:00:00,2024-04-01 00:00:00,BMK0044,S&P/NZX A-Grade Corporate Bond Index,,,,,,,,tim@fortitudefinancial.co.nz,2029-07-31 00:00:00,,,,,,Infratil Ltd,,,
BNZ160,Bank of New Zealand 4.985% 07/06/2027,Bank of New Zealand 4.985% 07/06/2027,,Direct bonds and term deposits,New Zealand fixed interest,Bond,,,0.0,5,,"Bank of New Zealand (BNZ) provides banking services. The Bank offers saving and current account, investment advisory, online banking, mortgage and non-mortgage loan facilities, credit card, and other financial services. BNZ serves customers in New Zealand.",https://www.bnz.co.nz/about-us/governance/financials,,BNZ,2024-03-13 00:00:00,2024-04-01 00:00:00,BMK0044,S&P/NZX A-Grade Corporate Bond Index,,,,,,,,tim@fortitudefinancial.co.nz,2027-06-07 00:00:00,,,,,,Bank of New Zealand,,,
BNZ170,Bank of New Zealand 5.536% 25/05/2028,Bank of New Zealand 5.536% 25/05/2028,,Direct bonds and term deposits,New Zealand fixed interest,Bond,,,0.0,5,,"Bank of New Zealand (BNZ) provides banking services. The Bank offers saving and current account, investment advisory, online banking, mortgage and non-mortgage loan facilities, credit card, and other financial services. BNZ serves customers in New Zealand.",https://www.bnz.co.nz/about-us/governance/financials,,BNZ,2024-03-13 00:00:00,2024-04-01 00:00:00,BMK0044,S&P/NZX A-Grade Corporate Bond Index,,,,,,,,tim@fortitudefinancial.co.nz,2028-05-25 00:00:00,,,,,,Bank of New Zealand,,,
BNZ180,Bank of New Zealand 5.872% 01/09/2028,Bank of New Zealand 5.872% 01/09/2028,,Direct bonds and term deposits,New Zealand fixed interest,Bond,,,0.0,5,,"Bank of New Zealand (BNZ) provides banking services. The Bank offers saving and current account, investment advisory, online banking, mortgage and non-mortgage loan facilities, credit card, and other financial services. BNZ serves customers in New Zealand.",https://www.bnz.co.nz/about-us/governance/financials,,BNZ,2024-03-13 00:00:00,2024-04-01 00:00:00,BMK0044,S&P/NZX A-Grade Corporate Bond Index,,,,,,,,tim@fortitudefinancial.co.nz,2028-09-01 00:00:00,,,,,,Bank of New Zealand,,,
WNZ2T2,Westpac New Zealand Limited 6.73% 14/02/2029 (R),Westpac New Zealand Limited 6.73% 14/02/2029 (R),,Direct bonds and term deposits,New Zealand fixed interest,Bond,,,0.0,5,,"Westpac Banking Corporation provides various banking and financial services in Australia, New Zealand, Asia, the Pacific region, and internationally.",https://www.westpac.com.au/about-westpac/investor-centre/financial-information/westpac-new-zealand/,,Westpac NZ Limited,2024-03-13 00:00:00,2024-04-01 00:00:00,BMK0044,S&P/NZX A-Grade Corporate Bond Index,,,,,,,,tim@fortitudefinancial.co.nz,2034-02-14 00:00:00,,,,,,Westpac New Zealand Ltd,,,
WNZ1T2,Westpac New Zealand Limited 6.19% 16/09/2027 (C),Westpac New Zealand Limited 6.19% 16/09/2027 (C),,Direct bonds and term deposits,New Zealand fixed interest,Bond,,,0.0,5,,"Westpac Banking Corporation provides various banking and financial services in Australia, New Zealand, Asia, the Pacific region, and internationally.",https://www.westpac.com.au/about-westpac/investor-centre/financial-information/westpac-new-zealand/,,Westpac NZ Limited,2024-03-13 00:00:00,2024-04-01 00:00:00,BMK0044,S&P/NZX A-Grade Corporate Bond Index,,,,,,,,tim@fortitudefinancial.co.nz,2032-09-16 00:00:00,,,,,,Westpac New Zealand Ltd,,,
ANB180,ANZ Bank New Zealand Limited 5.22% 16/02/2028,ANZ Bank New Zealand Limited 5.22% 16/02/2028,,Direct bonds and term deposits,New Zealand fixed interest,Bond,,,0.0,5,,"Australia and New Zealand Banking Group Limited provides various banking and financial products and services in Australia, New Zealand, the Asia Pacific, Europe, and the Americas. ",https://www.anz.co.nz/about-us/media-centre/investor-information/,,ANZ,2024-03-13 00:00:00,2024-04-01 00:00:00,BMK0044,S&P/NZX A-Grade Corporate Bond Index,,,,,,,,tim@fortitudefinancial.co.nz,2028-02-16 00:00:00,,,,,,ANZ Bank New Zealand Ltd,,,
AIA250,Auckland Intl Airport 5.67% 09/05/2028,Auckland Intl Airport 5.67% 09/05/2028,,Direct bonds and term deposits,New Zealand fixed interest,Bond,,,0.0,5,,"Auckland International Airport Limited provides airport facilities, supporting infrastructure, and aeronautical services in Auckland, New Zealand Fixed interest securities are debt investments that pay a fixed or floating rate of return. ",https://corporate.aucklandairport.co.nz/investors,,Auckland Airport,2024-03-13 00:00:00,2024-04-01 00:00:00,BMK0044,S&P/NZX A-Grade Corporate Bond Index,,,,,,,,tim@fortitudefinancial.co.nz,2028-05-09 00:00:00,,,,,,Auckland International Airport,,,
AIA260,Auckland Intl Airport 5.29% 17/11/2028,Auckland Intl Airport 5.29% 17/11/2028,,Direct bonds and term deposits,New Zealand fixed interest,Bond,,,0.0,5,,"Auckland International Airport Limited provides airport facilities, supporting infrastructure, and aeronautical services in Auckland, New Zealand Fixed interest securities are debt investments that pay a fixed or floating rate of return. ",https://corporate.aucklandairport.co.nz/investors,,Auckland Airport,2024-03-13 00:00:00,2024-04-01 00:00:00,BMK0044,S&P/NZX A-Grade Corporate Bond Index,,,,,,,,tim@fortitudefinancial.co.nz,2028-11-17 00:00:00,,,,,,Auckland International Airport,,,
AIA270,Auckland Intl Airport 6.22% 02/11/2029,Auckland Intl Airport 6.22% 02/11/2029,,Direct bonds and term deposits,New Zealand fixed interest,Bond,,,0.0,5,,"Auckland International Airport Limited provides airport facilities, supporting infrastructure, and aeronautical services in Auckland, New Zealand Fixed interest securities are debt investments that pay a fixed or floating rate of return. ",https://corporate.aucklandairport.co.nz/investors,,Auckland Airport,2024-03-13 00:00:00,2024-04-01 00:00:00,BMK0044,S&P/NZX A-Grade Corporate Bond Index,,,,,,,,tim@fortitudefinancial.co.nz,2029-11-02 00:00:00,,,,,,Auckland International Airport,,,
KIW1028,Kiwibank 6.254% 19/10/2028,Kiwibank 6.254% 19/10/2028,,Direct bonds and term deposits,New Zealand fixed interest,Bond,,,0.0,,,Kiwibank Limited is a New Zealand state-owned bank and financial services provider. ,https://www.kiwibank.co.nz/about-us/governance/investor-centre/,,Kiwibank,2024-03-13 00:00:00,2024-04-01 00:00:00,BMK0044,S&P/NZX A-Grade Corporate Bond Index,,,,,,,,tim@fortitudefinancial.co.nz,2028-10-19 00:00:00,,,,,,Kiwibank Limited,,http://www.kiwibank.co.nz/,Kiwibank Limited is a New Zealand state-owned bank and financial services provider. 
IHWL.AU,iShares Core MSCI World ex Australia ESG (AUD Hedged) ETF,iShares Core MSCI World ex Australia ESG (AUD Hedged) ETF,F00000X66L,Listed Securities,International equities,Exchange-Traded Fund,,,0.0,,,"The Fund aims to provide investors with the performance of the MSCI World Ex Australia Custom ESG Leaders Index 100% Hedged to AUD, before fees and expenses.",https://www.blackrock.com/au/individual/products/283119/,BlackRock,BlackRock,2024-03-13 00:00:00,2024-04-01 00:00:00,,,,,0.0012,,0.0012,,,Cindy.ip@theprivateoffice.co.nz,,Australian Securities Exchange,BlackRock Inc,isharesetfs@blackrock.com,www.ishares.com,iShares funds are powered by the expert portfolio and risk management of BlackRock. BlackRock managed over USD 11 trillion in assets on behalf of investors worldwide.,BlackRock Inc,isharesetfs@blackrock.com,www.ishares.com,iShares funds are powered by the expert portfolio and risk management of BlackRock. BlackRock managed over USD 11 trillion in assets on behalf of investors worldwide.
VACF.AU,Vanguard Australian Corporate Fixed Interest Index ETF,Vanguard Australian Corporate Fixed Interest Index ETF,F00000XDKX,Listed Securities,International fixed interest,Exchange-Traded Fund,,,0.0,,,"Vanguard Australian Corporate Fixed Interest Index ETF seeks to track the return of the Bloomberg AusBond Credit 0+ Yr Index before taking into account fees, expenses and tax. The ETF provides investors with low-cost, diversified exposure to Australian corporate bonds. It invests in investment grade bonds issued by corporations including Australia’s four largest banks, offshore banks, other lending institutions and property trusts. ",https://www.vanguard.com.au/adviser/invest/etf?portId=8203&tab=documents,Vanguard,Vanguard,2024-03-13 00:00:00,2024-04-01 00:00:00,BMK0312,Bloomberg AusBond Composite 0+ Yr Index,,,0.002,,0.002,,,Sharmin.charania@theprivateoffice.co.nz,,Australian Securities Exchange,Vanguard Investments,,,,Vanguard Investments,,,
RICA.LN,Ruffer Investment Company Ltd,Ruffer Investment Company Ltd,F0000008LG,Listed Securities,Other,Closed-End Fund,GBP,,0.0,,,"Ruffer Investment Company Ltd is an authorised closed-ended investment company incorporated with limited liability in Guernsey. The Company is supervised by the Guernsey Financial Services Commission and is listed on the main market of the London Stock Exchange. The Company's investment objective is to achieve a positive total annual return, after all expenses, of at least twice the Bank of England base rate.",https://www.ruffer.co.uk/en/funds/ruffer-investment-company,Ruffer Investment,Ruffer Investment,2024-03-13 00:00:00,2024-04-01 00:00:00,,,,,0.0124,,0.0124,,,jeremy.simpson@hhg.co.nz,,London Stock Exchange,Ruffer Investment Company,,https://www.ruffer.co.uk/,"Ruffer Investment Company is a British investment company dedicated to investments in internationally listed or quoted equities or equity related securities. Established in 1994, the company is listed on the London Stock Exchange and is a constituent of the FTSE 250 Index.",Ruffer Investment Company,,https://www.ruffer.co.uk/,"Ruffer Investment Company is a British investment company dedicated to investments in internationally listed or quoted equities or equity related securities. Established in 1994, the company is listed on the London Stock Exchange and is a constituent of the FTSE 250 Index."
PIM0058.AU,Aoris International Fund B,Aoris International Fund B,F00001FYSB,Managed Funds,International equities,Open-End Fund,AUD,,0.0,,Aoris may earn a performance fee of 15% of the amount the fund units outperform their respective benchmarks. ,This fund aims to achieve annualised returns in excess of the MSCI All Countries World ex Australia Accumulation Index Net after all fees and expenses measured over a seven-year market cycle. ,https://www.aoris.com.au/documents-forms,Aoris,Aoris,2024-03-04 00:00:00,2024-04-01 00:00:00,,,0.0005,0.0005,0.011000000000000001,,0.011000000000000001,,,fraser.canning@firstcapital.co.nz,,Australian Securities Exchange,Aoris Investment Management,,https://www.aoris.com.au/,Aoris is an independent funds management business specialising in International Equities and owned by its key employees,Aoris Investment Management,,https://www.aoris.com.au/,Aoris is an independent funds management business specialising in International Equities and owned by its key employees
BETASHARESNZCRED,Betashares Australian Investment Grade Corporate Bond Fund (NZD Hedged),Betashares Australian Investment Grade Corporate Bond Fund (NZD Hedged),F00001GLTF,Managed Funds,International fixed interest,Open-End Fund,NZD,,0.0,,,"The Fund aims to track the performance of an index that provides exposure to a portfolio fixed-rate, investment grade Australian corporate bonds, hedged into NZ dollars. The Fund’s strategy is to either invest in the securities that make up the Solactive Australian Investment Grade Corporate Bond Select TR NZD Hedged Index or invest in ASX-traded ETFs that provide exposure to the Index.",https://www.betashares.co.nz/fund/australian-investment-grade-corporate-bond/,BetaShares,BetaShares,2024-04-05 00:00:00,2024-07-01 00:00:00,BFS_BETASHARESNZCRED,Backfill: Betashares Australian Investment Grade Corporate Bond Fund (NZD Hedged),0.005,0.005,0.0034000000000000002,0.0005,0.0029000000000000002,,,mitchell.bristow@consilium.co.nz,,,BetaShares Capital Ltd,,,,BetaShares Capital Ltd,,,
BETASHARESNZETHI,Betashares Global Sustainability Leaders Fund,Betashares Global Sustainability Leaders Fund,F00001GLTI,Managed Funds,International equities,Open-End Fund,NZD,,0.0,,,The Fund aims to track the performance of the Nasdaq Future Global Sustainability Leaders Index which includes a portfolio of large global stocks identified as ‘Climate Leaders’ that have also passed screens to exclude companies with direct or significant exposure to fossil fuels or engaged in activities deemed inconsistent with responsible investment considerations.,https://www.betashares.co.nz/fund/global-sustainability-leaders/,BetaShares,BetaShares,2024-04-05 00:00:00,2024-07-01 00:00:00,BMK0335,Nasdaq Future Global Sustainability Leaders TR AUD,0.0015,0.0015,0.0077,0.001,0.0067,,,mitchell.bristow@consilium.co.nz,,,BetaShares Capital Ltd,,,,BetaShares Capital Ltd,,,
BETASHARESNZQLTY,Betashares Global Quality Leaders Fund,Betashares Global Quality Leaders Fund,F00001GLTH,Managed Funds,International equities,Open-End Fund,NZD,,0.0,,,"The Fund aims to track the iSTOXX MUTB Global Ex-Australia Quality Leaders Index that comprises 150 global companies (ex-Australia) ranked by highest quality score. The quality score rankings used to select the stocks in the index are based on a combined ranking of four key factors – return on equity, debt-to-capital, cash flow generation ability and earnings stability.",https://www.betashares.co.nz/fund/global-quality-leaders/,BetaShares,BetaShares,2024-04-05 00:00:00,2024-07-01 00:00:00,BMK0336,iSTOXX MUTB Global Ex-Australia Quality Leaders TR AUD ,0.0015,0.0015,0.0049,0.0006,0.0043,,,mitchell.bristow@consilium.co.nz,,,BetaShares Capital Ltd,,,,BetaShares Capital Ltd,,,
CMG.US,Chipotle Mexican Grill,Chipotle Mexican Grill,,Listed Securities,International equities,Stock,USD,,0.0,,,"Chipotle Grill is a fast-casual restaurant chain specializing in Mexican-inspired cuisine, including burritos, tacos, and bowls, known for its commitment to fresh, high-quality ingredients and customizable meals.",https://ir.chipotle.com/,,Chipotle,2024-04-05 00:00:00,2024-07-01 00:00:00,,,,,,,,,,nathan.jolly@collinsonco.com,,,,,,,Chipotle Mexican Grill Inc.,,,
TOL.US,Toll Brothers Inc,Toll Brothers Inc,0P000005G6,Listed Securities,International equities,Stock,USD,,0.0,,,"Toll Brothers Inc. is an American home construction company that focuses on building luxury homes and residential communities. Founded in 1967, the company is known for its craftsmanship, diverse architectural styles, and customization options, often building in suburban locations across the United States.",https://investors.tollbrothers.com/,,Toll Brothers,2024-04-05 00:00:00,2024-07-01 00:00:00,,,,,,,,,,nathan.jolly@collinsonco.com,,,,,,,Toll Brothers Inc.,,https://www.tollbrothers.com/,
EBAY.US,eBay Inc,eBay Inc,0P0000062O,Listed Securities,International equities,Stock,USD,,0.0,,,"eBay is an American multinational e-commerce corporation that facilitates consumer-to-consumer and business-to-consumer sales through its online platform. Founded in 1995, eBay allows users to buy and sell a wide variety of goods and services worldwide, utilizing both auction-style and fixed-price formats.",https://investors.ebayinc.com/overview/default.aspx,,eBay,2024-04-05 00:00:00,2024-07-01 00:00:00,,,,,,,,,,nathan.jolly@collinsonco.com,,,,,,,eBay Inc.,,,
BAM.US,Brookfield Asset Management Inc,Brookfield Asset Management Inc,0P0001Q6LD,Listed Securities,International equities,Stock,CAD,,0.0,,,"Brookfield Asset Management Inc. is a Canadian global alternative asset management company focused on real estate, renewable energy, infrastructure, and private equity. With a history dating back over 100 years, the firm manages a diverse portfolio of assets and investment products for institutional and retail clients worldwide.",https://bam.brookfield.com/,,Brookfield Asset Management,2024-04-05 00:00:00,2024-07-01 00:00:00,BMK0105,S&P 500 Index,,,,,,,,nathan.jolly@collinsonco.com,,,,,,,Brookfield Asset Management Ltd.,,,
BN.US,Brookfield Corporation,Brookfield Corporation,0P000000W2,Listed Securities,International equities,Stock,CAD,,0.0,,,"Brookfield Corporation is a Canadian multinational company that is one of the world's largest alternative investment management companies, with over US$725 billion of assets under management in 2022. It focuses on direct control investments in real estate, renewable power, infrastructure, credit and private equity.",https://bn.brookfield.com/,,Brookfield Corporation,2024-04-05 00:00:00,2024-07-01 00:00:00,,,,,,,,,,nathan.jolly@collinsonco.com,,,,,,,Brookfield Corporation,,,
MKL.US,Markel Group Inc,Markel Group Inc,0P000003GM,Listed Securities,International equities,Stock,USD,,0.0,,,"Markel Group Inc. is a diverse financial holding company engaged primarily in insurance, reinsurance, and investment operations. Founded in 1930, Markel is known for its specialty insurance products, underwriting expertise, and investment strategies aimed at creating long-term value for its shareholders.",https://ir.mklgroup.com/overview/default.aspx,,Markel Group,2024-04-05 00:00:00,2024-07-01 00:00:00,,,,,,,,,,nathan.jolly@collinsonco.com,,,,,,,Markel Group Inc.,,,
SST.LN,Scottish Oriental Smaller Companies Trust Plc,Scottish Oriental Smaller Companies Trust Plc,E0GBR04AN0,Listed Securities,International equities,Stock,GBP,,0.0,,,"Scottish Oriental Smaller Companies Trust Plc is an investment trust focused on generating long-term capital growth by investing in smaller companies across Asia, excluding Japan. Established in 1995, the trust aims to provide investors with access to a diversified portfolio of high-potential growth companies in emerging and frontier markets within the region.",https://www.scottishoriental.com/soscot/price-and-documents/documents-factsheets.html,,Scottish Oriental,2024-05-17 00:00:00,2024-07-01 00:00:00,,,,,0.009,,0.009,,,jeremy.simpson@hhg.co.nz,,,,,,,Scottish Oriental Smaller Companies Trust plc,,https://www.scottishoriental.com/,
NEM.US,Newmont Mining Corporation,Newmont Mining Corporation,,Listed Securities,International equities,Stock,USD,,0.0,,,"Newmont Mining Corporation is a leading global mining company specializing in the production of gold, copper, silver, zinc, and lead. Founded in 1921, Newmont operates mines in various regions, including North America, South America, Australia, and Africa, and is known for its commitment to sustainable and responsible mining practices.",https://www.newmont.com/investors/default.aspx,,Newmont Mining,2024-05-17 00:00:00,2024-07-01 00:00:00,,,,,,,,,,jeremy.simpson@hhg.co.nz,,,,,,,Newmont Mining Corporation,,https://newmont.com/,
PACB.US,Pacific Biosciences of California,Pacific Biosciences of California,0P0000Q6FN,Listed Securities,International equities,Stock,USD,,0.0,,,"Pacific Biosciences of California, Inc., is a biotechnology company specializing in the development of advanced sequencing technologies. Known for its Single Molecule, Real-Time (SMRT) sequencing technology, PacBio provides tools for genetic research, enabling high-resolution analysis of genomes, transcriptomes, and epigenomes.",https://investor.pacificbiosciences.com/,,PacBio,2024-05-17 00:00:00,2024-07-01 00:00:00,,,,,,,,,,jeremy.simpson@hhg.co.nz,,,,,,,"Pacific Biosciences of California, Inc.",,https://www.pacb.com/,
ZS.US,Zscaler Inc,Zscaler Inc,0P0001CT73,Listed Securities,International equities,Stock,USD,,0.0,,,"Zscaler Inc. is a leading cloud security company known for its innovative cybersecurity solutions delivered through a cloud-native platform. Founded in 2008, Zscaler specializes in securing internet traffic and enabling safe access to applications from any device or location.",https://ir.zscaler.com/,,Zscaler,2024-05-17 00:00:00,2024-07-01 00:00:00,BMK0105,S&P 500 Index,,,,,,,,jeremy.simpson@hhg.co.nz,,,,,,,"Zscaler, Inc.",,https://www.zscaler.com/,
BBH.LN,BB Healthcare Trust plc,Bellevue Healthcare Trust plc,F00000Y7MC,Listed Securities,International equities,Stock,GBP,,0.0,,,"Bellevue Healthcare Trust plc is a high conviction, long-only investment trust invested in listed or quoted global healthcare equities.",https://www.bellevuehealthcaretrust.com/uk-en/private/investor-relations/bellevue-healthcare-trust-stock,,Bellevue Healthcare Trust,2024-05-17 00:00:00,2024-07-01 00:00:00,,,,,0.0104,,0.0104,,,jeremy.simpson@hhg.co.nz,,,,,,,Bellevue Healthcare Trust plc,,https://www.bellevuehealthcaretrust.com/uk-en/private/,
XOM.US,Exxon Mobil Corporation,Exxon Mobil Corporation,0P00000220,Listed Securities,International equities,Stock,USD,,0.0,,,"ExxonMobil is one of the largest publicly traded international oil and gas companies, known for its global presence and extensive operations in exploration, production, refining, and marketing of petroleum products. Established in 1999 through the merger of Exxon Corporation and Mobil Corporation, the company is involved in various energy-related businesses, including petrochemicals and energy generation.",https://investor.exxonmobil.com/,,ExxonMobil,2024-05-17 00:00:00,2024-07-01 00:00:00,,,,,,,,,,jeremy.simpson@hhg.co.nz,,,,,,,ExxonMobil Corporation,,http://corporate.exxonmobil.com/,
ASML.US,ASML Holding NV,ASML Holding NV,0P0000ALDL,Listed Securities,International equities,Stock,USD,,0.0,,,"ASML Holding NV is a Dutch company and one of the world's leading suppliers of photolithography systems used in the semiconductor manufacturing industry. These systems are critical for the production of integrated circuits (ICs) or microchips. ASML's advanced lithography machines enable semiconductor manufacturers to produce chips with increasingly smaller feature sizes, which is essential for the development of more powerful and efficient electronic devices. The company is headquartered in Veldhoven, Netherlands, and plays a crucial role in driving technological advancements in the semiconductor industry.",https://www.asml.com/en/investors,,ASML,2024-05-17 00:00:00,2024-07-01 00:00:00,,,,,,,,,,jeremy.simpson@hhg.co.nz,,,,,,,ASML Holding N.V.,,https://www.asml.com/en,
WMT.US,Walmart Inc,Walmart Inc,0P000005UH,Listed Securities,International equities,Stock,USD,,0.0,,,"Walmart Inc. is a multinational retail corporation based in the United States, known for operating a chain of hypermarkets, discount department stores, and grocery stores. Founded in 1962 by Sam Walton, Walmart has grown to become one of the largest retailers in the world by revenue.",https://stock.walmart.com/home/default.aspx,,Walmart,2024-05-17 00:00:00,2024-07-01 00:00:00,,,,,,,,,,jeremy.simpson@hhg.co.nz,,,,,,,Walmart Inc.,,https://corporate.walmart.com/,
BA.US,Boeing Corp,Boeing Corp,0P000000TU,Listed Securities,International equities,Stock,USD,,0.0,,,"Boeing is a leading American aerospace company known for manufacturing commercial jetliners, defense systems, and space technologies since its founding in 1916.",https://investors.boeing.com/investors/investor-resources/default.aspx,,Boeing,2024-05-17 00:00:00,2024-07-01 00:00:00,,,,,,,,,,jeremy.simpson@hhg.co.nz,,,,,,,Boeing Corporation,,http://www.boeing.com/,
CSCO.US,Cisco Systems Inc,Cisco Systems Inc,0P0000019Y,Listed Securities,International equities,Stock,USD,,0.0,,,"Cisco Systems Inc. is a multinational technology conglomerate headquartered in San Jose, California. It specializes in networking hardware, software, telecommunications equipment, and related high-technology services and products.",https://investor.cisco.com/home/default.aspx,,Cisco,2024-05-17 00:00:00,2024-07-01 00:00:00,,,,,,,,,,jeremy.simpson@hhg.co.nz,,,,,,,"Cisco Systems, Inc.",,http://www.cisco.com/,
VOW.GE,Volkswagen AG,Volkswagen AG,0P00009QSN,Listed Securities,International equities,Stock,,,0.0,,,"Volkswagen (VW) is a German automotive manufacturer known globally for producing a wide range of vehicles, from compact cars to luxury sedans and SUVs. Established in 1937, Volkswagen is one of the largest automakers in the world, with brands such as Volkswagen, Audi, Porsche, Bentley, and others under its umbrella.",https://www.volkswagen-group.com/en/investors-15766,,Volkswagen,2024-05-17 00:00:00,2024-07-01 00:00:00,,,,,,,,,,jeremy.simpson@hhg.co.nz,,,,,,,Volkswagen AG,,https://www.volkswagen.com/,
ERAS.US,Erasca Inc,Erasca Inc,0P0001MWS0,Listed Securities,International equities,Stock,USD,,0.0,,,"Erasca Inc. is a biotechnology company focused on discovering and developing innovative therapies for the treatment of cancer. Founded in 2018 and based in San Diego, California, Erasca is committed to advancing precision oncology by targeting specific mutations and vulnerabilities in cancer cells. ",https://investors.erasca.com/,,Erasca,2024-05-17 00:00:00,2024-07-01 00:00:00,BMK0105,S&P 500 Index,,,,,,,,jeremy.simpson@hhg.co.nz,,,,,,,Erasca Inc.,,http://www.erasca.com/,
GIVE.AU,Perpetual ESG Australian Share Fund,Perpetual ESG Australian Share Fund,F00001D3J6,Listed Securities,Australasian equities,Exchange-Traded Fund,AUD,Active - self described,0.0,,,"The Perpetual ESG Australian Share Fund is an investment fund managed by Perpetual Investments, focusing on Australian equities that meet Environmental, Social, and Governance (ESG) criteria. The fund aims to invest in companies that demonstrate strong ESG practices while seeking to achieve long-term capital growth for investors.",https://www.perpetual.com.au/funds/perpetual-esg-australian-share-fund-asx-give/,Perpetual Investment Management Ltd,Perpetual Investment Management Ltd,2024-05-24 00:00:00,2024-07-01 00:00:00,BFS_GIVE.AU,Perpetual ESG Aus Sh Fd Backfill: S&P/ASX 300 Index minus Fees,,,0.006500000000000001,,0.006500000000000001,,,,,Australian Securities Exchange,Perpetual Investment Management Ltd,investments@perpetual.com.au,,,Perpetual Investment Management Ltd,investments@perpetual.com.au,,
AQLT.AU,BetaShares Australian Quality Leaders ETF,BetaShares Australian Quality Leaders ETF,F00001DPEW,Listed Securities,Australasian equities,Exchange-Traded Fund,AUD,,0.0,,,AQLT aims to track the Solactive Australia Quality Select Index (before fees and expenses) that comprises 40 high quality Australian companies.,https://www.betashares.com.au/fund/australian-quality-etf/,BetaShares,BetaShares,2024-05-30 00:00:00,2024-07-01 00:00:00,BFS_AQLT.AU,Backfill: BetaShares Australian Quality Leaders ETF,,,0.0034999999999999996,,0.0034999999999999996,,,jeremy.simpson@hhg.co.nz,,Australian Securities Exchange,BetaShares Capital Ltd,,,,BetaShares Capital Ltd,,,
AVSU.US,Avantis Responsible U.S equity ETF,Avantis Responsible U.S equity ETF,F00001D6GC,Listed Securities,International equities,Exchange-Traded Fund,USD,,0.0,,,"Invests in a broad set of U.S. companies across all market capitalizations and limits the investable universe of companies by screening out those that raise concerns based on the team's evaluation of multiple Environmental, Social and Governance (ESG) metrics.",https://www.avantisinvestors.com/avantis-investments/avantis-responsible-us-equity-etf/,Avantis,Avantis,2024-06-07 00:00:00,2024-07-01 00:00:00,BFS_AVSU.US,Backfill: Avantis Responsible U.S equity ETF,,,0.0015,,0.0015,,,paul.wilson@phwealth.co.nz,,New York Stock Exchange,Avantis Investors,,,,Avantis Investors,,,
DFSE.US,Dimensional Emerging Markets Sustainability Core 1 ETF,Dimensional Emerging Markets Sustainability Core 1 ETF,F00001DQ7A,Listed Securities,International equities,Exchange-Traded Fund,USD,,0.0,,,"The Emerging Markets Sustainability ETF by the Advisor employs an integrated investment approach that incorporates research, portfolio design, management, and trading to achieve its investment objectives. The fund focuses on purchasing a diverse range of securities from emerging markets, including frontier markets, with an emphasis on smaller capitalization, lower relative price, and higher profitability companies compared to the broader Emerging Markets Universe, while considering sustainability impacts. The portfolio management strategy adjusts allocations based on both long-term return drivers and shorter-term market conditions, aiming to balance risk and enhance returns while minimizing trading costs and considering environmental, social, and governance (ESG) factors in investment decisions.",https://www.dimensional.com/us-en/funds/dfse/emerging-markets-sustainability-core-1-etf,DFA,DFA,2024-06-07 00:00:00,2024-07-01 00:00:00,BFS_DFSE.US,Backfill: Dimensional Emerging Markets Sustainability Core 1 ETF,,,0.0047,,0.0047,,,paul.wilson@phwealth.co.nz,,New York Stock Exchange,Dimensional Fund Advisors LP,,,,Dimensional Fund Advisors LP,,,
DISV.US,Dimensional International Small Cap Value ETF,Dimensional International Small Cap Value ETF,F00001D12T,Listed Securities,International equities,Exchange-Traded Fund,USD,,0.0,,,"The International Small Cap Value ETF aims for long-term capital growth through an integrated investment approach that includes research, portfolio design, management, and trading. It focuses on purchasing securities of small, non-U.S. companies in developed market countries identified as value stocks at the time of purchase. The portfolio emphasizes smaller capitalization, lower relative price, and higher profitability stocks compared to their segment in developed non-U.S. markets, while managing risk through broad diversification across companies, sectors, and countries. The fund typically invests at least 80% of its assets in these small-cap value securities, utilizing a flexible trading strategy to minimize costs and adjust holdings based on market conditions and short-term investment characteristics.",https://www.dimensional.com/us-en/funds/disv/international-small-cap-value-etf,DFA,DFA,2024-06-07 00:00:00,2024-07-01 00:00:00,BFS_DISV.US,Backfill: Dimensional International Small Cap Value ETF,,,0.0043,,0.0043,,,paul.wilson@phwealth.co.nz,,,Dimensional Fund Advisors LP,,,,Dimensional Fund Advisors LP,,,
DFSV.US,Dimensional US Small Cap Value ETF,Dimensional US Small Cap Value ETF,F00001D12W,Listed Securities,International equities,Exchange-Traded Fund,USD,,0.0,,,"The US Small Cap Value ETF aims for long-term capital growth through an integrated investment approach involving research, portfolio design, management, and trading. It focuses on acquiring a diverse range of US small-cap companies identified as value stocks, emphasizing smaller capitalization, lower relative price, and higher profitability compared to their segment in the US market. The fund typically invests at least 80% of its assets in these small-cap US companies, utilizing a flexible trading strategy to manage turnover and minimize trading costs while considering short-term market dynamics. Not seeking to replicate a specific index, the ETF is actively managed and aims to balance long-term return drivers with inherent risks such as equity market volatility and fluctuations in small company stocks.",https://www.dimensional.com/us-en/funds/dfsv/us-small-cap-value-etf,DFA,DFA,2024-06-07 00:00:00,2024-07-01 00:00:00,BFS_DFSV.US,Backfill: Dimensional US Small Cap Value ETF,,,0.0031,,0.0031,,,paul.wilson@phwealth.co.nz,,New York Stock Exchange,Dimensional Fund Advisors LP,,,,Dimensional Fund Advisors LP,,,
DFSI.US,Dimensional International Sustainability Core 1 ETF,Dimensional International Sustainability Core 1 ETF,F00001DQ7B,Listed Securities,International equities,Exchange-Traded Fund,USD,,0.0,,,"The Dimensional International Sustainability Core 1 ETF seeks capital growth through a diversified portfolio of non-U.S. companies in developed markets, emphasizing smaller cap, value-oriented, and high profitability stocks relative to their peers. Managed actively, the ETF integrates sustainability considerations into its investment decisions, excluding or underweighting companies with lower sustainability metrics while potentially overweighting those with stronger environmental, social, and governance profiles.",https://www.dimensional.com/us-en/funds/dfsi/international-sustainability-core-1-etf,DFA,DFA,2024-06-07 00:00:00,2024-07-01 00:00:00,BFS_DFSI.US,Backfill: Dimensional International Sustainability Core 1 ETF,,,0.0024,,0.0024,,,paul.wilson@phwealth.co.nz,,New York Stock Exchange,Dimensional Fund Advisors LP,,,,Dimensional Fund Advisors LP,,,
DFAT.US,Dimensional US Targeted Value ETF,Dimensional US Targeted Value ETF,F0000162E9,Listed Securities,International equities,Exchange-Traded Fund,USD,,0.0,,,"Dimensional Fund Advisors LP employs tax management strategies in the US Targeted Value ETF to enhance shareholder returns by minimizing net capital gains realization and optimizing the proportion of long-term gains taxed at lower rates. The ETF focuses on a market capitalization weighted approach to invest in U.S. small and mid-cap stocks identified as lower relative price with higher profitability, aligning with its objective to achieve long-term returns through diversified portfolio management and active trading strategies.",https://www.dimensional.com/us-en/funds/dfat/us-targeted-value-etf,DFA,DFA,2024-06-07 00:00:00,2024-07-01 00:00:00,,,,,0.0028000000000000004,,0.0028000000000000004,,,paul.wilson@phwealth.co.nz,,New York Stock Exchange,Dimensional Fund Advisors LP,,,,Dimensional Fund Advisors LP,,,
SPDW.US,SPDR Portfolio Developed World ex-US ETF,SPDR Portfolio Developed World ex-US ETF,FOUSA068X6,Listed Securities,International equities,Exchange-Traded Fund,USD,,0.0,,,"The SPDR® Portfolio Developed World ex-US ETF aims to mirror the performance of the S&P® Developed Ex-U.S. BMI Index, providing investors with cost-effective exposure to developed international equities excluding the United States. As part of the low-cost SPDR Portfolio ETF suite, it serves as a core building block for diversified portfolios, potentially reducing country-specific risk through broad market exposure.",https://www.ssga.com/us/en/intermediary/etfs/funds/spdr-portfolio-developed-world-ex-us-etf-spdw,SPDR,SPDR,2024-06-07 00:00:00,2024-07-01 00:00:00,BMK0343,"S&P Developed Ex US BMI (Total Return, USD)",,,0.0003,,0.0003,,,paul.wilson@phwealth.co.nz,,New York Stock Exchange,SPDR State Street Global Advisors,,,,SPDR State Street Global Advisors,,,
CBUI.GE,iShares MSCI World Value ESG UCITS ETF,iShares MSCI World Value ESG UCITS ETF,0P0001NOHW,Listed Securities,International equities,Exchange-Traded Fund,USD,,0.0,,,"The Fund seeks to provide investors with a return, made up of capital growth and income, which reflects the return of the MSCI World Value ESG Reduced Carbon Target Select Index.",https://www.ishares.com/uk/individual/en/products/319970/ishares-msci-world-value-factor-esg-ucits-etf,BlackRock,BlackRock,2024-06-07 00:00:00,2024-07-01 00:00:00,BFS_CBUI.GE,Backfill: iShares MSCI World Value ESG UCITS ETF,,,0.003,,0.003,,,paul.wilson@phwealth.co.nz,,,BlackRock Inc,isharesetfs@blackrock.com,www.ishares.com,iShares funds are powered by the expert portfolio and risk management of BlackRock. BlackRock managed over USD 11 trillion in assets on behalf of investors worldwide.,BlackRock Inc,isharesetfs@blackrock.com,www.ishares.com,iShares funds are powered by the expert portfolio and risk management of BlackRock. BlackRock managed over USD 11 trillion in assets on behalf of investors worldwide.
EWSA.NA,iShares MSCI World Small Cap ESG Enhanced UCITS ETF,iShares MSCI World Small Cap ESG Enhanced UCITS ETF,F00001D53E,Listed Securities,International equities,Exchange-Traded Fund,USD,,0.0,,,"The fund aims to achieve a return on your investment, through a combination of capital growth and income on the Fund's assets, which reflects the return of the MSCI World Small Cap ESG Enhanced Focus CTB Index, the Fund’s benchmark index",https://www.ishares.com/uk/individual/en/products/321264/ishares-msci-world-small-cap-esg-enhanced-ucits-etf,BlackRock,BlackRock,2024-06-07 00:00:00,2024-07-01 00:00:00,BFS_EWSA.NA,Backfill: iShares MSCI World Small Cap ESG Enhanced UCITS ETF,,,0.0035,,0.0035,,,paul.wilson@phwealth.co.nz,,,BlackRock Inc,isharesetfs@blackrock.com,www.ishares.com,iShares funds are powered by the expert portfolio and risk management of BlackRock. BlackRock managed over USD 11 trillion in assets on behalf of investors worldwide.,BlackRock Inc,isharesetfs@blackrock.com,www.ishares.com,iShares funds are powered by the expert portfolio and risk management of BlackRock. BlackRock managed over USD 11 trillion in assets on behalf of investors worldwide.
EDMW.SW,iShares MSCI World ESG Enhanced UCITS ETF USD (Acc),iShares MSCI World ESG Enhanced UCITS ETF USD (Acc),0P0001HAV9,Listed Securities,International equities,Exchange-Traded Fund,USD,,0.0,,,"The fund provides exposure to global developed market equity securities included in the MSCI World Index, aiming to exceed decarbonization and EU Climate Transition Benchmark standards. It prioritizes issuers with higher ESG ratings and excludes companies involved in controversial sectors like conventional and nuclear weapons, civilian firearms, thermal coal, tobacco, and unconventional oil and gas. Through a significant ESG optimization approach, the fund integrates ESG factors into its investment process to maximize exposure to high ESG-rated issuers and reduce carbon emissions compared to the Parent Index, while adhering to optimization constraints.",https://www.ishares.com/ch/individual/en/products/307557/ishares-msci-world-esg-enhanced-ucits-etf,BlackRock,BlackRock,2024-06-07 00:00:00,2024-07-01 00:00:00,,,,,0.002,,0.002,,,paul.wilson@phwealth.co.nz,,,BlackRock Inc,isharesetfs@blackrock.com,www.ishares.com,iShares funds are powered by the expert portfolio and risk management of BlackRock. BlackRock managed over USD 11 trillion in assets on behalf of investors worldwide.,BlackRock Inc,isharesetfs@blackrock.com,www.ishares.com,iShares funds are powered by the expert portfolio and risk management of BlackRock. BlackRock managed over USD 11 trillion in assets on behalf of investors worldwide.
BETASHARESNZHETH,Betashares Global Sustainability Leaders Fund (NZD Hedged),Betashares Global Sustainability Leaders Fund (NZD Hedged),F00001IBHA,Managed Funds,International equities,Open-End Fund,NZD,,0.0,,,"The Fund aims to track the performance of the Nasdaq Future Global Sustainability Leaders Currency Hedged NZD Index (before fees and expenses) that includes a portfolio of large global stocks identified as ‘Climate Leaders’ that have also passed screens to exclude companies with direct or significant exposure to fossil fuels or engaged in activities deemed inconsistent with responsible investment considerations, with the currency exposure hedged back to the NZ dollar.",https://www.betashares.co.nz/fund/betashares-global-sustainability-leaders-fund-nzd-hedged/,BetaShares,BetaShares,2024-04-05 00:00:00,2024-07-01 00:00:00,BFS_BETASHARESNZHETH,Backfill: Betashares Global Sustainability Leaders Fund (NZD Hedged),0.0016,0.0016,0.0079,,0.0079,,,mitchell.bristow@consilium.co.nz,,,BetaShares Capital Ltd,,,,BetaShares Capital Ltd,,,
KWLBALANCED,Kernel Balanced Fund,Kernel Balanced Fund,F00001EVGR,Managed Funds,Other,Open-End Fund,NZD,Passive,0.0,15,,"The Kernel Balanced Fund primarily invests in growth assets with some allocation to income assets. The fund targets a 60% equities and 40% fixed interest asset allocation, investing mainly in several of the other Kernel funds.",https://kernelwealth.co.nz/funds/kernel-balanced-fund,Kernel Wealth,Kernel Wealth,2024-08-06 00:00:00,2024-10-01 00:00:00,BFS_KWLBALANCED,Backfill: Kernel Balanced Fund,0,0,0.0025,,0.0025,,,fraser.canning@firstcapital.co.nz,,,Kernel Wealth Ltd,dean@kernelwealth.co.nz,www.kernelwealth.co.nz,"Managing over NZD $1 Billion, Kernel has been delivering index solutions specifically for New Zealanders since 2019.",Kernel Wealth Ltd,dean@kernelwealth.co.nz,www.kernelwealth.co.nz,"Managing over NZD $1 Billion, Kernel has been delivering index solutions specifically for New Zealanders since 2019."
PATHFINDERGBF,Pathfinder Green Bond Fund,Pathfinder Green Bond Fund,,Managed Funds,International fixed interest,Open-End Fund,NZD,Managed fund,0.0,,,"Pathfinder’s Green Bond Fund focuses on bonds that support environmentally sustainable initiatives, such as clean transportation, access to clean water, enhancing resilience to extreme weather, and expanding renewable energy networks. In partnership with MetLife Investment Management (formerly Affirmative Investment Management), Pathfinder invests in fixed interest securities classified by MetLife as Green Bonds, which fund projects aimed at addressing climate and environmental challenges.",https://pathfinder.kiwi/managed-funds/green-bond-fund/,Pathfinder Asset Management,Pathfinder Asset Management,2024-06-24 00:00:00,2024-10-01 00:00:00,BMK0393,"Bloomberg Global Aggregate (Total Return, NZD Hedged)",0,0,0.006,,0.006,,,Simon.Leach@alvarium.co.nz,,,Pathfinder Asset Management Ltd,info@pfam.co.nz,,,Pathfinder Asset Management Ltd,info@pfam.co.nz,,
VBTC.AU,VanEck Bitcoin ETF,VanEck Bitcoin ETF,F00001LQ4Q,Listed Securities,Other,Exchange-Traded Fund,AUD,Passive,0.0,,,"The VanEck Bitcoin ETF (VBTC.AU) provides investors with exposure to the price of Bitcoin, adjusted for fees and costs. As the first Bitcoin ETF listed on the ASX, it offers a cost-effective option for accessing Bitcoin. VBTC.AU allows investors to gain exposure to Bitcoin without the need to directly own or manage the cryptocurrency.",https://www.vaneck.com.au/etf/alternatives/vbtc/snapshot/,VanEck,VanEck,2024-06-19 00:00:00,2024-10-01 00:00:00,BTC,Bitcoin,,,0.0049,,0.0049,,,joel@radicalinvestment.co.nz,,Australian Securities Exchange,VanEck,,,,VanEck,,,
GRAL.US,Grail Inc,Grail Inc,0P0001SWM3,Listed Securities,International equities,Stock,,,0.0,,,"Grail Inc. is a healthcare company focused on advancing early cancer detection through next-generation sequencing, large-scale clinical studies, and cutting-edge data science.",https://investors.grail.com/,,Grail Inc.,2024-10-01 00:00:00,2024-10-01 00:00:00,BMK0105,S&P 500 Index,,,,,,,,,,,,,,,Grail Inc.,,https://investors.grail.com/,"Grail Inc. is a healthcare company focused on advancing early cancer detection through next-generation sequencing, large-scale clinical studies, and cutting-edge data science."
ETHV.US,VanEck Ethereum Strategy ETF,VanEck Ethereum ETF,F00001LB2O,Listed Securities,Other,Exchange-Traded Fund,,Passive,0.0,,,The Trust’s investment objective is to reflect the performance of the price of Ether (“ETH”) less the expenses of the Trust’s operations. The Trust is a passive investment vehicle that does not seek to pursue any investment strategy beyond tracking the price of ETH.,https://www.vaneck.com/us/en/investments/ethereum-etf-ethv/overview/,VanEck,VanEck,2024-07-29 00:00:00,2024-10-01 00:00:00,ETH,Etherium,,,0.002,,0.002,,,joel@radicalinvestment.co.nz,,,VanEck,,,,VanEck,,,
FETH.US,Fidelity Ethereum Fund ETF,Fidelity Ethereum Fund ETF,F00001LBUH,Listed Securities,Other,Exchange-Traded Fund,,Passive,0.0,,,"The Fidelity® Ethereum Fund provides investors with exposure to the price performance of Ethereum, adjusted for fees and expenses, offering a way to invest in the cryptocurrency without directly owning it.",https://institutional.fidelity.com/advisors/investment-solutions/asset-classes/alternatives/fidelity-ethereum-fund,Fidelity,Fidelity,2024-07-29 00:00:00,2024-10-01 00:00:00,ETH,Etherium,,,0.0025,,0.0025,,,joel@radicalinvestment.co.nz,,,Fidelity Investments,,https://www.fidelity.com/,"Fidelity Investments, commonly referred to as Fidelity, earlier as Fidelity Management & Research or FMR, is an American multinational financial services corporation based in Boston, Massachusetts.",Fidelity Investments,,https://www.fidelity.com/,"Fidelity Investments, commonly referred to as Fidelity, earlier as Fidelity Management & Research or FMR, is an American multinational financial services corporation based in Boston, Massachusetts."
HODL.US,VanEck Bitcoin ETF ,VanEck Bitcoin ETF ,F00001IWT4,Listed Securities,Other,Exchange-Traded Fund,,Passive,0.0,,,"The VanEck Bitcoin Trust offers investors exposure to the price of Bitcoin, adjusted for fees and expenses, providing an indirect way to invest in the cryptocurrency without owning it directly.",https://www.vaneck.com/us/en/investments/bitcoin-etf-hodl/overview/,VanEck,VanEck,2024-07-29 00:00:00,2024-10-01 00:00:00,BTC,Bitcoin,,,0.002,,0.002,,,joel@radicalinvestment.co.nz,,,VanEck,,,,VanEck,,,
ETHW.US,Bitwise Ethereum ETF,Bitwise Ethereum ETF,F00001LBUG,Listed Securities,Other,Exchange-Traded Fund,,Passive,0.0,,,"The Bitwise Ethereum ETF provides investors with exposure to the price of Ethereum, adjusted for fees and expenses, offering a simplified way to invest in the cryptocurrency without directly holding it.",https://bitwiseinvestments.com/crypto-funds/ethereum,Bitwise,Bitwise,2024-07-29 00:00:00,2024-10-01 00:00:00,ETH,Etherium,,,0.002,,0.002,,,joel@radicalinvestment.co.nz,,New York Stock Exchange,Bitwise Investments,,https://bitwiseinvestments.com/,Bitwise Asset Management is the largest crypto index fund manager in America. ,Bitwise Investments,,https://bitwiseinvestments.com/,Bitwise Asset Management is the largest crypto index fund manager in America. 
ETHA.US,iShares Ethereum Trust ETF,iShares Ethereum Trust ETF,F00001LB5P,Listed Securities,Other,Exchange-Traded Fund,,Passive,0.0,,,"The iShares Ethereum Trust ETF offers investors exposure to the price performance of Ethereum, adjusted for fees and expenses, providing a convenient way to invest in the cryptocurrency without directly owning it.",https://www.ishares.com/us/products/337614/ishares-ethereum-trust-etf,BlackRock,BlackRock,2024-07-29 00:00:00,2024-10-01 00:00:00,ETH,Etherium,,,0.0025,,0.0025,,,joel@radicalinvestment.co.nz,,,BlackRock Inc,isharesetfs@blackrock.com,www.ishares.com,iShares funds are powered by the expert portfolio and risk management of BlackRock. BlackRock managed over USD 11 trillion in assets on behalf of investors worldwide.,BlackRock Inc,isharesetfs@blackrock.com,www.ishares.com,iShares funds are powered by the expert portfolio and risk management of BlackRock. BlackRock managed over USD 11 trillion in assets on behalf of investors worldwide.
MAMGCBF,Milford Global Corporate Bond Fund,Milford Global Corporate Bond Fund,F000010BD9,Managed Funds,International fixed interest,Open-End Fund,NZD,Managed Funds,0.0,3,,The Milford Global Corporate Bond Fund aims to protect capital and deliver a positive NZD-hedged return that exceeds the relevant benchmark over the minimum recommended investment timeframe. The fund primarily invests in global corporate fixed interest securities.,https://milfordasset.com/funds-performance/global-corporate-bond-fund,Milford Asset Management,Milford Asset Management,2024-08-08 00:00:00,2024-10-01 00:00:00,,,0.0011,0.0011,0.0085,,0.0085,,,matt@diligentwealth.co.nz,,,Milford Asset Management Ltd,Email: info@milfordasset.com,www.milfordasset.com,,Milford Asset Management Ltd,Email: info@milfordasset.com,www.milfordasset.com,
MAMGLBEQ,Milford Global Equity Fund,Milford Global Equity Fund,F00000UIPJ,Managed Funds,International equities,Open-End Fund,NZD,Managed Funds,0.0,10,15% of the excess return above the high water-mark set by the MSCI World Index with net dividends reinvested (50% NZD-hedged).,The Milford Global Equity Fund seeks to achieve capital growth by outperforming the relevant share market index over the minimum recommended investment timeframe. The fund primarily invests in international equities.,https://milfordasset.com/funds-performance/global-equity-fund,Milford Asset Management,Milford Asset Management,2024-08-08 00:00:00,2024-10-01 00:00:00,,,0.0007,0.0007,0.013500000000000002,0.001,0.0125,,,matt@diligentwealth.co.nz,,,Milford Asset Management Ltd,Email: info@milfordasset.com,www.milfordasset.com,,Milford Asset Management Ltd,Email: info@milfordasset.com,www.milfordasset.com,
AMPI0123,Mercer Macquarie Global Listed Real Estate Fund - MIF GP,Mercer Macquarie Global Listed Real Estate Fund - MIF GP,F0AUS071S8,Managed Funds,Listed property,Open-End Fund,NZD,Managed Funds,0.0,10,,"The Mercer Macquarie Global Listed Real Estate Fund (MIF GP) invests in a global portfolio of property securities listed on stock exchanges worldwide, aiming to achieve medium to high returns over the long term by diversifying across various property regions, sectors, and securities. The fund integrates Environmental, Social, and Governance (ESG) characteristics into its investment process and seeks to provide a gross return above the FTSE EPRA/NAREIT Developed Total Return Index, with net dividends reinvested and fully hedged to the NZD on an after-tax basis over a rolling three-year period.",https://www.multimanager.mercer.co.nz/funds/overview.html,Mercer,Mercer,2024-08-13 00:00:00,2024-10-01 00:00:00,,,0.0025,0.0025,0.0134,0.0025,0.0109,,,ben.brinkerhoff@consilium.co.nz,,,Mercer (NZ) Ltd,clientservicecentre@ampcapital.com,www.mercer.co.nz,"Operating in Aotearoa for over 65 years, Mercer globally has over USD$500bn in assets under management.",Mercer (NZ) Ltd,clientservicecentre@ampcapital.com,www.mercer.co.nz,"Operating in Aotearoa for over 65 years, Mercer globally has over USD$500bn in assets under management."
RIGSUH,Russell Investment Global Shares Fund - PIE,Russell Investment Global Shares Fund - PIE,F00000N79Y,Managed Funds,International equities,Open-End Fund,NZD,Managed Funds,0.0,15,,"The Russell Investments Global Shares Fund aims to deliver a total return, before costs and taxes, that exceeds the MSCI ACWI Index - Net over the long term, defined as a period of three years or more.",https://russellinvestments.com/nz/funds/russell-investments-global-shares-fund,Russell Investments,Russell Investments,2024-08-13 00:00:00,2024-10-01 00:00:00,BMK0021,MSCI ACWI Index (net div.),0.0018,0.0013,0.0089,,0.0089,,,ben.brinkerhoff@consilium.co.nz,,,Russell Investments group,,www.russellinvestments.com/nz,"Founded in 1936 and active in New Zealand since the 1980s, Russell Investments manages over USD 250 billion.",Russell Investments group,,www.russellinvestments.com/nz,"Founded in 1936 and active in New Zealand since the 1980s, Russell Investments manages over USD 250 billion."
RIFHGS,Russell Investments Hedged Global Shares Fund - PIE,Russell Investments Hedged Global Shares Fund - PIE,F00000N79Z,Managed Funds,International equities,Open-End Fund,NZD,Managed Funds,0.0,15,,"The Russell Investments Hedged Global Shares Fund aims to achieve a total return, before costs and taxes, that exceeds the MSCI ACWI Index—100% hedged to NZD—Net over the long term, defined as a period of three years or more.",https://russellinvestments.com/nz/funds/russell-investments-hedged-global-shares-fund,Russell Investments,Russell Investments,2024-08-13 00:00:00,2024-10-01 00:00:00,BMK0080,"MSCI ACWI Index (Net div., NZD hedged)",0.002,0.0015,0.0092,,0.0092,,,ben.brinkerhoff@consilium.co.nz,,,Russell Investments group,,www.russellinvestments.com/nz,"Founded in 1936 and active in New Zealand since the 1980s, Russell Investments manages over USD 250 billion.",Russell Investments group,,www.russellinvestments.com/nz,"Founded in 1936 and active in New Zealand since the 1980s, Russell Investments manages over USD 250 billion."
ETPMAG.AU,Global X Physical Silver,Global X Physical Silver,F000002JCQ,Listed Securities,Commodities,Exchange-Traded Fund,AUD,,0.0,2,,"Global X Physical Silver (ETPMAG.AU) seeks to provide investment results that closely track the price and yield performance of silver in Australian dollars, before fees and expenses.",https://www.globalxetfs.com.au/funds/etpmag/,Global X,Global X,2024-08-20 00:00:00,2024-10-01 00:00:00,,,,,0.0049,,0.0049,,,joel@radicalinvestment.co.nz,,,Global X ETFS,info@globalxetfs.com,,,Global X ETFS,info@globalxetfs.com,,
PSLV.US,Sprott Physical Silver Trust,Sprott Physical Silver Trust,F00000LICU,Listed Securities,Commodities,Exchange-Traded Fund,USD,,0.0,,,"The Sprott Physical Silver Trust (PSLV.US) is a closed-end trust that invests in unencumbered and fully allocated London Good Delivery (LGD) silver bars, with the goal of providing a secure, convenient, and exchange-traded investment alternative for investors seeking to hold physical silver.",https://www.sprott.com/investment-strategies/physical-bullion-trusts/silver/,Sprott Asset Management,Sprott Asset Management,2024-08-20 00:00:00,2024-10-01 00:00:00,,,,,0.0058,,0.0058,,,joel@radicalinvestment.co.nz,,,Sprott Asset Management LP,info@sprott.com,,,Sprott Asset Management LP,info@sprott.com,,
PHYS.US,Sprott Physical Gold Trust ETF,Sprott Physical Gold Trust ETF,F00000GWY1,Listed Securities,Commodities,Exchange-Traded Fund,USD,,0.0,,,"The Sprott Physical Gold Trust (PHYS.US) is designed to invest and hold the majority of its assets in physical gold bullion, aiming to provide a secure, convenient, and exchange-traded investment alternative for investors who wish to hold physical gold without the typical inconveniences associated with direct investments in gold bullion.",https://www.sprott.com/investment-strategies/physical-bullion-trusts/gold/,Sprott Asset Management,Sprott Asset Management,2024-08-20 00:00:00,2024-10-01 00:00:00,,,,,0.0040999999999999995,,0.0040999999999999995,,,joel@radicalinvestment.co.nz,,,Sprott Asset Management LP,info@sprott.com,,,Sprott Asset Management LP,info@sprott.com,,
SGOL.US,abrdn Physical Swiss Gold Shares ETF,abrdn Physical Swiss Gold Shares ETF,STUSA051T3,Listed Securities,Commodities,Exchange-Traded Fund,USD,,0.0,,,"abrdn Physical Gold Shares ETF (SGOL) seeks to reflect the performance of the price of gold bullion, less the Trust's expenses.",https://www.abrdn.com/en-us/us/investor/fund-details/aberdeen-standard-physical-gold-shares-etf/common-stock/us00326a1043,Aberdeen Asset Managers,Aberdeen Asset Managers,2024-08-20 00:00:00,2024-10-01 00:00:00,,,,,0.0017000000000000001,,0.0017000000000000001,,,joel@radicalinvestment.co.nz,,,Aberdeen Asset Managers Ltd,client.services.sing@aberdeen-asset.com,,,Aberdeen Asset Managers Ltd,client.services.sing@aberdeen-asset.com,,
SLV.US,iShares Silver Trust,iShares Silver Trust,FEUSA04AFA,Listed Securities,Commodities,Exchange-Traded Fund,USD,,0.0,,,"The iShares Silver Trust (SLV.US) is designed to provide investors with exposure to the price performance of silver by holding physical silver bullion, offering a secure and convenient way to invest in silver without the complexities of direct ownership.",https://www.ishares.com/us/products/239855/ishares-silver-trust-fund,BlackRock,BlackRock,2024-08-20 00:00:00,2024-10-01 00:00:00,,,,,0.005,,0.005,,,joel@radicalinvestment.co.nz,,,BlackRock Inc,isharesetfs@blackrock.com,www.ishares.com,iShares funds are powered by the expert portfolio and risk management of BlackRock. BlackRock managed over USD 11 trillion in assets on behalf of investors worldwide.,BlackRock Inc,isharesetfs@blackrock.com,www.ishares.com,iShares funds are powered by the expert portfolio and risk management of BlackRock. BlackRock managed over USD 11 trillion in assets on behalf of investors worldwide.
SIVR.US,abrdn Physical Silver Shares ETF,abrdn Physical Silver Shares ETF,F000003Y6V,Listed Securities,Commodities,Exchange-Traded Fund,USD,,0.0,,,"The abrdn Physical Silver Shares ETF (SIVR.US) aims to provide investors with exposure to the price performance of silver by holding physical silver bullion, offering a straightforward and secure investment option for those looking to invest in silver without the challenges of direct ownership.",https://www.abrdn.com/en-us/us/investor/fund-details/aberdeen-standard-physical-silver-shares-etf/share/us0032641088,Aberdeen Asset Managers,Aberdeen Asset Managers,2024-08-20 00:00:00,2024-10-01 00:00:00,,,,,0.0045000000000000005,,0.0045000000000000005,,,joel@radicalinvestment.co.nz,,,Aberdeen Asset Managers Ltd,client.services.sing@aberdeen-asset.com,,,Aberdeen Asset Managers Ltd,client.services.sing@aberdeen-asset.com,,
DOW.US,DOW Inc,DOW Inc,0P0001H3ZI,Listed Securities,International equities,Stock,,,0.0,,,"The Dow Chemical Company, headquartered in Midland, Michigan, is one of the three largest chemical producers globally as of 2021 and operates as a subsidiary of the publicly traded Dow Inc.",https://www.dow.com/,,DOW Inc,2024-08-19 00:00:00,2024-10-01 00:00:00,,,,,,,,,,jeremy.simpson@hhg.co.nz,,,,,,,DOW Inc,,https://www.dow.com/,"The Dow Chemical Company is an American multinational corporation headquartered in Midland, Michigan, United States. The company was among the three largest chemical producers in the world in 2021. It is the operating subsidiary of Dow Inc., a publicly traded holding company incorporated under Delaware law."
LGEN.LN,Legal & General Group plc,Legal & General Group plc,0P00007OJS,Listed Securities,International equities,Stock,,,0.0,,,"Legal & General Group plc is a British multinational financial services and asset management company based in London, offering a range of products including investment management, lifetime mortgages, pensions, annuities, and life assurance.",https://group.legalandgeneral.com/en,,Legal & General,2024-08-19 00:00:00,2024-10-01 00:00:00,,,,,,,,,,jeremy.simpson@hhg.co.nz,,,,,,,Legal & General Group plc,,https://group.legalandgeneral.com/en,"Legal & General Group plc, commonly known as Legal & General, is a British multinational financial services and asset management company headquartered in London, England. Its products and services include investment management, lifetime mortgages, pensions, annuities, and life assurance."
AV/.LN,Aviva plc,Aviva plc,0P000090RJ,Listed Securities,International equities,Stock,,,0.0,,,"Aviva plc is a British multinational insurance company headquartered in London, serving approximately 19 million customers primarily in the UK, Ireland, and Canada, and is the largest general insurer in the UK.",https://www.aviva.com/,,Aviva,2024-08-19 00:00:00,2024-10-01 00:00:00,,,,,,,,,,jeremy.simpson@hhg.co.nz,,,,,,,Aviva plc,,https://www.aviva.com/,"Aviva plc is a British multinational insurance company headquartered in London, England. It has about 19 million customers across its core markets of the United Kingdom, Ireland and Canada. In the United Kingdom, Aviva is the largest general insurer and a leading life and pensions provider."
TW/.LN,Taylor Wimpey PLC,Taylor Wimpey PLC,0P00007OYA,Listed Securities,International equities,Stock,,,0.0,,,"Taylor Wimpey plc, formed by the merger of Taylor Woodrow and George Wimpey in 2007, is one of the largest home construction companies in the UK and is listed on the London Stock Exchange as part of the FTSE 100 Index.",https://www.taylorwimpey.co.uk/corporate,,Taylor Wimpey,2024-08-19 00:00:00,2024-10-01 00:00:00,,,,,,,,,,jeremy.simpson@hhg.co.nz,,,,,,,Taylor Wimpey plc,,https://www.taylorwimpey.co.uk/corporate,Taylor Wimpey plc is one of the largest home construction companies in the United Kingdom. The company was created from the merger of rivals Taylor Woodrow and George Wimpey on 3 July 2007. It is listed on the London Stock Exchange and is a constituent of the FTSE 100 Index.
MBG.GE,Mercedes-Benz Group AG,Mercedes-Benz Group AG,0P00009QOM,Listed Securities,International equities,Stock,,,0.0,,,"Mercedes-Benz Group AG, based in Stuttgart, Germany, is a leading global automotive manufacturer formed by the merger of Benz & Cie. and Daimler Motoren Gesellschaft in 1926.",https://group.mercedes-benz.com/en/,,Mercedes-Benz,2024-08-19 00:00:00,2024-10-01 00:00:00,,,,,,,,,,jeremy.simpson@hhg.co.nz,,,,,,,Mercedes-Benz Group AG,,https://group.mercedes-benz.com/en/,"Mercedes-Benz Group AG is a German multinational automotive company headquartered in Stuttgart, Baden-Württemberg, Germany. It is one of the world's leading car manufacturers. Daimler-Benz was formed with the merger of Benz & Cie., the world's oldest car company, and Daimler Motoren Gesellschaft in 1926."
VZ.US,Verizon Communications Inc,Verizon Communications Inc,0P000005QY,Listed Securities,International equities,Stock,,,0.0,,,"Verizon Communications Inc. is an American telecommunications company headquartered in New York City, recognized as the world's second-largest telecommunications company by revenue and the largest wireless carrier in the U.S.",https://www.verizon.com/about,,Verizon,2024-08-19 00:00:00,2024-10-01 00:00:00,,,,,,,,,,jeremy.simpson@hhg.co.nz,,,,,,,Verizon Communications Inc,,https://www.verizon.com/about,"Verizon Communications Inc., is an American telecommunications company headquartered in New York City. It is the world's second-largest telecommunications company by revenue and its mobile network is the largest wireless carrier in the United States, with 114.8 million subscribers as of March 31, 2024."
BAS.GE,BASF SE,BASF SE,0P00009QNZ,Listed Securities,International equities,Stock,,,0.0,,,"BASF SE, originally known as Badische Anilin- und Sodafabrik, is the largest chemical producer in the world and is headquartered in Ludwigshafen, Germany.",https://www.basf.com/,,BASF SE,2024-08-19 00:00:00,2024-10-01 00:00:00,,,,,,,,,,jeremy.simpson@hhg.co.nz,,,,,,,BASF SE,,https://www.basf.com/,"BASF SE, an initialism of its original name Badische Anilin- und Sodafabrik, is a European multinational company and the largest chemical producer in the world. Its headquarters are located in Ludwigshafen, Germany."
1211.HK,Byd Company Limited,Byd Company Limited,0P00009S7R,Listed Securities,International equities,Stock,,,0.0,,,"BYD Company Limited is a publicly listed Chinese multinational manufacturing conglomerate based in Shenzhen, Guangdong, specializing in various sectors including electric vehicles and renewable energy.",https://www.byd.com/us,,BYD,2024-08-19 00:00:00,2024-10-01 00:00:00,,,,,,,,,,jeremy.simpson@hhg.co.nz,,,,,,,BYD Company Limited,,https://www.byd.com/us,"BYD Company Limited or BYD is a publicly listed Chinese multinational manufacturing conglomerate headquartered in Shenzhen, Guangdong, China."
BMY.US,Bristol Meyers Squibb,Bristol Meyers Squibb,0P000000VL,Listed Securities,International equities,Stock,,,0.0,,,"The Bristol-Myers Squibb Company, an American multinational pharmaceutical firm headquartered in Princeton, New Jersey, is one of the largest pharmaceutical companies globally and frequently appears on the Fortune 500 list.",https://www.bms.com/nz,,Bristol Meyers Squibb,2024-08-19 00:00:00,2024-10-01 00:00:00,,,,,,,,,,jeremy.simpson@hhg.co.nz,,,,,,,Bristol-Myers Squibb Company,,https://www.bms.com/nz,"The Bristol-Myers Squibb Company, doing business as Bristol Myers Squibb, is an American multinational pharmaceutical company. Headquartered in Princeton, New Jersey, BMS is one of the world's largest pharmaceutical companies and consistently ranks on the Fortune 500 list of the largest U.S. corporations. "
ABB100,ASB Capital 5.524% 21/06/2027,ASB Capital 5.524% 21/06/2027,,Direct bonds and term deposits,New Zealand fixed interest,Bond,,,0.0,,,"ASB Bank Limited is a major New Zealand bank headquartered in Auckland, offering a wide range of financial services including personal, business, and investment banking.",https://www.asb.co.nz/asb-securities/fixed-interest-securities.html,,ASB,2024-08-22 00:00:00,2024-10-01 00:00:00,BMK0044,S&P/NZX A-Grade Corporate Bond Index,,,,,,,,richard.parkin@hhg.co.nz,2027-06-21 00:00:00,,,,,,ASB Bank Ltd,,,
ABB110,ASB Capital 5.928% 16/11/2026,ASB Capital 5.928% 16/11/2026,,Direct bonds and term deposits,New Zealand fixed interest,Bond,,,0.0,,,"ASB Bank Limited is a major New Zealand bank headquartered in Auckland, offering a wide range of financial services including personal, business, and investment banking.",https://www.asb.co.nz/asb-securities/fixed-interest-securities.html,,ASB,2024-08-22 00:00:00,2024-10-01 00:00:00,BMK0044,S&P/NZX A-Grade Corporate Bond Index,,,,,,,,richard.parkin@hhg.co.nz,2026-11-16 00:00:00,,,,,,ASB Bank Ltd,,,
ARV010,Arvida Group Limited 2.87% 22/02/2028,Arvida Group Limited 2.87% 22/02/2028,,Direct bonds and term deposits,New Zealand fixed interest,Bond,,,0.0,,,"Arvida Group Limited is a New Zealand-based operator and developer of retirement villages and aged care facilities, focused on providing high-quality living options for seniors.",https://www.arvida.co.nz/,,Arvida,2024-08-22 00:00:00,2024-10-01 00:00:00,BMK0044,S&P/NZX A-Grade Corporate Bond Index,,,,,,,,richard.parkin@hhg.co.nz,2028-02-22 00:00:00,,,,,,Arvida Group Limited,,https://www.arvida.co.nz/,"Arvida Group Limited is a New Zealand-based operator and developer of retirement villages and aged care facilities, focused on providing high-quality living options for seniors."
AKC150,Auckland Council 5.734% 27/09/2028,Auckland Council 5.734% 27/09/2028,,Direct bonds and term deposits,New Zealand fixed interest,Bond,,,0.0,,,"Auckland Council is the local government authority for the Auckland region in New Zealand, responsible for providing a range of services, including infrastructure, community services, and environmental management, to support the needs of its diverse population.",https://www.aucklandcouncil.govt.nz/about-auckland-council/investor-centre/Pages/default.aspx,,Auckland Council,2024-08-22 00:00:00,2024-10-01 00:00:00,BMK0044,S&P/NZX A-Grade Corporate Bond Index,,,,,,,,richard.parkin@hhg.co.nz,2028-09-27 00:00:00,,,,,,Auckland Council,,,
CCH040,Christchurch City Holdings 5.043% 06/04/2028,Christchurch City Holdings 5.043% 06/04/2028,,Direct bonds and term deposits,New Zealand fixed interest,Bond,,,0.0,,,"Christchurch City Holdings Limited (CCHL) is the wholly owned investment arm of Christchurch City Council, holding shares in six trading companies.",https://www.cchl.co.nz/,,Christchurch City Holdings,2024-08-22 00:00:00,2024-10-01 00:00:00,BMK0044,S&P/NZX A-Grade Corporate Bond Index,,,,,,,,richard.parkin@hhg.co.nz,2028-04-06 00:00:00,,,,,,Christchurch City Holdings Ltd,,,
CEN060,Contact Energy 4.33% 19/11/2026 (C),Contact Energy 4.33% 19/11/2026 (C),,Direct bonds and term deposits,New Zealand fixed interest,Bond,,,0.0,,,"Contact Energy is a prominent New Zealand energy company that generates and supplies electricity and natural gas, with a strong emphasis on renewable energy and sustainable solutions for its customers. The Maturity Date displayed for CEN060 is the next scheduled interest rate reset date. CEN060 is scheduled to mature on 19/11/2051.",https://contact.co.nz/aboutus/investor-centre/investor-information,,Contact Energy,2024-08-22 00:00:00,2024-10-01 00:00:00,BMK0044,S&P/NZX A-Grade Corporate Bond Index,,,,,,,,richard.parkin@hhg.co.nz,,,,,,,Contact Energy,,,
CEN070,Contact Energy 5.82% 11/04/2028,Contact Energy 5.82% 11/04/2028,,Direct bonds and term deposits,New Zealand fixed interest,Bond,,,0.0,,,"Contact Energy is a major energy company in New Zealand, generating and supplying electricity and natural gas while also focusing on renewable energy projects and customer energy solutions.",https://contact.co.nz/aboutus/investor-centre/investor-information,,Contact Energy,2024-08-22 00:00:00,2024-10-01 00:00:00,BMK0044,S&P/NZX A-Grade Corporate Bond Index,,,,,,,,richard.parkin@hhg.co.nz,2028-04-11 00:00:00,,,,,,Contact Energy,,,
CEN080,Contact Energy 5.62% 06/04/2029,Contact Energy 5.62% 06/04/2029,,Direct bonds and term deposits,New Zealand fixed interest,Bond,,,0.0,,,"Contact Energy is a major energy company in New Zealand, generating and supplying electricity and natural gas while also focusing on renewable energy projects and customer energy solutions.",https://contact.co.nz/aboutus/investor-centre/investor-information,,Contact Energy,2024-08-22 00:00:00,2024-10-01 00:00:00,BMK0044,S&P/NZX A-Grade Corporate Bond Index,,,,,,,,richard.parkin@hhg.co.nz,2029-04-06 00:00:00,,,,,,Contact Energy,,,
CHC030,Christchurch International Airport Limited 5.44% 15/04/2031,Christchurch International Airport Limited 5.44% 15/04/2031,,Direct bonds and term deposits,New Zealand fixed interest,Bond,,,0.0,,,"Christchurch International Airport is New Zealand's second-largest airport, located in Christchurch, serving as a key gateway for domestic and international flights, and playing a vital role in the region's tourism and economic development.",https://www.christchurchairport.co.nz/about-us/who-we-are/financial-reports/,,Christchurch International Airport,2024-08-22 00:00:00,2024-10-01 00:00:00,BMK0044,S&P/NZX A-Grade Corporate Bond Index,,,,,,,,richard.parkin@hhg.co.nz,2031-04-15 00:00:00,,,,,,Christchurch International Airport,,,
FBI220,Fletcher Building Industries 6.50% 15/03/2028,Fletcher Building Industries 6.50% 15/03/2028,,Direct bonds and term deposits,New Zealand fixed interest,Bond,,,0.0,,,"Fletcher Building Industries is a leading New Zealand-based construction and building materials company, involved in a wide range of sectors including residential, commercial, and infrastructure projects, while also manufacturing and supplying building products.",https://fletcherbuilding.com/investor-centre/capital-notes-and-adrs/,,Fletcher Building,2024-08-22 00:00:00,2024-10-01 00:00:00,BMK0044,S&P/NZX A-Grade Corporate Bond Index,,,,,,,,richard.parkin@hhg.co.nz,2028-03-15 00:00:00,,,,,,Fletcher Building Industries,,,
WIA100,Wellington Intl Airport 6.02% 04/09/2030,Wellington Intl Airport 6.02% 04/09/2030,,Direct bonds and term deposits,New Zealand fixed interest,Bond,,,0.0,,,"Wellington International Airport is the primary airport serving Wellington, New Zealand's capital city, providing domestic and international flights and playing a crucial role in the region's transport and tourism infrastructure.",https://www.wellingtonairport.co.nz/business/#investor-services,,Wellington International Airport,2024-08-22 00:00:00,2024-10-01 00:00:00,BMK0044,S&P/NZX A-Grade Corporate Bond Index,,,,,,,,richard.parkin@hhg.co.nz,2030-09-04 00:00:00,,,,,,Wellington International Airport,,,
KPG060,Kiwi Property Trust 6.24% 27/09/2029,Kiwi Property Trust 6.24% 27/09/2029,,Direct bonds and term deposits,New Zealand fixed interest,Bond,,,0.0,,,"The Kiwi Property Trust have been a leader in the New Zealand property sector for 30 years and are a member of the NZX 20 index. They own and operate a diversified portfolio of leading mixed-use, office and retail assets, including The Base and Sylvia Park mixed-use centres, and prestigious office buildings, such as the Vero Centre in Auckland. ",https://www.kiwiproperty.com/investors/,,Kiwi Property Trust,2024-08-22 00:00:00,2024-10-01 00:00:00,BMK0044,S&P/NZX A-Grade Corporate Bond Index,,,,,,,,richard.parkin@hhg.co.nz,2029-09-27 00:00:00,,,,,,Kiwi Property Trust,,,
LGF170,NZ Local Govt Funding Agency 4.50% 15/05/2030,NZ Local Govt Funding Agency 4.50% 15/05/2030,,Direct bonds and term deposits,New Zealand fixed interest,Bond,,,0.0,,,"The NZ Local Government Funding Agency is a government-owned entity in New Zealand that provides cost-effective financing to local councils and other local government entities, facilitating infrastructure development and improving financial stability within the local government sector.",https://www.lgfa.co.nz/,,NZ Local Government Funding Agency,2024-08-22 00:00:00,2024-10-01 00:00:00,BMK0016,NZX NZL Govt Stk GR NZD,,,,,,,,richard.parkin@hhg.co.nz,2030-05-15 00:00:00,,,,,,NZ Local Government Funding Agency,,,
MCY060,Mercury NZ Limited 5.64% 19/06/2028,Mercury NZ Limited 5.64% 19/06/2028,,Direct bonds and term deposits,New Zealand fixed interest,Bond,,,0.0,,,"Mercury Energy is a New Zealand energy company that generates, sells, and distributes electricity and gas, with a strong focus on renewable energy sources and sustainability initiatives to support its customers and the environment.",https://www.mercury.co.nz/investors/bonds,,Mercury NZ,2024-08-22 00:00:00,2024-10-01 00:00:00,BMK0044,S&P/NZX A-Grade Corporate Bond Index,,,,,,,,richard.parkin@hhg.co.nz,2028-06-19 00:00:00,,,,,,Mercury NZ Ltd,,,
MEL070,Meridian Energy 5.4% 21/03/2030,Meridian Energy 5.4% 21/03/2030,,Direct bonds and term deposits,New Zealand fixed interest,Bond,,,0.0,,,"Meridian Energy is one of New Zealand's largest electricity generators and retailers, primarily focused on renewable energy sources such as hydro and wind, while also providing electricity and energy solutions to residential and commercial customers.",https://www.meridianenergy.co.nz/about-us/investors/reports/retail-bond-documents,,Meridian Energy,2024-08-22 00:00:00,2024-10-01 00:00:00,BMK0044,S&P/NZX A-Grade Corporate Bond Index,,,,,,,,richard.parkin@hhg.co.nz,2030-03-21 00:00:00,,,,,,Meridian Energy,,,
SBS020,Southland Building Society 6.14% 07/03/2029,Southland Building Society 6.14% 07/03/2029,,Direct bonds and term deposits,New Zealand fixed interest,Bond,,,0.0,,,"Southland Building Society is a New Zealand financial institution that offers a range of banking services, including home loans, savings accounts, and investment products, primarily serving the Southland region and focusing on supporting local communities.",https://www.sbsbank.co.nz/SBS-Capital-Bonds,,Southland Building Society,2024-08-22 00:00:00,2024-10-01 00:00:00,BMK0044,S&P/NZX A-Grade Corporate Bond Index,,,,,,,,richard.parkin@hhg.co.nz,2029-03-07 00:00:00,,,,,,Southland Building Society,,,
SPF600,Spark Finance Ltd 5.45% 18/09/2031,Spark Finance Ltd 5.45% 18/09/2031,,Direct bonds and term deposits,New Zealand fixed interest,Bond,,,0.0,,,"Spark Finance is a financial services division of Spark New Zealand, offering a range of products including personal loans, credit cards, and insurance services, designed to meet the diverse financial needs of individuals and businesses in New Zealand.",https://investors.sparknz.co.nz/investor-centre/?page=Spark-Finance-Bonds,,Spark Finance,2024-08-22 00:00:00,2024-10-01 00:00:00,BMK0044,S&P/NZX A-Grade Corporate Bond Index,,,,,,,,richard.parkin@hhg.co.nz,2031-09-18 00:00:00,,,,,,Spark Finance Ltd,,,
SUM040,Summerset Group Holdings Limited 6.59% 09/03/2029,Summerset Group Holdings Limited 6.59% 09/03/2029,,Direct bonds and term deposits,New Zealand fixed interest,Bond,,,0.0,,,"Summerset Group Holdings Limited is a leading New Zealand-based developer and operator of retirement villages and aged care facilities, dedicated to providing quality living options and care services for seniors.",https://www.summerset.co.nz/investor-centre/bonds/,,Summerset,2024-08-22 00:00:00,2024-10-01 00:00:00,BMK0044,S&P/NZX A-Grade Corporate Bond Index,,,,,,,,richard.parkin@hhg.co.nz,2029-03-09 00:00:00,,,,,,Summerset Group Holdings Ltd,,,
SUM050,Summerset Group Holdings Limited 6.43% 08/03/2030,Summerset Group Holdings Limited 6.43% 08/03/2030,,Direct bonds and term deposits,New Zealand fixed interest,Bond,,,0.0,,,"Summerset Group Holdings Limited is a leading New Zealand-based developer and operator of retirement villages and aged care facilities, dedicated to providing quality living options and care services for seniors.",https://www.summerset.co.nz/investor-centre/bonds/,,Summerset,2024-08-22 00:00:00,2024-10-01 00:00:00,BMK0044,S&P/NZX A-Grade Corporate Bond Index,,,,,,,,richard.parkin@hhg.co.nz,2030-03-08 00:00:00,,,,,,Summerset Group Holdings Ltd,,,
WIA090,Wellington Intl Airport 5.78% 24/08/2028,Wellington Intl Airport 5.78% 24/08/2028,,Direct bonds and term deposits,New Zealand fixed interest,Bond,,,0.0,,,"Wellington International Airport is the primary airport serving Wellington, New Zealand's capital city, providing domestic and international flights and playing a crucial role in the region's transport and tourism infrastructure.",https://www.wellingtonairport.co.nz/business/#investor-services,,Wellington International Airport,2024-08-22 00:00:00,2024-10-01 00:00:00,BMK0044,S&P/NZX A-Grade Corporate Bond Index,,,,,,,,richard.parkin@hhg.co.nz,2028-08-24 00:00:00,,,,,,Wellington International Airport,,,
DEVONGIBF,Devon Global Impact Bond Fund,Devon Global Impact Bond Fund,F00001DZCK,Managed Funds,International fixed interest,Open-End Fund,NZD,,0.0,,,"The Global Impact Bond Fund invests in the Wellington Global Impact Bond Fund, managed by Wellington Management, which focuses on debt issued by companies addressing social and environmental challenges through their core products and services. The fund aims to enhance access to basic life essentials, reduce inequality, and mitigate climate change effects.",https://devonfunds.co.nz/global-impact-bond-fund,Devon Funds,Devon Funds,2024-08-23 00:00:00,2024-10-01 00:00:00,BFS_DEVONGIBF,Backfill: Devon Global Impact Bond Fund,0,0,0.0059,,0.0059,,,joel@radicalinvestment.co.nz,,,Devon Funds Management,,https://devonfunds.co.nz/,,Devon Funds Management,,https://devonfunds.co.nz/,
PL.US,Planet Labs PBC,Planet Labs PBC,0P0001O11S,Listed Securities,International equities,Stock,,,0.0,,,"Planet Labs PBC is a publicly traded American Earth imaging company headquartered in San Francisco, California, aiming to capture daily images of the entire Earth to monitor changes and identify trends.",https://www.planet.com/,,Planet Labs PBC,2024-08-26 00:00:00,2024-10-01 00:00:00,BMK0105,S&P 500 Index,,,,,,,,jeremy.simpson@hhg.co.nz,,,,,,,Planet Labs PBC,,https://www.planet.com/,"Planet Labs PBC is a publicly traded American Earth imaging company headquartered in San Francisco, California, aiming to capture daily images of the entire Earth to monitor changes and identify trends."
GE.US,General Electric Co,General Electric Aerospace Co,0P000002DO,Listed Securities,International equities,Stock,,,0.0,,,"GE Aerospace is a division of General Electric that specializes in the design and manufacture of aircraft engines, systems, and components, providing innovative aerospace solutions for commercial, military, and general aviation markets.",https://www.geaerospace.com/,,GE Aerospace,2024-08-26 00:00:00,2024-10-01 00:00:00,,,,,,,,,,jeremy.simpson@hhg.co.nz,,,,,,,General Electric Aerospace ,,https://www.geaerospace.com/,"GE Aerospace is a division of General Electric that specializes in the design and manufacture of aircraft engines, systems, and components, providing innovative aerospace solutions for commercial, military, and general aviation markets."
RXRX.US,Recursion Pharmaceuticals Inc,Recursion Pharmaceuticals Inc,0P0001M4F7,Listed Securities,International equities,Stock,,,0.0,,,"Recursion Pharmaceuticals Inc. is a biotechnology company that leverages advanced computational biology and artificial intelligence to accelerate drug discovery and development, focusing on identifying treatments for rare and complex diseases.",https://www.recursion.com/,,Recursion Pharmaceuticals Inc,2024-08-26 00:00:00,2024-10-01 00:00:00,BMK0105,S&P 500 Index,,,,,,,,jeremy.simpson@hhg.co.nz,,,,,,,Recursion Pharmaceuticals Inc,,https://www.recursion.com/,"Recursion Pharmaceuticals Inc. is a biotechnology company that leverages advanced computational biology and artificial intelligence to accelerate drug discovery and development, focusing on identifying treatments for rare and complex diseases."
ASTS.US,AST SpaceMobile Inc,AST SpaceMobile Inc,0P0001M322,Listed Securities,International equities,Stock,,,0.0,,,"AST SpaceMobile Inc. is an American satellite communications company focused on building a global satellite network that aims to provide mobile broadband services directly to standard smartphones, enhancing connectivity in underserved areas around the world.",https://ast-science.com/,,AST SpaceMobile Inc,2024-08-26 00:00:00,2024-10-01 00:00:00,BMK0105,S&P 500 Index,,,,,,,,jeremy.simpson@hhg.co.nz,,,,,,,AST SpaceMobile Inc,,https://ast-science.com/,"AST SpaceMobile Inc. is an American satellite communications company focused on building a global satellite network that aims to provide mobile broadband services directly to standard smartphones, enhancing connectivity in underserved areas around the world."
FCEL.US,FuelCell Energy Inc,FuelCell Energy Inc,0P000002B5,Listed Securities,International equities,Stock,,,0.0,,,"FuelCell Energy Inc. is an American company that develops and manufactures fuel cell technology solutions for clean energy generation, focusing on producing renewable energy from hydrogen and other sustainable sources.",https://www.fuelcellenergy.com/,,FuelCell Energy,2024-08-26 00:00:00,2024-10-01 00:00:00,,,,,,,,,,jeremy.simpson@hhg.co.nz,,,,,,,FuelCell Energy Inc,,https://www.fuelcellenergy.com/,"FuelCell Energy Inc. is an American company that develops and manufactures fuel cell technology solutions for clean energy generation, focusing on producing renewable energy from hydrogen and other sustainable sources."
CFMFIF,Clarity Fixed Income Fund,Clarity Fixed Income Fund,F000011H78,Managed Funds,New Zealand fixed interest,Open-End Fund,NZD,,0.0,,,The Clarity Fixed Income Fund invests in high quality New Zealand bonds and term deposits. It is designed for investors looking for a lower risk investment and wanting to achieve returns over time that are higher than bank deposits.,https://clarityfunds.co.nz/our-funds/clarity-fixed-income-fund,Clarity NZ,Clarity NZ,2024-08-27 00:00:00,2024-10-01 00:00:00,,,,,0.006500000000000001,,0.006500000000000001,,,joel@radicalinvestment.co.nz,,,Clarity Fund Management,,https://clarityfunds.co.nz/,"Clarity Fund Management offers straightforward, flexible, and transparent investment options, focusing on long-term growth and actively managed funds. Their in-house team manages investments in New Zealand and Australia, while international shares are overseen by top-tier global fund managers. Clarity is regulated by the Financial Markets Authority and part of the Investment Services Group, with a commitment to prioritizing clients' interests and charging reasonable fees without performance-based charges.",Clarity Fund Management,,https://clarityfunds.co.nz/,"Clarity Fund Management offers straightforward, flexible, and transparent investment options, focusing on long-term growth and actively managed funds. Their in-house team manages investments in New Zealand and Australia, while international shares are overseen by top-tier global fund managers. Clarity is regulated by the Financial Markets Authority and part of the Investment Services Group, with a commitment to prioritizing clients' interests and charging reasonable fees without performance-based charges."
QUAYNZE,QuayStreet AM NZ Equity Fund,QuayStreet AM NZ Equity Fund,F000013I0H,Managed Funds,Australasian equities,Open-End Fund,NZD,,0.0,,,"The QuayStreet New Zealand Equity Fund primarily invests in companies within the NZX 50 Index, aiming to deliver returns above its benchmark, the S&P/NZX 50 Gross Index, over the long term.",https://quaystreet.com/our-funds/nz-equity-fund,QuayStreet Asset Management,QuayStreet Asset Management,2024-08-27 00:00:00,2024-10-01 00:00:00,,,,,0.0127,0.0034999999999999996,0.0092,,,joel@radicalinvestment.co.nz,,,QuayStreet Asset Management Ltd,info@quaystreet.com,,,QuayStreet Asset Management Ltd,info@quaystreet.com,,
SBS1T2,Southland Building Society 7.62% 22/08/2029(R),Southland Building Society 7.62% 22/08/2029(R),,Direct bonds and term deposits,New Zealand fixed interest,Bond,,,0.0,,,"Southland Building Society (SBS) is a New Zealand-based financial institution offering a range of banking services, including loans, savings, and investments, with a focus on supporting local communities. The maturity date for SBS1T2 is the next scheduled interest rate reset date, which is also the next possible redemption date, subject to applicable conditions, with final maturity scheduled for 22/08/2034.",https://www.sbsbank.co.nz/SBS-Capital-Bonds,,Southland Building Society,2024-08-22 00:00:00,2024-10-01 00:00:00,BMK0044,S&P/NZX A-Grade Corporate Bond Index,,,,,,,,richard.parkin@hhg.co.nz,2034-08-22 00:00:00,,,,,,Southland Building Society,,,
BOND.US,PIMCO Active Bond Exchange Traded Fund,PIMCO Active Bond Exchange Traded Fund,F00000MM7Y,Listed Securities,International fixed interest,Exchange-Traded Fund,USD,,0.0,,,"The PIMCO Active Bond Exchange Traded Fund seeks current income and long-term capital appreciation by focusing on higher-quality, intermediate-term bonds and aims to outperform its benchmark, the Bloomberg U.S. Aggregate Index. Actively managed, the fund employs a risk-focused approach with the flexibility to invest outside its benchmark to enhance risk-adjusted returns.",https://www.pimco.com/us/en/investments/etf/pimco-active-bond-exchange-traded-fund/usetf-usd,PIMCO,PIMCO,2024-09-05 00:00:00,2024-10-01 00:00:00,,,,,0.0055,,0.0055,,,Matthew@kwa.nz,,,Pacific Investment Management Company,,https://www.pimco.com/,"PIMCO (Pacific Investment Management Company) is a global investment management firm specializing in fixed income securities, offering a wide range of investment solutions across asset classes, including bonds, equities, commodities, and alternatives. Known for its active management and risk-focused strategies, PIMCO serves both individual and institutional clients to help them achieve their financial goals.",Pacific Investment Management Company,,https://www.pimco.com/,"PIMCO (Pacific Investment Management Company) is a global investment management firm specializing in fixed income securities, offering a wide range of investment solutions across asset classes, including bonds, equities, commodities, and alternatives. Known for its active management and risk-focused strategies, PIMCO serves both individual and institutional clients to help them achieve their financial goals."
ISHG.US,iShares 1-3 Year International Treasury Bond ETF,iShares 1-3 Year International Treasury Bond ETF,FOUSA06XOI,Listed Securities,International fixed interest,Exchange-Traded Fund,USD,,0.0,,,"The iShares 1-3 Year International Treasury Bond ETF (ISHG) provides exposure to short-term bonds issued by governments worldwide (excluding the U.S.), allowing investors access to a specific segment of the international Treasury market. Its investment objective is to track the performance of an index composed of non-U.S. developed market government bonds with maturities between one and three years, offering an opportunity to diversify a bond portfolio internationally while seeking income.",https://www.ishares.com/us/products/239829/ishares-13-year-international-treasury-bond-etf,BlackRock,BlackRock,2024-09-05 00:00:00,2024-10-01 00:00:00,,,,,0.0034999999999999996,,0.0034999999999999996,,,Matthew@kwa.nz,,,BlackRock Inc,isharesetfs@blackrock.com,www.ishares.com,iShares funds are powered by the expert portfolio and risk management of BlackRock. BlackRock managed over USD 11 trillion in assets on behalf of investors worldwide.,BlackRock Inc,isharesetfs@blackrock.com,www.ishares.com,iShares funds are powered by the expert portfolio and risk management of BlackRock. BlackRock managed over USD 11 trillion in assets on behalf of investors worldwide.
SHY.US,iShares Barclays 1-3 Year Treasury Bond Fund,iShares Barclays 1-3 Year Treasury Bond Fund,FEUSA00038,Listed Securities,International fixed interest,Exchange-Traded Fund,USD,,0.0,,,"The iShares 1-3 Year Treasury Bond ETF (SHY) aims to track the investment results of the ICE US Treasury 1-3 Year Bond Index, which comprises U.S. Treasury bonds with remaining maturities between one and three years, providing targeted exposure to this segment of the Treasury market.",https://www.ishares.com/us/products/239452/ishares-13-year-treasury-bond-etf,BlackRock,BlackRock,2024-09-05 00:00:00,2024-10-01 00:00:00,,,,,0.0015,,0.0015,,,Matthew@kwa.nz,,,BlackRock Inc,isharesetfs@blackrock.com,www.ishares.com,iShares funds are powered by the expert portfolio and risk management of BlackRock. BlackRock managed over USD 11 trillion in assets on behalf of investors worldwide.,BlackRock Inc,isharesetfs@blackrock.com,www.ishares.com,iShares funds are powered by the expert portfolio and risk management of BlackRock. BlackRock managed over USD 11 trillion in assets on behalf of investors worldwide.
ICF.US,iShares Cohen & Steers REIT ETF,iShares Cohen & Steers REIT ETF,FEUSA0002L,Listed Securities,Listed property,Exchange-Traded Fund,USD,,0.0,,,"The iShares Cohen & Steers REIT ETF (ICF) aims to track the investment results of the Cohen & Steers Realty Majors Index, which comprises large U.S. real estate investment trusts (REITs) that dominate their respective property sectors.",https://www.ishares.com/us/products/239482/ishares-cohen-steers-reit-etf,BlackRock,BlackRock,2024-09-05 00:00:00,2024-10-01 00:00:00,,,,,0.0033,,0.0033,,,Matthew@kwa.nz,,,BlackRock Inc,isharesetfs@blackrock.com,www.ishares.com,iShares funds are powered by the expert portfolio and risk management of BlackRock. BlackRock managed over USD 11 trillion in assets on behalf of investors worldwide.,BlackRock Inc,isharesetfs@blackrock.com,www.ishares.com,iShares funds are powered by the expert portfolio and risk management of BlackRock. BlackRock managed over USD 11 trillion in assets on behalf of investors worldwide.
COMT.US,iShares GSCI Commodity Dynamic Roll Strategy ETF,iShares GSCI Commodity Dynamic Roll Strategy ETF,F00000SINO,Listed Securities,Commodities,Exchange-Traded Fund,USD,,0.0,,,"The iShares GSCI Commodity Dynamic Roll Strategy ETF aims to track the investment results of the S&P GSCI Dynamic Roll (USD) Total Return Index, which encompasses a broad range of commodity exposures with enhanced roll selection for total return. This strategy provides investors with access to various commodities while seeking to optimize cost efficiency in futures investing.",https://www.ishares.com/us/products/270319/ishares-commodity-etf,BlackRock,BlackRock,2024-09-05 00:00:00,2024-10-01 00:00:00,,,,,0.0049,,0.0049,,,Matthew@kwa.nz,,,BlackRock Inc,isharesetfs@blackrock.com,www.ishares.com,iShares funds are powered by the expert portfolio and risk management of BlackRock. BlackRock managed over USD 11 trillion in assets on behalf of investors worldwide.,BlackRock Inc,isharesetfs@blackrock.com,www.ishares.com,iShares funds are powered by the expert portfolio and risk management of BlackRock. BlackRock managed over USD 11 trillion in assets on behalf of investors worldwide.
IGF.US,iShares Global Infrastructure ETF,iShares Global Infrastructure ETF,FOUSA06N3T,Listed Securities,International equities,Exchange-Traded Fund,USD,,0.0,,,"The iShares Global Infrastructure ETF seeks to track the investment results of the S&P Global Infrastructure Index, which is composed of developed market equities in the infrastructure industry, providing investors with exposure to companies involved in infrastructure development and management.",https://www.ishares.com/us/products/239746/ishares-global-infrastructure-etf,BlackRock,BlackRock,2024-09-05 00:00:00,2024-10-01 00:00:00,,,,,0.0042,,0.0042,,,Matthew@kwa.nz,,,BlackRock Inc,isharesetfs@blackrock.com,www.ishares.com,iShares funds are powered by the expert portfolio and risk management of BlackRock. BlackRock managed over USD 11 trillion in assets on behalf of investors worldwide.,BlackRock Inc,isharesetfs@blackrock.com,www.ishares.com,iShares funds are powered by the expert portfolio and risk management of BlackRock. BlackRock managed over USD 11 trillion in assets on behalf of investors worldwide.
CTA.US,Simplify Managed Futures Strategy ETF,Simplify Managed Futures Strategy ETF,F00001CYWP,Listed Securities,Other,Exchange-Traded Fund,,,0.0,,,"The Simplify Managed Futures Strategy ETF (CTA) aims for long-term capital appreciation by systematically investing in futures to create an absolute return profile that has low correlation to equities and can offer support during risk-off events. To achieve this, CTA employs a suite of systematic models developed by Altis Partners, a commodity trading advisor with over 20 years of experience.",https://www.simplify.us/etfs/cta-simplify-managed-futures-strategy-etf,Simplify Asset Management,Simplify Asset Management,2024-09-05 00:00:00,2024-10-01 00:00:00,BFS_CTA.US,Backfill: Simplify Managed Futures Strategy ETF,,,0.0075,,0.0075,,,Matthew@kwa.nz,,,Simplify Asset Management,,https://www.simplify.us/,"Simplify Asset Management is an investment management firm focused on providing innovative strategies that aim to enhance returns and reduce risk for investors. The firm specializes in systematic investment approaches, including managed futures and other alternative strategies, designed to deliver an absolute return profile and diversify portfolios.",Simplify Asset Management,,https://www.simplify.us/,"Simplify Asset Management is an investment management firm focused on providing innovative strategies that aim to enhance returns and reduce risk for investors. The firm specializes in systematic investment approaches, including managed futures and other alternative strategies, designed to deliver an absolute return profile and diversify portfolios."
OKLO.US,Oklo Inc,Oklo Inc,0P0001ROAR,Listed Securities,International equities,Stock,,,0.0,,,"Oklo is a clean energy company specializing in the development of compact nuclear reactors aimed at providing safe, reliable, and low-carbon energy solutions. The company focuses on advancing advanced nuclear technology to support energy needs while minimizing environmental impact and enhancing energy security.",https://www.oklo.com/overview/default.aspx,,Oklo Inc,2024-09-10 00:00:00,2024-10-01 00:00:00,BMK0105,S&P 500 Index,,,,,,,,jeremy.simpson@hhg.co.nz,,,,,,,Oklo Inc,,https://www.oklo.com/overview/default.aspx,"Oklo is a clean energy company specializing in the development of compact nuclear reactors aimed at providing safe, reliable, and low-carbon energy solutions. The company focuses on advancing advanced nuclear technology to support energy needs while minimizing environmental impact and enhancing energy security."
SMR.US,NuScale Power Corp,NuScale Power Corp,0P0001OZ1T,Listed Securities,International equities,Stock,,,0.0,,,"NuScale Power Corp is a leading clean energy company focused on the development of small modular nuclear reactors (SMRs) designed to provide safe, reliable, and scalable nuclear power. The company's innovative technology aims to enhance energy production while reducing greenhouse gas emissions, contributing to a more sustainable energy future.",https://www.nuscalepower.com/,,NuScale Power Corp,2024-09-10 00:00:00,2024-10-01 00:00:00,BMK0105,S&P 500 Index,,,,,,,,jeremy.simpson@hhg.co.nz,,,,,,,NuScale Power Corp,,https://www.nuscalepower.com/,"NuScale Power Corp is a leading clean energy company focused on the development of small modular nuclear reactors (SMRs) designed to provide safe, reliable, and scalable nuclear power. The company's innovative technology aims to enhance energy production while reducing greenhouse gas emissions, contributing to a more sustainable energy future."
NNE.US,NANO Nuclear Energy Inc,NANO Nuclear Energy Inc,0P0001SLZ6,Listed Securities,International equities,Stock,,,0.0,,,"NANO Nuclear Energy Inc is a technology company focused on developing small modular nuclear reactors (SMRs) and advanced nuclear solutions aimed at providing safe, efficient, and low-carbon energy alternatives. The company leverages innovative technologies to address the growing global demand for sustainable energy while minimizing the environmental impact of traditional energy sources.",https://nanonuclearenergy.com/,,NANO Nuclear Energy Inc,2024-09-10 00:00:00,2024-10-01 00:00:00,BMK0105,S&P 500 Index,,,,,,,,jeremy.simpson@hhg.co.nz,,,,,,,NANO Nuclear Energy Inc,,https://nanonuclearenergy.com/,"NANO Nuclear Energy Inc is a technology company focused on developing small modular nuclear reactors (SMRs) and advanced nuclear solutions aimed at providing safe, efficient, and low-carbon energy alternatives. The company leverages innovative technologies to address the growing global demand for sustainable energy while minimizing the environmental impact of traditional energy sources."
PSHD.LN,Pershing Square Holdings Ltd,Pershing Square Holdings Ltd,F00000UMZ3,Listed Securities,International equities,Stock,,,0.0,,,"Pershing Square Holdings Ltd is an investment fund managed by Pershing Square Capital Management, led by activist investor Bill Ackman. The fund focuses on a concentrated portfolio of long and short positions in publicly traded companies, aiming to generate strong long-term returns through strategic investments and active engagement in corporate governance.",https://pershingsquareholdings.com/,,Pershing Square Holdings Ltd,2024-09-10 00:00:00,2024-10-01 00:00:00,,,,,,,,,,jeremy.simpson@hhg.co.nz,,,,,,,Pershing Square Holdings Ltd,,https://pershingsquareholdings.com/,"Pershing Square Holdings Ltd is an investment fund managed by Pershing Square Capital Management, led by activist investor Bill Ackman. The fund focuses on a concentrated portfolio of long and short positions in publicly traded companies, aiming to generate strong long-term returns through strategic investments and active engagement in corporate governance."
XPEV.US,XPeng Inc,XPeng Inc,0P0001KL0F,Listed Securities,International equities,Stock,,,0.0,,,"XPENG Inc. is a Chinese electric vehicle (EV) manufacturer that designs, develops, and produces smart electric vehicles equipped with advanced technologies. The company focuses on integrating artificial intelligence and autonomous driving capabilities into its vehicles, aiming to provide innovative and sustainable transportation solutions in the rapidly growing EV market.",https://www.xpeng.com/,,XPENG Inc,2024-09-10 00:00:00,2024-10-01 00:00:00,BMK0105,S&P 500 Index,,,,,,,,jeremy.simpson@hhg.co.nz,,,,,,,"Guangzhou Xiaopeng Motors Technology Co., Ltd.",,https://www.xpeng.com/,"XPENG Inc. is a Chinese electric vehicle (EV) manufacturer that designs, develops, and produces smart electric vehicles equipped with advanced technologies. The company focuses on integrating artificial intelligence and autonomous driving capabilities into its vehicles, aiming to provide innovative and sustainable transportation solutions in the rapidly growing EV market."
HYPAGCPIE,Hyperion Australian Growth Companies PIE Fund,Hyperion Australian Growth Companies PIE Fund,F00001MERN,Managed Funds,Australasian equities,Open-End Fund,NZD,,0.0,,,"The Hyperion Australian Growth Companies PIE Fund is a managed investment scheme that provides investors with exposure to Australian equities, primarily investing in companies listed in the S&P/ASX 300 Index at the time of investment, while also maintaining some exposure to cash. This actively managed fund aims to capitalize on growth opportunities within the Australian market.",https://www.fundrock.com/fundrock-new-zealand-funds/hyperion-australian-growth-companies-pie-fund/,Hyperion,Hyperion,2024-09-10 00:00:00,2024-10-01 00:00:00,BFS_HYPAGCPIE,Backfill: Hyperion Australian Growth Companies PIE Fund,0.003,0.003,0.0098,,0.0098,,,"fraser.canning@firstcapital.co.nz, nathan.jolly@collinsonwealth.com",,,Hyperion Asset Management Ltd,,,,Hyperion Asset Management Ltd,,,
HSBA.LN,HSBC Holdings plc,HSBC Holdings plc,0P00007OFH,Listed Securities,International equities,Stock,,,0.0,,,"HSBC Holdings plc is a British multinational banking and financial services company headquartered in London, England.",https://www.hsbc.com/,,HSBC Holdings,2024-09-10 00:00:00,2024-10-01 00:00:00,,,,,,,,,,joel@radicalinvestment.co.nz,,,,,,,HSBC Holdings plc,,https://www.hsbc.com/,"HSBC Holdings plc is a British multinational banking and financial services company headquartered in London, England."
AI.FP,LAir Liquide SA,Air Liquide,0P0000BNLF,Listed Securities,International equities,Stock,,,0.0,,,"Air Liquide is a French multinational company that specializes in industrial gases and services for various industries, including healthcare, electronics, and manufacturing.",https://www.airliquide.com/,,Air Liquide,2024-09-10 00:00:00,2024-10-01 00:00:00,,,,,,,,,,joel@radicalinvestment.co.nz,,,,,,,Air Liquide S.A.,,https://www.airliquide.com/,"Air Liquide is a French multinational company that specializes in industrial gases and services for various industries, including healthcare, electronics, and manufacturing."
CTAS.US,Cintas Corporation,Cintas Corporation,0P0000019R,Listed Securities,International equities,Stock,,,0.0,,,"Cintas Corporation is a leading provider of corporate identity uniform programs, facility services, and first aid and safety products in North America.",https://www.cintas.com/,,Cintas Corporation,2024-09-10 00:00:00,2024-10-01 00:00:00,,,,,,,,,,joel@radicalinvestment.co.nz,,,,,,,Cintas Corporation,,https://www.cintas.com/,"Cintas Corporation is a leading provider of corporate identity uniform programs, facility services, and first aid and safety products in North America."
ORLY.US,O'Reilly Automotive Inc,O'Reilly Automotive Inc,0P0000040D,Listed Securities,International equities,Stock,,,0.0,,,"O'Reilly Automotive Inc is an American retailer of automotive parts, tools, supplies, equipment, and accessories, catering primarily to both professional service providers and DIY customers.",https://www.oreillyauto.com/,,OReilly Automotive Inc,2024-09-10 00:00:00,2024-10-01 00:00:00,,,,,,,,,,joel@radicalinvestment.co.nz,,,,,,,O'Reilly Automotive Inc,,https://www.oreillyauto.com/,"O'Reilly Automotive Inc is an American retailer of automotive parts, tools, supplies, equipment, and accessories, catering primarily to both professional service providers and DIY customers."
RMS.FP,Hermes International SCA,Hermès International S.A.,0P00009WIN,Listed Securities,International equities,Stock,,,0.0,,,"Hermès is a French luxury goods manufacturer renowned for its high-quality products, including leather goods, handbags, clothing, accessories, and fragrances.",https://finance.hermes.com/,,Hermes,2024-09-10 00:00:00,2024-10-01 00:00:00,,,,,,,,,,joel@radicalinvestment.co.nz,,,,,,,Hermès International S.A.,,https://finance.hermes.com/,"Hermès is a French luxury goods manufacturer renowned for its high-quality products, including leather goods, handbags, clothing, accessories, and fragrances."
PWR.US,Quanta Services Inc,Quanta Services Inc,0P000004JC,Listed Securities,International equities,Stock,,,0.0,,,"Quanta Services Inc is an American company specializing in providing infrastructure solutions for the electric power, oil and gas, and telecommunications industries.",https://quantaservices.com/,,Quanta Services Inc,2024-09-10 00:00:00,2024-10-01 00:00:00,,,,,,,,,,joel@radicalinvestment.co.nz,,,,,,,Quanta Services Inc,,https://quantaservices.com/,"Quanta Services Inc is an American company specializing in providing infrastructure solutions for the electric power, oil and gas, and telecommunications industries."
FDS.US,Factset Research Systems Inc,Factset Research Systems Inc,0P00000230,Listed Securities,International equities,Stock,,,0.0,,,"FactSet is a global financial data and software company that provides analytics, data, and technology solutions to investment professionals, including asset managers, investment banks, and corporate finance teams.",https://www.factset.com/,,Factset,2024-09-10 00:00:00,2024-10-01 00:00:00,,,,,,,,,,joel@radicalinvestment.co.nz,,,,,,,Factset Research Systems Inc,,https://www.factset.com/,"FactSet is a global financial data and software company that provides analytics, data, and technology solutions to investment professionals, including asset managers, investment banks, and corporate finance teams."
CHD.US,Church & Dwight,Church & Dwight,0P0000019F,Listed Securities,International equities,Stock,,,0.0,,,"Church & Dwight Co., Inc. is an American consumer goods company known for its diverse range of household products and personal care items, including brands like Arm & Hammer, Trojan, and OxiClean. ",https://churchdwight.com/,,Church & Dwight,2024-09-10 00:00:00,2024-10-01 00:00:00,,,,,,,,,,joel@radicalinvestment.co.nz,,,,,,,"Church & Dwight Co., Inc.",,https://churchdwight.com/,"Church & Dwight Co., Inc. is an American consumer goods company known for its diverse range of household products and personal care items, including brands like Arm & Hammer, Trojan, and OxiClean. "
AFL.US,Aflac Inc,Aflac Inc,0P0000007A,Listed Securities,International equities,Stock,,,0.0,,,"Aflac Incorporated is an American insurance company primarily known for its supplemental health insurance products, including accident, cancer, and critical illness insurance.",https://www.aflac.com/,,Aflac ,2024-09-10 00:00:00,2024-10-01 00:00:00,,,,,,,,,,joel@radicalinvestment.co.nz,,,,,,,Aflac Inc,,https://www.aflac.com/,"Aflac Incorporated is an American insurance company primarily known for its supplemental health insurance products, including accident, cancer, and critical illness insurance."
DIM2YSFIPIE,Dimensional 2-Yr Sustainability F/I PIE Fund,Dimensional Two-Year Sustainability Fixed Interest PIE,F00001OLRO,Managed Funds,International fixed interest,Open-End Fund,NZD,,0.0,,,"The Fund is managed to gain exposure to a broadly diversified portfolio of eligible short-term, Investment Grade global fixed interest and money market securities. Within portfolio constraints, including controls on portfolio maturity, security maturity, credit quality and diversification, the objective of the Fund is to maximise the return of the portfolio.",https://www.fundrock.com/fundrock-new-zealand-funds/dimensional-two-year-sustainability-fixed-interest-pie-fund/,DFA Australia,DFA Australia,2024-11-29 00:00:00,2025-01-01 00:00:00,BFS_DIM2YFI,Backfilled: Dimensional Two-Year Sustainability Fixed Interest PIE,0.0005,0.0005,0.0025,,0.0025,,,bronwyn.murray@consilium.co.nz,,,Dimensional Fund Advisors (Australia),,www.au.dimensional.com,"Founded in 1981, utilising research from Nobel laureates, Dimensional manages over USD 1.3 trillion globally.",Dimensional Fund Advisors (Australia),,www.au.dimensional.com,"Founded in 1981, utilising research from Nobel laureates, Dimensional manages over USD 1.3 trillion globally."
DIM5YSFIPIE,Dimensional 5-Yr Diversified F/I PIE Fund,Dimensional Five-Year Diversified Fixed Interest PIE,F00001OLRP,Managed Funds,International fixed interest,Open-End Fund,NZD,,0.0,,,"The Fund is managed to gain exposure to a broadly diversified portfolio of eligible short to intermediate-term, high credit quality global fixed interest and money market securities. Within portfolio constraints, including controls on portfolio maturity, security maturity, credit quality and diversification, the objective of the Fund is to maximise the return of the portfolio. ",https://www.fundrock.com/fundrock-new-zealand-funds/dimensional-five-year-diversified-fixed-interest-pie-fund/,DFA Australia,DFA Australia,2024-11-29 00:00:00,2025-01-01 00:00:00,BFS_DIM5YFI,Backfilled: Dimensional Five-Year Diversified Fixed Interest PIE,0.0005,0.0005,0.0028,,0.0028,,,bronwyn.murray@consilium.co.nz,,,Dimensional Fund Advisors (Australia),,www.au.dimensional.com,"Founded in 1981, utilising research from Nobel laureates, Dimensional manages over USD 1.3 trillion globally.",Dimensional Fund Advisors (Australia),,www.au.dimensional.com,"Founded in 1981, utilising research from Nobel laureates, Dimensional manages over USD 1.3 trillion globally."
SYK.US,Stryker Corp,Stryker Corp,0P00000563,Listed Securities,International equities,Stock,,,0.0,,,"Stryker Corporation is an American medical technology corporation. Its product portfolio includes joint replacement and trauma surgery implants, patient handling and emergency medical equipment, as well as neurosurgical, neurovascular and spinal devices",https://investors.stryker.com/home/default.aspx,,,2024-09-13 00:00:00,2025-01-01 00:00:00,,,,,,,,,,joel@radicalinvestment.co.nz,,,,,,,,,,
LIN.US,Linde PLC,Linde PLC,0P000004FA,Listed Securities,International equities,Stock,,,0.0,,,"Linde PLC operates as an industrial gas and engineering company. The company offers industrial gases, technologies, and gas processing solutions that are used in production of clean hydrogen and carbon capture systems for energy transition, medical oxygen, and specialty gases for electronics. Linde serves customers worldwide.",https://investors.stryker.com/home/default.aspx,,,2024-09-13 00:00:00,2025-01-01 00:00:00,,,,,,,,,,joel@radicalinvestment.co.nz,,,,,,,,,,
MC.FR,LVMH Moet Hennessy Louis Vuitton,LVMH Moet Hennessy Louis Vuitton,0P0000BR00,Listed Securities,International equities,Stock,,,0.0,,,"Louis Vuitton is a global leader in luxury fashion and accessories. Louis Vuitton offers an extensive range of products, including handbags, luggage, ready-to-wear apparel, footwear, watches, jewelry, and fragrances.",https://www.lvmh.com/en/investors,,,2024-09-13 00:00:00,2025-01-01 00:00:00,,,,,,,,,,joel@radicalinvestment.co.nz,,,,,,,,,,
RACE.US,Ferrari NV,Ferrari NV,0P00016RIO,Listed Securities,International equities,Stock,,,0.0,,,Ferrari is a manufacturer of luxury sports and racing cars. ,https://www.ferrari.com/en-EN/corporate/investors,,,2024-09-13 00:00:00,2025-01-01 00:00:00,,,,,,,,,,joel@radicalinvestment.co.nz,,,,,,,,,,
MSCI.US,MSCI Inc,MSCI Inc,0P00009X3F,Listed Securities,International equities,Stock,,,0.0,,,"MSCI provides indices for equity, fixed income and real-estate assets,  as well as ESG products and portfolio analysis tools. Its primary business comes from licensing these indices to index funds (ETF), which pay a small fee to MSCI for the use of the index.",https://ir.msci.com/,,,2024-09-13 00:00:00,2025-01-01 00:00:00,,,,,,,,,,joel@radicalinvestment.co.nz,,,,,,,,,,
PEP.US,Pepsico Inc,Pepsico Inc,0P000004B0,Listed Securities,International equities,Stock,,,0.0,,,"PepsiCo, Inc. is a global leader in the food and beverage industry, with a diverse portfolio that includes 23 brands generating over $1 billion in annual sales each. The company includes brands such as Gatorade, Tropicana and Quaker Oats.",https://www.pepsico.com/investors/investor-relations,,,2024-09-13 00:00:00,2025-01-01 00:00:00,,,,,,,,,,joel@radicalinvestment.co.nz,,,,,,,,,,
BLK.US,BlackRock Inc,BlackRock Inc,0P000000T6,Listed Securities,International equities,Stock,,,0.0,,,"Blackrock is the world's largest asset manager in the world, managing the iShares group of ETFs. As of the end of 2023, BlackRock had over US$11.5 trillion in assets under management",https://ir.blackrock.com/home/default.aspx,,,2024-09-13 00:00:00,2025-01-01 00:00:00,,,,,,,,,,joel@radicalinvestment.co.nz,,,,,,,,,,
COOLACBPF,Coolabah Active Composite Bond PIE fund,Coolabah Active Composite Bond PIE fund,F00001IIY4,Managed Funds,International fixed interest,Open-End Fund,,,0.0,5,"Charges perfomance fee of 20.5% of the Fund's gross performance that is above the Hurdle Rate of Return. Hurdle is the return of the Bloomberg AusBond  Composite 0+ Yr Index hedged to New Zealand dollars, plus 0.40% per  annum.","The Coolabah Active Composite Bond PIE Fund targets returns in excess of the Bloomberg Ausbond Composite Bond 0+ Yr Index hedged to NZD by 1.0% to 2.0% pa after fees by harnessing Coolabah’s active credit alpha style that focusses on systematically exploiting mispricings to generate capital gains in addition to yield. The Coolabah Active Composite Bond PIE Fund provides exposure to a diversified portfolio of cash securities and bonds, including government bonds, bank bonds, corporate bonds and asset-backed securities and residential-mortgage backed securities with an average target credit rating of A. It cannot invest in hybrids, equities, property, unrated securities, high yield bonds or sub-prime loans.",https://coolabahcapital.com/coolabah-active-composite-bond-pie-fund/,Coolabah,Coolabah,2024-09-30 00:00:00,2025-01-01 00:00:00,BMK0312,Bloomberg AusBond Composite 0+ Yr Index,0,0.00025,0.004,,0.004,,,nathan.jolly@collinsonco.com,,,Coolabah Investment Funds,info@coolabahcapital.com ,https://coolabahcapital.com/,,Coolabah Investment Funds,info@coolabahcapital.com ,https://coolabahcapital.com/,
INTC.US,Intel Corporation,Intel Corporation,0P000002X8,Listed Securities,International equities,Stock,,,0.0,,,"Intel designs, manufactures and sells computer components to business and consumer markets. It is one of the world's largest semiconductor chip manufacturers by revenue.",https://www.intc.com/,,,2024-09-26 00:00:00,2025-01-01 00:00:00,,,,,,,,,,fraser.canning@firstcapital.co.nz,,,,,,,,,,
LAGRB.SS,Lagercrantz Group AB,Lagercrantz Group AB,0P0000ETJ7,Listed Securities,International equities,Stock,,,0.0,,,"Lagercrantz Group AB sells products and solutions in the fields of electronics and communications. The Company's product line includes special components and modules, wiring harnesses, as well as products and solutions in security and communication.",https://www.lagercrantz.com/en/financial-information,,,2024-10-02 00:00:00,2025-01-01 00:00:00,,,,,,,,,,joel@radicalinvestment.co.nz,,,,,,,,,,
NXE.CN,NexGen Energy Ltd,NexGen Energy Ltd,0P0000Z6GB,Listed Securities,International equities,Stock,,,0.0,,,"NexGen Energy Ltd., an exploration and development stage company, engages in the acquisition, exploration, and evaluation and development of uranium properties in Canada.",https://www.nexgenenergy.ca/investor-center/default.aspx,,,2024-10-29 00:00:00,2025-01-01 00:00:00,,,,,,,,,,camiller@diligentwealth.co.nz,,,,,,,,,,
MSTU.US,T-Rex 2X Long MSTR Daily Target ETF,T-Rex 2X Long MSTR Daily Target ETF,F00001M116,Listed Securities,Other,Exchange-Traded Fund,,,0.0,,,"The T-Rex 2X Long MSTR Daily Target ETF seeks daily leveraged investment results and is seeks to magnify (by 200%) the daily performance of the publicly-traded common stock of MicroStrategy Inc. The Fund is not suitable for all investors. The Fund is designed to be utilized only by knowledgeable investors who understand the potential consequences of seeking daily leveraged (2X) investment results, understand the risks associated with the use of leverage and are willing to monitor their portfolios frequently.",https://www.rexshares.com/mstu/,Rex Shares,Rex Shares,2024-11-07 00:00:00,2025-01-01 00:00:00,BFS_MSTU,Backfill: T-Rex 2X Long MSTR,,,0.0105,,0.0105,,,joel@radicalinvestment.co.nz,,,Rex Shares,,https://www.rexshares.com/,,Rex Shares,,https://www.rexshares.com/,
QQ.LN,QinetiQ Group,QinetiQ Group PLC,0P0000BB92,Listed Securities,International equities,Stock,,,0.0,,,"QinetiQ is a multinational defence technology company headquartered in Farnborough, Hampshire. It operates primarily in the defence, security and critical national infrastructure markets and run testing and evaluation capabilities for air, land, sea and target systems.",https://www.qinetiq.com/en/investors,,,2024-11-07 00:00:00,2025-01-01 00:00:00,,,,,,,,,,richard.parkin@hhg.co.nz,,,,,,,,,,
LMT.US,Lockheed Martin Corp,Lockheed Martin Corp,0P000003BP,Listed Securities,International equities,Stock,,,0.0,,,"The Lockheed Martin Corporation is an American defense and aerospace manufacturer with worldwide interests. Lockheed Martin is one of the largest companies in the aerospace, military support, security, and technologies industry.",https://investors.lockheedmartin.com/,,,2024-11-07 00:00:00,2025-01-01 00:00:00,,,,,,,,,,richard.parkin@hhg.co.nz,,,,,,,,,,
NOC.US,Northrop Grumman Corp,Northrop Grumman Corp,0P000003YP,Listed Securities,International equities,Stock,,,0.0,,,Northrop Grumman Corporation is an American multinational aerospace and defense company. It is one of the world's largest weapons manufacturers and military technology providers.,https://www.northropgrumman.com/,,,2024-11-07 00:00:00,2025-01-01 00:00:00,,,,,,,,,,richard.parkin@hhg.co.nz,,,,,,,,,,
BA/.LN,BAE Systems plc,BAE Systems plc,0P0000BJZM,Listed Securities,International equities,Stock,,,0.0,,,"BAE Systems plc is a British multinational aerospace, defence and information security company, based in London, England. It is the largest manufacturer in Britain as of 2017. It is the largest defence contractor in Europe and the seventh-largest in the world based on applicable 2021 revenues.",https://investors.baesystems.com/,,,2024-11-07 00:00:00,2025-01-01 00:00:00,,,,,,,,,,richard.parkin@hhg.co.nz,,,,,,,,,,
MDXH.US,MDxHealth SA,MDxHealth SA,0P0000K3JJ,Listed Securities,International equities,Stock,,,0.0,,,Mdxhealth is a commercial-stage precision diagnostics company that provides actionable molecular diagnostic information to personalize the diagnosis and treatment of prostate cancer and other urologic diseases.,https://mdxhealth.com/financials/,,,2024-11-14 00:00:00,2025-01-01 00:00:00,,,,,,,,,,jeremy.simpson@hhg.co.nz,,,,,,,,,,
DSY.FP,Dassault Systemes SE,Dassault Systemes SE,0P0000C9TU,Listed Securities,International equities,Stock,,,0.0,,,"Dassault Systèmes SE  is a French multinational software corporation which develops software for 3D product design, simulation, manufacturing and other 3D related products.",https://investor.3ds.com/,,,2024-11-07 00:00:00,2025-01-01 00:00:00,,,,,,,,,,richard.parkin@hhg.co.nz,,,,,,,,,,
AIR.FP,Airbus Group NV,Airbus Group NV,0P0000BZR6,Listed Securities,International equities,Stock,,,0.0,,,"Airbus designs, manufactures and delivers industry-leading commercial aircraft, helicopters, military transports, satellites, launchers and more.",https://www.airbus.com/en/investors,,,2024-11-07 00:00:00,2025-01-01 00:00:00,,,,,,,,,,richard.parkin@hhg.co.nz,,,,,,,,,,
CHG.LN,Chemring Group Plc,Chemring Group Plc,0P0000CG4V,Listed Securities,International equities,Stock,,,0.0,,,"Chemring Group plc is a global business providing a range of advanced technology products and services to the aerospace, defence and security markets. Chemring has extensive operations in the Americas, Europe, Middle East and Asia.",https://www.chemring.com/investors,,,2024-11-07 00:00:00,2025-01-01 00:00:00,,,,,,,,,,richard.parkin@hhg.co.nz,,,,,,,,,,
3350.JP,Metaplanet Inc,Metaplanet Inc,0P0000D4B3,Listed Securities,International equities,Stock,,,0.0,,,Metaplanet offers specialized consulting services to assist businesses in adopting Bitcoin. The company provides strategic guidance to maximize potential within existing corporate frameworks and oversees comprehensive corporate reorganizations,https://metaplanet.jp/,,,2024-11-26 00:00:00,2025-01-01 00:00:00,,,,,,,,,,joel@radicalinvestment.co.nz,,,,,,,,,,
SMLR.US,Semler Scientific Inc,Semler Scientific Inc.,0P00011V7U,Listed Securities,International equities,Stock,,,0.0,,,"Semler Scientific provides medical technology and software enabling point-of-care testing for early chronic disease detection. In May 2024, Semler Scientific, Inc. adopted Bitcoin as its primary treasury reserve asset.",https://ir.semlerscientific.com/,,,2024-11-26 00:00:00,2025-01-01 00:00:00,,,,,,,,,,joel@radicalinvestment.co.nz,,,,,,,,,,
GLXY.CN,Galaxy Digital Holdings Ltd,Galaxy Digital Holdings Ltd,0P0000KUS8,Listed Securities,International equities,Stock,,,0.0,,,"Galaxy is a digital asset and blockchain leader providing access to the growing digital economy. It serves a diversified client base, including institutions, startups, and qualified individuals. Since 2018, Galaxy is building a holistic financial platform spanning three complementary operating businesses: Global Markets, Asset Management, and Digital Infrastructure Solutions.",https://investor.galaxy.com/overview/default.aspx,,,2024-12-04 00:00:00,2025-01-01 00:00:00,,,,,,,,,,joel@radicalinvestment.co.nz,,,,,,,,,,
MELI.US,MercadoLibre Inc,MercadoLibre Inc.,0P00009FL7,Listed Securities,International equities,Stock,,,0.0,,,"MercadoLibre, Inc. operates an online trading site for the Latin American markets. The Company's website allows businesses and individuals to list items, conduct sales, and purchases online in either a fixed-price and auction format.",https://investor.mercadolibre.com/,,,2024-12-04 00:00:00,2025-01-01 00:00:00,,,,,,,,,,joel@radicalinvestment.co.nz,,,,,,,,,,
HIVE.US,Hive Digital Technology ,Hive Digital Technology ,0P000009MZ,Listed Securities,International equities,Stock,,,0.0,,,"HIVE Digital Technologies specializes in building and operating cutting-edge data centers. By combining its expertise in data center operations with Bitcoin mining, HIVE is fueling the advancement of Web3, AI and HPC by actively participating in the decentralized digital economy.",https://www.hivedigitaltechnologies.com/investors/,,,2024-12-04 00:00:00,2025-01-01 00:00:00,,,,,,,,,,joel@radicalinvestment.co.nz,,,,,,,,,,
AKER.NO,Aker ASA ,Aker ASA ,0P0000AI8D,Listed Securities,International equities,Stock,,,0.0,,,"Aker ASA operates as an industrial investment company in Norway, the European Union, North America, South America, Asia, and internationally. The company operates in two segments: Industrial Holdings and Financial Investments. ",https://www.akerasa.com/investors,,,2024-12-04 00:00:00,2025-01-01 00:00:00,,,,,,,,,,joel@radicalinvestment.co.nz,,,,,,,,,,
DEFI.CN,DeFi Technologies Inc,DeFi Technologies Inc,0P0000CQ5Q,Listed Securities,International equities,Stock,,,0.0,,,DeFi Technologies is a financial technology company that allows traditional investors to gain exposure to a diversified portfolio of digital assets across the decentralized finance and Web3 sector.,https://defi.tech/investor-relations,,,2024-12-04 00:00:00,2025-01-01 00:00:00,,,,,,,,,,joel@radicalinvestment.co.nz,,,,,,,,,,
SCHG.US,Schwab US Large-Cap Growth ETF,Schwab US Large-Cap Growth ETF,F000003XBZ,Listed Securities,International equities,Exchange-Traded Fund,,,0.0,,,"The fund’s goal is to track as closely as possible, before fees and expenses, the total return of the Dow Jones U.S. Large-Cap Growth Total Stock Market Index.",https://www.schwabassetmanagement.com/products/schg,Schwab,Schwab,2024-12-06 00:00:00,2025-01-01 00:00:00,,,,,0.0004,,0.0004,,,bailey.coltman@become.nz,,,Charles Schwab Asset Management,,https://www.schwabassetmanagement.com/,,Charles Schwab Asset Management,,https://www.schwabassetmanagement.com/,
RIOT.US,"Riot Platforms, Inc.","Riot Platforms, Inc.",0P000000JX,Listed Securities,International equities,Stock,,,0.0,,,"Riot Platforms, Inc., together with its subsidiaries, operates as a bitcoin mining company in North America. The company operates through three segments: Bitcoin Mining, Data Center Hosting, and Engineering. It also provides co-location services for institutional-scale bitcoin mining companies; critical infrastructure and workforce for institutional-scale miners to deploy and operate their miners; operation of data centers; and maintenance/management of computing capacity.",https://www.riotplatforms.com/investors/,,,2024-12-09 00:00:00,2025-01-01 00:00:00,,,,,,,,,,joel@radicalinvestment.co.nz,,,,,,,,,,
BTBT.US,Bit Digital Inc,Bit Digital Inc,0P0001CXJT,Listed Securities,International equities,Stock,,,0.0,,,"Bit Digital, Inc., together with its subsidiaries, engages in the bitcoin mining business. It is also involved in the treasury management activities; and digital asset staking and digital asset mining businesses, as well as ethereum staking activities. In addition, it provides specialized cloud-infrastructure services for artificial intelligence applications.",https://bit-digital.com/investors/,,,2024-12-04 00:00:00,2025-01-01 00:00:00,,,,,,,,,,joel@radicalinvestment.co.nz,,,,,,,,,,
434.HK,Boyaa Interactive International Ltd,Boyaa Interactive International Ltd,0P0000ZZES,Listed Securities,International equities,Stock,,,0.0,,,"Boyaa Interactive International Limited, develops and operates online card and board games in the People's Republic of China and internationally. Its web-based and mobile games include board games, such as Texas Hold'em, Fight the Landlord, Big Two Poker, Chinese Chess and Mahjong Games, and other puzzle games. The company also offers advisory services relating to online game applications. ",https://www.boyaa.com.hk/html/investor.php,,,2024-12-09 00:00:00,2025-01-01 00:00:00,,,,,,,,,,joel@radicalinvestment.co.nz,,,,,,,,,,
RUM.US,Rumble Inc,Rumble Inc,0P0001PR1A,Listed Securities,International equities,Stock,,,0.0,,,"Rumble Inc. operates video sharing platforms in the United States, Canada, and internationally. The company operates rumble.com, a free-to-use video sharing and livestreaming platform where users can subscribe to channels to stay in touch with creators, and access video on-demand (VOD) and live content streamed by creators. It also operates locals.com, a platform where users can access free content and purchase subscriptions to support creators and access exclusive content in creator communities.",https://investors.rumble.com/,,,2024-12-09 00:00:00,2025-01-01 00:00:00,BMK0398,S&P 1500 Information Technology (Total Return),,,,,,,,joel@radicalinvestment.co.nz,,,,,,,,,,
GLOB.US,Globant S.A.,Globant S.A.,0P00013M1E,Listed Securities,International equities,Stock,,,0.0,,,"Globant S.A. provides digital solutions comprising blockchain, cloud technologies, cybersecurity, data and artificial intelligence, digital experience and performance, code, Internet of Things, metaverse, and engineering and testing; and enterprise technology solutions and services, such as Agile organization, Cultural Hacking, process optimization services, as well as AWS, Google Cloud, Microsoft, Oracle, SalesForce, SAP, and ServiceNow technology solutions. ",https://investors.globant.com/,,,2024-12-09 00:00:00,2025-01-01 00:00:00,BMK0105,S&P 500 Index,,,,,,,,joel@radicalinvestment.co.nz,,,,,,,,,,
ADE.GE,Bitcoin Group SE,Bitcoin Group SE,0P0001PXQH,Listed Securities,International equities,Stock,,,0.0,,,Bitcoin Group SE is a holding company focusing on innovative and disruptive business models and technologies from the cryptocurrency and blockchain sectors,https://bitcoingroup.com/en/,,,2024-12-09 00:00:00,2025-01-01 00:00:00,BTC,Bitcoin,,,,,,,,joel@radicalinvestment.co.nz,,,,,,,,,,
CORZ.US,"Core Scientific, Inc.","Core Scientific, Inc.",0P0001SB7W,Listed Securities,International equities,Stock,,,0.0,,,"Core Scientific is a leader in digital infrastructure for bitcoin mining and high-performance computing. They operate dedicated, purpose-built facilities for digital asset mining and are a premier provider of digital infrastructure, software solutions and services to their third-party customers.",https://investors.corescientific.com/,,,2024-12-09 00:00:00,2025-01-01 00:00:00,BMK0398,S&P 1500 Information Technology (Total Return),,,,,,,,joel@radicalinvestment.co.nz,,,,,,,,,,
3825.JP,Remixpoint Inc.,Remixpoint Inc.,0P0000EN1B,Listed Securities,International equities,Stock,,,0.0,,,"Remixpoint Inc is a Japan based company engaged in the electric power business. It is also involved in energy management support service business, energy conservation related business, subsidy support business, and automotive related business.",https://www.remixpoint.co.jp/ir/english/,,,2024-12-09 00:00:00,2025-01-01 00:00:00,,,,,,,,,,joel@radicalinvestment.co.nz,,,,,,,,,,
CPRT.US,Copart Inc,Copart Inc,0P000001HI,Listed Securities,International equities,Stock,,,0.0,,,"Copart Inc facilitates the sale of used, wholesale and repairable vehicles through bi-weekly online auctions via their proprietary virtual auction technology, the VB3 platform. Copart also offers vehicle sellers solutions for processing and selling repairable and clean-title vehicles online.",https://www.copart.com/content/us/en/investor-relations/investor-relations,,,2024-09-13 00:00:00,2025-01-01 00:00:00,,,,,,,,,,joel@radicalinvestment.co.nz,,,,,,,,,,
ATCOA.SS,Atlas Copco AB,Atlas Copco AB,0P0000A6G8,Listed Securities,International equities,Stock,,,0.0,,,"Atlas Copco is a Swedish multinational industrial company that was founded in 1873. It manufactures industrial tools, air compressors, construction and assembly systems.",https://www.atlascopcogroup.com/en/investors,,,2024-09-13 00:00:00,2025-01-01 00:00:00,,,,,,,,,,joel@radicalinvestment.co.nz,,,,,,,,,,
ADDTB.SS,Addtech AB,Addtech AB,0P0000A6LR,Listed Securities,International equities,Stock,,,0.0,,,"Addtech AB is a Swedish technical solutions group. It consists of approximately 140 subsidiaries with a total of about 3500 employees. The group is active within niche markets for high-tech products and solutions its operations are divided into automation, electrification, energy, industrial solutions and process technology.",https://www.addtech.com/investors-and-media,,,2024-09-13 00:00:00,2025-01-01 00:00:00,,,,,,,,,,joel@radicalinvestment.co.nz,,,,,,,,,,
CFMDCI,Daintree Core Income PIE,Daintree Core Income PIE Fund,F00001N2VG,Managed Funds,International fixed interest,Open-End Fund,NZD,,0.0,,,The aim of the Fund is to provide an absolute return (greater than cash) over time and a steady stream of income and capital stability over the medium term. ,https://clarityfunds.co.nz/investor-documents,Daintree Capital,Daintree Capital,2025-02-05 00:00:00,2025-04-01 00:00:00,BFS_CFMDCI,Backfill: Daintree Core Income PIE Fund,0,0.0005,0.006999999999999999,,0.006999999999999999,,,samantha.ellis@firstcapital.co.nz,,,Daintree Capital,,www.daintreecapital.com.au,,Daintree Capital,,www.daintreecapital.com.au,
RTX.US,RTX Corporation,RTX Corporation,0P000005NO,Listed Securities,International equities,Stock,,,0.0,,,"RTX manufactures aircraft engines, avionics, aerostructures, cybersecurity solutions, guided missiles, air defense systems, satellites, and drones. The company is a large military contractor of the U.S. government.",https://investors.rtx.com/,,,2024-12-16 00:00:00,2025-04-01 00:00:00,BMK0430,"S&P Aerospace & Defense Select Industry (Total Return, USD)",,,,,,,,richard.parkin@hhg.co.nz,,,,,,,,,,
TEAHUMAIRANGIGEF,Te Ahumairangi Global Equity Fund,Te Ahumairangi Global Equity Fund,F00001D3E5,Managed Funds,International equities,Open-End Fund,NZD,,0.0,,,"The Fund's primary objective is to outperform its benchmark index (50:50 combination of the MSCI World Index and the MSCI Minimum Volatility Index optimised for NZ dollar-based investors). Over the long-term (7+ years), the fund also aims to deliver pre-tax, post-fee returns of over 6.5% per annum and to produce better returns than the broader global equity universe (as proxied by the MSCI World index), while at the same time achieving a significantly lower level of risk (which can be  measured in terms of lower return volatility and smaller drawdowns than the MSCI World Index).",https://teahumairangi.co.nz/,Te Ahumairangi,Te Ahumairangi,2024-12-18 00:00:00,2025-04-01 00:00:00,SIM_TEAHUMAIRANGIGEF,Simulation Te Ahumairangi Global Equity Fund,0.001,0.001,0.006,,0.006,,,alistair.bean@abafs.co.nz,,,Te Ahumairangi Investment Management,,https://teahumairangi.co.nz/about-us/,,Te Ahumairangi Investment Management,,https://teahumairangi.co.nz/about-us/,
KULR.US,KULR Technology Group Inc.,KULR Technology Group Inc.,0P0001DDFY,Listed Securities,International equities,Stock,,,0.0,,,KULR Technology Group Inc. is a leading energy management platform specializing in carbon fiber thermal management technologies for batteries and electronic systems.,https://www.kulrtechnology.com/news/,,,2025-01-23 00:00:00,2025-04-01 00:00:00,BMK0396,S&P 1500 Industrials (Total Return),,,,,,,,richard.parkin@hhg.co.nz,,,,,,,,,,
ORIT.LN,Octopus Renewable Infrastructure Trust plc,Octopus Renewable Infrastructure Trust plc,F000014JLQ,Listed Securities,International equities,Exchange-Traded Fund,GBP,,0.0,,,"Octopus Renewables Infrastructure Trust PLC (ORIT) is a UK-listed investment company focused on renewable energy assets across the UK, Europe, and Australia. Managed by Octopus Energy Generation, ORIT invests in onshore and offshore wind farms, solar parks, and battery storage to generate sustainable income and capital growth.",https://www.octopusrenewablesinfrastructure.com/all-reports-publications,ORIT,ORIT,2025-02-10 00:00:00,2025-04-01 00:00:00,BMK0107,Dow Jones Brookfield Global Infrastructure Index (TR),,,0.0118,,0.0118,,,jeremy.simpson@hhg.co.nz,,,Octopus Renewables Infrastructure Trust plc,,https://www.octopusrenewablesinfrastructure.com/,,Octopus Renewables Infrastructure Trust plc,,https://www.octopusrenewablesinfrastructure.com/,
NBIS.US,Nebius Group N.V. Class A Ordinary Shares,Nebius Group N.V. Class A Ordinary Shares,0P0000TDA0,Listed Securities,International equities,Stock,,,0.0,,,Nebius Group N.V. is a European tech company specializing in AI infrastructure and cloud platforms. They offer services for AI workloads and have R&D hubs worldwide. ,https://group.nebius.com/investor-hub,,,2025-02-10 00:00:00,2025-04-01 00:00:00,BMK0398,S&P 1500 Information Technology (Total Return),,,,,,,,jeremy.simpson@hhg.co.nz,,,,,,,,,,
RDW.US,Redwire Corp,Redwire Corp,0P0001N93N,Listed Securities,International equities,Stock,,,0.0,,,"Redwire Corporation is an American aerospace manufacturer and space infrastructure technology company headquartered in Jacksonville, Florida. Redwire is a global, pure-play leader in space infrastructure –  they provide the foundational solutions, systems, and payloads that enable the most complex space missions.",https://ir.redwirespace.com/,,,2025-02-10 00:00:00,2025-04-01 00:00:00,SIM_RDW.US,Simulated Redwire,,,,,,,,jeremy.simpson@hhg.co.nz,,,,,,,,,,
AVXL.US,Anavex Life Sciences,Anavex Life Sciences,0P00006OVW,Listed Securities,International equities,Stock,,,0.0,,,"Anavex Life Sciences Corp. (Nasdaq: AVXL) is a clinical-stage biopharmaceutical company developing precision medicine for neurological diseases like Alzheimer's, Parkinson’s, and Rett syndrome. ",https://www.anavex.com/investors,,,2025-02-10 00:00:00,2025-04-01 00:00:00,BMK0431,"S&P Pharmaceuticals Select Industry (Total Return, USD)",,,,,,,,jeremy.simpson@hhg.co.nz,,,,,,,,,,
IONQ.US,IONQ,IONQ,0P0001NHCA,Listed Securities,International equities,Stock,,,0.0,,,"IonQ, Inc. is a quantum computing company specializing in trapped-ion technology, offering high-precision computations through major cloud platforms. It aims to transform industries like finance, medicine, and logistics by solving complex problems.",https://investors.ionq.com/overview/default.aspx,,,2025-02-10 00:00:00,2025-04-01 00:00:00,BMK0398,S&P 1500 Information Technology (Total Return),,,,,,,,jeremy.simpson@hhg.co.nz,,,,,,,,,,
MODD.US,"Modular Medical, Inc","Modular Medical, Inc",0P0000CP5J,Listed Securities,International equities,Stock,,,0.0,,,"Modular Medical, Inc. is a medical device company focused on developing affordable and user-friendly insulin pumps for diabetes management. Their flagship product, the MODD1, is a two-part patch pump designed to help individuals with type 1 and type 2 diabetes manage their insulin delivery. The company aims to improve access to effective glycemic control by providing innovative solutions for insulin therapy.",https://www.modularmedical.com/,,,2025-02-10 00:00:00,2025-04-01 00:00:00,BMK0431,"S&P Pharmaceuticals Select Industry (Total Return, USD)",,,,,,,,jeremy.simpson@hhg.co.nz,,,,,,,,,,
HICL.LN,HICL Infrastructure plc,HICL Infrastructure plc,F0000008ZF,Listed Securities,International equities,Exchange-Traded Fund,GBP,,0.0,,,"HICL Infrastructure PLC is a UK-based investment company specializing in essential public infrastructure assets. Managed by InfraRed Capital Partners, HICL's diversified portfolio includes over 100 investments across sectors such as transport, utilities, social, and communications infrastructure. The company aims to provide sustainable income and capital growth to its investors.",https://www.hicl.com/,HICL,HICL,2025-02-10 00:00:00,2025-04-01 00:00:00,,,,,0.011399999999999999,,0.011399999999999999,,,jeremy.simpson@hhg.co.nz,,London Stock Exchange,HICL Infrastructure,,,,HICL Infrastructure,,,
ACHR.US,Archer Aviation,Archer Aviation,0P0001NCI9,Listed Securities,International equities,Stock,,,0.0,,,Archer aviation is is an American company developing electric vertical takeoff and landing (eVTOL) aircraft designed for rapid and efficient travel in urban areas.,https://investors.archer.com/stock-information/default.aspx,,,2025-02-10 00:00:00,2025-04-01 00:00:00,BMK0430,"S&P Aerospace & Defense Select Industry (Total Return, USD)",,,,,,,,jeremy.simpson@hhg.co.nz,,,,,,,,,,
VTWO.US,Vanguard Russell 2000 ETF,Vanguard Russell 2000 ETF,F00000J3KK,Listed Securities,International equities,Exchange-Traded Fund,,,0.0,,,The fund employs an indexing investment approach designed to track the performance of the Russell 2000® Index. The index is designed to measure the performance of small-capitalization stocks in the United States.,https://investor.vanguard.com/investment-products/etfs/profile/vtwo,Vanguard,Vanguard,2025-02-10 00:00:00,2025-04-01 00:00:00,,,,,0.0007000000000000001,,0.0007000000000000001,,,richard.parkin@hhg.co.nz,,,Vanguard Investments,,,,Vanguard Investments,,,
VBK.US,Vanguard Small Cap Growth ETF,Vanguard Small Cap Growth ETF,FEUSA04AC6,Listed Securities,International equities,Exchange-Traded Fund,,,0.0,,,"This fund employs an indexing investment approach designed to track the performance of the CRSP US Small Cap Growth Index, a broadly diversified index of growth stocks of small U.S. companies. ",https://investor.vanguard.com/investment-products/etfs/profile/vbk,Vanguard,Vanguard,2025-02-10 00:00:00,2025-04-01 00:00:00,,,,,0.0007000000000000001,,0.0007000000000000001,,,richard.parkin@hhg.co.nz,,,Vanguard Investments,,,,Vanguard Investments,,,
IJR.US,iShares Core S&P Small Cap ETF,iShares Core S&P Small Cap ETF,FEUSA0000K,Listed Securities,International equities,Exchange-Traded Fund,,,0.0,,,"The iShares Core S&P Small-Cap ETF, tracks the S&P SmallCap 600 Index. It provides exposure to small-cap U.S. stocks and is designed for long-term growth with a low expense ratio.",https://www.ishares.com/us/products/239774/ishares-core-sp-smallcap-etf,BlackRock,BlackRock,2025-02-10 00:00:00,2025-04-01 00:00:00,,,,,0.0006,,0.0006,,,richard.parkin@hhg.co.nz,,,BlackRock Inc,isharesetfs@blackrock.com,www.ishares.com,iShares funds are powered by the expert portfolio and risk management of BlackRock. BlackRock managed over USD 11 trillion in assets on behalf of investors worldwide.,BlackRock Inc,isharesetfs@blackrock.com,www.ishares.com,iShares funds are powered by the expert portfolio and risk management of BlackRock. BlackRock managed over USD 11 trillion in assets on behalf of investors worldwide.
JII.LN,JP Morgan Indian Investment Trust PLC,JP Morgan Indian Investment Trust PLC,E0GBR01O5D,Listed Securities,International equities,Exchange-Traded Fund,,,0.0,,,The JPMorgan Indian Investment Trust aims to deliver capital growth by investing in a diversified portfolio of publicly traded Indian companies and businesses with significant revenue exposure to India.The Company has the ability to use borrowing to gear the portfolio to up to 15% of shareholders funds where appropriate.,https://am.jpmorgan.com/gb/en/asset-management/per/products/jpmorgan-indian-investment-trust-plc-gb0003450359#/documents,JP Morgan Asset Management,JP Morgan Asset Management,2025-02-18 00:00:00,2025-04-01 00:00:00,,,,,0.0075,,0.0075,,,jeremy.simpson@hhg.co.nz,,,JP Morgan Asset Management Ltd,jpmam.info@jpmorgan.com,,,JP Morgan Asset Management Ltd,jpmam.info@jpmorgan.com,,
IREN.US,IREN Ltd,IREN Ltd,0P0001NS43,Listed Securities,International equities,Stock,,,0.0,,,"IREN Limited owns and operates bitcoin mining data centers. It also provides high performance computing solutions, including Al cloud services. The company was formerly known as Iris Energy Limited and changed its name to IREN Limited in November 2024.",https://iren.com/investor/news-releases,,,2025-02-13 00:00:00,2025-04-01 00:00:00,SIM_WGMI,"Simulated: Valkyrie Bitcoin Miners ETF
",,,,,,,,adam@compoundwealth.co.nz,,,,,,,,,,
JEPI.US,JP Morgan Equity Premium Income ETF,JP Morgan Equity Premium Income ETF,F000014SF4,Listed Securities,International equities,Exchange-Traded Fund,,,0.0,,,"The JPMorgan Equity Premium Income ETF (JEPI) seeks to provide investors with income and capital appreciation by investing in a portfolio of U.S. equities while utilizing an options overlay strategy to generate income. The ETF aims to provide attractive yields through covered calls, making it appealing for income-focused investors.",https://am.jpmorgan.com/us/en/asset-management/adv/products/jpmorgan-equity-premium-income-etf-etf-shares-46641q332#/overview,JP Morgan Asset Management,JP Morgan Asset Management,2025-02-18 00:00:00,2025-04-01 00:00:00,BFS_JEPI.US,Backilled JP Morgan Equity Premium Income ETF,,,0.0034999999999999996,,0.0034999999999999996,,,jeremy.simpson@hhg.co.nz,,,JP Morgan Asset Management Ltd,jpmam.info@jpmorgan.com,,,JP Morgan Asset Management Ltd,jpmam.info@jpmorgan.com,,
PCT.LN,Polar Capital Technology Trust,Polar Capital Technology Trust,E0GBR00VIE,Listed Securities,International equities,Exchange-Traded Fund,,,0.0,,,"Polar Capital Technology Trust (PCT) is an investment trust that invests in a diversified portfolio of global technology companies. They focus on delivering long-term capital growth for investors by selecting high-potential tech stocks across various sectors, including software, hardware, and digital services.",https://www.polarcapitaltechnologytrust.co.uk/Corporate-Information/Document-Library/,Polar Capital,Polar Capital,2025-02-25 00:00:00,2025-04-01 00:00:00,,,,,0.008,,0.008,,,jeremy.simpson@hhg.co.nz,,,Polar Capital Technology Trust,,https://www.polarcapitaltechnologytrust.co.uk/About-Us/What-We-Do/,,Polar Capital Technology Trust,,https://www.polarcapitaltechnologytrust.co.uk/About-Us/What-We-Do/,
BWXT.US,BWX Technologies Inc,BWX Technologies Inc,0P0000P88A,Listed Securities,International equities,Stock,,,0.0,,,"BWX Technologies, Inc. is a leading provider of nuclear components and services, specializing in the design, manufacture, and supply of critical systems for the nuclear power, defense, and industrial markets. The company offers a range of services, including fuel and reactor core services, environmental management, and advanced technology solutions.",https://investors.bwxt.com/,,,2025-02-25 00:00:00,2025-04-01 00:00:00,BMK0396,S&P 1500 Industrials (Total Return),,,,,,,,jeremy.simpson@hhg.co.nz,,,,,,,,,,
DE.US,Deere & Company,Deere & Company,0P000001NV,Listed Securities,International equities,Stock,,,0.0,,,"Deere & Company, doing business as John Deere, is a leading American manufacturer of agricultural, construction, and forestry equipment, known for its iconic green and yellow machinery. Deere's products and services help improve productivity and efficiency for farmers, builders, and landscapers around the world.",https://investor.deere.com/home/default.aspx,,,2025-02-25 00:00:00,2025-04-01 00:00:00,BMK0396,S&P 1500 Industrials (Total Return),,,,,,,,jeremy.simpson@hhg.co.nz,,,,,,,,,,
CAT.US,Caterpillar Inc,Caterpillar Inc,0P0000014I,Listed Securities,International equities,Stock,,,0.0,,,"Caterpillar Inc. is a leading global manufacturer of construction and mining equipment, engines, and industrial gas turbines. Listed on the NYSE as CAT, the company is known for it's innovative machinery and technology, serving a wide range of industries worldwide.",https://investors.caterpillar.com/overview/default.aspx,,,2025-02-25 00:00:00,2025-04-01 00:00:00,BMK0396,S&P 1500 Industrials (Total Return),,,,,,,,jeremy.simpson@hhg.co.nz,,,,,,,,,,
BRSC.LN,BlackRock Smaller Companies Trust plc,BlackRock Smaller Companies Trust plc,E0GBR01ORG,Listed Securities,International equities,Exchange-Traded Fund,,,0.0,,,"The BlackRock Smaller Companies Trust aims for long-term capital growth by investing in high-quality, smaller UK companies with strong growth potential. It focuses on uncovering undervalued opportunities in the small-cap space, leveraging inefficiencies to generate returns.",https://www.blackrock.com/uk/solutions/investment-trusts/our-range/blackrock-smaller-companies-investment-trust/trust-information,BlackRock Ireland,BlackRock Ireland,2025-03-06 00:00:00,2025-04-01 00:00:00,,,,,0.008,,0.008,,,jeremy.simpson@hhg.co.nz,,,BlackRock Asset Management Ireland,,www.ishares.com,iShares funds are powered by the expert portfolio and risk management of BlackRock. BlackRock managed over USD 6.47 trillion in assets on behalf of investors worldwide.,BlackRock Asset Management Ireland,,www.ishares.com,iShares funds are powered by the expert portfolio and risk management of BlackRock. BlackRock managed over USD 6.47 trillion in assets on behalf of investors worldwide.
HSL.LN,Henderson Smaller Companies Investment Trust plc,Henderson Smaller Companies Investment Trust plc,E0GBR00J99,Listed Securities,International equities,Exchange-Traded Fund,,,0.0,,,The Henderson Smaller Companies Investment Trust focuses on overlooked smaller UK companies with strong long-term growth potential. Its fund managers conduct extensive research and meetings to identify promising businesses at attractive valuations.,https://www.janushenderson.com/en-gb/uk-investment-trusts/trust/the-henderson-smaller-companies-investment-trust-plc/,Janus Henderson Investors ,Janus Henderson Investors ,2025-03-06 00:00:00,2025-04-01 00:00:00,,,,,0.0045000000000000005,,0.0045000000000000005,,,jeremy.simpson@hhg.co.nz,,,Janus Henderson Investors Ltd,support@henderson.com,,,Janus Henderson Investors Ltd,support@henderson.com,,
AMR.US,Alpha Metallurgical Resources Inc,Alpha Metallurgical Resources Inc,0P00018JQS,Listed Securities,International equities,Stock,,,0.0,,,"Alpha Metallurgical Resources (AMR) is a Tennessee-based mining company with operations across Virginia and West Virginia. With customers across the globe, high-quality reserves and significant port capacity, Alpha reliably supplies metallurgical products to the steel industry.",https://investors.alphametresources.com/investors/default.aspx,,,2025-03-11 00:00:00,2025-04-01 00:00:00,BMK0432,"Morningstar Global Thermal Coal (Net Return, USD)",,,,,,,,nathan.jolly@collinsonco.com,,,,,,,,,,
LAD.US,Lithia Motors Inc,Lithia Motors Inc,0P000003BE,Listed Securities,International equities,Stock,,,0.0,,,"Lithia Motors, Inc. operates as an automotive retailer in the United States, the United Kingdom, and Canada. It operates in two segments, Vehicle Operations and Financing Operations. ",https://investors.lithiadriveway.com/,,,2025-03-11 00:00:00,2025-04-01 00:00:00,,,,,,,,,,nathan.jolly@collinsonco.com,,,,,,,,,,
GPI.US,Group 1 Automotive Inc,Group 1 Automotive Inc,0P000002IY,Listed Securities,International equities,Stock,,,0.0,,,"Group 1 Automotive, Inc. is an international Fortune 250 automotive retailer with automotive dealerships and collision centers in the United States and the United Kingdom.",https://www.group1corp.com/index.php?s=45,,,2025-03-11 00:00:00,2025-04-01 00:00:00,,,,,,,,,,nathan.jolly@collinsonco.com,,,,,,,,,,
CNR.US,Core Natural Resources,Core Natural Resources,0P0001C6QK,Listed Securities,International equities,Stock,,,0.0,,,"Core Natural Resources is a world-class producer and exporter of high-quality, low-cost coals, including metallurgical and high-caloric value thermal coals.",https://investors.corenaturalresources.com/stock-quote,,,2025-03-11 00:00:00,2025-04-01 00:00:00,BMK0432,"Morningstar Global Thermal Coal (Net Return, USD)",,,,,,,,nathan.jolly@collinsonco.com,,,,,,,,,,
AN.US,AutoNation Inc,AutoNation Inc,0P000000LJ,Listed Securities,International equities,Stock,,,0.0,,,"AutoNation is a top U.S. provider of personalized transportation services, known for its innovative, customer-focused approach. Recognized by Reputation and J.D. Power, its brand emphasizes transparency and a great customer experience.",https://investors.autonation.com/home/default.aspx,,,2025-03-11 00:00:00,2025-04-01 00:00:00,,,,,,,,,,nathan.jolly@collinsonco.com,,,,,,,,,,
ABG.US,Asbury Automotive Group,Asbury Automotive Group,0P000000JG,Listed Securities,International equities,Stock,,,0.0,,,"Asbury Automotive Group, Inc. operates as an automotive retailer in the United States. The company offers a range of automotive products and services, including new and used vehicles; and vehicle repair and maintenance services, replacement parts, collision repair, and recondition of used vehicle services. It also provides finance and insurance products.",https://investors.asburyauto.com/,,,2025-03-11 00:00:00,2025-04-01 00:00:00,,,,,,,,,,nathan.jolly@collinsonco.com,,,,,,,,,,
OXY.US,Occidental Petroleum Corporation,Occidental Petroleum Corporation,0P00000412,Listed Securities,International equities,Stock,,,0.0,,,"Occidental Petroleum Corporation, together with its subsidiaries, engages in the acquisition, exploration, and development of oil and gas properties in the United States and internationally. ",https://www.oxy.com/investors/,,,2025-03-11 00:00:00,2025-04-01 00:00:00,,,,,,,,,,nathan.jolly@collinsonco.com,,,,,,,,,,
PHM.US,Pulte Group,Pulte Group,0P000004IE,Listed Securities,International equities,Stock,,,0.0,,,"PulteGroup, the 3rd largest U.S. homebuilder, operates in 24 states under brands like Centex, Pulte Homes, and Del Webb. It serves diverse buyers, including first-time, move-up, and active-adult homebuyers. ",https://pultegroupinc.com/investor-relations/investor-overview/default.aspx,,,2025-03-11 00:00:00,2025-04-01 00:00:00,,,,,,,,,,nathan.jolly@collinsonco.com,,,,,,,,,,
HCC.US,Warrior Coal,Warrior Coal,0P0001A3K7,Listed Securities,International equities,Stock,,,0.0,,,"Warrior is a U.S.-based producer of premium metallurgical coal from Alabama, known for its high quality and strong coking properties, serving global steelmakers.",https://investors.warriormetcoal.com/,,,2025-03-11 00:00:00,2025-04-01 00:00:00,,,,,,,,,,nathan.jolly@collinsonco.com,,,,,,,,,,
PRI.US,Primerica,Primerica,0P0000NN0W,Listed Securities,International equities,Stock,,,0.0,,,Primerica Inc. provides financial services to middle-income North Americans. It underwrites term life insurance and distributes investment products.,https://investors.primerica.com/,,,2025-03-11 00:00:00,2025-04-01 00:00:00,,,,,,,,,,nathan.jolly@collinsonco.com,,,,,,,,,,
MAMAGF,Milford Aggressive Fund,Milford Aggressive Fund,F000016ZKJ,Managed Funds,Other,Open-End Fund,NZD,Active,0.0,3,,"To maximise capital growth over the minimum recommended investment timeframe. Primarily invests in international equities, with a moderate allocation to Australasian equities.",https://milfordasset.com/forms-documents,Milford Asset Management,Milford Asset Management,2025-03-18 00:00:00,2025-07-01 00:00:00,BFS_MAMAGF,Backfill: Milford Aggressive Fund,,,0.0115,,0.0115,,,adam@compoundwealth.co.nz,,,Milford Asset Management Ltd,Email: info@milfordasset.com,www.milfordasset.com,,Milford Asset Management Ltd,Email: info@milfordasset.com,www.milfordasset.com,
ALGEMPIE,Antipodes Emerging Markets Fund (PIE),Antipodes Emerging Markets Fund (PIE),F00001Q8I9,Managed Funds,International equities,Open-End Fund,NZD,,0.0,8,,"The Fund provides exposure to a portfolio of companies that are exposed to emerging markets or listed on emerging market stock exchanges.

The Fund aims to achieve absolute returns in excess of the MSCI Emerging Markets Net Index in NZ dollars over the investment cycle (typically 3-5 years).",https://antipodes.com/nz-pie-funds/antipodes-emerging-markets-fund-pie/,FundRock,FundRock,2025-04-01 00:00:00,2025-07-01 00:00:00,BFS_ALGEMPIE,Backfill: Antipodes Emerging Markets Fund (PIE),0.003,0.003,0.0095,,0.0095,,,edwina.eru@collinsonwealth.com,,,FundRock NZ Limited,,https://www.fundrock.com/fundrock-new-zealand/,,FundRock NZ Limited,,https://www.fundrock.com/fundrock-new-zealand/,
FEVR.LN,Fevertree Drinks PLC,Fevertree Drinks PLC,0P000156G3,Listed Securities,International equities,Stock,,,0.0,,,"Fever-Tree Drinks is a UK-based company that specializes in premium mixers, particularly tonic waters, designed to complement high-end spirits. Founded in 2005, it has quickly become a leader in the premium mixer category, known for its high-quality ingredients and sophisticated flavors. Fever-Tree's products are sold globally, with a strong presence in both the retail and hospitality sectors.",https://fever-tree.com/en_GB/investors,,,2025-03-18 00:00:00,2025-07-01 00:00:00,,,,,,,,,,nathan.jolly@collinsonco.com,,,,,,,,,,
SMH.US,VanEck Semiconductor ETF,VanEck Semiconductor ETF,F00000MVJB,Listed Securities,International equities,Exchange-Traded Fund,,,0.0,,,"VanEck Semiconductor ETF (SMH®) seeks to replicate as closely as possible, before fees and expenses, the price and yield performance of the MVIS® US Listed Semiconductor 25 Index (MVSMHTR), which is intended to track the overall performance of companies involved in semiconductor production and equipment.",https://www.vaneck.com/us/en/investments/semiconductor-etf-smh/overview/,VanEck,VanEck,2025-04-17 00:00:00,2025-07-01 00:00:00,,,,,0.0034999999999999996,,0.0034999999999999996,,,Fraser.canning@firstcapital.co.nz,,,VanEck,,,,VanEck,,,
SAABB.SS,Saab AB,Saab AB,0P0001H3Q5,Listed Securities,International equities,Stock,,,0.0,,,"Saab AB (publ) provides products, services, and solutions for military defense, aviation, and civil security markets Internationally. The company operates through Aeronautics, Dynamics, Surveillance, Kockums, and Combitech segments.",https://www.saab.com/investors/the-share,,,2025-04-21 00:00:00,2025-07-01 00:00:00,,,,,,,,,,joel@radicalinvestment.co.nz,,,,,,,,,,
RHM.GE,Rheinmetall AG,Rheinmetall AG,0P0000BH2G,Listed Securities,International equities,Stock,,,0.0,,,"Rheinmetall AG provides mobility and security technologies worldwide. The company operates in five segments: Vehicle Systems, Weapon and Ammunition, Electronic Solutions, Sensors and Actuators, and Materials and Trade.",https://ir.rheinmetall.com/,,,2025-04-21 00:00:00,2025-07-01 00:00:00,,,,,,,,,,joel@radicalinvestment.co.nz,,,,,,,,,,
PRE.LN,Pensana PLC,Pensana PLC,0P0001NVXG,Listed Securities,International equities,Stock,,,0.0,,,"Pensana Plc is a UK-based company focused on developing a sustainable supply chain for rare earth elements, particularly neodymium and praseodymium (NdPr), which are essential for electric vehicles (EVs), offshore wind turbines, and other strategic technologies.",https://pensana.co.uk/,,,2025-04-28 00:00:00,2025-07-01 00:00:00,BFS_PRE.LN,Pensana PLC,,,,,,,,samantha.ellis@firstcapital.co.nz,,,,,,,,,,
GME.US,GameStop Corp,GameStop Corp,0P000002CH,Listed Securities,International equities,Stock,,,0.0,,,"GameStop Corp is a U.S.-based retailer of video games, consumer electronics, and services, operating across North America, Europe, and Australia through its GameStop, EB Games, and Micromania brands, with business segments in video game retail and wireless technology services.",https://investor.gamestop.com/overview/default.aspx,,,2025-04-24 00:00:00,2025-07-01 00:00:00,,,,,,,,,,joel@radicalinvestment.co.nz,,,,,,,,,,
UBER.US,Uber Technologies Inc,Uber Technologies Inc,0P0001HD8R,Listed Securities,International equities,Stock,,,0.0,,,"Uber Technologies, Inc. is an American multinational transportation company that provides ride-hailing services, courier services, food delivery, and freight transport. It is headquartered in San Francisco, California, and operates in approximately 70 countries and 15,000 cities worldwide",https://investor.uber.com/home/default.aspx,,,2025-04-28 00:00:00,2025-07-01 00:00:00,,,,,,,,,,samantha.ellis@firstcapital.co.nz,,,,,,,,,,
700.HK,Tencent Holdings Ltd,Tencent Holdings Ltd,0P0000AV63,Listed Securities,International equities,Stock,,,0.0,,,"Tencent is a global internet and technology company based in Shenzhen, China, focused on using technology to enhance lives. It connects over a billion people through its communication and social services, and offers video games, digital content, cloud computing, advertising, FinTech, and enterprise services to support digital business growth.",https://www.tencent.com/en-us/investors.html,,,2025-04-28 00:00:00,2025-07-01 00:00:00,,,,,,,,,,jmilner@cclonline.co.nz,,,,,,,,,,
VGK.US,Vanguard FTSE Europe ETF,Vanguard FTSE Europe ETF,FEUSA04ADE,Listed Securities,International equities,Exchange-Traded Fund,,,0.0,,,"The Vanguard FTSE Europe ETF seeks to track the performance of the FTSE Developed Europe All Cap Index, which measures the investment return of stocks issued by companies located in the major markets of Europe.",https://investor.vanguard.com/investment-products/etfs/profile/vgk#performance-fees,Vanguard,Vanguard,2025-05-12 00:00:00,2025-07-01 00:00:00,,,0.0013,0.0013,0.0006,,0.0006,,,max.paterson@consilium.co.nz,,,Vanguard Investments,,,,Vanguard Investments,,,
UNH.US,UnitedHealth Group Inc,UnitedHealth Group Inc,0P000005NU,Listed Securities,International equities,Stock,,,0.0,,,"UnitedHealth Group is a global health care company with two main businesses: UnitedHealthcare, which provides health insurance, and Optum, which delivers care, pharmacy services, and data-driven health solutions. Its mission is to improve health outcomes and make the health system more efficient through technology, value-based care, and innovative services.",https://www.unitedhealthgroup.com/investors.html,,,2025-05-12 00:00:00,2025-07-01 00:00:00,,,,,,,,,,max.paterson@consilium.co.nz,,,,,,,,,,
NVO.US,Novo Nordisk A/S,Novo Nordisk A/S,0P000003ZK,Listed Securities,International equities,Stock,,,0.0,,,"Novo Nordisk is a global healthcare company focused on treating chronic diseases, especially diabetes, obesity, and rare blood and endocrine disorders. It develops innovative medicines,  works to improve access to care worldwide, and aims to prevent type 2 diabetes. ",https://www.novonordisk.com/investors/stock-information.html,,,2025-05-19 00:00:00,2025-07-01 00:00:00,,,,,,,,,,joel@radicalinvestment.co.nz,,,,,,,,,,
SLT0041.AU,Insync Global Capital Aware,Insync Global Capital Aware,F0000045SY,Managed Funds,International equities,Open-End Fund,,,0.0,,,"The Insync Global Capital Aware Fund invests in top global companies benefiting from long-term trends, with downside protection via put options. It targets long-term growth and suits investors with a 5+ year horizon.",https://insyncfm.com.au/global-capital-aware-fund/,Insync,Insync,2025-05-20 00:00:00,2025-07-01 00:00:00,,,0.002,0.002,0.013000000000000001,0.0005,0.0125,,,peter.coltman@milestone.co.nz,,,Insync Fund Management,,https://insyncfm.com.au/about/,,Insync Fund Management,,https://insyncfm.com.au/about/,
TNZ,Smart NZ Top 10 ETF,Smart NZ Top 10 ETF,FOUSA06LPK,Listed Securities,Australasian equities,Exchange-Traded Fund,,,0.0,,,"The Smart NZ Top 10 ETF is designed to track the performance of the S&P/NZX 10 Index. This index comprises the ten largest companies listed on the NZX, providing investors with exposure to a diversified portfolio of prominent New Zealand companies.",https://www.smartinvest.co.nz/funds-and-performance/etfs/new-zealand-shares/smart-nz-top-10-etf#resources,Smartshares,Smartshares,2025-05-30 00:00:00,2025-07-01 00:00:00,,,,,0.006,,0.006,,,samantha.ellis@firstcapital.co.nz,,,Smartshares Limited,,,,Smartshares Limited,,,
BIIB.US,Biogen Inc,Biogen Inc,0P000000SH,Listed Securities,International equities,Stock,,,0.0,,,"Biogen Inc. is a leading biotechnology company specializing in the development of therapies for neurological and neurodegenerative diseases, including multiple sclerosis (MS), Alzheimer's disease, spinal muscular atrophy (SMA), and other neurological disorders.",https://investors.biogen.com/,,,2025-05-20 00:00:00,2025-07-01 00:00:00,,,,,,,,,,joel@radicalinvestment.co.nz,,,,,,,,,,
QRE.AU,BetaShares S&P/ASX 200 Resources Sector ETF,BetaShares S&P/ASX 200 Resources Sector ETF,STUSA04WUY,Listed Securities,Australasian equities,Exchange-Traded Fund,AUD,,0.0,,,"The BetaShares Australian Resources Sector ETF provides investors with exposure to the largest ASX-listed companies in Australia's resources sector, including BHP, Rio Tinto, Woodside Petroleum and more. The fund aims to track the performance of the Solactive Australia Resources Sector Index before fees and expenses.",https://www.betashares.com.au/fund/resources-sector-etf-betashares/,BetaShares,BetaShares,2025-05-30 00:00:00,2025-07-01 00:00:00,,,,,0.0034000000000000002,,0.0034000000000000002,,,samantha.ellis@firstcapital.co.nz,,,BetaShares Capital Ltd,,,,BetaShares Capital Ltd,,,
EUAD.US,Select STOXX Europe Aerospace & Defense ETF,Select STOXX Europe Aerospace & Defense ETF,F00001LY3E,Listed Securities,International equities,Exchange-Traded Fund,,,0.0,,,"The Select STOXX Europe Aerospace & Defence ETF tracks European companies in the aerospace and defense sector, based on the STOXX® Europe Total Market Aerospace & Defense Index.It invests mainly in firms like Airbus, BAE Systems, and Safran.",https://www.select-funds.com/fund-info,Tuttle Capital Management,Tuttle Capital Management,2025-05-28 00:00:00,2025-07-01 00:00:00,BFS_EUAD.US,Backfill: Select STOXX Europe Aerospace & Defense ETF,,,0.005,,0.005,,,richard.parkin@hhg.co.nz,,,Tuttle Capital Management,,,,Tuttle Capital Management,,,
BP/.LN,BP PLC,BP PLC,0P000000NV,Listed Securities,International equities,Stock,,,0.0,,,"BP is a global energy company focused on oil, gas, and growing renewable energy. It invests heavily in both traditional energy and low-carbon projects, while transitioning toward cleaner energy.",https://www.bp.com/en/global/corporate/investors.html,,,2025-05-28 00:00:00,2025-07-01 00:00:00,,,,,,,,,,richard.parkin@hhg.co.nz,,,,,,,,,,
SBSW.US,Sibanye Stillwater Ltd,Sibanye Stillwater Ltd,0P0000Y3F0,Listed Securities,International equities,Stock,,,0.0,,,"Sibanye-Stillwater is a global mining and metals processing company based in South Africa. It produces gold, platinum group metals (PGMs), and battery metals like nickel and cobalt. The company also recycles PGMs and reprocesses mine waste. Its focus is on sustainability, innovation, and supporting a greener future.",https://www.sibanyestillwater.com/news-investors/,,,2025-06-06 00:00:00,2025-07-01 00:00:00,,,,,,,,,,samantha.ellis@firstcapital.co.nz,,,,,,,,,,
DFIS.US,Dimensional International Small Cap ETF,Dimensional International Small Cap ETF,F00001D12S,Listed Securities,International equities,Exchange-Traded Fund,,,0.0,,,The Dimensional International Small Cap ETF seeks long-term capital growth by investing in a diversified portfolio of small-cap companies across developed international markets outside the U.S.,https://www.dimensional.com/us-en/funds/dfis/international-small-cap-etf,DFA,DFA,2025-06-05 00:00:00,2025-07-01 00:00:00,BFS_DFIS.US,Backfill: Dimensional International Small Cap ETF,,,0.004,,0.004,,,joel@radicalinvestment.co.nz,,,Dimensional Fund Advisors LP,,,,Dimensional Fund Advisors LP,,,
CEP.US,"Cantor Equity Partners, Inc. Class A Ordinary Shares","Cantor Equity Partners, Inc. Class A Ordinary Shares",0P0001T7OB,Listed Securities,International equities,Stock,,,0.0,,,"Cantor Equity Partners (CEP) is a special purpose acquisition company launched by Cantor Fitzgerald in 2024, raising $100M to acquire a private company and take it public. It targets sectors like finance, healthcare, tech, and real estate.",https://www.cantor.com/,,,2025-06-05 00:00:00,2025-07-01 00:00:00,BFS_CEP.US,"Backfill: Cantor Equity Partners, Inc. Class A Ordinary Shares",,,,,,,,joel@radicalinvestment.co.nz,,,,,,,,,,
OSCR.US,Oscar Health Inc,Oscar Health Inc,0P0001LSQQ,Listed Securities,International equities,Stock,,,0.0,,,"Oscar Health is a U.S.-based health insurance company that uses technology to make healthcare more accessible and affordable. It offers individual, family, Medicare Advantage, and small group plans in 18 states, serving around 2 million members. Its tech platform, +Oscar, powers services and partnerships like the one with Cigna.",https://ir.hioscar.com/overview/default.aspx,,,2025-06-06 00:00:00,2025-07-01 00:00:00,BFS_OSCR.US,Backfill: Oscar Health Inc,,,,,,,,jeremy.simpson@hhg.co.nz,,,,,,,,,,
HIMS.US,HIMS & HERS HEALTH,HIMS & HERS HEALTH,0P0001LJYL,Listed Securities,International equities,Stock,,,0.0,,,"Hims & Hers is a telehealth company that provides accessible, affordable healthcare services online. The platform connects users with licensed medical professionals for virtual care and prescriptions, aiming to break down stigma and make healthcare more convenient.",https://investors.hims.com/overview/default.aspx,,,2025-06-06 00:00:00,2025-07-01 00:00:00,BFS_HIMS.US,Backfill: Hims & Hers Health,,,,,,,,jeremy.simpson@hhg.co.nz,,,,,,,,,,
JOBY.US,Joby Aviation Inc,Joby Aviation Inc,0P0001N3OS,Listed Securities,International equities,Stock,,,0.0,,,"Joby Aviation is a California-based company developing electric vertical takeoff and landing (eVTOL) aircraft for urban air mobility. Their main aircraft, the Joby S4, is a quiet, all-electric air taxi designed to carry four passengers and a pilot up to 100 miles. Backed by partners like Toyota and Delta, Joby aims to revolutionize short-distance air travel.",https://ir.jobyaviation.com/,,,2025-06-06 00:00:00,2025-07-01 00:00:00,BFS_JOBY.US,Backfill: Joby Aviation Inc,,,,,,,,jeremy.simpson@hhg.co.nz,,,,,,,,,,
IWM.US,iShares Russell 2000 ETF,iShares Russell 2000 ETF,FEUSA00017,Listed Securities,International equities,Exchange-Traded Fund,,,0.0,,,The iShares Russell 2000 ETF seeks to track the investment results of an index composed of small-capitalization U.S. equities.,https://www.ishares.com/us/products/239710/ishares-russell-2000-etf,BlackRock,BlackRock,2025-06-10 00:00:00,2025-07-01 00:00:00,,,,,0.0019,,0.0019,,,joel@radicalinvestment.co.nz,,,BlackRock Inc,isharesetfs@blackrock.com,www.ishares.com,iShares funds are powered by the expert portfolio and risk management of BlackRock. BlackRock managed over USD 11 trillion in assets on behalf of investors worldwide.,BlackRock Inc,isharesetfs@blackrock.com,www.ishares.com,iShares funds are powered by the expert portfolio and risk management of BlackRock. BlackRock managed over USD 11 trillion in assets on behalf of investors worldwide.
APLD.US,Applied Digital Corporation,Applied Digital Corporation,0P0000028I,Listed Securities,International equities,Stock,,,0.0,,,"Applied Digital Corporation designs, develops, and operates purpose-built data centers and cloud services tailored to the unique demands of AI workloads, including machine learning and GPU-intensive tasks.",https://ir.applieddigital.com/,,,2025-06-06 00:00:00,2025-07-01 00:00:00,,,,,,,,,,jeremy.simpson@hhg.co.nz,,,,,,,,,,
TGT.US,Target Corp,Target Corp,0P000005B5,Listed Securities,International equities,Stock,,,0.0,,,"Target Corporation is a major U.S. retailer known for offering stylish, quality products at affordable prices through nearly 2,000 stores and online.",https://corporate.target.com/investors,,,2025-06-10 00:00:00,2025-07-01 00:00:00,,,,,,,,,,joel@radicalinvestment.co.nz,,,,,,,,,,
ALTBG.FP,The Blockchain Group,The Blockchain Group,0P0000TKRV,Listed Securities,International equities,Stock,,,0.0,,,"The Blockchain Group  is a French tech company focused on blockchain, AI, and data intelligence and decentralized technology development. It operates through its two main subsidiaries: iOrga (custom applications) and Trimane (data solutions). Since 2024, they have adopted Bitcoin as a strategic treasury asset. ",https://www.theblockchain-group.com/investor/news-financial-information/,,,2025-06-10 00:00:00,2025-07-01 00:00:00,,,,,,,,,,joel@radicalinvestment.co.nz,,,,,,,,,,
EX20.AU,BetaShares Australian Ex-20 Portfolio Diversifier ETF,BetaShares Australian Ex-20 Portfolio Diversifier ETF,F00000XXND,Listed Securities,Australasian equities,Exchange-Traded Fund,AUD,,0.0,,,"EX20 aims to track the performance of an index (before fees and expenses) comprising the 180 largest stocks listed on the ASX, after excluding the 20 largest, based on their market capitalisation.",https://www.betashares.com.au/fund/portfolio-diversifier-etf/,BetaShares,BetaShares,2025-06-10 00:00:00,2025-07-01 00:00:00,,,,,0.0025,,0.0025,,,jeremy.simpson@hhg.co.nz,,,BetaShares Capital Ltd,,,,BetaShares Capital Ltd,,,
