country,year,eq_tr,xrusd_return,eq_tr_usd,mkt_cap_pct_gdp,gdp,mkt_cap
Australia,1871,0.11019296944141388,0.005996254592267121,0.1168499691327296,,211.56,
Australia,1872,0.1767493039369583,0.00025019795086092035,0.1770437242014804,,227.4,
Australia,1873,0.15168581902980804,-0.01850843767011448,0.1303699138327401,,266.54,
Australia,1874,0.19148139655590057,0.02709312899291893,0.22376235572545267,,287.58,
Australia,1875,0.12440787255764008,-0.030352303523035258,0.09027950352608016,,300.74,
Australia,1876,0.11881456524133682,0.030743432084963804,0.15321076484350216,,311.26,
Australia,1877,0.136591374874115,0.0749659798282829,0.22179706095592833,,313.66,
Australia,1878,-0.0789373591542244,0.03166257352121126,-0.04977414557080406,,324.3,
Australia,1879,0.12413585931062698,0.0060968027552865895,0.1309894939149885,,334.44,
Australia,1880,0.11423738300800323,-0.006181137632562857,0.10735012838828406,,344.32,
Australia,1881,0.07269452512264252,0.00812643901078014,0.08141171175824935,,362.82,
Australia,1882,0.09030421078205109,-0.008267755752565057,0.08128984187131172,,382.32,
Australia,1883,0.28716498613357544,0.0017937185128671985,0.2894737977983175,,412.1,
Australia,1884,0.04399999976158142,0.0015016092101812237,0.04556767977665244,,430.46,
Australia,1885,0.11300000548362732,-0.0016967030663284557,0.1111115749614997,,441.62,
Australia,1886,0.029000001028180122,-0.0023472880676807155,0.026584641604123327,,452.9,
Australia,1887,0.28200000524520874,0.005694082298395014,0.2892998187816178,,472.52,
Australia,1888,0.2619999945163727,-0.0037848605577688907,0.25722350051322307,,503.06,
Australia,1889,-0.010999999940395355,-0.002734361306873156,-0.01370428327305584,,535.74,
Australia,1890,0.0139999995008111,0.0024199880785227596,0.01645386741122512,,552.72,
Australia,1891,-0.10399999469518661,0.0014054115314698868,-0.10274074595553417,,540.3,
Australia,1892,0.06300000101327896,-0.0025064193679089786,0.060335677222651984,,495.7,
Australia,1893,-0.049000002443790436,0.0020784792321524755,-0.04702336869909285,,431.1,
Australia,1894,0.10600000619888306,-0.0018392353895844947,0.10396581184660136,,401.2,
Australia,1895,0.20100000500679016,-0.0033188438177400763,0.19701407356506762,,385.62,
Australia,1896,0.017000000923871994,0.0048827557172310306,0.02196576349280699,,400.82,
Australia,1897,0.08500000089406967,-0.00020570391340280479,0.08477681214784383,,417.8,
Australia,1898,0.1550000011920929,0.008031237102325662,0.16427608005485306,,441.24,
Australia,1899,0.1210000067949295,-0.001835413128219882,0.11894250866572342,,477.6,
Australia,1900,0.12200000137090683,-0.00003154920891211029,0.12196460315846425,,492.42,
Australia,1901,-0.03200000151991844,-0.0010114195986438103,-0.032979055689868364,,504.56,
Australia,1902,0.15600000321865082,0.0004511524895415251,0.15652153549801273,,534.66,
Australia,1903,0.21899999678134918,0.0005902395129794753,0.21971949874577157,,515.4,
Australia,1904,0.07500000298023224,-0.0021112322956481112,0.07273042825611853,,539.48,
Australia,1905,0.1459999978542328,0.0005841663678992181,0.14666945251059182,,534.66,
Australia,1906,0.10199999809265137,0.00015670785485503796,0.10217269014840258,,576.82,
Australia,1907,0.08799999952316284,-0.007174269822797517,0.0801943939593801,,647.86,
Australia,1908,0.17299999296665192,0.006877833063992627,0.18106769110234122,,645.46,
Australia,1909,0.13500000536441803,-0.003008268009677723,0.13158562115729633,,690.0,
Australia,1910,0.06700000166893005,0.0009788629854965887,0.06804444847608848,,750.22,
Australia,1911,0.10700000077486038,0.0016811260906104551,0.10886100735846882,,823.68,
Australia,1912,0.0860000029206276,-0.001184477182902355,0.08471366069653619,,883.88,
Australia,1913,0.08899999409914017,-0.0007612818382505818,0.08817095818177756,,965.78,
Australia,1914,0.11399999260902405,-0.010099320225327205,0.10274934995265328,,1040.44,
Australia,1915,-0.03500000014901161,0.042960238313755804,0.00645662981736117,,1009.12,
Australia,1916,-0.03400000184774399,-0.0031648112992476367,-0.03705720955696945,,1166.88,
Australia,1917,0.1550000011920929,-0.003305954349418981,0.15118162391457313,,1230.7,
Australia,1918,0.07500000298023224,-0.00016712335897241078,0.07482034536883875,,1278.86,
Australia,1919,0.18700000643730164,0.07760126421173066,0.2791127075561688,,1378.82,
Australia,1920,0.08100000023841858,0.2230919141580995,0.3221623594965135,,1508.86,
Australia,1921,0.19900000095367432,-0.053014149379794324,0.1354360357967428,,1664.2,
Australia,1922,0.21299999952316284,-0.14552507105708165,0.036478088400314634,,1659.4,
Australia,1923,0.16200000047683716,-0.03749998472915208,0.11842501820368101,,1818.34,
Australia,1924,0.13699999451637268,0.01522405769777091,0.1543097480352551,,1889.4,
Australia,1925,0.1770000010728836,-0.06296123550441968,0.10289462681663153,,2073.6,
Australia,1926,0.14100000262260437,-0.004576675105705109,0.13577801631499198,,1997.8,
Australia,1927,0.12399999797344208,0.004275168723752936,0.12880528761027654,,2082.0,
Australia,1928,0.1770000010728836,0.00193822806667865,0.17928129550944383,,2094.2,
Australia,1929,-0.05300000309944153,0.0516493764866859,-0.004088043726634183,,2061.6,
Australia,1930,-0.29600000381469727,0.21560516423355605,-0.14421396901674222,,1885.8,
Australia,1931,0.1770000010728836,0.040760593410734014,0.22497521956104882,,1549.8,
Australia,1932,0.24799999594688416,0.29807714713517575,0.6200002743634423,,1457.0,
Australia,1933,0.25600001215934753,-0.1724858702415362,0.03935775703866251,,1522.2,
Australia,1934,0.23200000822544098,-0.15678953617432234,0.03883529836901278,,1632.8,
Australia,1935,0.10100000351667404,0.02392064644277772,0.1273366353342933,,1724.4,
Australia,1936,0.1979999989271164,-0.014272175507235394,0.18090193268476074,,1895.4,
Australia,1937,0.024000000208616257,0.005516655126923972,0.02964905505973725,,2067.6,
Australia,1938,-0.004999999888241291,0.011192397604260221,0.006136435729248602,,2236.2,
Australia,1939,0.05300000309944153,0.10234952968475852,0.16077405817471857,,2190.4,
Australia,1940,0.03500000014901161,0.15801546729584467,0.19854600882375695,,2384.4,
Australia,1941,-0.054999999701976776,-0.05017430278884454,-0.10241471585238793,,2583.0,
Australia,1942,0.18400000035762787,-0.0006842923794712455,0.18318979818008918,,3006.8,
Australia,1943,0.08899999409914017,-0.0036568736829055665,0.08501765868003464,,3441.6,
Australia,1944,0.07999999821186066,-0.0003717472118960618,0.07959851122367767,,3498.2,
Australia,1945,0.14100000262260437,0.0024844720496894276,0.1438347852378159,,3422.4,
Australia,1946,0.13300000131130219,0.0020538992966952453,0.1353270692171511,,3534.4,
Australia,1947,0.16600000858306885,0.0010591900311525038,0.16723502416848368,,3758.4,
Australia,1948,0.024000000208616257,-0.004342576235699087,0.019553202142354342,,4512.2,
Australia,1949,0.08100000023841858,0.43928569267342094,0.5558678341231205,,5207.4,
Australia,1950,0.3140000104904175,0.0,0.3140000104904175,,6145.0,
Australia,1951,-0.04600000008940697,0.0071944063267296065,-0.039136536454350224,,8152.4,
Australia,1952,-0.13300000131130219,-0.008028545498674442,-0.13996075024812515,,8796.8,
Australia,1953,0.12999999523162842,0.0,0.12999999523162842,,9968.6,
Australia,1954,0.1860000044107437,0.008093524730215625,0.195598924776478,,10886.4,
Australia,1955,0.10300000011920929,-0.0058113540481945555,0.09659007660335783,,11594.6,
Australia,1956,0.07699999958276749,0.005845323291366846,0.08329541276513086,,12550.8,
Australia,1957,0.16700001060962677,-0.007585898709319871,0.15814726673536694,,13658.8,
Australia,1958,0.1889999955892563,0.0017881090754529175,0.19112605727208298,,13976.4,
Australia,1959,0.4429999887943268,0.0008948541387025388,0.4442912633064473,,15011.4,
Australia,1960,-0.06199999898672104,-0.001340482127498074,-0.06325737122367248,,16591.0,
Australia,1961,0.11600000411272049,-0.0013386880862734144,0.11450602820293376,,17543.0,
Australia,1962,0.041999999433755875,0.0017881090754529175,0.04386320908936536,,17745.0,
Australia,1963,0.26600000262260437,0.002240143370179322,0.2688360241351264,,19192.0,
Australia,1964,0.04399999976158142,0.0017953321372510317,0.0458743265124435,,21210.0,
Australia,1965,-0.0819999948143959,-0.004023245419769028,-0.08569333413060687,,23154.0,
Australia,1966,0.06700000166893005,0.0040394964091348485,0.07131014434421856,,24329.0,
Australia,1967,0.42500001192092896,-0.00624442373438371,0.4161017080249929,,27142.0,
Australia,1968,0.3479999899864197,0.009909909009008767,0.36135854723132965,,29167.0,
Australia,1969,0.10100000351667404,-0.007155634174557677,0.09312165026532204,,32706.0,
Australia,1970,-0.13699999451637268,0.002690582962054413,-0.13467802140536556,,36851.0,
Australia,1971,-0.061000000685453415,-0.06381192280756673,-0.1209193961580185,,40314.0,
Australia,1972,0.36400002241134644,-0.06588235299284895,0.27413649145258834,,44484.0,
Australia,1973,-0.257999986410141,-0.14314516138652217,-0.3642136981042631,,49748.0,
Australia,1974,-0.2619999945163727,0.12132630001607075,-0.17246118443920433,,60272.0,
Australia,1975,0.5460000038146973,0.055604168368152365,0.6319640483239737,,71159.0,
Australia,1976,0.035999998450279236,0.15712444679675988,0.19878092508822354,,83234.0,
Australia,1977,0.13199999928474426,-0.04818643687417769,0.07745295277764086,,96074.0,
Australia,1978,0.24299998581409454,-0.007909604526648847,0.23316834749967508,,104920.0,
Australia,1979,0.38999998569488525,0.04070556313044364,0.4465807178639041,0.288282612707382,118587.0,34186.570193130305
Australia,1980,0.5230000019073486,-0.06369103079841701,0.4259985618798785,0.397258912688698,134424.0,53401.13207926554
Australia,1981,-0.1080000028014183,0.046812660738374486,-0.06624310955393009,0.306966087160262,152143.0,46702.741398823746
Australia,1982,-0.15299999713897705,0.15021415475241104,-0.02576860763391886,0.213694594310536,175615.0,37527.97617984478
Australia,1983,0.6370000243186951,0.08713968847006646,0.7796476964633172,0.30438783108747003,189157.0,57577.08896501257
Australia,1984,0.004999999888241291,0.08963517757912545,0.09508335334524487,0.257752709713613,213378.0,54998.75769327132
Australia,1985,0.4209999740123749,0.21574386840945806,0.7275720054155441,0.328429424887759,234973.0,77172.0472541514
Australia,1986,0.5109999775886536,0.024217809867629468,0.5475930877558881,0.652957613825527,260242.0,169926.9953371828
Australia,1987,-0.09600000083446503,-0.07986159169550193,-0.16819487966055702,0.8135447151073371,285706.0,232434.60637445684
Australia,1988,0.2110000103712082,-0.15546464056107528,0.02273232903938971,0.58209976888041,323892.0,188537.45834221377
Australia,1989,0.17899999022483826,0.07922290904503605,0.27240379921451896,0.46743334386438795,367526.0,171793.90713710306
Australia,1990,-0.15299999713897705,0.025087288245182856,-0.13175106392353186,0.346125382630607,403852.0,139783.4280261359
Australia,1991,0.2750000059604645,0.0177678336404317,0.29765399395791947,0.443674388028199,414473.0,183891.05462921172
Australia,1992,-0.02199999988079071,0.10339819924484461,0.07912343899299334,0.41460203044199406,422433.0,175141.57952570287
Australia,1993,0.40456143021583557,0.016984197312066032,0.4284167786835391,0.65413672594684,443383.0,290033.10396048776
Australia,1994,-0.08810185641050339,-0.12834704243941913,-0.20514128614621197,0.6770364020000601,465753.0,315331.735340734
Australia,1995,0.20723018050193787,0.04268453691275174,0.2587602417037609,0.665043721078778,494567.0,328908.67800276796
Australia,1996,0.14342470467090607,-0.06465798390556375,0.06949316851907072,0.77737927396733,527599.0,410144.52756588935
Australia,1997,0.11419185996055603,0.22031573126527162,0.35966585435757925,0.6778609281910489,555291.0,376410.07267613575
Australia,1998,0.08479026705026627,0.06320247494376147,0.15335169672274707,0.821578641809529,588097.0,483167.93451225857
Australia,1999,0.19295363128185272,-0.06102782196390339,0.12015026946079166,1.09603633788771,620141.0,679697.0706140224
Australia,2000,0.0502253957092762,0.18014440433213005,0.2394176240337993,0.8942014762065731,661159.0,591209.3538072617
Australia,2001,0.10134624689817429,0.08499804151978059,0.1949585209196798,0.986251367659164,705066.0,695372.3067899761
Australia,2002,-0.080964095890522,-0.09819851642529132,-0.171212058215649,0.958757712794895,754253.0,723145.8811486879
Australia,2003,0.15864193439483643,-0.2450666666666667,-0.1253025823275249,1.24975073184709,800960.0,1001000.3461802452
Australia,2004,0.2756807804107666,-0.037227214377406836,0.22819073852127736,1.2611248672780502,861039.0,1085877.694596225
Australia,2005,0.21087831258773804,0.06174185634455494,0.2856401874142671,1.15384839656813,922371.0,1064276.2993909428
Australia,2006,0.24965542554855347,-0.07279160874510297,0.1586909967458281,1.46171231823551,996430.0,1456494.0052594093
Australia,2007,0.1795337051153183,-0.10242740471869327,0.05871712892213177,1.51565443611327,1086590.0,1646894.953736318
Australia,2008,-0.4038478434085846,0.2725173210161662,-0.24138605477628206,0.6461076994888001,1177310.0,760669.0556851593
Australia,2009,0.3957807421684265,-0.2275616010703513,0.07815464173741615,1.35432627661516,1260140.0,1706640.7142138279
Australia,2010,0.03306250274181366,-0.11748499458821411,-0.0883068398020953,1.26195790298749,1301210.0,1642072.242946352
Australia,2011,-0.11430837959051132,0.0006892477353282213,-0.1136979186469449,0.85405471522459,1416620.0,1209870.9906814587
Australia,2012,0.18840819597244263,-0.023930802498798663,0.15996863414667262,0.893185156366129,1499460.0,1339295.414564756
Australia,2013,0.19655711948871613,0.1737168640721976,0.4044192699695577,0.862490256648578,1536310.0,1325052.406191777
Australia,2014,0.05609947443008423,0.08083394294074299,0.14146815908591437,0.873891932530615,1598530.0,1396942.470908164
Australia,2015,0.025605125352740288,0.12263892690938621,0.15138423735876683,0.874910333564071,1624600.0,1421379.3279081897
Australia,2016,0.1193000003695488,0.009673852957436233,0.13012794398838223,1.04696759321256,1660710.0,1738709.5517240304
Australia,2017,0.12319999933242798,-0.07230769230769214,0.041983999380698744,1.13342362733756,1763630.0,1998939.911881341
Australia,2018,-0.037300001829862595,0.10512893170869984,0.06390762053373122,0.881139234839412,1848560.0,1628838.7439547435
Australia,2019,0.23810000717639923,0.007422209534687375,0.2472894448545604,1.06382445195033,1952680.0,2077308.7308343702
Australia,2020,0.04919999837875366,-0.09036613866528576,-0.04561215416235842,1.2904141073838802,1985760.0,2562452.717878614
Belgium,1871,0.10193062573671341,0.022278078850926922,0.12647952310512722,,4664.125886404035,
Belgium,1872,0.25858625769615173,0.012079151875954364,0.27378891225185265,,5585.691244261518,
Belgium,1873,0.18055005371570587,-0.020593938202126395,0.15623787886496765,,5974.788186613347,
Belgium,1874,0.02039906196296215,0.016672726994605633,0.03741189694862235,,5791.151247675389,
Belgium,1875,-0.07999185472726822,-0.031358669473893055,-0.10884208606816526,,5204.981034794232,
Belgium,1876,-0.10533401370048523,0.031851957789884235,-0.076837150468828,,5073.817241522671,
Belgium,1877,0.0018992917612195015,0.0667009076832141,0.06872688392886217,,5083.4169514644545,
Belgium,1878,-0.006560247391462326,0.038128189413759644,0.03131781166715464,,4998.7009315382265,
Belgium,1879,0.32134297490119934,0.010556199764175185,0.3352913353012459,,4896.124726113331,
Belgium,1880,0.061406396329402924,0.0030131732603463275,0.0646045977011831,,5451.670608552963,
Belgium,1881,0.0033816054929047823,0.002598559960056567,0.005988952757596033,,5512.748749271571,
Belgium,1882,-0.06664087623357773,0.005736137667303892,-0.061286999806619336,,5568.027122964976,
Belgium,1883,-0.03271814435720444,-0.019011406844106397,-0.05110753324775186,,5500.074884497839,
Belgium,1884,-0.03409774228930473,-0.0038759689922481513,-0.03784154948973395,,5049.432309461782,
Belgium,1885,-0.030099039897322655,0.00583657587548643,-0.024438139351976362,,4925.756207693246,
Belgium,1886,0.0036220739129930735,-0.005802707930367553,-0.0022016518543938046,,4766.180595951705,
Belgium,1887,0.06295962631702423,0.013618677042801612,0.07743573017737271,,5041.73848839769,
Belgium,1888,0.1556205302476883,-0.0019193857965450647,0.15340244861573504,,5146.136798062948,
Belgium,1889,0.2971450984477997,-0.003846153846153935,0.292156078838385,,5388.417748637416,
Belgium,1890,0.015375316143035889,0.00965250965250979,0.02517623618302678,,5587.050666545611,
Belgium,1891,-0.01920868083834648,0.0019120458891012976,-0.017333362828477195,,5540.403322062591,
Belgium,1892,0.02862100675702095,0.011450381679389238,0.04039910988782647,,5366.1190385106165,
Belgium,1893,0.00837431475520134,0.04905660377358487,0.057841733969607345,,5349.661528820263,
Belgium,1894,0.1291980892419815,0.017985611510791463,0.14950740739381585,,5210.059716521282,
Belgium,1895,0.03400697559118271,-0.047703180212014216,-0.015318445505923317,,5334.312164771869,
Belgium,1896,0.10684456676244736,0.022263450834879427,0.13148674635641644,,5435.035072809547,
Belgium,1897,0.13035796582698822,-0.02177858439201454,0.1057403694750394,,5730.720809420356,
Belgium,1898,0.1487068384885788,0.03153988868274581,0.1849369243036174,,5778.265772341035,
Belgium,1899,0.03951157629489899,-0.007194244604316554,0.03203307574601477,,6091.436613513599,
Belgium,1900,-0.09390377998352051,-0.009057971014492723,-0.10211117328077113,,6328.970307159834,
Belgium,1901,-0.10635245591402054,-0.02193784277879344,-0.12595715523583362,,6127.252098358124,
Belgium,1902,0.017839796841144562,-0.02990654205607463,-0.012600271849431688,,6258.8082738493795,
Belgium,1903,0.11917615681886673,-0.011560693641618592,0.10623770413887978,,6442.475869420605,
Belgium,1904,0.13691067695617676,0.0,0.13691067695617676,,6656.8328035417935,
Belgium,1905,0.163978710770607,-0.003898635477582763,0.15944078207364565,,6883.68362151347,
Belgium,1906,0.11540910601615906,0.009784735812133037,0.1263230894409746,,7329.4234781316545,
Belgium,1907,-0.07092306017875671,0.0019379844961239896,-0.06912252347367676,,7655.000568576767,
Belgium,1908,0.023607909679412842,-0.011605415860734934,0.011728514209245589,,7290.1777415860215,
Belgium,1909,0.1726027876138687,0.0039138943248531455,0.17719223100961767,,7312.521685749077,
Belgium,1910,0.0881141945719719,0.007797270955165699,0.09659851577721135,,7735.108175538628,
Belgium,1911,0.00031368143390864134,0.001934235976789127,0.002248524144612407,,7984.995226999849,
Belgium,1912,0.0775059312582016,0.00579150579150584,0.08374631309946534,,8402.65480165666,
Belgium,1913,-0.039487529546022415,0.007677543186180429,-0.03211315357324718,,8647.446067183248,
Belgium,1914,-0.012594593688845634,-0.0038095238095237284,-0.0163561380938404,,11966.898826979472,
Belgium,1915,0.011960053816437721,0.15869980879541093,0.1725579208657002,,15048.717008797654,
Belgium,1916,0.01129187736660242,0.08415841584158427,0.09640059971923742,,18130.535190615832,
Belgium,1917,0.08238741010427475,0.12785388127853878,0.22077484153313187,,21212.353372434012,
Belgium,1918,0.21018804609775543,0.059379217273954045,0.282048065029336,,24294.171554252192,
Belgium,1919,0.2525513470172882,0.11592356687898092,0.3977515668626044,,27375.989736070373,
Belgium,1920,-0.08467575907707214,0.5468150684931508,0.4158373284166399,,28518.85921277743,
Belgium,1921,0.006892587058246136,-0.008848643183445231,-0.0020170461686883634,,28480.632420517533,
Belgium,1922,0.2804209589958191,-0.030848386472278822,0.24092203840551019,,29126.700612238696,
Belgium,1923,0.5130442976951599,0.4721071919728945,1.2273633924106222,,35221.87216042219,
Belgium,1924,-0.030854078009724617,0.12386226044841554,0.08918652659235482,,42557.84427444949,
Belgium,1925,0.07084638625383377,-0.02400378933876966,0.04514201518401406,,44716.55620676836,
Belgium,1926,0.636900782585144,0.45714462440287007,1.3852011760247938,,55235.21490189992,
Belgium,1927,0.6365461945533752,0.17323698534861912,0.9200565236815565,,70110.25267036581,
Belgium,1928,0.25942015647888184,-0.0008906082576083406,0.25829850648772346,,79721.4567860227,
Belgium,1929,-0.3022567927837372,0.001128180843210762,-0.30146961226387525,,89484.65352126441,
Belgium,1930,-0.28866109251976013,-0.0028659673335374256,-0.2906997665916726,,90645.23740693557,
Belgium,1931,-0.3138085603713989,0.00171615135617821,-0.31263095200168234,,82336.78322807243,
Belgium,1932,0.02667750045657158,0.0010724980848248232,0.027778610109544077,,70724.01182110178,
Belgium,1933,-0.09682412445545197,-0.22268755565449683,-0.2979501525065774,,68935.51359804395,
Belgium,1934,-0.188296839594841,-0.23133513523189012,-0.376072299975321,,66675.46759877128,
Belgium,1935,0.5263822078704834,0.2639312577137136,0.9292421837455751,,65362.04866312105,
Belgium,1936,0.2667202055454254,0.08909851318237924,0.37958309247760047,,71496.47262924876,
Belgium,1937,-0.05840388312935829,0.0024021788777426794,-0.056142000826047145,,85638.00281326784,
Belgium,1938,-0.08698742091655731,-0.0010632014176019304,-0.08795813718492729,,83018.09465186713,
Belgium,1939,-0.19987210631370544,0.002517232058386284,-0.19785799872890908,,81957.5457407248,
Belgium,1940,1.2579715251922607,-0.001702027266139753,1.2541283960902163,,75864.9193548387,
Belgium,1941,0.7595657110214233,0.05080838689203599,0.8489664064289602,,62879.03225806452,
Belgium,1942,0.08186884969472885,-0.00044444444444443823,0.0813880190948646,,69030.24193548388,
Belgium,1943,-0.08733639121055603,0.0,-0.08733639121055603,,75181.45161290323,
Belgium,1944,0.1462046355009079,0.4085321428571428,0.614466071394884,,138516.1290322581,
Belgium,1945,-0.018135979771614075,0.0,-0.018135979771614075,,201850.8064516129,
Belgium,1946,-0.09290892630815506,0.30074621756692005,0.17989528309338354,,215198.7007465352,
Belgium,1947,-0.3096922039985657,-0.14473684210526316,-0.4096051744724575,,261754.46488131993,
Belgium,1948,0.008931809104979038,0.10256410256410256,0.1124119946542077,,331220.79733129265,
Belgium,1949,0.21361523866653442,-0.06232558139534886,0.13797596332638773,,322539.18062999286,
Belgium,1950,0.15921634435653687,0.02579365079365088,0.18911676593716198,,337527.54604202945,
Belgium,1951,0.4205018877983093,0.044487427466150815,0.483696362497267,,394747.03451742174,
Belgium,1952,-0.007112113758921623,-0.05370370370370368,-0.060433870612609186,,402089.7462108158,
Belgium,1953,0.09432537108659744,-0.012720156555772966,0.08040538104342154,,407500.0,
Belgium,1954,0.42230522632598877,-0.008919722517343891,0.409618658372193,,424300.0,
Belgium,1955,0.2837921380996704,-0.000800000000016125,0.2827651043891699,,451100.0,
Belgium,1956,-0.02480674721300602,0.005304243394821954,-0.01963408484323559,,479600.0,
Belgium,1957,-0.1783108115196228,-0.004131408661107565,-0.1817055453496491,,508700.0,
Belgium,1958,0.16084563732147217,-0.003498775428670026,0.15678409912913294,,512800.0,
Belgium,1959,-0.027247795835137367,0.0019060039123621805,-0.025393726328240218,,531100.0,
Belgium,1960,-0.13784801959991455,-0.004755944931259278,-0.1419483669410735,,564000.0,
Belgium,1961,0.1671425849199295,0.00160965794771847,0.16902128525786653,,600200.0,
Belgium,1962,-0.03470245376229286,-0.0005765367617633015,-0.035258983283738776,,642700.0,
Belgium,1963,0.15607059001922607,0.0015316182693021422,0.15784124885550233,,691100.0,
Belgium,1964,0.03931485116481781,-0.003913501580531108,0.03524749085211498,,773400.0,
Belgium,1965,-0.04563142731785774,0.0002014808845052455,-0.045439140293689784,,842100.0,
Belgium,1966,-0.19022873044013977,0.008259052223563592,-0.18354078723570355,,905000.0,
Belgium,1967,0.24981649219989777,-0.008491084361590096,0.23920419492812184,,969700.0,
Belgium,1968,0.16184508800506592,0.01032693569110526,0.17384338751192074,,1037500.0,
Belgium,1969,0.04663727805018425,-0.009447546888711557,0.03674912329033164,,1151300.0,
Belgium,1970,0.051439132541418076,0.00017516907843291438,0.05162331216529359,,1281000.0,
Belgium,1971,0.09117309749126434,-0.09904378460189321,-0.016900815740041097,,1402400.0,
Belgium,1972,0.30950459837913513,-0.01547313147168969,0.2892424615656326,,1568500.0,
Belgium,1973,0.06918996572494507,-0.06224113477446816,0.0026423689687498086,,1782300.0,
Belgium,1974,-0.24737221002578735,-0.12578654404951076,-0.3420426586822646,,2090900.0,
Belgium,1975,0.23179574310779572,0.09426257872778085,0.34790798631903974,0.13703331537762,2313100.0,316971.76179997285
Belgium,1976,-0.03501074016094208,-0.08968439694110901,-0.12155521998425511,0.132183050731202,2632800.0,348011.53596510866
Belgium,1977,0.020513959228992462,-0.08455499201235467,-0.06577559044211145,0.12423155172646201,2846800.0,353662.38145489205
Belgium,1978,0.13515537977218628,-0.12568306011310515,-0.0075144220614361545,0.123531744447018,3057600.0,377710.66182120226
Belgium,1979,0.10138563811779022,-0.026111111077295607,0.07262723538195859,0.11807871780944501,3264700.0,385491.59003249515
Belgium,1980,-0.11453817039728165,0.12389475185396469,-0.004834096742495353,0.0791070270181492,3605378.5625,285210.7793543434
Belgium,1981,0.11069336533546448,0.22006154233416864,0.35511426037151494,0.07991195000484941,3780090.6694000005,302074.4165868906
Belgium,1982,0.2801415026187897,0.21996879875766953,0.5617326911896829,0.09300270223200661,4090425.5201000003,380420.6266480611
Belgium,1983,0.4491335153579712,0.18584825234837696,0.7184524466067099,0.123634846355841,4333513.7575,535773.3075894357
Belgium,1984,0.2465037703514099,0.1337167505595564,0.41318220408303596,0.148075699724165,4681889.133900001,693274.0095332075
Belgium,1985,0.38154616951942444,-0.20164870006341154,0.10295918035824703,0.241935203009321,4979395.896400001,1204691.1570593142
Belgium,1986,0.43664881587028503,-0.19757744241461483,0.15279941718264922,0.311091462059267,5211995.7598,1621407.3811628823
Belgium,1987,-0.10943236947059631,-0.17959663449641164,-0.269375318705121,0.278779451273693,5422045.6191,1511554.9024736292
Belgium,1988,0.5234041213989258,0.1264610512027749,0.7160554079976735,0.362208100160696,5801281.019,2101270.9763902966
Belgium,1989,0.1465015560388565,-0.042442093988485766,0.09784162923951012,0.45594676828156205,6290523.3262,2868143.7813806725
Belgium,1990,-0.1968134641647339,-0.1335989932885905,-0.30411837677527587,0.31874802924593204,6670323.484700001,2126152.4651809833
Belgium,1991,0.12569156289100647,0.009279431937383937,0.1361373411313409,0.337814176929167,6988000.1972,2360645.5349979745
Belgium,1992,-0.014005719684064388,0.06108090821874001,0.04621970645611584,0.273040500958906,7337948.8297,2003557.2244721057
Belgium,1993,0.3458561599254608,0.08830620855937311,0.4647036146747556,0.34698783780185305,7557518.9054000005,2622367.144131373
Belgium,1994,-0.029763035476207733,-0.11831902520077543,-0.1445605273324222,0.343529693715915,7964790.535800001,2736142.053274793
Belgium,1995,0.13405321538448334,-0.07608951707891635,0.047763653884085766,0.352129442959279,8491105.2111,2989968.1480932743
Belgium,1996,0.25928059220314026,0.08805031446540892,0.3701606443468133,0.425506304275899,8644356.4912,3678228.18341389
Belgium,1997,0.3497387170791626,0.15356975472582404,0.557017760804958,0.541867499789158,9040211.9299,4898597.036019032
Belgium,1998,0.41247206926345825,-0.06352925243770317,0.3227387746140151,0.943949898677607,9384028.8976,8858053.127077257
Belgium,1999,-0.07302501797676086,0.16141046562463093,0.07659844549399408,0.713024403938895,9774599.809400002,6969528.202838672
Belgium,2000,0.02351401560008526,0.07963460505104765,0.10502114999660983,0.770634840987753,10342182.202399999,7970045.937012892
Belgium,2001,-0.02317841351032257,0.055826619766254505,0.03135423377810609,0.700509832498738,10663247.4665,7469709.696650507
Belgium,2002,-0.2669452726840973,-0.15962620387145982,-0.38396001603556296,0.49367127135180905,11023079.3745,5441777.609021319
Belgium,2003,0.18687132000923157,-0.16967537608867783,-0.014511517582200262,0.545621354353657,11343620.2199,6189321.427655367
Belgium,2004,0.3925911784172058,-0.0727553043095221,0.291272783452706,0.740077279672413,11973689.118,8861455.270092614
Belgium,2005,0.2718643844127655,0.15461558023226263,0.46851443418549477,0.747912935279234,12506861.576299999,9354043.5526616
Belgium,2006,0.23117119073867798,-0.10425208807896755,0.10281902332150183,0.970381826331265,13116558.824900001,12728070.307687934
Belgium,2007,-0.04153551906347275,-0.10535969023843532,-0.14251903987948789,0.818719049070703,13861556.098100001,11348720.027276637
Belgium,2008,-0.5605587363243103,0.057771071351584435,-0.5351717437256716,0.32323460470183,14189237.105800001,4586452.446913802
Belgium,2009,0.5247774124145508,-0.03394418992086637,0.4730200783405041,0.535589278420989,13976686.1727,7485763.261953008
Belgium,2010,0.11460345983505249,0.07813201616524537,0.20168967537672322,0.558036882326585,14649031.286,8174699.747944044
Belgium,2011,-0.13232307136058807,0.032691861813123155,-0.10395709711107337,0.434981615330493,15166511.523200002,6597153.681290072
Belgium,2012,0.39016497135162354,-0.01932696680309224,0.36329729909948916,0.6009400231333121,15578260.8825,9361600.45510632
Belgium,2013,0.18959812819957733,-0.04328910158799213,0.13810149397906057,0.714229562471315,15848739.912,11319638.573069427
Belgium,2014,0.17930616438388824,0.13590313812700727,0.33957757293618296,0.703595988523225,16257141.059600001,11438459.234390773
Belgium,2015,0.09957490861415863,0.11518324607329852,0.22622751588908785,0.8991673025764451,16809717.009800002,15114747.900775254
Belgium,2016,-0.02419999986886978,0.03282421022673379,0.007829864474681258,0.797315946747612,17349585.8915,13833101.500760334
Belgium,2017,0.041999999433755875,-0.12107062453097586,-0.08415559125896543,0.873998522006743,17953272.495,15691133.625814311
Belgium,2018,-0.20669999718666077,0.047423580786025495,-0.16907887041568814,0.591725980275377,18571279.763,10989108.722729446
Belgium,2019,0.24879999458789825,0.019227345558126895,0.2728111036168268,,19215628.9857,
Belgium,2020,-0.1031000018119812,-0.08450819004156125,-0.17889539730713022,,18200435.0623,
Canada,1871,,0.025277479000632465,,,0.412696,
Canada,1872,,0.001017235582301958,,,0.44725400000000004,
Canada,1873,,-0.02374656490364915,,,0.487768,
Canada,1874,,0.029675393062138882,,,0.485543,
Canada,1875,,-0.033286879232952746,,,0.452452,
Canada,1876,,0.033574384619135936,,,0.42167,
Canada,1877,,0.06474353768318226,,,0.434696,
Canada,1878,,0.03590461950436397,,,0.409649,
Canada,1879,,0.008815908833861292,,,0.445127,
Canada,1880,,0.0018381662901140595,,,0.481954,
Canada,1881,,0.0002732053205607016,,,0.568689,
Canada,1882,,-0.003915013584921977,,,0.618885,
Canada,1883,,0.00131523503745433,,,0.611527,
Canada,1884,,0.00014713468752681336,,,0.5851770000000001,
Canada,1885,,0.00025880328781383087,,,0.554529,
Canada,1886,,0.0011347418804012366,,,0.5607329999999999,
Canada,1887,,-0.0016923929607473498,,,0.6110760000000001,
Canada,1888,,0.0005103000585235316,,,0.630304,
Canada,1889,,-0.0002758043476182197,,,0.65576,
Canada,1890,,-0.003682439014809704,,,0.685419,
Canada,1891,,0.0025291788461140117,,,0.703505,
Canada,1892,,0.0015093019401373078,,,0.7002849999999999,
Canada,1893,,-0.001620965102996746,,,0.682408,
Canada,1894,,0.002337429377838061,,,0.651411,
Canada,1895,,0.0009834937549903526,,,0.633418,
Canada,1896,,-0.0017629478428737282,,,0.640817,
Canada,1897,,-0.0006438914747689373,,,0.717022,
Canada,1898,,-0.0002839375654369446,,,0.769372,
Canada,1899,,-0.0020710008546669725,,,0.825982,
Canada,1900,,0.0068547476705206,,,0.907357,
Canada,1901,,0.0,,,0.990663,
Canada,1902,,0.0,,,1.119599,
Canada,1903,,0.0,,,1.17815,
Canada,1904,,0.0,,,1.205816,
Canada,1905,,0.0,,,1.361543,
Canada,1906,,0.0,,,1.525885,
Canada,1907,,0.0,,,1.7284059999999999,
Canada,1908,,0.0,,,1.6537929999999998,
Canada,1909,,-0.00029999999999996696,,,1.838343,
Canada,1910,,0.00020006001800526853,,,2.0228099999999998,
Canada,1911,,0.0,,,2.233165,
Canada,1912,,0.00030003000300037806,,,2.493876,
Canada,1913,,0.00009998000399918915,,,2.651472,
Canada,1914,,0.0000999700089972898,,,2.448579,
Canada,1915,,-0.0003998400639743662,,,2.6885790000000003,
Canada,1916,,0.00031309799967393914,,,3.242722,
Canada,1917,,0.002263820281944764,,,3.991872,
Canada,1918,,0.012546316505426095,,,4.261482,
Canada,1919,,0.06144065513711536,,,4.367381,
Canada,1920,,0.07512743280815584,,,5.060886,
Canada,1921,,-0.0695709161147904,,,4.073825,
Canada,1922,,-0.06711017975150928,,,4.233944999999999,
Canada,1923,,0.019022050987785828,,,4.555266,
Canada,1924,,-0.02069454102833483,,,4.501525,
Canada,1925,,-0.0030273047683552633,,,4.995748,
Canada,1926,,0.00022714946434768463,,,5.345314999999999,
Canada,1927,,0.0003683779557825299,,,5.561,
Canada,1928,,0.0011043500569211347,,,6.05,
Canada,1929,,0.007196626366904742,,,6.139,
Canada,1930,,-0.008229534026785704,,,5.72,
Canada,1931,,0.20784244024646223,,,4.693,
Canada,1932,,-0.04494860789224817,,,3.814,
Canada,1933,,-0.13876159106369265,,,3.492,
Canada,1934,,-0.00747613736193234,,,3.969,
Canada,1935,,0.022855198580851478,,,4.301,
Canada,1936,,-0.010157732678937161,,,4.634,
Canada,1937,,0.0011335849298238433,,,5.241,
Canada,1938,,0.00892450660833416,,,5.272,
Canada,1939,,0.13067223342015227,,,5.621,
Canada,1940,,0.029480949999999954,,,6.713,
Canada,1941,,-0.025617021276595757,,,8.282,
Canada,1942,,-0.03967469666296092,,,10.265,
Canada,1943,,0.0,,,11.053,
Canada,1944,,0.0,,,11.848,
Canada,1945,,0.0,,,11.863,
Canada,1946,,-0.02516204767008638,,,11.885,
Canada,1947,,0.044960000000000076,,,13.473,
Canada,1948,,-0.02678571428571431,,,15.896,
Canada,1949,,0.03669724770642185,,,17.347,
Canada,1950,,-0.07079646017699102,,,19.125,
Canada,1951,,-0.03152380952380965,,,22.28,
Canada,1952,,-0.045530534959189566,,,25.17,
Canada,1953,,0.003915104063378342,,,26.395,
Canada,1954,,-0.008312807890304603,,,26.531,
Canada,1955,,0.033943909794001824,,,29.25,
Canada,1956,,-0.03943549198221948,,,32.902,
Canada,1957,,0.026049807258570208,,,34.467,
Canada,1958,,-0.02092007720211246,,,35.689,
Canada,1959,,-0.011720775865284465,,,37.877,
Canada,1960,,0.04534005042541989,,,39.448,
Canada,1961,,0.04759036149356462,,,42.099,
Canada,1962,,0.03239409625493018,,,45.816,
Canada,1963,,0.00315633216037529,,,49.302,
Canada,1964,,-0.006292801221543587,,,54.068,
Canada,1965,,0.0011175265422961598,,,59.659,
Canada,1966,,0.008186046519242757,,,66.809,
Canada,1967,,-0.002952573355741449,,,71.913,
Canada,1968,,-0.007218213029798364,,,78.569,
Canada,1969,,0.0,,,86.518,
Canada,1970,,-0.057419835996849106,,,93.237,
Canada,1971,,-0.008900315475573923,,,101.767,
Canada,1972,,-0.006585512871682321,,,113.625,
Canada,1973,,0.0002008838893139543,,,133.08,
Canada,1974,,-0.00461940149088115,,,158.306,
Canada,1975,,0.02542372883920888,,,178.045,
Canada,1976,,-0.007083824288748363,,,206.007,
Canada,1977,,0.08442330558858495,,0.819223857609894,227.579,186.43814629100208
Canada,1978,,0.08369883040935663,,0.8191220533414381,252.044,206.4547988123894
Canada,1979,,-0.015092749578414746,,0.979716956449319,287.574,281.74112403395645
Canada,1980,,0.02277202296273605,,1.03977884333423,322.748,335.58654212843607
Canada,1981,,-0.007365865913924655,,,368.358,
Canada,1982,,0.03668100180173781,,0.658173663136526,388.181,255.4905107299998
Canada,1983,,0.01220107370440963,,0.7536110379857401,421.316,317.5083880800001
Canada,1984,,0.061877210753678094,,0.691392313697818,461.986,319.4135694360001
Canada,1985,,0.057590434387770596,,0.7998124724664871,500.027,399.92783117000016
Canada,1986,,-0.012164579606440002,,0.888890772193001,526.63,468.11654736000014
Canada,1987,,-0.05845708076783773,,0.9364322284516381,574.336,537.82674036
Canada,1988,,-0.08239729189106014,,0.877157300575536,626.894,549.8846487870001
Canada,1989,,-0.029261339817221555,,0.958013258663538,671.579,643.3815862400002
Canada,1990,,0.002159267576438218,,0.769497403765056,695.501,535.1862138160002
Canada,1991,,-0.004050676549168446,,0.830383980631914,701.773,582.7410572400001
Canada,1992,,0.09994807892004148,,0.7704569984382741,718.436,553.5240441299999
Canada,1993,,0.04161749665643944,,1.02843052758565,747.037,768.2756560360012
Canada,1994,,0.059516616314199376,,0.992709685281803,791.972,786.1982748720001
Canada,1995,,-0.026803535785571767,,1.10855764671647,831.621,921.8998187199975
Canada,1996,,0.003222970993261031,,1.39515771792579,859.834,1199.6040412350035
Canada,1997,,0.04344334112149541,,1.5427898725056401,906.926,1399.1962479120502
Canada,1998,,0.07095374711356793,,1.70651061514196,940.548,1605.0551460505403
Canada,1999,,-0.05697484482195357,,2.1348055031446003,1007.927,2151.7281063680275
Canada,2000,,0.03942354326889763,,1.03500141588137,1106.071,1144.7850510653227
Canada,2001,,0.06159178776163181,,0.832586047944362,1144.543,952.9305330723838
Canada,2002,,-0.008162752731382722,,1.16831457041084,1193.694,1394.6100928119972
Canada,2003,,-0.18181818181818177,,1.01640345797861,1254.747,1275.3291896882872
Canada,2004,,-0.06870937790157845,,1.14690672619493,1335.731,1531.95886828708
Canada,2005,,-0.03248587570621462,,1.26346747568222,1421.59,1796.1327287550869
Canada,2006,,0.0006869901245168844,,1.28913321846832,1496.604,1929.3219312925617
Canada,2007,,-0.15206384621985758,,1.4886436343160099,1577.661,2348.5750047586307
Canada,2008,,0.23934824410484762,,0.6655883269383961,1657.041,1102.9071468583268
Canada,2009,,-0.14535358484403066,,1.22028302011667,1571.334,1917.4721991320075
Canada,2010,,-0.04366520160519786,,1.3424451997317999,1666.048,2236.578140122766
Canada,2011,,0.020081926266360284,,1.06666121933061,1774.063,1892.32420274932
Canada,2012,,-0.025269343780607186,,1.12667432969218,1827.201,2058.660461887881
Canada,2013,,0.06913183279742774,,1.14471175200682,1902.247,2177.5244961197172
Canada,2014,,0.0901315789473683,,1.16041579457855,1994.898,2314.9111477731603
Canada,2015,,0.19320631088886972,,1.02370078691396,1990.441,2037.6160180058096
Canada,2016,,-0.029841040462427672,,1.30466596582731,2025.535,2642.646577092021
Canada,2017,,-0.06568853802040668,,1.43522053482469,2140.641,3072.291920887659
Canada,2018,,0.08736548425667608,,1.12320751199607,2231.168,2506.0646581252477
Canada,2019,,-0.0426654937321311,,1.3815815488345,2310.712,3192.4370638704654
Canada,2020,,-0.015544834979707468,,1.59538527603603,2204.905,3517.6729720582234
Denmark,1871,,0.021987319204437444,,,0.685,
Denmark,1872,,0.001837843700246188,,,0.722,
Denmark,1873,-0.010062160901725292,-0.013159412361009098,-0.02308916113818582,,0.781,
Denmark,1874,0.11027878522872925,0.026350809123437322,0.13953552957209325,,0.809,
Denmark,1875,0.08056949824094772,-0.02719749961368586,0.05118070972997879,,0.808,
Denmark,1876,-0.02071562595665455,0.02796728586541957,0.006672300075754256,,0.832,
Denmark,1877,-0.06005743145942688,0.07086158406883301,0.006548387881085693,,0.773,
Denmark,1878,0.14749807119369507,0.03778567778233941,0.19085706356767584,,0.758,
Denmark,1879,0.17056792974472046,0.005562071518649164,0.17707871228739758,,0.759,
Denmark,1880,0.19821083545684814,0.0005616625210624609,0.19888382557545525,,0.84,
Denmark,1881,0.0901954174041748,0.00689093825180421,0.09770788670790709,,0.839,
Denmark,1882,0.05709286034107208,-0.007667532393060259,0.04898756659193415,,0.85,
Denmark,1883,0.06907913833856583,0.003446028516943234,0.07276321553614973,,0.868,
Denmark,1884,0.041174620389938354,-0.0010248540436144072,0.04010756837012308,,0.839,
Denmark,1885,-0.0791454091668129,0.00022893384297677854,-0.07893459438651063,,0.82,
Denmark,1886,0.11672041565179825,-0.003990056224574952,0.11226463840621692,,0.819,
Denmark,1887,0.03440308943390846,0.002441493642142976,0.03692857800017446,,0.827,
Denmark,1888,0.12778066098690033,-0.003881610868510374,0.12340305531591778,,0.841,
Denmark,1889,0.09005042165517807,0.0021402432369698717,0.09238339469808188,,0.892,
Denmark,1890,0.010680236853659153,0.00135042942070745,0.012045089180433788,,0.965,
Denmark,1891,0.03563785180449486,-0.0016498020237571888,0.03392925438070815,,1.008,
Denmark,1892,0.057856570929288864,-0.003200029735334637,0.0544713984465961,,1.005,
Denmark,1893,0.07704534381628036,0.0027778315075942363,0.08003719430744072,,1.0,
Denmark,1894,0.10303031653165817,-0.004181459481529344,0.09841803995618248,,0.99,
Denmark,1895,0.1120045855641365,-0.0005751319591287117,0.11136503618828097,,1.039,
Denmark,1896,0.07126051187515259,0.0035871006935219406,0.07510323120024265,,1.059,
Denmark,1897,0.03643586486577988,0.0005237848984295569,0.03697873431998744,,1.097,
Denmark,1898,0.0662151426076889,0.006280546612933022,0.07291155651025139,,1.157,
Denmark,1899,-0.025713680312037468,-0.002023775128519098,-0.027685416733878365,,1.217,
Denmark,1900,0.04688404127955437,0.0010976948408343975,0.048033200490618766,,1.322,
Denmark,1901,0.050443459302186966,-0.005830496108949571,0.04431885280005399,,1.372,
Denmark,1902,0.084967240691185,0.001753838795532244,0.08687009832979076,,1.396,
Denmark,1903,0.07942571491003036,0.0017365238934291022,0.08130016345515334,,1.462,
Denmark,1904,0.06914178282022476,-0.0018511731420217082,0.06716261626685482,,1.479,
Denmark,1905,0.09799419343471527,0.0007534857082199982,0.09882151636717706,,1.558,
Denmark,1906,0.10399577021598816,0.004913583227960173,0.10942034531626033,,1.627,
Denmark,1907,0.0023283278569579124,0.0014487342507264814,0.0037804352359978033,,1.739,
Denmark,1908,-0.05052150785923004,-0.005337151471884437,-0.05558901839108177,,1.773,
Denmark,1909,0.113736592233181,-0.0016244123774833508,0.11192742472750128,,1.828,
Denmark,1910,0.056907858699560165,0.0021144651457040142,0.059142653529000944,,1.922,
Denmark,1911,0.1311631202697754,0.00015662312212560238,0.1313402865693052,,2.051,
Denmark,1912,0.07642561197280884,0.00029035655592719796,0.07673815920621307,,2.159,
Denmark,1913,0.0367041751742363,-0.0017934708367700846,0.03484487646970358,,2.301,
Denmark,1914,0.0031264189165085554,0.004842550231425745,0.007984108988581928,,2.529,
Denmark,1915,0.4419366121292114,0.03213696149954744,0.48827607351799585,,2.887,
Denmark,1916,0.6746337413787842,-0.0889978073003999,0.5255950103648075,,3.767,
Denmark,1917,0.055031534284353256,-0.05722780688092871,-0.005345606612961573,,4.003,
Denmark,1918,0.24182665348052979,-0.006878116177088941,0.2332852254860851,,4.766,
Denmark,1919,-0.0395403727889061,0.29883562679570536,0.24747918192069052,,5.801,
Denmark,1920,-0.08175387978553772,0.4760629627904811,0.3553890887746234,,7.396,
Denmark,1921,-0.207868292927742,-0.11356501711599438,-0.2978267437995249,,6.057,
Denmark,1922,-0.08430855721235275,-0.15041287015945332,-0.22204033530249367,,5.406,
Denmark,1923,0.17091070115566254,0.1406367825722665,0.3355838148456316,,6.03,
Denmark,1924,0.12003561854362488,0.09815624196569572,0.2299741057275908,,6.566,
Denmark,1925,0.02256849966943264,-0.20861552868777064,-0.19075516850856644,,6.153,
Denmark,1926,-0.07233268022537231,-0.19425661398022148,-0.25253819266489885,,5.529,
Denmark,1927,0.12051218003034592,-0.018698696598568074,0.09956006274095852,,5.318,
Denmark,1928,0.10877277702093124,-0.0006681276391041602,0.10803197528311737,,5.437,
Denmark,1929,0.07345010340213776,0.002353381648971711,0.07597634117657126,,5.802,
Denmark,1930,0.010390120558440685,-0.003174941970598383,0.007182190558001622,,5.705,
Denmark,1931,-0.08999190479516983,0.06811733847224445,-0.028004575361619932,,5.369,
Denmark,1932,-0.10433220863342285,0.33064374671110336,0.19181474571248103,,5.112,
Denmark,1933,0.2489832043647766,-0.01254190049339012,0.2333185812977181,,5.506,
Denmark,1934,0.23683631420135498,-0.1523953009382867,0.048348271887238115,,5.967,
Denmark,1935,0.08058654516935349,0.028169647879401606,0.11102628764999323,,6.38,
Denmark,1936,0.144076406955719,-0.013786463006324206,0.12830363989481564,,6.69,
Denmark,1937,-0.005098729860037565,0.0054363503228525845,0.0003099019810941517,,7.141,
Denmark,1938,0.028394000604748726,0.011211158192090337,0.03992348842932536,,7.514,
Denmark,1939,0.08144742250442505,0.07265386294194684,0.16001875531798326,,8.127,
Denmark,1940,0.01573232375085354,0.053754908543408766,0.0703329219186648,,8.62,
Denmark,1941,0.2533999979496002,-0.002618512571979422,0.25011795429725026,,9.788,
Denmark,1942,0.13024911284446716,-0.07287133914729282,0.047886346421451176,,11.02,
Denmark,1943,0.1349419355392456,-0.0046643913538111795,0.12964812218803856,,12.48,
Denmark,1944,0.10178676247596741,0.0,0.10178676247596741,,13.85,
Denmark,1945,-0.08303241431713104,0.001481143898826536,-0.08167425337217527,,14.0,
Denmark,1946,0.057748839259147644,0.6967470167064436,0.7947321874376623,,14.8,
Denmark,1947,0.052977100014686584,0.006172839506172928,0.05947695865675251,,16.3,
Denmark,1948,0.04570000246167183,0.17791411042944777,0.23174478817571154,,17.7,
Denmark,1949,-0.027696968987584114,-0.03124999999999989,-0.058081438706722,,18.9,
Denmark,1950,0.2555214762687683,0.04301075268817189,0.3095223999792527,,21.568,
Denmark,1951,-0.028101220726966858,-0.09278350515463904,-0.1182773961234338,,23.137,
Denmark,1952,-0.011065546423196793,-0.11363636363636373,-0.1234444616023791,,24.676,
Denmark,1953,0.09309585392475128,-0.04487179487179483,0.044046680992230414,,26.432,
Denmark,1954,0.15272089838981628,0.004026845637583926,0.15736272751084912,,27.705,
Denmark,1955,0.16086648404598236,-0.04946524064171124,0.10344394405975055,,28.92,
Denmark,1956,0.16992928087711334,0.05766526019690566,0.23739355727087075,,30.929,
Denmark,1957,0.10950013995170593,-0.08058510651595745,0.02009095299422814,,32.87,
Denmark,1958,0.0657549798488617,-0.001157072606473399,0.064521823956466,,34.34,
Denmark,1959,0.3021252453327179,0.00028960324359835957,0.30250234502733764,,38.084,
Denmark,1960,0.16120368242263794,-0.00028951939784165997,0.1608674914317314,,40.786,
Denmark,1961,0.04479999840259552,-0.002896032435982567,0.04177422371810713,,45.616,
Denmark,1962,0.06029679626226425,0.002323555039547425,0.06276045422663556,,51.387,
Denmark,1963,-0.0029285233467817307,0.0013039698639965677,-0.001628372188975491,,54.282,
Denmark,1964,0.24081949889659882,0.001446968600990704,0.2426149257509993,,62.049,
Denmark,1965,0.07116587460041046,-0.004334633724076706,0.06652276287628744,,69.7,
Denmark,1966,0.09230412542819977,0.0036279204765096904,0.09626691793141684,,82.4142,
Denmark,1967,-0.1491570919752121,0.07894736843246772,-0.08198528343722689,,90.84593,
Denmark,1968,0.08233288675546646,0.005226480836937426,0.08798967884728093,,101.29180000000001,
Denmark,1969,0.1981286257505417,-0.001199840021490492,0.1966910630744727,,115.61177,
Denmark,1970,-0.051789622753858566,-0.00040042712231721047,-0.05216931190657059,,128.06592999999998,
Denmark,1971,-0.011852901428937912,-0.05701695821298125,-0.06819404325644285,,141.73637,
Denmark,1972,0.48656490445137024,-0.030444633252682596,0.4413069811290391,,161.44878,
Denmark,1973,0.6243217587471008,-0.08134949614157293,0.4921840021012305,,185.90492999999998,
Denmark,1974,-0.22610144317150116,-0.1017488076473368,-0.3048446985687957,,208.2045,
Denmark,1975,0.16444967687129974,0.09336283187493144,0.27316599627985316,0.101437276526256,232.57403,23.591676193935758
Denmark,1976,0.3568114936351776,-0.06313233509722913,0.27115281575522965,0.10785732383654101,269.46127,29.063371459795615
Denmark,1977,0.07841011136770248,-0.0017278617713568293,0.07654676776242564,0.0961542067169771,298.86534,28.737159682899645
Denmark,1978,-0.0009329179883934557,-0.1189961056025956,-0.11981800998352365,0.0851210611023475,332.87742,28.33487920741179
Denmark,1979,0.020366918295621872,0.05402750492220587,0.07549479699629469,0.0737250542500754,370.1968,27.292779163204315
Denmark,1980,-0.015120103023946285,0.1211556384196002,0.10420364966081763,0.0782797513079264,400.86764,31.379819166595368
Denmark,1981,0.7752422094345093,0.2177888612165901,1.1618701886108744,0.100432246652288,440.78042,44.2685678609391
Denmark,1982,0.34867653250694275,0.14457337885932744,0.543659255799753,0.0922924600380878,503.38399,46.45854678088819
Denmark,1983,0.8164311051368713,0.17783874059850172,1.1394629252583575,0.1749842083545,554.59653,97.04563475820271
Denmark,1984,0.09639935195446014,0.140253164556962,0.25017283068427565,0.128898299728796,612.1293000000001,78.90242598417808
Denmark,1985,0.06628897786140442,-0.2034635879218473,-0.15066200333579605,0.24172529672409201,663.95525,160.4947798177687
Denmark,1986,0.02779509499669075,-0.1813468614115285,-0.158592319655123,0.19785775682570703,712.64525,141.0023905774952
Denmark,1987,-0.1387002319097519,-0.16969696969696976,-0.2848601925553699,0.186294998755087,748.42748,139.4282964548729
Denmark,1988,0.15420204401016235,0.12753219060116458,0.3013999590791201,0.23268016149716603,777.84399,180.9888652128
Denmark,1989,0.4185817837715149,-0.03876927553098629,0.363584395733239,0.35814425972959496,821.7339000000001,294.299279310213
Denmark,1990,0.11323237419128418,-0.12584184638668183,-0.026858843234376484,0.282615674417437,855.55715,241.7938609499103
Denmark,1991,0.09394088387489319,0.023805401662049894,0.11998258601007294,0.32183026714880103,890.55072,286.6061761271571
Denmark,1992,-0.06935238093137741,0.05783377018686051,-0.015529520405213715,0.212390956315416,923.01418,196.0398643828895
Denmark,1993,0.033562153577804565,0.08264727040204627,0.11898324436187058,0.27903728304216097,928.46613,259.0766663118698
Denmark,1994,0.20573121309280396,-0.10180878552971573,0.08297718261255471,0.301268791652591,993.28648,299.2462175944555
Denmark,1995,0.012022796086966991,-0.08827880979779712,-0.07731737183982923,0.304151485007466,1036.48255,315.24770676682516
Denmark,1996,0.31960150599479675,0.07185358817165513,0.41441960915724274,0.379127165720249,1088.02369,412.49933782618683
Denmark,1997,0.4376201927661896,0.14828833375389014,0.6508024957224341,0.541284234292973,1146.1293899999998,620.3817692668222
Denmark,1998,-0.03903428465127945,-0.06438617052446526,-0.10090718706788693,0.559006748585942,1185.98756,662.9750497789748
Denmark,1999,0.23249000310897827,0.15850622406639,0.4278473397013556,0.547832024080227,1241.52075,680.1448254101015
Denmark,2000,0.16969966888427734,0.08402713953614108,0.26798618617699455,0.6816388565720359,1326.9115,904.474437632285
Denmark,2001,-0.12866342067718506,0.04850071691291059,-0.08640297190758539,0.516403909738502,1371.52622,708.2615023168688
Denmark,2002,-0.20234304666519165,-0.15783340269932805,-0.3282399577968035,0.42927813970287704,1410.27103,605.3985242352603
Denmark,2003,0.33083227276802063,-0.1587924656180283,0.11950613485114236,0.556910060266206,1436.75124,800.1412196559463
Denmark,2004,0.24031348526477814,-0.08224788505438435,0.13830032429731776,0.600627719491543,1506.0008,904.5458260564394
Denmark,2005,0.43154194951057434,0.1566500841319774,0.6557931163398607,,1585.98417,
Denmark,2006,0.22443418204784393,-0.10478961433247407,0.09612619633555197,,1682.26021,
Denmark,2007,0.07134317606687546,-0.10352562970290034,-0.039568300863353056,,1738.8453,
Denmark,2008,-0.4795536398887634,0.04129805134671842,-0.45806021938567687,,1801.46991,
Denmark,2009,0.35473018884658813,-0.017937898541126644,0.3304291761684568,,1722.14251,
Denmark,2010,0.32678353786468506,0.08153985472341566,0.434969274791591,,1810.9256,
Denmark,2011,-0.1632012575864792,0.023569023569023545,-0.14347872830400565,,1846.8536100000001,
Denmark,2012,0.26641517877578735,-0.015054998607630191,0.2473493000226361,,1895.00225,
Denmark,2013,0.3064801096916199,-0.04354049230442995,0.24959532252970118,,1929.67703,
Denmark,2014,0.19768305122852325,0.13093280617806277,0.35449905403777837,,1981.16499,
Denmark,2015,0.3398592174053192,0.11575783317541732,0.4949584171722696,,2036.35622,
Denmark,2016,-0.060600001364946365,0.03262079062957545,-0.029956030692048774,,2107.8082200000003,
Denmark,2017,0.18719999492168427,-0.11982475045372055,0.044944051791535156,,2192.96,
Denmark,2018,-0.0794999971985817,0.050211833690416756,-0.03328000414588872,,2253.31625,
Denmark,2019,0.2971000075340271,0.02400527655919261,0.32823725193981246,,2318.04186,
Denmark,2020,0.30570000410079956,-0.09261672583471899,0.1847703447986042,,2329.5614,
Finland,1871,,0.019426355051623646,,,3.935,
Finland,1872,,0.0007436551515412887,,,4.212,
Finland,1873,,-0.022403245457137656,,,4.605,
Finland,1874,,0.02818675381667992,,,5.01,
Finland,1875,,0.01886058511655724,,,5.026,
Finland,1876,,0.06380501386882093,,,5.355,
Finland,1877,,-0.001980830164137258,,,5.183,
Finland,1878,,0.02263204426475392,,,4.469,
Finland,1879,,0.009336026025471707,,,4.265,
Finland,1880,,0.0071063957561806985,,,4.725,
Finland,1881,,0.004885097013898477,,,4.758,
Finland,1882,,-0.010164897866027594,,,5.082,
Finland,1883,,0.00438382854359467,,,5.147,
Finland,1884,,-0.0009699321047526816,,,5.057,
Finland,1885,,-0.00048543689320375776,,,4.966,
Finland,1886,,0.000999125406044256,,,4.858,
Finland,1887,,-0.000027752364692735837,,,4.846,
Finland,1888,,-0.00191688031795523,,,5.073,
Finland,1889,,0.0004870920603993171,,,5.623,
Finland,1890,,0.0014605647517039633,,,5.954,
Finland,1891,,-0.001968503937007771,,,6.279,
Finland,1892,,0.0003239048076561898,,,6.124,
Finland,1893,,-0.001992261009197403,,,6.184,
Finland,1894,,-0.005674832955292961,,,6.387,
Finland,1895,,0.00002511470659266241,,,6.647,
Finland,1896,0.05425237491726875,0.0014382638059803122,0.055768667950480966,,7.208,
Finland,1897,0.16239392757415771,0.0002714211995967837,0.1627094259283841,,7.955,
Finland,1898,-0.034918516874313354,0.00738327619670625,-0.027793053732069417,,8.758,
Finland,1899,-0.01339611317962408,0.0036917662356161372,-0.009753802262332911,,9.041,
Finland,1900,-0.02435016818344593,-0.005490196078431458,-0.029706677064007536,,9.704,
Finland,1901,0.0,-0.0035197437061951185,-0.003519743706195122,,9.437,
Finland,1902,0.0015480522997677326,0.002067878138386302,0.0036191316216618308,,9.21,
Finland,1903,0.09135858714580536,0.0010663782016315923,0.09252238815330105,,10.138,
Finland,1904,-0.0003607419494073838,-0.002943230569689808,-0.0033029107723638873,,10.364,
Finland,1905,0.15066853165626526,0.001764993399555932,0.15269945401971508,,10.867,
Finland,1906,0.028041446581482887,0.0075786739078319695,0.03583263746886001,,11.576,
Finland,1907,0.1851632297039032,0.0036450156284406313,0.18948316819842703,,12.259,
Finland,1908,-0.02783898636698723,-0.00887457630209473,-0.03646650346039515,,12.477,
Finland,1909,0.09067989140748978,-0.0018531348913158427,0.08865871444546602,,12.852,
Finland,1910,0.04567369818687439,0.00037020139877763376,0.04606080805260815,,13.315,
Finland,1911,0.09009762853384018,0.0012760311898260268,0.09148862710780481,,14.126,
Finland,1912,-0.18561998009681702,-0.0009722897423432967,-0.18641179343653824,,15.237,
Finland,1913,0.055490054190158844,0.0018781612900750186,0.05747243475199815,,15.967,
Finland,1914,0.026466386392712593,0.1263930524156201,0.1562046061709188,,15.746,
Finland,1915,0.2553213834762573,0.22591647963000755,0.5389191712354839,,17.282,
Finland,1916,0.896595299243927,0.02574113783069288,0.9454158202508092,,24.277,
Finland,1917,0.11540393531322479,-0.13433935730753369,-0.03443871249504771,,37.657,
Finland,1918,0.33963173627853394,0.38032786885245917,0.8491310195844683,,54.02,
Finland,1919,0.029847152531147003,2.1954476682143627,2.2908226821728546,,85.8,
Finland,1920,-0.04813892021775246,0.0993315626383354,0.0464109282516314,,136.661,
Finland,1921,-0.22581800818443298,0.8663327145555069,0.4448811783451363,,161.047,
Finland,1922,0.14166511595249176,-0.2739061092181981,-0.17104393398819817,,176.895,
Finland,1923,0.046965740621089935,-0.08800913980565092,-0.04517681361695847,,189.908,
Finland,1924,-0.03552400693297386,0.11003823867501823,0.07060523258846074,,201.233,
Finland,1925,0.3782046437263489,-0.06239069136595632,0.29221750316049055,,216.966,
Finland,1926,0.38301604986190796,-0.006019452586699019,0.37469105032312044,,226.325,
Finland,1927,0.740195095539093,0.004956091848198814,0.7488196622663699,,253.279,
Finland,1928,-0.08177943527698517,-0.00612457293088199,-0.0874031440922669,,273.405,
Finland,1929,-0.15218403935432434,0.008179420523473918,-0.14524939608569032,,265.205,
Finland,1930,-0.04048769921064377,-0.00714772030359417,-0.04734602476454419,,240.112,
Finland,1931,0.0802667886018753,0.30590004468298904,0.41072044750473813,,213.148,
Finland,1932,0.009640108793973923,0.252144545761567,0.2642153554084896,,214.896,
Finland,1933,0.43665409088134766,-0.1743291771342263,0.1862033653914823,,230.542,
Finland,1934,0.15350878238677979,-0.15889830508474567,-0.0297818080348482,,261.274,
Finland,1935,0.12974447011947632,0.027707808564231665,0.16104721362404617,,274.964,
Finland,1936,0.45579013228416443,-0.013725490196078492,0.4358086990959502,,302.906,
Finland,1937,-0.010937025770545006,0.005467196819085668,-0.005529623823962382,,356.627,
Finland,1938,0.01903979294002056,0.010874938210578224,0.030121787722363624,,384.656,
Finland,1939,-0.05563109740614891,-0.04304040153808041,-0.09627711417386464,,374.325,
Finland,1940,0.21878299117088318,0.12260627820860572,0.3682134376622972,,428.602,
Finland,1941,0.4565349817276001,-0.02530774953328736,0.41967335922356663,,531.06,
Finland,1942,0.30703994631767273,-0.0008064516129033471,0.30598588184483577,,658.368,
Finland,1943,-0.015148509293794632,0.0,-0.015148509293794632,,843.431,
Finland,1944,-0.04062843695282936,0.0,-0.04062843695282936,,946.386,
Finland,1945,1.056167721748352,1.7941950387903345,4.745333647030071,,1458.015,
Finland,1946,-0.18748058378696442,1.9474462956863388,1.3948573434903384,,2187.894,
Finland,1947,-0.0019897466991096735,0.02499999999999991,0.02296050963341245,,2974.164,
Finland,1948,-0.2529885470867157,0.31707317073170754,-0.016131257138600974,,4102.606,
Finland,1949,0.42893654108047485,-0.33148148148148154,-0.04472946049990478,,4438.435,
Finland,1950,0.8363265991210938,0.38504155124653744,1.5433886414419584,,5472.587,
Finland,1951,0.13682959973812103,-0.13000000000000006,-0.010958248227834866,,7982.225,
Finland,1952,-0.12833622097969055,-0.11494252873563209,-0.2285274599475421,,8279.005,
Finland,1953,0.36808499693870544,0.025974025974025997,0.40361967218386674,,8150.919,
Finland,1954,0.05448929965496063,-0.1037974683544304,-0.0549640200560606,,9041.366,
Finland,1955,0.6034619808197021,0.011299435028248598,0.6215801952922413,,10006.85,
Finland,1956,0.023885563015937805,0.0,0.023885563015937805,,11126.386,
Finland,1957,-0.15161383152008057,0.061452513966480375,-0.09947836865259962,,12180.226,
Finland,1958,0.05864592641592026,-0.04210526315789466,0.014071361093144663,,13178.269,
Finland,1959,0.4315430521965027,-0.03846153846153849,0.37648370403509857,,14190.642,
Finland,1960,0.14852936565876007,-0.0571428571428572,0.0828991161925452,,16199.0,
Finland,1961,-0.0077870381064713,-0.024545454545454534,-0.03214135626203973,,18362.0,
Finland,1962,0.14488838613033295,0.001242621932277106,0.1463110495489479,,19661.0,
Finland,1963,0.048010602593421936,-0.0009308098045298386,0.04703510404927669,,21352.0,
Finland,1964,0.08780182152986526,0.0,0.08780182152986526,,24083.0,
Finland,1965,-0.05768774449825287,0.0,-0.05768774449825287,,26634.0,
Finland,1966,-0.06924358010292053,0.0,-0.06924358010292053,,28554.0,
Finland,1967,-0.012867141515016556,0.3043478260869565,0.28756459802389145,,31321.0,
Finland,1968,0.4042204022407532,0.0,0.4042204022407532,,35908.0,
Finland,1969,0.2586260437965393,0.0,0.2586260437965393,,40986.0,
Finland,1970,0.24894042313098907,-0.004761904761904872,0.2429930877827462,,45743.0,
Finland,1971,0.1975766122341156,-0.007177033492822814,0.18898156477789008,,50257.0,
Finland,1972,0.7067652940750122,0.007228915662650447,0.7191033564418192,,58625.0,
Finland,1973,0.4416668713092804,-0.08014354066985635,0.3261265837761207,,71364.0,
Finland,1974,-0.17428036034107208,-0.0764629388816645,-0.2374173106817027,,90055.0,
Finland,1975,0.03365388885140419,0.08420163334272034,0.12068923460374692,,107885.27085,
Finland,1976,-0.13385243713855743,-0.021558441558441607,-0.1525252287534924,,122505.82092,
Finland,1977,-0.11511716991662979,0.06663127156888768,-0.05615630175869879,,134456.73822,
Finland,1978,0.1923189014196396,-0.022896963663514097,0.1650184188585131,,148946.48223,
Finland,1979,0.2625076174736023,-0.05476311767702503,0.19336876424975502,,172759.13088,
Finland,1980,0.040810827165842056,0.034761519805982216,0.07699099334864834,,200115.43461,
Finland,1981,0.2392420917749405,0.13463541666666676,0.4060879671519313,,226336.10391,
Finland,1982,0.41609060764312744,0.21436768418636679,0.7196546718016497,0.0522771915311273,254495.08119,13304.288103099423
Finland,1983,0.688093900680542,0.09809109809109794,0.853680885079181,0.0811228059326294,283920.49896,23032.427537427386
Finland,1984,-0.028777852654457092,0.12392426850258187,0.09158014150884619,0.7881677158040491,317858.7258,250525.98586217157
Finland,1985,0.1611374467611313,-0.1704441041347627,-0.03677158512939538,0.10481933987118901,346309.04385,36299.88536777965
Finland,1986,0.6566540598869324,-0.11500830718109659,0.4661250808746453,0.159048751005169,372755.65089,59286.32070417331
Finland,1987,0.311012864112854,-0.1768877763871505,0.0791107137649818,0.218261358909209,402621.05268,87876.61808339303
Finland,1988,0.34797030687332153,0.05651292448048642,0.4241480510275917,0.280167414514594,456174.24279,127805.15817062696
Finland,1989,-0.1548997461795807,-0.026385224274406198,-0.17719790591099005,0.258753266873166,510684.69543,132141.3332846403
Finland,1990,-0.3055950403213501,-0.10470559251047062,-0.37830312306671254,0.160635724352491,540817.65507,86874.63576478507
Finland,1991,-0.19758999347686768,0.13731425426527247,-0.08740766181615123,0.111111248489869,516677.99127,57408.73667724734
Finland,1992,0.08005882054567337,0.2690539559641907,0.37065291888750473,0.10622028306560001,504090.88086000003,53544.676055736854
Finland,1993,0.9286217093467712,0.10285986653956154,1.1269994809754809,0.263988936187361,509596.62684000004,134527.8714041592
Finland,1994,0.17700904607772827,-0.18001555882098721,-0.03487089508931107,0.37051270050526197,539569.05177,199917.18648036622
Finland,1995,-0.06346261501312256,-0.08108449991566871,-0.13940128052711154,0.21571185520141398,585945.74577,126395.44386742277
Finland,1996,0.5078455209732056,0.06545679805442121,0.6065442607368121,0.31483565537327,606957.95559,191092.00573219778
Finland,1997,0.35156741738319397,0.16727319709726732,0.5776484203813776,0.39927818992633,658828.50411,263055.85259291244
Finland,1998,0.7205333113670349,-0.05990001291346136,0.617473343798109,0.721827353953716,716305.87602,517049.17510901514
Finland,1999,1.6703780889511108,0.16140205603673666,2.101382602903272,0.301729572490209,754608.26868,227687.63030639314
Finland,2000,-0.09294048696756363,0.0796346050510476,-0.02070716088942992,0.26313148634126704,811247.29266,213464.70590795466
Finland,2001,-0.30624720454216003,0.05582661976625447,-0.26751733101835906,0.15743963483169598,859919.03844,135385.33939681674
Finland,2002,-0.32819512486457825,-0.15962620387145984,-0.4354327868247857,0.10884408018520199,882857.66478,96093.8304574345
Finland,2003,0.08504386246204376,-0.1696753760886777,-0.09906136297391499,0.109335157949221,902258.58177,98648.58454886309
Finland,2004,0.07573208957910538,-0.07275530430952212,-0.002533125953740556,0.10303102094557201,943932.20334,97254.29861352348
Finland,2005,0.3520565927028656,0.15461558023226246,0.5611056072904748,,979184.43651,
Finland,2006,0.2182711809873581,-0.1042520880789674,0.09126386652299656,,1027998.8798100001,
Finland,2007,0.25041505694389343,-0.10535969023843537,0.11867171387480924,,1112279.60256,
Finland,2008,-0.5130674242973328,0.05777107135158434,-0.4849368077230032,,1155047.23845,
Finland,2009,0.26212233304977417,-0.03394418992086646,0.21928061287336553,,1080618.59031,
Finland,2010,0.23451858758926392,0.07813201616524561,0.3309740138310846,,1118647.47939,
Finland,2011,-0.2702140212059021,0.03269186181312307,-0.24635595883401062,,1177242.64854,
Finland,2012,0.14102987945079803,-0.01932696680309215,0.11897723284931616,,1195311.7220100001,
Finland,2013,0.3224339783191681,-0.04328910158799234,0.2651869994882967,,1214837.49933,
Finland,2014,0.10742779821157455,0.13590313812700744,0.2579307112376099,,1230153.6998100001,
Finland,2015,0.14863774180412292,0.11518324607329858,0.2809415654674252,,1256838.13605,
Finland,2016,0.10649999976158142,0.03282421022673368,0.14281998836963639,,1293303.29814,
Finland,2017,0.10989999771118164,-0.12107062453097547,-0.02447628817863945,,1345524.64473,
Finland,2018,-0.025299999862909317,0.04742358078602552,0.020923764335730954,,1388137.69164,
Finland,2019,0.2046000063419342,0.019227345558126843,0.22776126692319232,,1426095.23196,
Finland,2020,0.18119999766349792,-0.08450819004156133,0.08137892378385936,,1415054.01135,
France,1871,0.221278116106987,0.03711149438513919,0.26660157205558477,,0.23681999999999997,
France,1872,0.11752408742904663,0.0011976537940369572,0.1188624943922838,,0.24955,
France,1873,0.07771899551153183,-0.021472854799611838,0.05457729200612915,,0.2422,
France,1874,0.09581796824932098,0.014034654050308097,0.11119739433581155,,0.25993,
France,1875,0.15812399983406067,-0.030583291182497103,0.12270475632169742,,0.26237,
France,1876,0.06832072138786316,0.031439299538418605,0.10190797655067563,,0.24603999999999998,
France,1877,0.052489448338747025,0.06616745053794336,0.12212999185340823,,0.25623,
France,1878,0.09132376313209534,0.03885538818548942,0.133727571584642,,0.24963999999999997,
France,1879,0.1176941841840744,0.010657255384151616,0.12960573654630503,,0.22946999999999998,
France,1880,0.2264171540737152,0.0030131732603463097,0.2301125614484001,,0.25409,
France,1881,0.2659670412540436,0.0023911597360488086,0.2689941706702552,,0.26494,
France,1882,-0.16996677219867706,-0.010842879764777661,-0.17896672268849712,,0.2785,
France,1883,-0.03652653470635414,0.005779027543397199,-0.03095859501308995,,0.27243,
France,1884,0.051439400762319565,-0.002514150433313339,0.04879592393729015,,0.26031,
France,1885,0.02231903001666069,0.0016173843137132708,0.02397251277942014,,0.251,
France,1886,0.04122351109981537,-0.001841958519957583,0.039305620582364975,,0.25226,
France,1887,0.022940820083022118,0.004884114785081807,0.027936980466653383,,0.25144,
France,1888,0.03794721141457558,-0.0035665953681329006,0.03424527369797792,,0.25684,
France,1889,0.05686738342046738,-0.0024781927412021003,0.054248262342461606,,0.27426,
France,1890,0.09971122443675995,0.0012620985280115738,0.10109916835435939,,0.28928,
France,1891,0.022633520886301994,0.00027750247770052676,0.022917304222127344,,0.29331,
France,1892,0.0007818816811777651,-0.005079628187031068,-0.004301718174079983,,0.28698,
France,1893,0.08415529131889343,0.002228024085867801,0.08657081542077294,,0.28151,
France,1894,-0.009490976110100746,-0.003591670629029711,-0.013048558278995093,,0.28408,
France,1895,0.029274865984916687,0.001302209229605999,0.030615197215203782,,0.27166,
France,1896,0.08523831516504288,0.001194753889529774,0.08653490786315321,,0.28758,
France,1897,0.10292354226112366,-0.0001295443202611041,0.10278066478054138,,0.3042,
France,1898,0.042981963604688644,0.007794888966307762,0.0511118922048488,,0.319,
France,1899,0.035471394658088684,-0.00520864557650192,0.030077991158708572,,0.32571,
France,1900,0.039699506014585495,-0.0024598293989288506,0.03714202260363897,,0.32805999999999996,
France,1901,-0.05437985435128212,-0.0016676594316307868,-0.05595682670591329,,0.30938,
France,1902,0.007407220080494881,9.959734768776617e-6,0.00741725358921097,,0.3188,
France,1903,0.028068458661437035,0.0016604688926671247,0.02977553435657665,,0.33891,
France,1904,0.0629340335726738,-0.0006151583371131052,0.062280160840120224,,0.33071,
France,1905,0.05404086410999298,0.00033695811065611973,0.0543960317281178,,0.33215000000000006,
France,1906,0.028873179107904434,0.0029104705421957593,0.03186768418735331,,0.35615,
France,1907,0.01749630831182003,0.000370904680969981,0.01787370245544251,,0.38741,
France,1908,0.06305345892906189,-0.0032412618025813196,0.05960782435853318,,0.37326,
France,1909,0.09491437673568726,0.00048568923377268153,0.09544616486037083,,0.40101,
France,1910,0.03348471596837044,0.0032217353182677085,0.03681433017869562,,0.40914,
France,1911,0.07698795199394226,0.0016363656693054419,0.07875029810484069,,0.45089,
France,1912,0.06303086131811142,-0.0016842141567951446,0.06124048969236928,,0.4936,
France,1913,0.002376275137066841,-0.0005832822684213318,0.0017916068294931975,,0.49571,
France,1914,-0.11047793179750443,-0.01716820987654338,-0.12574943335422173,,0.4699124051688797,
France,1915,-0.09544692188501358,0.09303238469087344,-0.01129419194850656,,0.5415329722316874,
France,1916,0.15625160932540894,0.05710181361106128,0.22227567320859798,,0.6542395948395077,
France,1917,0.04952055588364601,-0.02089349413962961,0.02759240429987031,,0.6507295511126721,
France,1918,0.10341951996088028,-0.02567661346287316,0.07508744345945573,,0.6654603422993651,
France,1919,0.08083564043045044,0.30146011396011413,0.406664475766767,,0.9858250102570287,
France,1920,-0.06666947156190872,0.9434943220686826,0.8139225826327936,,1.75371,
France,1921,-0.04545501619577408,-0.0557550158394932,-0.09867568688728745,,1.33729,
France,1922,0.23332425951957703,-0.09095653470513683,0.12114535870589749,,1.55636,
France,1923,0.26318517327308655,0.34864266382350534,0.7035854169853717,,1.8896100000000002,
France,1924,0.03414793312549591,0.16127462904402814,0.20092975741695862,,2.17288,
France,1925,0.15127940475940704,0.09850230414746555,0.2646830788457313,,2.47945,
France,1926,0.24503205716609955,0.47008628497878613,0.830304551598807,,3.23766,
France,1927,0.2542186975479126,-0.17361696608080932,0.03646505247781984,,3.04506,
France,1928,0.4836086928844452,0.0007848061528801521,0.48477303811508743,,3.3036900000000005,
France,1929,0.0008978269179351628,0.0012547051442912583,0.002153658570279049,,3.46426,
France,1930,-0.2678622901439667,-0.002271303258145461,-0.26952519690977383,,3.3408300000000004,
France,1931,-0.31904923915863037,0.001255985556166053,-0.3181939748385534,,2.9878500000000003,
France,1932,0.2392289936542511,-0.0019208153665228947,0.2368486635605993,,2.6622399999999997,
France,1933,0.011746611446142197,-0.21935509210164558,-0.21018515969115414,,2.4874,
France,1934,-0.07379765808582306,-0.2341014288589254,-0.2906229497404148,,2.2999,
France,1935,0.00704527460038662,-0.004861065493004128,0.0021499615661337845,,2.04412,
France,1936,0.17633824050426483,0.0796752260875307,0.2700632557718501,,2.46318,
France,1937,-0.052771586924791336,0.5111274150158963,0.4313828232799499,,3.4676400000000003,
France,1938,0.05885542556643486,0.4057695419970867,0.48850670663965734,,4.13952,
France,1939,0.16453315317630768,0.14652467981004466,0.33516600057364765,,4.706387023079433,
France,1940,0.47404372692108154,0.20531679887538917,0.7766896663348664,,4.615756493146014,
France,1941,0.5289880037307739,-0.028081502308306458,0.48605172357463533,,4.279247593374399,
France,1942,0.5363517999649048,0.0,0.5363517999649048,,4.625495550130588,
France,1943,-0.17693762481212616,0.0,-0.17693762481212616,,5.442037284663827,
France,1944,-0.1168389767408371,0.0,-0.1168389767408371,,5.627533889014769,
France,1945,-0.20052199065685272,0.07526881720430122,-0.14034622651274475,,9.045471111095084,
France,1946,0.2732030153274536,5.875357142857142,7.75372544573886,,20.97370677388649,
France,1947,-0.18458309769630432,-0.1304347826086957,-0.2909418240837429,,33.91659510854401,
France,1948,-0.10739078372716904,0.7333333333333334,0.5471893082062405,,57.726495029565356,
France,1949,-0.1578512340784073,-0.24038461538461536,-0.3602908412710979,,88.1,
France,1950,-0.1507614701986313,-0.010126582278481022,-0.15936135404472118,,101.75860941,
France,1951,0.4429471492767334,0.08951406649616359,0.5721112163475406,,128.18711693999998,
France,1952,0.1394517570734024,-0.03286384976525814,0.1020049857141827,,149.36796847,
France,1953,0.2316017746925354,-0.0873786407766991,0.12398608564173119,,154.91080512,
France,1954,1.1585566997528076,-0.0053191489361701,1.1470750151796545,,164.52713474,
France,1955,-0.03663197532296181,0.04278074866310152,0.004581630010815241,,176.83288806,
France,1956,0.03150513768196106,0.03333333333333342,0.06588864227135982,,194.91106298,
France,1957,0.142935648560524,0.1885856079404466,0.358476862681119,,220.04077565,
France,1958,-0.08519486337900162,0.03340292275574116,-0.05463769806389529,,254.04558653,
France,1959,0.26738566160202026,-0.0026141406187757455,0.2640725372643724,,277.22710691,
France,1960,-0.07177717238664627,0.0,-0.07177717238664627,,307.21090138,
France,1961,0.049007512629032135,0.0,0.049007512629032135,,333.06216674999996,
France,1962,-0.1058787927031517,0.0,-0.1058787927031517,,373.27889042000004,
France,1963,-0.18257169425487518,0.0,-0.18257169425487518,,418.46120858,
France,1964,-0.07980641722679138,0.0,-0.07980641722679138,,464.12237534999997,
France,1965,-0.047821152955293655,0.0,-0.047821152955293655,,501.29545854,
France,1966,-0.1716182827949524,0.0,-0.1716182827949524,,543.30294482,
France,1967,-0.021920576691627502,0.0,-0.021920576691627502,,587.37669565,
France,1968,0.17394950985908508,0.0,0.17394950985908508,,640.75847631,
France,1969,0.23662078380584717,0.12499949365107965,0.39119775561997927,,737.0726426199999,
France,1970,-0.0876227542757988,0.0,-0.0876227542757988,,824.52482986,
France,1971,-0.05678573623299599,-0.07894373274533921,-0.13124659099341018,,919.5992374399999,
France,1972,0.16952449083328247,0.0,0.16952449083328247,,1026.48743059,
France,1973,-0.03170337900519371,-0.07960197054622004,-0.10878169810962668,,1177.41001715,
France,1974,-0.27134865522384644,-0.056068811935860746,-0.3122032704409127,,1373.35749219,
France,1975,0.3195025324821472,0.009224884691017045,0.33167479119380006,0.0987896687428746,1547.24513332,152.85183418470766
France,1976,-0.11292722076177597,0.1079589789561831,-0.017159749255393764,0.0743824941243644,1788.21749684,133.01207745178692
France,1977,-0.16803032159805298,-0.05327229740998492,-0.21235125774197106,0.0687216101625759,2012.52199299,138.30375184586907
France,1978,0.6209439635276794,-0.11158342191532068,0.44007348934427815,0.09045276314478211,2286.76449555,206.8441672838813
France,1979,0.09008408337831497,-0.03827751197087961,0.04835837682753619,0.0908457547226727,2612.0863697,237.29695765620275
France,1980,0.08802468329668045,0.12338308460780661,0.2222685248512568,0.0786375883099319,2963.4169389,233.03596123189678
France,1981,-0.11161229759454727,0.27280779456882376,0.1307467922207488,0.0625877246341262,3345.28230645,209.37360781950716
France,1982,0.10401709377765656,0.16997216426060743,0.29166926858775066,0.05127705875417,3843.83586473,197.10059747714607
France,1983,0.5866885185241699,0.24126394055632186,0.9694992429387839,0.0689242701464061,4267.07899984,294.1053057210285
France,1984,0.14483685791492462,0.1490865529977942,0.3155166388062862,0.0782011502513431,4637.8127771,362.6822938195959
France,1985,0.37105792760849,-0.21173894912427027,0.08075156282816853,0.144541296336244,4970.11403373,718.386725374293
France,1986,0.3824115991592407,-0.14627694749371775,0.18019665025431797,0.200721583493571,5343.39948372,1072.5356056110081
France,1987,-0.23758669197559357,-0.17273431448489546,-0.3692816320913508,0.167953089965478,5614.88040731,943.0365141943362
France,1988,0.6234999895095825,0.13464419475655437,0.8420948382843749,0.22050500628913303,6069.01255755,1338.24765217139
France,1989,0.30861103534698486,-0.04472685261594321,0.2500809824374235,0.332588189605752,6540.68499797,2175.3545822563437
France,1990,-0.21963445842266083,-0.11385625431928138,-0.30848395598649414,0.24783318795338702,6910.80873522,1712.727760185687
France,1991,0.16629000008106232,0.009943458763891628,0.17788695660360743,0.284514998480837,7161.11536685,2037.4447277204263
France,1992,0.04760394245386124,0.06303088803088808,0.11363534925138752,0.235567891479851,7418.76215731,1747.6221587880273
France,1993,0.3644101619720459,0.07064378461817857,0.4607972595852534,0.346923250152048,7491.80952883,2599.082911261787
France,1994,-0.14312708377838135,-0.09320668306335342,-0.2229933661062211,0.326535821833371,7739.42017719,2527.1979280725104
France,1995,0.018922608345746994,-0.08342686120463894,-0.06608290667898231,0.313401139101389,7991.347022610001,2504.497259840468
France,1996,0.30595406889915466,0.06877551020408157,0.3957717262907905,0.36645209307141,8214.32648562,3010.157133827369
France,1997,0.2776792645454407,0.14342180637769716,0.4609263326378752,0.465301758427665,8480.06122589,3945.7873999808776
France,1998,0.31296631693840027,-0.06112122376045833,0.23271620889086342,0.100975379498864,8867.85644472,895.4351698470489
France,1999,0.5562789440155029,0.1614048385732138,0.807469895749217,1.01078467888935,9189.95101043,9289.061681086345
France,2000,0.005336062982678413,0.07963460505104768,0.08539560330187923,1.0629519670679,9698.88180845,10309.445496650998
France,2001,-0.1923835575580597,0.05582661976625445,-0.14729706150887834,0.857182568456558,10089.930574,8648.912604969673
France,2002,-0.2927267551422119,-0.15962620387145984,-0.4056260983187101,0.6479476516464641,10415.47547353,6748.682873855107
France,2003,0.21222859621047974,-0.16967537608867783,0.0065432532430167445,0.7388852422569581,10696.46777362,7903.462182204958
France,2004,0.12997828423976898,-0.07275530430952197,0.047766370306753014,0.738987284218355,11177.63191183,8260.127850515672
France,2005,0.2843312919139862,0.15461558023226246,0.4829089198237184,0.802187850031749,11583.57746085,9292.205098995488
France,2006,0.22560936212539673,-0.10425208807896752,0.09783702695469265,1.04762589273809,12123.075855070001,12700.448165399293
France,2007,0.030629167333245277,-0.10535969023843536,-0.07795760248768202,1.03182610132339,12734.4868152,13139.77588288193
France,2008,-0.40892547369003296,0.057771071351584546,-0.37477846505647583,0.503076872405421,13069.1560766,6574.79016399423
France,2009,0.2903197407722473,-0.03394418992086633,0.2465208824328311,0.720789053596651,12702.09565854,9155.531508413176
France,2010,0.041892267763614655,0.07813201616524543,0.12329741127096572,0.7223542057124691,13088.237865730001,9454.343667675257
France,2011,-0.13389000296592712,0.032691861813123155,-0.10557525462792472,0.541371348632507,13502.01554133,7309.604362866891
France,2012,0.20368699729442596,-0.019326966803092396,0.18042337865640268,0.673941083808224,13701.65605428,9234.108931188977
France,2013,0.22217300534248352,-0.04328910158799204,0.1692662339561113,0.8171242168770251,13887.84944873,11348.098104899525
France,2014,0.027084000408649445,0.13590313812700722,0.1666679391842254,0.7290191085066501,14101.534001049999,10280.287746021684
France,2015,0.11944600194692612,0.11518324607329862,0.24838742625494925,0.854997526284434,14420.76859424,12329.721475195456
France,2016,0.08940000087022781,0.032824210226733694,0.12515869551979608,0.873963704443473,14654.92556453,12807.873034719994
France,2017,0.1851000040769577,-0.12107062453097601,0.041619206451698254,1.06197544283094,15068.91970594,16002.822677699509
France,2018,-0.07450000196695328,0.04742358078602548,-0.030609478042766702,0.850578939321398,15502.271138420001,13185.905341990006
France,2019,0.28369998931884766,0.019227345558126954,0.30838213260644487,,15989.83741695,
France,2020,-0.00839999970048666,-0.08450819004156124,-0.0921983209710101,,15105.771370199998,
Germany,1871,0.37325242161750793,0.017111466837503232,0.39675078488953686,,1.3214528842513648e-11,
Germany,1872,0.13346737623214722,0.0007908962516844394,0.13436383133141594,,1.4332413817165766e-11,
Germany,1873,-0.09736505150794983,-0.023918924530395375,-0.11895510871942849,,1.5520642731471228e-11,
Germany,1874,-0.03579087555408478,0.03479220026547531,-0.0022439185985639876,,1.5964266413537476e-11,
Germany,1875,-0.08155450224876404,-0.020153046271203623,-0.10006397686252333,,1.571695493659478e-11,
Germany,1876,0.0756855234503746,0.02928267073372182,0.10718446844660323,,1.6071671518178313e-11,
Germany,1877,0.007354984991252422,0.06859112784039698,0.0764505995474487,,1.595873019776088e-11,
Germany,1878,0.09365593641996384,0.03725844614270064,0.1344038572257118,,1.6114073281339315e-11,
Germany,1879,0.3330463767051697,0.007828198874968047,0.34348172885157324,,1.6070499055475375e-11,
Germany,1880,0.1281481832265854,0.0017946411644213915,0.13017280439577106,,1.6353373589904267e-11,
Germany,1881,0.17513629794120789,0.003054246491138124,0.17872545385580385,,1.6679887302281e-11,
Germany,1882,-0.003734889905899763,-0.00641663539916362,-0.010127559878281178,,1.707798277193412e-11,
Germany,1883,0.0836617574095726,0.0026665137414926565,0.08655135637683542,,1.7203820568555444e-11,
Germany,1884,0.06552354246377945,-0.0013610375876574588,0.06407332487195228,,1.7856978556226966e-11,
Germany,1885,0.010078897699713707,-0.0015129889480940551,0.008550659490790924,,1.7938265012382088e-11,
Germany,1886,0.09612987190485,-0.0016567516234429374,0.09431385696006744,,1.8233579939615718e-11,
Germany,1887,0.006245369091629982,0.00003947900679980012,0.006285094659398638,,1.8710747376576324e-11,
Germany,1888,0.16583238542079926,-0.003599694860303186,0.16163574457502494,,1.9674461463356847e-11,
Germany,1889,0.1727822870016098,0.0016029858602291938,0.1746622404248006,,2.0732228212611395e-11,
Germany,1890,-0.043401967734098434,-0.0010749092298874062,-0.044430223788273215,,2.1601694196773773e-11,
Germany,1891,-0.04240553081035614,-0.0005978143905879232,-0.042977994564385114,,2.2090846348193567e-11,
Germany,1892,0.056862808763980865,-0.0002392687945637395,0.05660993447370877,,2.2220917629569195e-11,
Germany,1893,0.045284271240234375,0.002177867126172705,0.04756076149207389,,2.2433513204343706e-11,
Germany,1894,0.16976386308670044,-0.0016000000000001837,0.1678922409057615,,2.27522109714396e-11,
Germany,1895,0.1318591684103012,-0.0013155376961345969,0.13037016500754195,,2.382456766484927e-11,
Germany,1896,0.08897232264280319,0.0014130721145786428,0.09051111906547771,,2.4911579326622092e-11,
Germany,1897,0.07765394449234009,0.001052329474791989,0.07878799150175508,,2.6096616707857047e-11,
Germany,1898,0.08969160169363022,0.005614487767584013,0.0958096618617783,,2.7532157291091803e-11,
Germany,1899,0.03726273402571678,-0.0030410301489629866,0.034108386779148736,,2.82441957850892e-11,
Germany,1900,-0.06725689768791199,0.0011676953506661856,-0.06616773790397634,,2.936149472053567e-11,
Germany,1901,0.038567397743463516,-0.003784632962010941,0.03463680133669378,,2.961577559497604e-11,
Germany,1902,0.08680732548236847,0.0020070245860511417,0.08898857450491193,,3.049944069421469e-11,
Germany,1903,0.10097536444664001,0.0006438228771728008,0.10168419757347436,,3.168512948400817e-11,
Germany,1904,0.1247231513261795,-0.004194071108569117,0.12000598245206362,,3.2838772630834265e-11,
Germany,1905,0.08828467130661011,0.0012922370058391797,0.0896909930317602,,3.5511457375847964e-11,
Germany,1906,0.05856289342045784,0.007456622532383561,0.06645619734348185,,3.7608427720553054e-11,
Germany,1907,0.025070125237107277,-0.0028704274801918503,0.022127735780502977,,3.86271796153092e-11,
Germany,1908,0.020598167553544044,-0.0014988223538646487,0.019068472205701514,,4.0394379579768284e-11,
Germany,1909,0.14028215408325195,-0.0021443888491780956,0.13783694574711913,,4.2126798398527077e-11,
Germany,1910,0.07810017466545105,0.0034145176695322015,0.08178136676137204,,4.4422686263749084e-11,
Germany,1911,0.05248943716287613,-0.0010470456654687805,0.05138743265974299,,4.642970748366029e-11,
Germany,1912,0.05938301980495453,0.0007384644703302725,0.06016533652555167,,4.824666928721883e-11,
Germany,1913,0.040864042937755585,0.0023089740537966786,0.043267371006428856,,5.071613764368144e-11,
Germany,1914,-0.08573048561811447,0.016458071104566964,-0.07068337294167948,,4.811760007613481e-11,
Germany,1915,0.09815901517868042,0.13551401869158866,0.24697495648794066,,5.54760457823095e-11,
Germany,1916,0.1535072773694992,0.13580246913580232,0.310156413802394,,6.959784384415652e-11,
Germany,1917,0.23372343182563782,0.19202898550724654,0.4706340908356337,,1.018915353636066e-10,
Germany,1918,-0.26594823598861694,-0.0866261398176292,-0.32953630673124434,,1.22008116946414e-10,
Germany,1919,0.590096652507782,2.2878535773710484,4.22800496731344,,1.4411767239014471e-10,
Germany,1920,0.6850277781486511,2.191295546558704,4.377421644233498,,3.9579741112180395e-10,
Germany,1921,1.2381927967071533,0.6582619727243894,2.7115100024051224,,5.499875987404899e-10,
Germany,1922,20.694435119628906,17.033661662044565,390.23010289656503,,6.549411395211991e-9,
Germany,1923,2639074816.0,283649205.16402763,7.485714768495265e+17,,6.021069226408612,
Germany,1924,0.04148393124341965,6.854086960937783,7.179905364405165,,55.6256189401938,
Germany,1925,-0.3478185534477234,-0.00016801780988757713,-0.3479281315460224,,65.25995702536964,
Germany,1926,1.3776044845581055,0.0004622625651367924,1.378703562106018,,67.5025577842883,
Germany,1927,-0.07390796393156052,-0.004351464435146395,-0.07793782049018472,,75.89466859320457,
Germany,1928,0.11162931472063065,0.004201680672268781,0.1163000261270195,,81.08830100055725,
Germany,1929,-0.22215013206005096,-0.004184100418409917,-0.22540473401795857,,81.12770918716677,
Germany,1930,-0.27195248007774353,0.004201680672268781,-0.26889345688479305,,75.07809430787701,
Germany,1931,-0.34182441234588623,0.008474576271186461,-0.33624665312847846,,61.45110996608646,
Germany,1932,0.13711504638195038,-0.008403361344537836,0.12755945775689193,,50.90621240494301,
Germany,1933,0.14418908953666687,-0.36227224008574477,-0.27031885501145025,,52.288248344644416,
Germany,1934,0.1400829404592514,-0.07141079870614585,0.05866870708980487,,58.41667959715322,
Germany,1935,0.16027472913265228,-0.0007458975634013574,0.15940928303931612,,65.25720761700154,
Germany,1936,0.2989019751548767,-0.0002485707183693725,0.29857910615782113,,72.55780330377964,
Germany,1937,0.017761338502168655,-0.0017369727047144628,0.015993514837276734,,81.21752319385824,
Germany,1938,-0.027276359498500824,-0.012254901960784373,-0.039196992347783954,,90.47936351655213,
Germany,1939,0.1336694359779358,0.01745635910224418,0.15345917675560505,,109.27798499875051,
Germany,1940,0.3376937210559845,0.0030015007503753975,0.3417088097635066,,122.65935552632357,
Germany,1941,0.0747654065489769,-0.004741159830268718,0.0696697719764845,,133.81003939790642,
Germany,1942,0.1425996869802475,0.0,0.1425996869802475,,139.38492309896984,
Germany,1943,0.04271024838089943,0.0,0.04271024838089943,,150.53560697055272,
Germany,1944,0.03170304745435715,0.0,0.03170304745435715,,144.9607232694893,
Germany,1946,-0.09704092890024185,6.029829545454545,5.347648356353271,,44.637561325660805,
Germany,1947,0.08538708835840225,0.34285714285714286,0.45751980436699746,,56.21073761647599,
Germany,1948,-0.8841469287872314,-0.1276595744680851,-0.8989366825590742,,77.24554457140077,
Germany,1949,1.3681889772415161,-0.7048780487804878,-0.3010954481799427,,98.89438606186928,
Germany,1950,-0.08310543745756149,-0.30578512413223136,-0.36347815508076897,,107.57151887161258,
Germany,1951,1.1774762868881226,0.0,1.1774762868881226,,132.0100969453576,
Germany,1952,0.21791709959506989,0.0,0.21791709959506989,,151.01787989160368,
Germany,1953,0.25189876556396484,0.0,0.25189876556396484,,162.19278525011103,
Germany,1954,0.8926240801811218,-0.00004761904763048598,0.892533955224901,,174.09875918347396,
Germany,1955,0.1104106679558754,0.0036668412790293267,0.11448236762981057,,198.95509072856504,
Germany,1956,-0.04888329654932022,-0.003938128678102704,-0.05262891651540191,,219.94720266370496,
Germany,1957,0.07799005508422852,0.0007383413520550236,0.07878597971900114,,239.68605418480666,
Germany,1958,0.6110981702804565,-0.005759573507332539,0.6018189319411973,,257.54501508485106,
Germany,1959,0.8196190595626831,-0.0017953321368750727,0.8163522389881797,,282.0880315264326,
Germany,1960,0.37916263937950134,0.00023980815353480628,0.3794933738254751,,316.1349394411371,
Germany,1961,-0.06964285671710968,-0.041836490060377984,-0.10856573409466608,,346.422066113727,
Germany,1962,-0.21530503034591675,0.0003753284124547442,-0.21501051202869526,,376.8136311541535,
Germany,1963,0.12049345672130585,-0.0057028514271393205,0.11410344901254255,,399.37231860684113,
Germany,1964,0.09510250389575958,0.00045280740603054166,0.09559837441988628,,438.8500216490446,
Germany,1965,-0.11891141533851624,0.007191350265826441,-0.1125751987109942,,479.5809851052863,
Germany,1966,-0.1363368034362793,-0.007065108849377202,-0.14243867792920306,,509.86811177787627,
Germany,1967,0.3791571855545044,0.005455962589056901,0.3866818155633187,,516.3432905837403,
Germany,1968,0.1598810851573944,0.000125031257845761,0.1600261065484232,,556.9698156721455,
Germany,1969,0.19145603477954865,-0.07740967622888105,0.09922580888631738,,623.497055984007,
Germany,1970,-0.21519063413143158,-0.011355321285496997,-0.22410239662873632,,705.272298,
Germany,1971,0.07233686000108719,-0.10402960529167483,-0.03921792028453985,,782.8013992,
Germany,1972,0.16431158781051636,-0.020498699715618303,0.14044471419657367,,853.4655371,
Germany,1973,-0.15124717354774475,-0.1557082618009396,-0.2834050008532599,,950.5724966,
Germany,1974,0.024214988574385643,-0.1085830559040264,-0.08699740478772866,,1028.8056966,
Germany,1975,0.3115616738796234,0.08831707826865208,0.4273949688858143,0.104380079548187,1077.6818883,112.48852122839438
Germany,1976,-0.022198447957634926,-0.0990733326084251,-0.11907250634816247,0.102365375595198,1168.412842,119.60501942158272
Germany,1977,0.12450765818357468,-0.10899470904084443,0.001942273165654651,0.108016112715667,1244.9640282,134.47617479700202
Germany,1978,0.11918660998344421,-0.1315914489936301,-0.0280887777185459,0.112612468492091,1327.8912202,149.53710819569676
Germany,1979,-0.09371468424797058,-0.052789934383364316,-0.14155742659912685,0.0897606309955732,1442.1703671,129.45012215401346
Germany,1980,0.03376498818397522,0.13138896975535033,0.16959030495061955,0.07519158923165821,1542.2110716,115.96130140426263
Germany,1981,0.027976246550679207,0.1509954053088309,0.18319593654644972,0.0778976927063543,1615.1048557,125.81294173785929
Germany,1982,0.14812473952770233,0.05397374492370671,0.21009333135956787,0.0884669824569716,1682.4245243,148.8390208764269
Germany,1983,0.3932937681674957,0.14613928051594338,0.5969087169948413,0.10713467406650301,1756.8634141,188.22098924896721
Germany,1984,0.10989166051149368,0.15573830720160742,0.28274430889673496,0.107682937060332,1842.39186,198.394166700848
Germany,1985,0.6665141582489014,-0.21813850063532403,0.30298325848094687,0.242490872987985,1925.3386103,466.87704040912087
Germany,1986,0.15035311877727509,-0.21147361150611463,-0.09291620975787773,0.245385258389746,2028.4499679,497.7517195038135
Germany,1987,-0.3350880444049835,-0.1851298433635615,-0.4581830905948483,0.167670627893431,2083.2132079,349.2936666044816
Germany,1988,0.2789909243583679,0.12570344609547904,0.4397644910750571,0.178379496304773,2196.9642807,391.89338179084393
Germany,1989,0.3148202896118164,-0.04634050440936922,0.25389085418353186,0.26007926786367497,2348.2868478,610.7407241097211
Germany,1990,-0.06978867948055267,-0.12003769584167745,-0.18144910304155126,0.199819105831424,2555.6439444,510.66648779350146
Germany,1991,0.12855538725852966,0.014725568942436425,0.14517400741896314,0.19757525694108502,3101.555214,612.7905683230119
Germany,1992,-0.02086845226585865,0.06464379947229557,0.04242633116286543,0.153495629455696,3328.9400098,510.9777422245018
Germany,1993,0.46705931425094604,0.06957868649318454,0.5691353743441188,0.21246077777720898,3424.4431886999996,727.5598633250676
Germany,1994,-0.07063193619251251,-0.10282106238776574,-0.16619054786245924,0.22534006845300902,3578.2887765,806.331837841144
Germany,1995,0.0699237659573555,-0.07444473140495865,-0.009726421423121634,0.222661742613675,3705.5350762999997,825.0808974050551
Germany,1996,0.22141863405704498,0.08461806766655038,0.3247727186828697,0.265215642092546,3757.8926453999998,996.6519108646172
Germany,1997,0.4082593023777008,0.15262413172112174,0.6231936556412898,0.371929033514981,3835.6760044999996,1426.5992692302889
Germany,1998,0.1553555130958557,-0.06645834495842864,0.07857249785690912,0.48681902984408904,3939.8630685999997,1918.0003167744073
Germany,1999,0.316754549741745,0.16370255700049943,0.53231063647651,0.6469055256866859,4027.9927684,2605.7307793039713
Germany,2000,-0.09912479668855667,0.07963460505104764,-0.027383955672567573,0.6457832398968191,4125.0214946999995,2663.869745491385
Germany,2001,-0.17913822829723358,0.05582661976625459,-0.13331229028772906,0.545036012508445,4249.118908199999,2315.922826399565
Germany,2002,-0.39940106868743896,-0.15962620387145987,-0.4952723961421187,0.32630783623399207,4299.1490396,1402.846020759321
Germany,2003,0.37576285004615784,-0.16967537608867778,0.14232977105574474,0.42569914934786196,4325.454953099999,1841.3424940771658
Germany,2004,0.08466467261314392,-0.07275530430952216,0.005749564283386466,0.41878811799139104,4425.1044916,1853.1811819524153
Germany,2005,0.28201770782470703,0.15461558023226257,0.48023761958805955,0.415476294494245,4475.5453473,1859.4829967371627
Germany,2006,0.24087242782115936,-0.10425208807896748,0.1115088861811857,0.537571829522138,4664.8110164,2507.670992461172
Germany,2007,0.2042311728000641,-0.1053596902384353,0.0773537494583818,0.6042375348162901,4888.694876500001,2953.932940645388
Germany,2008,-0.4257866144180298,0.05777107135158439,-0.3926136919485389,0.291628668367447,4980.5015367,1452.4570309498442
Germany,2009,0.254040002822876,-0.03394418992086641,0.21147263079869227,0.37152174775396296,4783.432105899999,1777.1490562463875
Germany,2010,0.1845751404762268,0.07813201616524537,0.2771283845008632,0.41236815182459097,5015.530452,2068.2450229111955
Germany,2011,-0.14815965294837952,0.03269186181312318,-0.1203114060357251,0.30978859078058,5268.145454799999,1632.0113564696096
Germany,2012,0.2926276624202728,-0.019326966803092153,0.26764509049991747,0.41326893899969697,5369.3596573,2218.989568680148
Germany,2013,0.2674599885940552,-0.043289101587992256,0.21259278438909157,0.508561638490348,5498.5226705000005,2796.337698585804
Germany,2014,0.03094451129436493,0.1359031381270073,0.17105310561408293,0.43848568487224904,5725.5554169,2510.574088253412
Germany,2015,0.11329784989356995,0.1151832460732987,0.24153111009073536,0.500949082078409,5918.6936294,2964.964140751257
Germany,2016,0.0568000003695488,0.03282421022673365,0.09148862574929084,0.48519774324046405,6131.0185341999995,2974.7563565592977
Germany,2017,0.16380000114440918,-0.12107062453097583,0.022898008176705176,0.60079981755637,6390.0095427999995,3839.1165674977033
Germany,2018,-0.16850000619888306,0.04742358078602554,-0.12906729906927605,0.432795387525403,6586.9616238,2850.8066085874784
Germany,2019,0.22769999504089355,0.019227345558126867,0.2513054070872556,0.529855978284666,6793.2821305,3599.4611490198176
Germany,2020,0.07590000331401825,-0.08450819004156127,-0.01502235863175927,0.579517289387954,6586.3748748,3816.9181143370206
Ireland,1921,,-0.04800293147673143,,,,
Ireland,1922,,-0.13086989992301767,,,132.84122504560654,
Ireland,1923,,-0.031886625332152314,,,131.24679319209292,
Ireland,1924,,0.03568161024702663,,,131.2187680905908,
Ireland,1925,,-0.08524734982332148,,,131.80025216715757,
Ireland,1926,,-0.00627716079188787,,,131.3450889504154,
Ireland,1927,,-0.00048590864917393744,,,134.57743066302584,
Ireland,1928,,-0.0009722897423431826,,,138.9788886020149,
Ireland,1929,,0.001946472019464773,,,143.5316926302038,
Ireland,1930,,-0.0009713453132589517,,,146.8163921026657,
Ireland,1931,,0.07194944093339824,,,149.55133705632204,
Ireland,1932,,0.29342403628117925,,,144.90127114597993,
Ireland,1933,,-0.17251051893408142,,,140.35603131260928,
Ireland,1934,,-0.15889830508474564,,,152.47439999552788,
Ireland,1935,,0.027707808564231617,,,156.7971421387064,
Ireland,1936,,-0.013725490196078428,,,159.1016268850131,
Ireland,1937,,0.0054671968190855395,,,165.09328722541045,
Ireland,1938,,0.010874938210578201,,,168.22738648038757,
Ireland,1939,,0.10268948655256734,,,178.79607591600774,
Ireland,1940,,0.157871396895787,,,195.13941009480186,
Ireland,1941,,-0.050172347759479145,,,212.5722998855156,
Ireland,1942,,-0.0008064516129031962,,,235.3440121746354,
Ireland,1943,,0.0,,,262.90976915620155,
Ireland,1944,,0.0,,,274.5680142037413,
Ireland,1945,,0.001210653753026693,,,299.77461282843467,
Ireland,1946,,0.3435442697836894,,,313.51383182129325,
Ireland,1947,,0.2,,,344.12957178175776,
Ireland,1948,,-0.174917491749175,,,380.86844311636935,
Ireland,1949,,0.2731092436974789,,,409.85426726286147,
Ireland,1950,,-0.05555555555555565,,,416.3738751255984,
Ireland,1951,,0.05439330543933052,,,438.39957736457416,
Ireland,1952,,-0.09811320754716972,,,503.8599644188102,
Ireland,1953,,-0.014869888475836403,,,554.6071823774105,
Ireland,1954,,0.003731343283581917,,,557.3383694550433,
Ireland,1955,,-0.011070110701106943,,,584.033520568682,
Ireland,1956,,-0.027139574607675094,,,593.0200070821842,
Ireland,1957,,-0.025809610416803914,,,614.0765784226451,
Ireland,1958,,0.020303300631686987,,,635.9260750437089,
Ireland,1959,,0.0008928571431761648,,,679.7131710947929,
Ireland,1960,,-0.00135530351713923,,,710.9896682741385,
Ireland,1961,,-0.001531284498960567,,,765.6134098267984,
Ireland,1962,,0.0019982158793926015,,,828.1664041854897,
Ireland,1963,,0.002109704642104572,,,890.719398544181,
Ireland,1964,,0.0023296656042184785,,,1013.1823029928862,
Ireland,1965,,-0.004531183104228231,,,1079.2594097098138,
Ireland,1966,,0.004515805320233614,,,1137.4072636207097,
Ireland,1967,,0.1595395421017909,,,1242.2496062782345,
Ireland,1968,,0.009184700557450222,,,1401.7156904884193,
Ireland,1969,,-0.0067896863443119805,,,1618.448600519941,
Ireland,1970,,0.002924343068439832,,,1824.3172604048389,
Ireland,1971,,-0.062213516185000546,,,2085.3326319662947,
Ireland,1972,,0.08704910356758623,,,2534.4406299389875,
Ireland,1973,,0.010717975211225073,,,3060.3570574813784,
Ireland,1974,,-0.010772833728240538,,,3400.45369104757,
Ireland,1975,,0.16061279968401915,,,4275.896558468448,
Ireland,1976,,0.18861607153936563,,,5267.053241793353,
Ireland,1977,,-0.1068205666877337,,,6411.323726875704,
Ireland,1978,,-0.06316048172187773,,,7576.94609752091,
Ireland,1979,,-0.08520683457068652,,,8975.908544755352,
Ireland,1980,,-0.003991050761781353,,,10652.098235357995,
Ireland,1981,,0.276696358057458,,,12925.175512725844,
Ireland,1982,,0.13401556118374516,,,15333.046211897912,
Ireland,1983,,0.14209671487767278,,,16900.175432574604,
Ireland,1984,,0.14648781967838848,,,18716.28168182535,
Ireland,1985,,0.0249974176221466,,,20331.10594459872,
Ireland,1986,,-0.2141322897051095,,,21653.99003524851,
Ireland,1987,,-0.09448079544033464,,,23139.215860340406,
Ireland,1988,,-0.024444423637802068,,,24715.88973572987,
Ireland,1989,,0.07475688087702836,,,27413.147777895745,
Ireland,1990,,-0.14308788810689216,,,29719.134418219957,
Ireland,1991,,0.02763691122085142,,,30920.600482097507,
Ireland,1992,,-0.054042097390620776,,,32930.181589402935,
Ireland,1993,,0.152330580018546,,,35463.988080867406,
Ireland,1994,,-0.012728957855822867,,,38114.64921626413,
Ireland,1995,,-0.06714504295139025,,,43177.408736000005,
Ireland,1996,,0.0020758152372920852,,,47426.62905920357,
Ireland,1997,,0.05538152924188082,,0.590206226450446,54722.608953544375,32297.624531994814
Ireland,1998,,0.064622349786407,,0.772471348878802,63419.75131111263,48989.94084085334
Ireland,1999,,0.05224066390041489,,0.695423473872401,73165.5971442535,50881.07373400539
Ireland,2000,,0.1539215780313616,,0.8171280569281021,85548.18314454831,69903.82066663417
Ireland,2001,,0.03124396765508606,,0.688615762422796,96267.03656329562,66290.998779217
Ireland,2002,,-0.052818859809786324,,0.466091352393398,107234.26712099434,49980.96458533914
Ireland,2003,,-0.16406744210015703,,0.516608863548026,114787.29764167851,59300.13538441654
Ireland,2004,,-0.09063535011673571,,0.586943399653274,123210.83089697332,72317.78396077418
Ireland,2005,,-0.00015175601613091436,,0.5384546957424621,134286.87429649837,72307.39804152728
Ireland,2006,,-0.009165215227668614,,0.7032003446088081,145806.05405186687,102530.86745532328
Ireland,2007,,-0.08382500473988393,,0.532825992091305,155388.68062226824,82795.12791231902
Ireland,2008,,-0.06817994934710378,,0.179670954099836,147672.43083884456,26532.446543057245
Ireland,2009,,0.05446940315300387,,0.259221418981492,133666.32569854675,34649.17461761955
Ireland,2010,,0.05209649658696903,,0.272256983637647,131965.53367086998,35928.5381413634
Ireland,2011,,-0.0475865991258225,,0.449809225833315,135371.84871934637,60891.50647207382
Ireland,2012,,0.08341151480900971,,0.48029385720322604,138391.79932945393,66468.73110523826
Ireland,2013,,-0.032624643792285586,,0.700311652699165,141465.36786162085,99069.84556686704
Ireland,2014,,-0.00028820166147597504,,0.538352628545972,153705.23556937533,82747.61759005104
Ireland,2015,,0.19737275616158836,,0.423728108671558,207217.49878231523,87803.87884268131
Ireland,2016,,0.0023577160000711225,,0.39232588539085905,212940.42346329716,83542.04017074252
Ireland,2017,,-0.020162249936629746,,0.420703134939241,234125.02216871752,98497.13079409876
Ireland,2018,,-0.043417012537194814,,0.278321999565424,257084.53179407312,71552.28094626726
Ireland,2019,,0.05491790597952455,,,257084.53179407312,
Ireland,2020,,-0.01989306776405084,,,257084.53179407312,
Italy,1871,0.7913044095039368,0.03866827491515419,0.8605710608673629,,9.839705467398932,
Italy,1872,0.29907727241516113,0.03212388080153184,0.3408086758662048,,10.515738024912544,
Italy,1873,-0.18255597352981567,0.03238610346809419,-0.15608214670917686,,11.722128282389459,
Italy,1874,-0.12578696012496948,0.00786261067747234,-0.11891336334326241,,11.93927684402463,
Italy,1875,0.13225333392620087,-0.06939760323333617,0.053677666298768134,,10.264428771501802,
Italy,1876,0.038082219660282135,0.035317625413001576,0.07474481864214133,,10.102565084364928,
Italy,1877,0.10292883962392807,0.07710666277926723,0.1879720017303388,,11.380096348656856,
Italy,1878,0.08520004898309708,0.037920686290297975,0.12635157960280097,,11.324920598584045,
Italy,1879,0.23531688749790192,0.022914941206227248,0.2636241013459759,,10.872343860170346,
Italy,1880,0.00920048262923956,-0.00924454695153939,-0.00012911861594266938,,11.554948250439944,
Italy,1881,0.12710699439048767,-0.06148756004382389,0.057803935397088724,,11.380799958493997,
Italy,1882,-0.045723315328359604,0.005586592178770996,-0.04039216066538953,,11.738700960358107,
Italy,1883,0.07438600808382034,-0.018518518518518615,0.05448997089708274,,11.266658665847984,
Italy,1884,0.08346632122993469,-0.003773584905660297,0.07937776907435024,,10.908733884118899,
Italy,1885,0.10835161805152893,0.0056818181818180605,0.11464907042682171,,11.67239702630378,
Italy,1886,0.08481410145759583,-0.005649717514124174,0.07868520822902192,,12.325884591872736,
Italy,1887,0.03644483909010887,0.013257575757575642,0.05018558506289428,,11.89659452841192,
Italy,1888,0.03579999879002571,-0.001869158878504633,0.03386392402593219,,11.811079805959533,
Italy,1889,0.014500000514090061,-0.0037453183520598453,0.01070037504400001,,12.294999659492888,
Italy,1890,-0.033299997448921204,0.00939849624060147,-0.024214471109155422,,12.900739437398272,
Italy,1891,-0.14399999380111694,0.0018621973929236102,-0.1424059528212308,,12.91237411001712,
Italy,1892,-0.025999998673796654,0.011152416356877417,-0.015137545127407614,,12.135357418561137,
Italy,1893,0.045100003480911255,0.04963235294117639,0.09697077571250046,,12.01737708193223,
Italy,1894,-0.05389999970793724,0.01751313485113829,-0.037330822820160314,,11.771736314481146,
Italy,1895,0.15880000591278076,-0.04819277108433724,0.10295422249529751,,12.481422335812002,
Italy,1896,-0.019600000232458115,0.023508137432188044,0.003447377700594334,,12.714839544603544,
Italy,1897,0.018400000408291817,-0.022968197879858637,-0.00499081232193388,,12.76779722045603,
Italy,1898,0.19580000638961792,0.032549728752260344,0.23472297223955096,,13.036861284795235,
Italy,1899,0.22629998624324799,-0.02451838879159364,0.19623308640541004,,13.532216092629996,
Italy,1900,0.0478999987244606,-0.010771992818671543,0.03661202746351466,,13.871326505785996,
Italy,1901,0.039799999445676804,-0.02177858439201454,0.01715462740693252,,14.17972450343026,
Italy,1902,-0.01640000008046627,-0.029684601113172403,-0.04559777373299401,,14.256638972602351,
Italy,1903,0.16520000994205475,-0.011472275334608125,0.15183251460811142,,14.873672777064105,
Italy,1904,0.113599993288517,0.0,0.113599993288517,,15.026552091841952,
Italy,1905,0.13490000367164612,-0.001934235976789127,0.13270483925448628,,15.766748246197736,
Italy,1906,0.05570000037550926,0.003875968992247979,0.0597918608420811,,17.29243045441208,
Italy,1907,0.05909999832510948,-0.0019305019305018896,0.05705540373374829,,18.582324796361448,
Italy,1908,-0.03350000083446503,-0.001934235976789127,-0.035369439904417654,,18.483123042817613,
Italy,1909,-0.0018000000854954123,0.005813953488372141,0.004003488286100643,,19.224894543875372,
Italy,1910,0.03790000081062317,0.0038535645472060833,0.04189961545729215,,20.088018919689112,
Italy,1911,0.0005999999702908099,0.0019193857965450647,0.0025205373982568613,,22.31343740954676,
Italy,1912,-0.00139999995008111,0.0019157088122606658,0.000513026869938038,,23.48405726117389,
Italy,1913,-0.04877600818872452,0.006500956022944513,-0.04259214284998969,,24.53926088897482,
Italy,1914,-0.16070590913295746,-0.0131079027355623,-0.17170729444257482,,23.196709225959772,
Italy,1915,0.21826882660388947,0.1645813282001924,0.41877312819124746,,25.790424537370313,
Italy,1916,0.16123229265213013,0.08264462809917356,0.2572019036151161,,36.74915659048461,
Italy,1917,0.21630734205245972,0.1464122137404581,0.3943895925911327,,52.525718524807814,
Italy,1918,0.2091558426618576,0.04701025436143291,0.26599856638800445,,72.2002615084469,
Italy,1919,0.015670262277126312,0.11879928771305003,0.13633116598697548,,78.23303796430748,
Italy,1920,-0.18142379820346832,1.2875170532060027,0.8725070209581642,,110.37617326345618,
Italy,1921,-0.11719822883605957,0.15749714228915068,0.0218405273300617,,111.30156562325205,
Italy,1922,0.2778649926185608,-0.09716616573636747,0.15369975095708366,,118.60479300886092,
Italy,1923,0.37691745162010193,0.03352832073048929,0.42308318155742874,,128.31350661235365,
Italy,1924,0.7760998606681824,0.05586232284189224,0.875316924484268,,130.4788227239843,
Italy,1925,-0.05036471039056778,0.09565937418286397,0.04047680711543333,,161.66083949465832,
Italy,1926,-0.3903886675834656,0.02267212919136074,-0.3765674806984003,,173.30666253837225,
Italy,1927,0.32327574491500854,-0.24565361129477653,-0.0017917205621487131,,152.21340004753307,
Italy,1928,0.23578710854053497,-0.019231760763083326,0.21202074651498104,,153.8327755334103,
Italy,1929,-0.11079128086566925,0.004521080853748401,-0.10677109635060489,,157.01938780876014,
Italy,1930,-0.14342430233955383,-0.0007850115135022278,-0.14409672412440344,,138.12654118449584,
Italy,1931,-0.2731724679470062,0.005970774629445386,-0.2688327445586419,,123.07884779172421,
Italy,1932,-0.015621870756149292,0.015827562867704405,-0.00004156402994892616,,115.52682686147571,
Italy,1933,0.35110485553741455,-0.23612321254676846,0.03207763656038276,,105.67050246486214,
Italy,1934,0.18434560298919678,-0.21631776704240474,-0.07184939325591677,,105.80970018873273,
Italy,1935,0.11863307654857635,0.03809931506849318,0.1612522305780384,,117.23911373692815,
Italy,1936,0.35734307765960693,0.13105154639175262,0.535224986971039,,121.52558144450232,
Italy,1937,0.12190339714288712,0.38610179378737053,0.5550723112359006,,152.9930691175999,
Italy,1938,-0.01621580682694912,0.00005260666000322069,-0.016164053226382258,,166.707712531102,
Italy,1939,0.4163191616535187,0.012414518674381751,0.433902082334751,,184.09704052495172,
Italy,1940,0.1802414059638977,0.030811597215005718,0.21660652878092956,,218.10809468667946,
Italy,1941,0.2895455062389374,-0.005862190634608547,0.281985944649362,,260.4187432102259,
Italy,1942,0.1954246461391449,10.435046925623773,12.669736924648316,,324.43474171877233,
Italy,1943,1.0191632509231567,0.19353966212920665,1.409951424290535,,442.357223255136,
Italy,1944,1.5152757167816162,1.1350588270258826,4.370261621518443,,865.6096677450807,
Italy,1945,-0.46599438786506653,0.024132045038132127,-0.453107740382411,,1605.1491302224053,
Italy,1946,1.6019675731658936,0.14682406189791739,1.9839990211847764,,3600.9299939609255,
Italy,1947,-0.26268690824508667,-0.13333333333333333,-0.3609953204790751,,6964.052546103058,
Italy,1948,0.2750566601753235,0.1282051282051282,0.4385254627619033,,8198.713057345309,
Italy,1949,0.10102730989456177,0.007575757575757576,0.1093684258786114,,8663.6599615985,
Italy,1950,0.09795109927654266,0.05263157894736842,0.15573799923846599,,9800.96603746993,
Italy,1951,0.13667988777160645,-0.014285714285714285,0.12044160366058354,,11639.054,
Italy,1952,0.418801486492157,-0.08115942028985507,0.30365238034206876,,12579.511084269057,
Italy,1953,0.0817960798740387,-0.007886435331230283,0.07326456504853374,,13962.142499422022,
Italy,1954,0.34935715794563293,0.015103338632750398,0.36973695603861145,,14924.436105518029,
Italy,1955,0.07480223476886749,-0.004698512137823023,0.06975226342304675,,16473.194005514917,
Italy,1956,0.04602910578250885,-0.01656963021557821,0.02869679030496064,,17984.701146447474,
Italy,1957,0.03657224401831627,-0.00012800614109528152,0.03643955640539298,,19356.811764539172,
Italy,1958,0.292067289352417,-0.0014242506681175669,0.29022706165230394,,20861.278258970546,
Italy,1959,0.6040031909942627,-0.005448717947115365,0.5952634300202619,,22201.309014342347,
Italy,1960,0.23027563095092773,0.0,0.23027563095092773,,24169.43382162082,
Italy,1961,0.05375538766384125,0.0,0.05375538766384125,,27164.306625051893,
Italy,1962,-0.13782739639282227,0.0,-0.13782739639282227,,30524.84732917836,
Italy,1963,-0.11273371428251266,0.002868192073794866,-0.11018886415447227,,35115.05650117723,
Italy,1964,-0.22266444563865662,0.0038882997445165903,-0.21964193200122972,,38648.88069953199,
Italy,1965,0.25352564454078674,-0.0001600512083873913,0.2533250162466334,,41693.465413846214,
Italy,1966,0.009048501029610634,-0.0004001920922029768,0.008644687798849304,,45504.99150027524,
Italy,1967,0.04692518711090088,-0.0009448314564786779,0.04593601926153856,,50517.38007849978,
Italy,1968,0.05510016530752182,-0.0005770525422380042,0.05449131707481536,,54830.94472273256,
Italy,1969,0.18874378502368927,0.0032076984763432237,0.19255691665167207,,60626.6087744376,
Italy,1970,-0.16629339754581451,-0.003996802557953637,-0.16962555822708625,,68512.27170149457,
Italy,1971,-0.13208214938640594,-0.04654895666131621,-0.17248281980020086,,74778.44322312981,
Italy,1972,0.13676495850086212,-0.01936026936026936,0.11475688270497009,,81918.60148971646,
Italy,1973,0.19722919166088104,0.04363948498025742,0.24947565698829188,,98905.49474001107,
Italy,1974,-0.27806997299194336,0.06828201078749134,-0.22877513909996539,,125409.75724511086,
Italy,1975,-0.019697628915309906,0.052538379806988535,0.03180586938242902,0.04732262530117701,143729.3517596261,6801.650258101852
Italy,1976,-0.07536392658948898,0.2800819252488337,0.18360992500584872,,180723.0273723342,
Italy,1977,-0.2516883909702301,-0.00394285714628573,-0.25463887674554175,0.0238812871464755,219627.79621389235,5244.994466731568
Italy,1978,0.316068172454834,-0.047960530086792345,0.252948845273544,0.0310548521092296,258422.95866782407,8025.28676305883
Italy,1979,0.09937705844640732,-0.031033443808376016,0.06525960227889294,0.032590154373404,316127.9130117504,10302.657486794975
Italy,1980,0.8384684920310974,0.15733830845771143,1.1277300147200697,0.0529733294315895,395033.26016013796,20926.227026897788
Italy,1981,0.08284942060709,0.2896292315959162,0.39647426623160453,0.0554958254469169,473408.7880349526,26272.21146582421
Italy,1982,-0.08782131224870682,0.14166666666666666,0.04140400184939308,0.0465290477038962,558825.8888527186,26001.63644060034
Italy,1983,0.3255695104598999,0.2113138686131387,0.6056807318308057,0.0470854059026817,650878.2021366771,30646.864340813147
Italy,1984,0.2012701779603958,0.16654413979813193,0.40133468641395886,0.0586044881964153,744182.0679631078,43612.40921792788
Italy,1985,0.9993825554847717,-0.13295245572848766,0.7335597347923721,0.128330010551673,835268.165863375,107189.97253872346
Italy,1986,0.7331879734992981,-0.19086684539767643,0.4023798525162956,0.21849143826769102,923643.4499599676,201808.18582828544
Italy,1987,-0.28499266505241394,-0.13907357911245616,-0.3844312942152335,0.14902305678026,1010382.1750255509,150570.2402385953
Italy,1988,0.2798401415348053,0.11675860594398117,0.42927249229155673,0.151529668727339,1122818.4962247175,170140.3147738604
Italy,1989,0.12505295872688293,-0.02701088246781591,0.09466428548864259,0.182011666245589,1232723.3613073626,224370.0330114163
Italy,1990,-0.2800699472427368,-0.11046831955922858,-0.3595994103710184,0.12565238550126,1364058.494816061,171397.2038368962
Italy,1991,0.04991228133440018,0.01850196876520803,0.06933772556985751,0.132122295178982,1489815.1391165652,196837.79557247495
Italy,1992,-0.018592800945043564,0.2778308689381961,0.2540724139505961,0.0934544992744048,1567605.2542483695,146499.7640957074
Italy,1993,0.5139912962913513,0.15848551187740514,0.7539369818620223,0.136123230771588,1614633.5130203033,219789.13030440258
Italy,1994,0.09470987319946289,-0.043562973526529235,0.04702105597404449,0.168795727744905,1707792.9688603445,288268.15701641375
Italy,1995,-0.00281835300847888,-0.027624038190140747,-0.03036453690748009,0.17795817945487102,1843635.346941426,328089.98992034566
Italy,1996,0.07913046330213547,-0.03417013731132318,0.042256427194269586,0.19516270502929403,1954001.6050857382,381348.23888011504
Italy,1997,0.597172200679779,0.14936919901534723,0.835740532984897,0.276841962455013,2041479.9810935515,565167.3242785616
Italy,1998,0.4518551528453827,-0.06030611021584433,0.36429941598044757,0.00023118811471703802,2126180.856650374,491.5477437964568
Italy,1999,0.2305457890033722,0.16593306023072424,0.4347340175267329,0.580269005240445,2275406.722365,1320347.9953041598
Italy,2000,0.08858243376016617,0.07963460505104769,0.17527126593816522,0.668338846929092,2403904.182883,1606622.5497160451
Italy,2001,-0.22175303101539612,0.055826619766254464,-0.17830613339365264,0.450041474672888,2525160.961736,1136427.1630060778
Italy,2002,-0.18565772473812103,-0.15962620387145984,-0.31564809079022227,0.37220737888695,2614465.800303,973123.4627203516
Italy,2003,0.17215919494628906,-0.16967537608867783,-0.026727357292024356,0.388419932388667,2700502.602364,1048929.0382256443
Italy,2004,0.2637886106967926,-0.07275530430952205,0.17184128574263946,0.43554656196633096,2812081.71013,1224792.520815522
Italy,2005,0.2089715600013733,0.1546155802322624,0.395897399235289,0.42792518007615005,2892081.222331,1237594.3778608453
Italy,2006,0.22232277691364288,-0.10425208807896742,0.09489307511391365,0.524110721498092,3006420.870236,1575697.4114263116
Italy,2007,-0.04195459187030792,-0.1053596902384354,-0.14289395930520765,0.48257504882750096,3126765.859546,1508899.1873425741
Italy,2008,-0.468401163816452,0.057771071351584484,-0.43769012952087305,0.21596110563095403,3171028.217238,684818.7597816716
Italy,2009,0.2256501317024231,-0.03394418992086638,0.1840464308553813,0.29683317702525097,3053993.2814929998,906526.5283593388
Italy,2010,-0.07459145784378052,0.07813201616524548,-0.0022874226685745125,0.249452135870581,3119871.963838,778258.7250221331
Italy,2011,-0.21318712830543518,0.03269186181312317,-0.18746475063120993,0.187035669325814,3192436.392866,597099.4775197796
Italy,2012,0.13067872822284698,-0.019326966803092368,0.10882613797752128,0.229668008920411,3145197.0200489997,722351.1372570638
Italy,2013,0.2284296452999115,-0.04328910158799219,0.17525202959082242,0.285832713098768,3122721.959651,892576.0899801468
Italy,2014,0.03466249629855156,0.13590313812700738,0.175276376447848,0.270245462552316,3151096.641112,851569.5693243619
Italy,2015,0.17594458162784576,0.11518324607329872,0.3113936957420482,,3205214.22585,
Italy,2016,-0.046300001442432404,0.032824210226733624,-0.01499555219654336,,3283501.1072360002,
Italy,2017,0.17990000545978546,-0.12107062453097588,0.037048774914667515,,3362512.540856,
Italy,2018,-0.1242000013589859,0.047423580786025474,-0.08266642937103275,,3429891.638824,
Italy,2019,0.2816999852657318,0.019227345558126847,0.3063436737842822,,3478768.127926,
Italy,2020,-0.04179999977350235,-0.08450819004156127,-0.12277574749046727,,3208323.294589,
Japan,1873,,-0.10817127898279724,,,,
Japan,1874,,0.029877345633714195,,,,
Japan,1875,,0.020969055374592788,,,0.0005616778846153846,
Japan,1876,,0.04087736789631122,,,0.0005512764423076924,
Japan,1877,,-0.012643678160919635,,,0.0005294334134615385,
Japan,1878,,0.047826930539387004,,,0.0006168055288461538,
Japan,1879,,0.038329784279233496,,,0.0007915497596153846,
Japan,1880,,-0.021756576014266782,,,0.0007624257211538462,
Japan,1881,,0.029936653746111402,,,0.0008258745192307694,
Japan,1882,,0.00568181818181825,,,0.0007780278846153848,
Japan,1883,,0.0028490028490027793,,,0.0007385024038461539,
Japan,1884,,0.01445086705202318,,,0.0007728271634615385,
Japan,1885,,0.058103975535168044,,,0.0008654,
Japan,1886,0.9451611042022705,0.12371134020618564,1.1857995913200772,,0.0008657000000000001,
Japan,1887,-0.050011612474918365,-0.003424657534246632,-0.05326499736370294,,0.0008738999999999999,
Japan,1888,0.07331641763448715,0.006896551724138054,0.0807185998250699,,0.0008608,
Japan,1889,0.3047422766685486,-0.013605442176870845,0.2869906810676157,,0.0009381,
Japan,1890,-0.18456022441387177,-0.016722408026755824,-0.1981963410624692,,0.0011733,
Japan,1891,0.03819898143410683,-0.0033333333333333865,0.03473831816265971,,0.0010812,
Japan,1892,0.5672988891601562,0.14503816793893126,0.7946170486566673,,0.0011485999999999998,
Japan,1893,0.07362118363380432,0.2018348623853211,0.2903153674864989,,0.0011683,
Japan,1894,0.24448436498641968,-0.04803493449781649,0.1847056400307403,,0.0013893,
Japan,1895,0.34495964646339417,0.22459893048128318,0.6470361445995574,,0.0015253,
Japan,1896,0.5441056489944458,-0.05793450881612075,0.45464864665975524,,0.0015871,
Japan,1897,-0.3439725637435913,0.031168831168831058,-0.3235249553407943,,0.00191,
Japan,1898,-0.2610924541950226,-0.007731958762886396,-0.2668056568687722,,0.0024318,
Japan,1899,0.3314482569694519,-0.015228426395939257,0.31117239518819106,,0.0021952,
Japan,1900,-0.16178876161575317,0.005102040816326618,-0.15751217366481296,,0.0024928000000000003,
Japan,1901,-0.0845838338136673,-0.0025445292620865432,-0.08691313703551551,,0.0025196,
Japan,1902,0.4164491891860962,-0.005063291139240651,0.40927729455730555,,0.0024564,
Japan,1903,0.16901464760303497,0.007653061224489972,0.17796118827346663,,0.0028096999999999996,
Japan,1904,0.01382222305983305,0.007712082262210722,0.021640903443327808,,0.0029406999999999997,
Japan,1905,0.466028094291687,-0.010178117048346012,0.45110668875182247,,0.0030586999999999997,
Japan,1906,0.8607869744300842,-0.0025380710659899048,0.8560641648503122,,0.0035638,
Japan,1907,-0.12072458863258362,0.0,-0.12072458863258362,,0.0039905999999999995,
Japan,1908,-0.3409651517868042,0.0,-0.3409651517868042,,0.004033800000000001,
Japan,1909,0.3388136923313141,-0.0025316455696203412,0.3354242905785765,,0.0039339,
Japan,1910,0.33671119809150696,0.002538071065989936,0.34010386610696774,,0.003964,
Japan,1911,-0.113685242831707,0.0,-0.113685242831707,,0.004594,
Japan,1912,0.09653174132108688,0.0,0.09653174132108688,,0.005085,
Japan,1913,0.0002897811646107584,0.0025445292620865714,0.0028350477833500864,,0.005293,
Japan,1914,-0.03165173903107643,0.0025510204081632946,-0.029181462855135232,,0.004848,
Japan,1915,0.327100932598114,0.020833333333333384,0.3547488686939082,,0.005114,
Japan,1916,0.9550908803939819,-0.05440000000000008,0.8487339365005491,,0.006576,
Japan,1917,-0.06729060411453247,-0.0101522842639594,-0.07675973503722755,,0.00873,
Japan,1918,0.19255919754505157,-0.0307692307692308,0.15586506838981928,,0.011582,
Japan,1919,0.3674312233924866,0.03174603174603178,0.4108417384208196,,0.015659,
Japan,1920,-0.030862323939800262,0.02051282051282053,-0.010982576738565508,,0.015471,
Japan,1921,-0.1263897567987442,0.04020100502512555,-0.09126974702180934,,0.015188,
Japan,1922,-0.03842872381210327,0.00966183574879228,-0.029138180080819254,,0.015483,
Japan,1923,0.0799502581357956,-0.01435406698564584,0.06444857978934904,,0.015727,
Japan,1924,0.07428982853889465,0.17961165048543695,0.2672447977424828,,0.016531,
Japan,1925,0.122518390417099,0.0041152263374484715,0.12713780766161364,,0.017163,
Japan,1926,0.16275745630264282,-0.13114754098360648,0.010264675148197844,,0.016657,
Japan,1927,-0.0653478354215622,-0.004716981132075581,-0.0697565720469322,,0.016145,
Japan,1928,0.10608211159706116,0.018957345971564,0.1270504928595646,,0.016969,
Japan,1929,-0.10819262266159058,0.009302325581395357,-0.09989674008169847,,0.017193,
Japan,1930,-0.2740750312805176,-0.0691244239631336,-0.3242541765837076,,0.014454,
Japan,1931,0.12479005753993988,0.014851485148514755,0.1414948603746915,,0.012986,
Japan,1932,0.13486121594905853,0.7365853658536587,0.9707833798920238,,0.014259,
Japan,1933,0.33765870332717896,0.09550561797752805,0.46541262443146003,,0.016161,
Japan,1934,0.05998978763818741,-0.13589743589743586,-0.08406010657930985,,0.016978,
Japan,1935,0.0933295413851738,0.032640949554896104,0.12901685579240496,,0.018104,
Japan,1936,0.08184301108121872,-0.008620689655172358,0.07251677822707037,,0.019902,
Japan,1937,0.17716388404369354,0.005797101449275368,0.18398802250191792,,0.023318,
Japan,1938,-0.023710934445261955,0.014409221902017239,-0.009643368659170592,,0.027226,
Japan,1939,0.07508634775876999,0.09375000000000001,0.17587569286115468,,0.033817,
Japan,1940,0.09559104591608047,0.10909090909090896,0.21511006910692543,,0.039513,
Japan,1941,-0.17919501662254333,0.0,-0.17919501662254333,,0.04502933414559854,
Japan,1942,0.24850156903266907,0.004683840749414628,0.25434935155741223,,0.05454551203167834,
Japan,1943,0.23009781539440155,0.0,0.23009781539440155,,0.06401354736521474,
Japan,1944,0.07221201062202454,0.0,0.07221201062202454,,0.07472426233627778,
Japan,1945,0.038293447345495224,0.6083916083916084,0.6699824677584887,,,
Japan,1946,,25.08695652173913,,,0.4895869548387096,
Japan,1947,,0.32222222222222224,,,1.3520449870967741,
Japan,1948,0.4750979244709015,0.3025210084033613,0.9213460360755441,,2.6916953677419353,
Japan,1949,1.1306854486465454,0.9193548387096774,3.089541425628047,,3.485983064516129,
Japan,1950,-0.278197318315506,-0.2857142857142857,-0.48442665593964707,,4.076792638709677,
Japan,1951,0.42148053646087646,0.023529411764705882,0.4549271373187793,,5.623019793548386,
Japan,1952,0.8101934790611267,-0.04597701149425287,0.7269661926675117,,6.421439025806451,
Japan,1953,0.5697740912437439,0.04819277108433735,0.6454258546771772,,7.246713238709677,
Japan,1954,-0.07893805205821991,-0.02528735632183908,-0.10222927373031088,,8.053395541935483,
Japan,1955,0.21122434735298157,-0.054245283018867926,0.14552113983147552,,8.87866975483871,
Japan,1956,0.4645882844924927,0.0024937655860349127,0.46824062435407,,10.025170851612902,
Japan,1957,0.1763453483581543,-0.004975124378109453,0.17049288393846207,,11.438155987096772,
Japan,1958,0.1252676546573639,-0.0225,0.0999491324275732,,11.896756425806451,
Japan,1959,0.5374970436096191,0.028132992327365727,0.5807514361408359,,13.358287103225805,
Japan,1960,0.3631729781627655,-0.05472636815920398,0.28857147189515153,,16.0097,
Japan,1961,0.2045900523662567,-0.018421052631578946,0.18240023561214147,,19.3365,
Japan,1962,-0.020123757421970367,0.06836461126005362,0.04686510098483865,,21.9427,
Japan,1963,0.10704467445611954,-0.043914680050188205,0.05842916177611435,,25.1132,
Japan,1964,-0.08891943842172623,-0.0026246719160104987,-0.09131072598492374,,29.5413,
Japan,1965,0.004955881740897894,0.015789473684210527,0.02082360618943846,,32.866,
Japan,1966,0.25859126448631287,-0.0051813471502590676,0.2520700662247257,,38.17,
Japan,1967,0.056218501180410385,0.005208333333333333,0.06171963920739154,,44.7305,
Japan,1968,0.13842448592185974,-0.03367875647668394,0.1000837648934032,,52.9749,
Japan,1969,0.3406941294670105,0.00804289544235925,0.35147719217049844,,62.2289,
Japan,1970,0.09357983618974686,0.010638297872340425,0.10521366423431866,,73.3449,
Japan,1971,0.12732847034931183,-0.1715789473736843,-0.06609736193760873,,80.7013,
Japan,1972,0.6118003726005554,-0.04066073697293929,0.5462633815973588,,92.3944,
Japan,1973,0.30897682905197144,-0.07284768211944652,0.21362090110747234,,112.4981,
Japan,1974,-0.12447168678045273,0.07482142857169574,-0.05896340763039909,,134.2438,
Japan,1975,0.05088333785533905,0.01395580661244042,0.06554926249068393,0.266108747326106,148.3271,39.471138775514056
Japan,1976,0.14641252160072327,-0.040471899069442846,0.10001502973455345,0.302063470647434,166.5733,50.31570911519621
Japan,1977,0.10224128514528275,-0.18032786885027535,-0.0965235367637548,0.029210862893094804,185.622,5.422178791942044
Japan,1978,0.13753899931907654,-0.18916666666745488,-0.07764546138634532,0.033022177802096604,204.4041,6.749868533677534
Japan,1979,0.10140237957239151,0.2317574511831025,0.35666058778909293,0.268226363207642,221.5466,59.424638799018176
Japan,1980,0.06383026391267776,-0.15310805173196954,-0.09905071516849928,0.335771587153777,242.8387,81.5383357213599
Japan,1981,0.1754758507013321,0.08325123152750358,0.2733356629030579,0.335637595360269,261.0682,87.62430287303377
Japan,1982,0.006099101155996323,0.06866757617129919,0.07518548782050138,0.36022599396876104,274.0866,98.7331179185182
Japan,1983,0.2230827361345291,-0.011914893617072026,0.2085098354486088,0.42951095673111406,285.0583,122.43566315714492
Japan,1984,0.27473002672195435,0.08139534884186646,0.3784871219261894,0.478823219223115,302.9749,145.07141696180133
Japan,1985,0.21526658535003662,-0.20151334129828752,-0.029625844832009696,0.6645055287726239,325.4019,216.2313616231165
Japan,1986,0.3169224262237549,-0.2064837905236908,0.044999291831418375,0.841306093566611,340.5595,286.5147825719983
Japan,1987,0.4751652777194977,-0.2237586423632935,0.14508429791551203,1.05642581660943,354.1702,374.1545427537252
Japan,1988,0.0966309905052185,0.019028340080971613,0.11749805793588464,1.21220953398804,380.7429,461.54017337825496
Japan,1989,0.2069246917963028,0.13984902661899082,0.3757119351464413,1.37013799989857,410.1222,561.9240108220014
Japan,1990,-0.13175012171268463,-0.06308818403624945,-0.18652642982352596,0.919215747362209,442.781,407.0112678327863
Japan,1991,-0.15509459376335144,-0.06845238095238097,-0.21293038049978863,0.823915356028391,469.4218,386.7638294744882
Japan,1992,-0.2612000107765198,-0.003594249201277978,-0.2638554420476904,0.566443702058647,480.7828,272.3363891181221
Japan,1993,0.12972959876060486,-0.10340681362725455,0.012907860692373818,0.6405855914195461,483.7118,309.85880947961317
Japan,1994,0.0654173418879509,-0.10827000447027268,-0.04993539848096362,0.718611601228652,510.9161,367.1502367144981
Japan,1995,-0.1368192583322525,0.03098054942851417,-0.11007744469927327,0.639304987712159,521.6137,333.4702400689938
Japan,1996,0.16980524361133575,0.12807546435865022,0.31962859339604144,0.6133442179516491,535.562,328.48385605462107
Japan,1997,-0.1279274821281433,0.12025862068965508,-0.02305324398751929,0.464194590313718,543.5453,252.31078785044696
Japan,1998,-0.14892786741256714,-0.11042708734128508,-0.24290928413153334,0.59524960646517,536.4973,319.34980669462624
Japan,1999,0.2051677256822586,-0.11591695501730097,0.06546835263604533,0.9610364912259001,528.0698,507.4943477143628
Japan,2000,0.12054871767759323,0.12426614481409004,0.25979498689976,0.6354657003916571,535.4177,340.2395837325901
Japan,2001,-0.21789491176605225,0.1470844212358573,-0.1028594375175429,0.517640488871256,531.6539,275.2055847063099
Japan,2002,-0.16842016577720642,-0.09028831562974207,-0.24350210832084263,0.494710801522655,524.4787,259.4652780585601
Japan,2003,-0.04552192613482475,-0.1067556296914096,-0.1474178339369453,0.653403699693169,523.9686,342.36302176305026
Japan,2004,0.2529008090496063,-0.02782446311858067,0.21803951669696575,0.727077474943828,529.4008,384.9153968972425
Japan,2005,0.15390020608901978,0.13301959277756428,0.3073915416089288,0.94648292050927,532.5155,504.0168256564541
Japan,2006,0.2716871201992035,0.008307196744935188,0.2822512753046984,1.0026959181972699,535.1702,536.6129750808166
Japan,2007,0.02686212584376335,-0.04161412358133672,-0.015869841562093145,0.945667556012952,539.2816,509.9811126747544
Japan,2008,-0.27346742153167725,-0.20394736842105263,-0.4216418289824536,0.61014284621295,527.8238,322.0479156309349
Japan,2009,-0.24992184340953827,0.014435261707989006,-0.23909426891770902,0.6250281409296691,494.9384,309.35042802670495
Japan,2010,0.03775440528988838,-0.1152509233108842,-0.08184774808970874,0.664651241298202,505.5306,336.0015408042248
Japan,2011,-0.04824220389127731,-0.04579496623695523,-0.0918279200298352,0.533500600588401,497.4489,265.38928691203944
Japan,2012,-0.043643102049827576,0.11361296963458567,0.06501144515681201,0.554628538265445,500.4748,277.57760676269095
Japan,2013,0.7216812968254089,0.21663778162911612,1.0946625136420054,0.8716199329919271,508.7006,443.3935828849531
Japan,2014,0.10385403782129288,0.14567901234567904,0.2646624038248886,0.894016616644297,518.8111,463.825744299506
Japan,2015,0.11165733635425568,-0.0011604774535809066,0.11036728307930876,1.10123633038841,538.0323,592.5007156824361
Japan,2016,0.005200000014156103,-0.030705394190871392,-0.025665062226942426,0.9903315163653269,544.3646,539.1014197736047
Japan,2017,0.21940000355243683,-0.033390410958904035,0.1786837363105318,1.26202199426239,553.073,697.9902904326829
Japan,2018,-0.1517000049352646,-0.018334809565987664,-0.16725342379960473,1.05077091955864,556.2937,584.5372426936782
Japan,2019,0.18479999899864197,-0.015429035459713018,0.16651967780142396,1.2096679808146,558.4912,675.588922206723
Japan,2020,0.07829999923706055,-0.05031158357771269,0.024049018703597547,1.32926971755297,538.1554,715.3536765576056
Netherlands,1871,,0.026049715165200438,,,972.091836153805,
Netherlands,1872,,0.012501297790326153,,,1093.8014976277377,
Netherlands,1873,,-0.01891674599956359,,,1181.0007249544224,
Netherlands,1874,,0.011710685841559995,,,1148.7040148651577,
Netherlands,1875,,-0.031250276638142685,,,1115.881852630966,
Netherlands,1876,,0.048288740358424606,,,1118.8565883197846,
Netherlands,1877,,0.07098527285893547,,,1152.1396789002802,
Netherlands,1878,,0.03747047937426549,,,1094.9703266425,
Netherlands,1879,,0.005502233487840082,,,1037.5085556204385,
Netherlands,1880,,0.0031039003869016016,,,1120.4649357961518,
Netherlands,1881,,0.004234890649176683,,,1134.1663222596746,
Netherlands,1882,,-0.008130594482372968,,,1190.919906650523,
Netherlands,1883,,0.0037198279958425037,,,1170.2997768488808,
Netherlands,1884,,-0.00039164628028671517,,,1158.2267596716783,
Netherlands,1885,,-0.0031287811923292035,,,1109.8255890164028,
Netherlands,1886,,-0.0008885620306367348,,,1094.3514448544602,
Netherlands,1887,,0.0030238138482046556,,,1141.0273636605307,
Netherlands,1888,,-0.0018204488317376687,,,1178.3581562956065,
Netherlands,1889,,-0.0017441090204324142,,,1237.2104444629576,
Netherlands,1890,,0.0017092718455993716,,,1240.9433862744522,
Netherlands,1891,,-0.001324174459985123,,,1259.5451382933043,
Netherlands,1892,,-0.0011906863070754625,,,1209.1350045709999,
Netherlands,1893,,0.0017834595501244185,,,1186.069700626395,
Netherlands,1894,,-0.003743686706006749,,,1229.47068990979,
Netherlands,1895,,0.001025562268878752,,,1209.422499942431,
Netherlands,1896,,0.003338423592576435,,,1279.5745680760401,
Netherlands,1897,,-0.0010206600670823603,,,1288.1720276336246,
Netherlands,1898,,0.002739887699285535,,,1361.6516992243585,
Netherlands,1899,,-0.00008953885321426523,,,1393.823990249368,
Netherlands,1900,0.06770267337560654,-0.0014041463616088655,0.066203462551506,,1466.615731233281,
Netherlands,1901,0.008843154646456242,-0.002440837686225063,0.006380732255105048,,1500.791889471905,
Netherlands,1902,0.024988284334540367,0.003881899155553912,0.02896718548995114,,1532.5947647258308,
Netherlands,1903,0.02581818401813507,-0.0014295398737577977,0.024351736020855386,,1561.7602399106318,
Netherlands,1904,0.14784686267375946,-0.002955943265972362,0.14445389246967144,,1642.154056881661,
Netherlands,1905,0.12083153426647186,0.0026328739482345855,0.12378254241340181,,1710.9686442513873,
Netherlands,1906,0.08097179234027863,0.004588387631829268,0.08593170994260912,,1822.9273188677166,
Netherlands,1907,-0.03362658619880676,-0.0035166683010965497,-0.03702500095014383,,1811.6056625000265,
Netherlands,1908,0.11794853955507278,-0.0021186292479620605,0.11558002108145504,,1778.1688901779917,
Netherlands,1909,0.13124535977840424,-0.0006331795001640472,0.13052907840693684,,1880.3282381828283,
Netherlands,1910,-0.01444324105978012,0.000788982686401255,-0.013665653840510661,,2000.4905895384513,
Netherlands,1911,0.15398892760276794,0.001066373428071898,0.15521951073145268,,2201.942947394982,
Netherlands,1912,0.04107831418514252,-0.001303038860124212,0.03972174868532674,,2309.96605896208,
Netherlands,1913,0.010376780293881893,0.0042187258891819325,0.014639282974735934,,2414.3895450757727,
Netherlands,1914,0.005688557401299477,-0.01215646940822467,-0.006537064780951063,,,
Netherlands,1915,0.06257780641317368,0.0030054422873851145,0.06577132268620467,,,
Netherlands,1916,0.21933425962924957,-0.031624554583738106,0.18077335677978246,,,
Netherlands,1917,0.15254339575767517,-0.003763328454944738,0.14820599640086174,,,
Netherlands,1918,-0.03686181828379631,-0.10782791185729272,-0.1407149972482843,,,
Netherlands,1919,0.16226699948310852,0.20177832141512989,0.3967872836750097,,,
Netherlands,1920,-0.24908199906349182,0.13736543354863973,-0.1459318223053706,,,
Netherlands,1921,-0.15922383964061737,0.022922833344806142,-0.1399508678364132,,5792.0,
Netherlands,1922,-0.22420945763587952,-0.12597577388963663,-0.32194027158646055,,5523.0,
Netherlands,1923,0.06275292485952377,-0.015437326763165924,0.04634686068995708,,5323.0,
Netherlands,1924,0.0184926874935627,0.02330400782013689,0.04222764904766496,,5598.0,
Netherlands,1925,0.1488078087568283,-0.04856520576210308,0.09301572114344214,,5733.0,
Netherlands,1926,0.13335184752941132,0.0015662650602408805,0.1351269769291561,,5849.0,
Netherlands,1927,0.1511128544807434,-0.00020048919363253016,0.15088206879276855,,6032.0,
Netherlands,1928,0.08459398150444031,-0.002927729205101413,0.08141858402911262,,6308.0,
Netherlands,1929,0.050753623247146606,0.001528498451389737,0.052359698533071874,,6489.0,
Netherlands,1930,-0.20957300066947937,-0.0015663279649784298,-0.21081106858280474,,6248.0,
Netherlands,1931,-0.24899999797344208,-0.00012067578439267457,-0.2490906254877655,,5774.0,
Netherlands,1932,-0.3043571412563324,-0.0016092046506014416,-0.30547657297978037,,5233.0,
Netherlands,1933,0.17043477296829224,-0.22089696578957974,-0.08811071703501916,,5044.0,
Netherlands,1934,0.10269230604171753,-0.23242823894491854,-0.15360452474967012,,4959.0,
Netherlands,1935,0.05199999734759331,-0.004918806010376716,0.04682541343772373,,4886.0,
Netherlands,1936,0.23799999058246613,0.05017605633802821,0.30011794785641044,,4955.0,
Netherlands,1937,0.6067575812339783,0.17138435746985625,0.8821306969035838,,5409.0,
Netherlands,1938,-0.04592307657003403,0.0006605383387461275,-0.04529287218399558,,5506.0,
Netherlands,1939,-0.027499999850988388,0.031354860003300476,0.002992601506893511,,6061.0,
Netherlands,1940,1.3007243871688843,0.003946877166782267,1.3098050637196605,,,
Netherlands,1941,-0.2770136594772339,-0.0012219093662010256,-0.27789708325835405,,,
Netherlands,1942,0.107944056391716,-0.00042838783378537106,0.10746942663744297,,,
Netherlands,1943,0.2109404057264328,0.0,0.2109404057264328,,,
Netherlands,1944,0.06342857331037521,0.0,0.06342857331037521,,,
Netherlands,1945,-0.0835932195186615,0.4101785714285712,0.29229720454663033,,4200.0,
Netherlands,1946,-0.1048627495765686,1.4528301886792454,1.195619670849926,,9300.0,
Netherlands,1947,0.2147907018661499,-0.10000000000000006,0.09331163167953482,,12100.0,
Netherlands,1948,0.13199999928474426,-0.12820512820512822,-0.013128205751761435,,14200.0,
Netherlands,1949,-0.028246913105249405,-0.18627450980392143,-0.20925974301701655,,16800.0,
Netherlands,1950,0.025154361501336098,-0.009638554216867478,0.015273355607347439,,19400.0,
Netherlands,1951,0.03892810270190239,0.029197080291970826,0.06926176993407474,,21500.0,
Netherlands,1952,-0.04733774811029434,-0.06855791962174952,-0.11265029020202366,,22400.0,
Netherlands,1953,0.22624242305755615,-0.0304568527918782,0.18889493809133628,,23800.0,
Netherlands,1954,0.7294193506240845,-0.015706806282722526,0.7022556959022404,,26600.0,
Netherlands,1955,0.22892306745052338,0.01861702127659582,0.25180195434454933,,29700.0,
Netherlands,1956,0.11082352697849274,-2.610966273473553e-10,0.11082352668846052,,32299.999999999996,
Netherlands,1957,-0.07762962579727173,-0.010182767626679612,-0.08702190898351159,,35100.0,
Netherlands,1958,0.4030638039112091,-0.004220522290746646,0.397142141851462,,35400.0,
Netherlands,1959,0.32759055495262146,-0.0013245033116091119,0.32583215686612577,,37800.0,
Netherlands,1960,0.07463374733924866,0.0,0.07463374733924866,,42400.0,
Netherlands,1961,0.05401207506656647,-0.04509283820824742,0.006483679096050743,,44700.0,
Netherlands,1962,-0.05241766944527626,0.0,-0.05241766944527626,,48100.0,
Netherlands,1963,0.13271749019622803,0.0,0.13271749019622803,,52200.0,
Netherlands,1964,0.17242947220802307,-0.002222222222839508,0.16982407338017036,,61500.0,
Netherlands,1965,-0.0708138719201088,0.00528953229545926,-0.06589891188713737,,68700.0,
Netherlands,1966,-0.14301848411560059,0.0008307947939159414,-0.14230650833372172,,74900.0,
Netherlands,1967,0.3305763304233551,-0.004980630881289548,0.32394922086213573,,82300.0,
Netherlands,1968,0.3461647033691406,0.0027808676314740417,0.3499082092193726,,91200.0,
Netherlands,1969,-0.030795181170105934,0.0049916805338302605,-0.025957220342658127,,114268.97463,
Netherlands,1970,-0.044182926416397095,-0.007450331127883683,-0.051304080112279715,,128114.88456,
Netherlands,1971,-0.05352688208222389,-0.09421740341790859,-0.14270112165728877,,144647.11698,
Netherlands,1972,0.3085682690143585,-0.009698904272336323,0.29587659063937144,,162041.00001,
Netherlands,1973,-0.1372591108083725,-0.12459321249793688,-0.2447507697460839,,185479.65957,
Netherlands,1974,-0.19212745130062103,-0.11258629849976505,-0.2830828312182553,,210443.28645,
Netherlands,1975,0.47473058104515076,0.0726112108807545,0.5818125542577177,0.18227645003976398,232312.90449,42345.171528863946
Netherlands,1976,0.05432892218232155,-0.08610749491765189,-0.03645670012602609,0.184762675752289,264105.82866,48796.899584997176
Netherlands,1977,0.0930171087384224,-0.07203907206839198,0.014277170470029743,0.17702480644576302,288589.04676,51087.420145056254
Netherlands,1978,0.05775785446166992,-0.13640350883175598,-0.08652402838125173,0.170262650506117,311434.90833,53025.732952395374
Netherlands,1979,0.11091044545173645,-0.03224987304837469,0.07508372461780466,0.162268487457609,330162.03591,53574.89418304048
Netherlands,1980,0.18620124459266663,0.11755444771322719,0.3256444767775002,0.150222292771105,384723.69180000003,57794.07506555997
Netherlands,1981,-0.005940594244748354,0.15919229873641336,0.1523060076379832,0.132913015232517,403413.35631000006,53618.88557223185
Netherlands,1982,0.24103586375713348,0.06319627306590901,0.3194647050877155,0.162007825351414,419745.05112,68001.98293396931
Netherlands,1983,0.6051364541053772,0.16765098120314378,0.8742391556010785,0.21956970035121098,436085.56077000004,95751.17590575872
Netherlands,1984,0.281000018119812,0.1582639912410716,0.48373619376733856,0.24579831406975403,455987.26578,112080.90116600084
Netherlands,1985,0.33099138736724854,-0.2190449361881955,0.03944446385435163,0.412075320138425,476528.04669,196365.44739472007
Netherlands,1986,0.09501466900110245,-0.20923520894994055,-0.1341009540705932,0.41615939424040904,491909.94249,204712.94368747284
Netherlands,1987,-0.17889662086963654,-0.18909671532846717,-0.33416457280829337,0.354943045296407,499446.6306900001,177275.10806013856
Netherlands,1988,0.35225048661231995,0.12489451476793247,0.5211391549824664,0.412126124564688,521146.56305999996,214778.11336412458
Netherlands,1989,0.2749638259410858,-0.04201050262565645,0.2214019547837709,0.5970451386732031,551908.15095,329514.0785188139
Netherlands,1990,-0.13129019737243652,-0.11772383189767686,-0.23355804414482784,0.37586516425366706,583870.7607900001,219456.67940724693
Netherlands,1991,0.1872822344303131,0.012071005917159748,0.20161392530746025,0.5155665158966299,616840.4661000001,318022.2899712303
Netherlands,1992,0.07923697680234909,0.060629092609915884,0.14467013541694418,0.46972623282950204,642238.2238500001,301676.141468171
Netherlands,1993,0.47246772050857544,0.06989691858221708,0.5753886768839063,0.5133276905894509,660694.2951,339152.6766893082
Netherlands,1994,0.0228531863540411,-0.10603328352826007,-0.08560329556242108,0.589957393947943,694690.9292700001,409838.050231404
Netherlands,1995,0.1981493979692459,-0.07532707048585098,0.10789631381583664,0.632830378914772,726226.0193700001,459577.88701568375
Netherlands,1996,0.4032770097255707,0.08676140613313388,0.5250272962836606,0.8315920425716771,759453.5587500001,631555.5361592417
Netherlands,1997,0.4489929974079132,0.15691672401927037,0.6763642316880261,1.12245201787048,813270.36066,912856.95739707
Netherlands,1998,0.2228810042142868,-0.06365258774538958,0.14504146379136684,1.3752051252282602,868911.83445,1194932.0081071295
Netherlands,1999,0.30649200081825256,0.16138254499442337,0.5173370049251582,1.54999694733624,924365.99289,1432764.4672009326
Netherlands,2000,-0.02127999998629093,0.07963460505104782,0.056659980670362486,1.53347875206993,996092.34597,1527486.4476444847
Netherlands,2001,-0.19217999279499054,0.05582661976625445,-0.14708213241318358,1.16296129000494,1061925.97851,1234978.8058577478
Netherlands,2002,-0.328249990940094,-0.1596262038714599,-0.4354788948369456,0.843832636266349,1104360.61827,931895.5319035092
Netherlands,2003,0.09192100167274475,-0.16967537608867778,-0.09335110494520393,0.838972318430928,1130084.5250999997,948109.6340460611
Netherlands,2004,0.09735053032636642,-0.07275530430952212,0.017512458558256228,0.8146452157024621,1166392.8510599998,950196.3557455832
Netherlands,2005,0.3031788468360901,0.15461558023226254,0.504670600386063,0.861512247276605,1213986.37593,1045864.1308906358
Netherlands,2006,0.2013731151819229,-0.10425208807896742,0.07612745936227361,1.05687226981034,1288169.8656600001,1361431.0098213651
Netherlands,2007,0.08164761960506439,-0.10535969023843542,-0.032314438543666224,1.12027912592059,1364471.1207,1528588.514441684
Netherlands,2008,-0.49461978673934937,0.05777107135158458,-0.46542343037938927,0.405804577193057,1426236.70458,578773.3828793059
Netherlands,2009,0.4453493356704712,-0.033944189920866494,0.3962881233184745,0.6362052713077221,1376970.56382,876035.9311378502
Netherlands,2010,0.09255631268024445,0.07813201616524545,0.17791994016401835,0.775514787848426,1408582.78377,1092376.778722337
Netherlands,2011,-0.09284577518701553,0.0326918618131231,-0.06318921462623861,0.651199199733609,1433202.63189,933300.4069428702
Netherlands,2012,0.1257728934288025,-0.019326966803092243,0.10401511808968289,0.7695632518182479,1438947.70386,1107361.2741789029
Netherlands,2013,0.18546512722969055,-0.043289101587992214,0.1341474069080224,0.9252094078811599,1455468.9177299999,1346613.5355624058
Netherlands,2014,0.09625290334224701,0.13590313812700736,0.24523711308730123,0.872461702031486,1479923.4875999999,1291176.5648678686
Netherlands,2015,0.08113215118646622,0.11518324607329866,0.20566046179433162,0.939080269930281,1520577.5296800002,1427944.3570218144
Netherlands,2016,0.07750000059604645,0.03282421022673356,0.11286808713491658,1.01073868205409,1560969.33027,1577732.0836039553
Netherlands,2017,0.1632000058889389,-0.12107062453097578,0.022370654721530325,1.29693697691587,1626659.72166,2109675.1418805313
Netherlands,2018,-0.09260000288486481,0.04742358078602548,-0.04956784581643592,,1705642.89177,
Netherlands,2019,0.33379998803138733,0.019227345558126906,0.3594454213066922,,1791737.43405,
Netherlands,2020,0.16329999268054962,-0.08450819004156127,0.0649916158237549,,1763177.3524500001,
Norway,1871,,0.020610163859525243,,,562.0,
Norway,1872,,0.013008867925296137,,,640.0,
Norway,1873,,-0.01850843767011434,,,729.0,
Norway,1874,,0.03273449539819871,,,790.0,
Norway,1875,,-0.03699979687182611,,,771.0,
Norway,1876,,0.035961185307667023,,,799.0,
Norway,1877,,0.06832971800433839,,,797.0,
Norway,1878,,0.04035254086015499,,,706.0,
Norway,1879,,0.000707759619096754,,,662.0,
Norway,1880,,0.0019417475728155723,,,720.0,
Norway,1881,0.0748971477150917,0.007334822116124971,0.08278132708671193,,739.0,
Norway,1882,0.020856287330389023,-0.012027127461910038,0.008578318642374239,,760.0,
Norway,1883,0.07385364174842834,0.004937818520728527,0.07915613614920547,,750.0,
Norway,1884,0.0482194721698761,0.003986666909060528,0.05239837405300851,,721.0,
Norway,1885,0.04606567695736885,-0.0037751172983823793,0.04211665632504302,,679.0,
Norway,1886,0.005631010048091412,-0.0031706378937471995,0.0024425182605056772,,667.0,
Norway,1887,-0.008618170395493507,0.0019445794846865059,-0.006690349628153736,,659.0,
Norway,1888,0.0784548968076706,-0.0011344559067578684,0.07723143727981507,,710.0,
Norway,1889,0.2034824788570404,-0.001163876738380155,0.20208177359485058,,770.0,
Norway,1890,0.1116640567779541,0.003115871470301869,0.1151278590970286,,780.0,
Norway,1891,0.0033503049053251743,-0.002200220022002174,0.0011427134753905221,,802.0,
Norway,1892,-0.03715863451361656,-0.0035305802275714883,-0.04055802320089075,,799.0,
Norway,1893,-0.024247007444500923,0.0030552220630063747,-0.021265865373600756,,809.0,
Norway,1894,0.04417264461517334,-0.0040176062531371085,0.03997757006881275,,816.0,
Norway,1895,0.0631561130285263,-0.00029882086900343685,0.06283841979494476,,832.0,
Norway,1896,0.11728785187005997,0.004527008286006161,0.12234582323332965,,875.0,
Norway,1897,0.08386531472206116,0.00035895226685430173,0.08425437063374552,,919.0,
Norway,1898,0.040412865579128265,0.00838022960414199,0.049131764275784695,,998.0,
Norway,1899,-0.008733035065233707,0.0004315806481787578,-0.00830522342598905,,1065.0,
Norway,1900,0.0013829410308972,-0.007099945385035346,-0.005726823159928229,,1115.0,
Norway,1901,0.017377113923430443,-0.0041414647301306435,0.01316368248887434,,1101.0,
Norway,1902,0.014985128305852413,0.0026934756958548168,0.01771896608059831,,1088.0,
Norway,1903,-0.03758150711655617,0.002012134968976777,-0.03564499121223541,,1081.0,
Norway,1904,0.007477966137230396,-0.004268069641035202,0.0031779800159481564,,1081.0,
Norway,1905,0.10825368016958237,0.0031821460392891126,0.11178030522846161,,1105.0,
Norway,1906,0.16172580420970917,0.00794886812614953,0.17096020942611712,,1187.0,
Norway,1907,0.06240817531943321,0.004009882492038846,0.06666830726104567,,1265.0,
Norway,1908,0.037951331585645676,-0.010698454667659287,0.026846856317439993,,1299.0,
Norway,1909,0.07810041308403015,-0.0009112055827382722,0.0771180419688755,,1316.0,
Norway,1910,0.08569956570863724,0.00029865988419706973,0.08602382061520442,,1435.0,
Norway,1911,0.0939556285738945,0.002137348948902619,0.09629379348677314,,1530.0,
Norway,1912,0.009023708291351795,-0.0009722897423432571,0.008042644889999062,,1680.0,
Norway,1913,0.03615977615118027,0.00006226358876094273,0.03622429117737336,,1857.0,
Norway,1914,0.021543974056839943,0.047492670455335034,0.07005982537235478,,1919.0,
Norway,1915,0.18114539980888367,-0.05870324510143046,0.11180833190347572,,2594.0,
Norway,1916,0.3269088864326477,-0.013550135501354966,0.3089290912235332,,3871.0,
Norway,1917,0.22470133006572723,-0.15934065934065936,0.029556612637671842,,4489.0,
Norway,1918,-0.052890270948410034,0.1666666666666666,0.10496135056018807,,5048.0,
Norway,1919,-0.11855985969305038,0.3669467787114846,0.20488176041958384,,6195.0,
Norway,1920,-0.19659313559532166,0.3954918032786885,0.12114769397456127,,7500.0,
Norway,1921,-0.26902467012405396,-0.03083700440528634,-0.29156575959159414,,5448.0,
Norway,1922,0.05757308006286621,-0.19696969696969696,-0.15073676904042566,,4980.0,
Norway,1923,0.12086549401283264,0.26603773584905666,0.419058012231341,,4997.0,
Norway,1924,0.20681867003440857,-0.008941877794336752,0.19602744496703695,,5576.0,
Norway,1925,-0.03715341538190842,-0.25864661654135346,-0.28619042674177575,,5633.0,
Norway,1926,-0.04403366893529892,-0.19574036511156184,-0.23115486761226378,,4646.0,
Norway,1927,0.026901686564087868,-0.052206809583858725,-0.026709574247706813,,4218.0,
Norway,1928,0.10436251759529114,-0.002128791910590742,0.10201155960147457,,4221.0,
Norway,1929,0.08305645734071732,-0.005333333333333338,0.07728015623490014,,4345.0,
Norway,1930,-0.05877809599041939,0.002680965147453145,-0.056254712869750256,,4377.0,
Norway,1931,-0.12324565649032593,0.4526737967914437,0.2736380610395881,,3842.0,
Norway,1932,0.029523812234401703,0.09515921222160875,0.1274924871700147,,3862.0,
Norway,1933,0.22137600183486938,-0.3411764705882353,-0.19532875173232134,,3866.0,
Norway,1934,0.1166360080242157,0.03188775510204082,0.15224302358621244,,4068.0,
Norway,1935,0.3199999928474426,0.0032138442521631398,0.32424226723731087,,4362.0,
Norway,1936,0.3531706929206848,0.003696402168556079,0.35817255600442355,,4850.0,
Norway,1937,0.12493059039115906,-0.017677387674932495,0.10504475623742371,,5581.0,
Norway,1938,0.01714663952589035,0.06923269182704304,0.0875664393630986,,5827.0,
Norway,1939,0.037782493978738785,0.028517999064983823,0.0673779741716809,,6253.0,
Norway,1940,0.15718065202236176,-0.0014926508337930289,0.1554533853572715,,,
Norway,1941,0.21721936762332916,-0.001265499103902312,0.2156789776043493,,,
Norway,1942,0.2305046021938324,-0.0016678579938050491,0.22845229525664945,,,
Norway,1943,0.06493221968412399,0.0,0.06493221968412399,,,
Norway,1944,-0.02272319234907627,0.0,-0.02272319234907627,,,
Norway,1945,-0.10638986527919769,0.0770183537889877,-0.03756548377384594,,,
Norway,1946,-0.026080334559082985,0.4836992840095465,0.44500391029750563,,10778.0,
Norway,1947,0.09097979217767715,0.14285714285714285,0.24683404820305954,,12687.0,
Norway,1948,0.1096983402967453,0.15625,0.28308870596811175,,13904.0,
Norway,1949,-0.04050028696656227,-0.005405405405405482,-0.0456867719018782,,14917.0,
Norway,1950,0.1817142814397812,0.05434782608695653,0.24593788369194325,,16425.0,
Norway,1951,0.1237768679857254,-0.09278350515463904,0.019508911162307685,,20456.0,
Norway,1952,-0.020789096131920815,-0.11477272727272735,-0.13317580214405267,,22564.0,
Norway,1953,-0.01151568628847599,0.0,-0.01151568628847599,,22884.0,
Norway,1954,0.29333731532096863,0.01797175866495503,0.316580861424298,,24806.0,
Norway,1955,0.08790908753871918,-0.036569987389659525,0.04812426592633212,,26376.0,
Norway,1956,0.17781993746757507,-0.015706806282722526,0.15932014787384352,,29747.0,
Norway,1957,-0.11735989898443222,-0.009308510638297792,-0.12557596375452384,,31775.0,
Norway,1958,-0.03446025028824806,-0.0402684565100671,-0.07334104570825672,,31919.0,
Norway,1959,0.13141898810863495,0.0006993006993984887,0.13221019019833213,,33946.0,
Norway,1960,0.10148824751377106,-0.001048218029496646,0.10033364767344843,,33058.0,
Norway,1961,0.08807653188705444,-0.001748863239139425,0.0861736348390667,,36062.0,
Norway,1962,-0.1903095245361328,0.0021023125440929056,-0.18860730209273258,,38843.0,
Norway,1963,0.10737397521734238,0.0017482517484961595,0.1093099437057552,,41682.0,
Norway,1964,0.029817616567015648,-0.00034904013966471806,0.029458168882299907,,45837.0,
Norway,1965,-0.029921719804406166,-0.0013966480448877703,-0.031276577737829436,,50563.0,
Norway,1966,-0.0857221782207489,0.0006993006993984887,-0.08508282310053417,,54568.0,
Norway,1967,-0.03389856964349747,-0.0006988120196643893,-0.03457369293524548,,59700.0,
Norway,1968,0.14181335270404816,0.0,0.14181335270404816,,63749.0,
Norway,1969,0.21763259172439575,0.0,0.21763259172439575,,69418.0,
Norway,1970,0.3628723919391632,-0.0013986013987971016,0.36096627670541515,,91530.0,
Norway,1971,-0.18755298852920532,-0.060224089644289054,-0.23648187017925715,,102897.0,
Norway,1972,0.16951382160186768,-0.010432190761614378,0.1573132303165723,,114362.0,
Norway,1973,0.43881869316101074,-0.13742469881587716,0.2410894676027049,,129928.0,
Norway,1974,-0.32542476058006287,-0.09122653864534727,-0.3869639247282002,,150379.0,
Norway,1975,-0.11795850098133087,0.07300672431758053,-0.053563540425809464,,171849.0,
Norway,1976,0.12048246711492538,-0.07162041183019156,0.040233051371645345,,196119.0,
Norway,1977,-0.21684470772743225,-0.008775313405742691,-0.22371714086249006,,220968.0,
Norway,1978,0.0947144478559494,-0.022764860399409448,0.06979342627329199,,243888.0,
Norway,1979,0.6134979724884033,-0.01921353907799171,0.582496966141737,,269067.0,
Norway,1980,-0.04689003899693489,0.05156313439942401,0.0022552980196959282,,318279.0,
Norway,1981,0.20941348373889923,0.12113899616238213,0.35592061910427897,0.05243090241991381,365013.0,19137.960984999998
Norway,1982,-0.12114652991294861,0.21463624627027747,0.06748727992814385,0.0382400198355283,404325.0,15461.39601999998
Norway,1983,0.9280383586883545,0.0947235612552769,1.110669018260094,0.0744045967037097,449657.0,33456.547739999995
Norway,1984,0.3228360414505005,0.1767402469250911,0.5566344100578722,0.933420380504101,506486.0,472764.3548400001
Norway,1985,0.3579067587852478,-0.16556619346318918,0.1330833056552374,0.15382329473935,562402.0,86510.52860799992
Norway,1986,-0.06622618436813354,-0.024068578964721296,-0.08870079318485824,0.12845214742091599,581913.0,74747.97446214748
Norway,1987,-0.10823144018650055,-0.15777027027027032,-0.2489260068868061,0.12615973366368802,634875.0,80095.66090973392
Norway,1988,0.33755502104759216,0.05415162454873652,0.40998579836063875,0.154619525677475,664084.0,102680.35309000031
Norway,1989,0.5978066325187683,0.00684931506849314,0.6087505135634175,0.246363545840177,708635.0,174581.83130645382
Norway,1990,-0.07799999415874481,-0.10695389266817845,-0.1766114838235503,0.21812695533038798,749860.0,163564.67872404473
Norway,1991,-0.11708487570285797,0.011087600507829051,-0.10729546552233105,0.18049360118569202,790087.0,142605.64787999986
Norway,1992,-0.047744039446115494,0.15930018416206265,0.10395051043954018,0.136354839852268,813093.0,110869.16580000015
Norway,1993,0.5936322808265686,0.08571015957830885,0.7302227579253582,0.22699716773069,855400.0,194173.37727683224
Norway,1994,0.1140637993812561,-0.10055865921787713,0.002035037432303044,0.286784878532213,897243.0,257315.7247688784
Norway,1995,0.16798806190490723,-0.06551316178645365,0.0914694710406847,0.293278258874637,963124.0,282463.32980037585
Norway,1996,0.33442699909210205,0.019544231682228193,0.3605073495253788,0.34783299922819605,1054657.0,366844.5074670116
Norway,1997,0.3677644729614258,0.13553744664338374,0.553147777236151,0.41218888385056196,1141324.0,470441.0656718588
Norway,1998,-0.26890257000923157,0.03886162636521454,-0.2404909348483617,0.300984446358673,1163192.0,350102.70012883755
Norway,1999,0.47664692997932434,0.057828947368421146,0.5620398675748395,0.39228024511099,1265701.0,496509.4985172252
Norway,2000,0.04273340106010437,0.10062814851669871,0.1476617326053029,0.38361823975503806,1507280.0,578220.1004179738
Norway,2001,-0.14612595736980438,0.01843250268407075,-0.13038692178716493,0.39867801605659803,1564310.0,623656.0072974969
Norway,2002,-0.31086254119873047,-0.22702960628523233,-0.4673171471467883,0.327539026041703,1561030.0,511298.2458218796
Norway,2003,0.4839857518672943,-0.04101526049069014,0.4231196896899845,0.418160358096047,1620370.0,677574.4994480917
Norway,2004,0.3844534158706665,-0.09580838323353288,0.251811172433956,0.5331570592671759,1783020.0,950629.69981456
Norway,2005,0.4047739803791046,0.1208609271523178,0.574556266087175,0.616425045104322,1989990.0,1226679.6755071497
Norway,2006,0.32435116171836853,-0.07533234859675034,0.22458467833928908,0.8095677901424401,2216320.0,1794261.2846484927
Norway,2007,0.11461077630519867,-0.13578274760383383,-0.036734137410363354,0.8814745578262451,2350170.0,2071615.0615665063
Norway,2008,-0.540614902973175,0.2939001848428835,-0.4056015380429252,0.313832719367996,2607090.0,818190.1443371087
Norway,2009,0.6478179693222046,-0.17428571428571424,0.36062683752604907,0.585688278046343,2428480.0,1422332.2694699832
Norway,2010,0.18347463011741638,0.013840830449827002,0.19985490181454324,0.685040787178644,2591480.0,1775269.4991577123
Norway,2011,-0.1245565339922905,0.022184300341296908,-0.10513543321054952,0.44067366318647305,2792680.0,1230660.5257075995
Norway,2012,0.1536303460597992,-0.0701168614357262,0.07274140693707554,0.47343140061184996,2964050.0,1403274.342983554
Norway,2013,0.23592065274715424,0.09156193895870732,0.3490839441117948,0.504505324665449,3071220.0,1549446.8432190202
Norway,2014,0.0495208241045475,0.22203947368421045,0.28255587550934,0.437220896457139,3140810.0,1373227.7638015468
Norway,2015,0.05940559506416321,0.1857335127860028,0.2561727177005759,0.499525952303215,3111170.0,1554110.1570271933
Norway,2016,0.18199999630451202,-0.021566401816118193,0.15650850943755867,0.62340776578694,3098150.0,1931410.7695728082
Norway,2017,0.1860000044107437,-0.04756380510440817,0.12958933134712391,0.714861425501006,3295380.0,2355740.044367505
Norway,2018,-0.00019999999494757503,0.05846528623629703,0.05825359318439771,0.6079788658987451,3553900.0,2160696.09151755
Norway,2019,0.14720000326633453,0.010356731875719201,0.15908124610798802,0.723067416526895,3568490.0,2580258.8452020595
Norway,2020,0.03460000082850456,-0.028473804100227793,0.005141003082818285,,3413450.0,
Portugal,1871,0.18433696031570435,0.02631991538065467,0.2155086088933953,,469.0,
Portugal,1872,0.17882004380226135,-0.001609367217337027,0.1769228894686261,,497.0,
Portugal,1873,0.09936778992414474,-0.019078464712412084,0.07839354033811463,,528.0,
Portugal,1874,0.11990129202604294,0.030206502277764526,0.15372959295449906,,563.0,
Portugal,1875,0.09372056275606155,-0.030352303523035182,0.06052362426590463,,595.0,
Portugal,1876,0.022962968796491623,0.04191773255314937,0.06584325693427884,,599.0,
Portugal,1877,0.0028789089992642403,0.07055568345885078,0.07363771585017398,,613.0,
Portugal,1878,-0.03401527926325798,0.0386977131600859,0.0033661203768380332,,612.0,
Portugal,1879,0.09710760414600372,-0.006202032006336875,0.09030330767069472,,596.0,
Portugal,1880,0.1431676149368286,0.0016993226244029155,0.14511022552837538,,608.0,
Portugal,1881,0.2178405374288559,0.015626147989016494,0.2368706938937426,,634.0,
Portugal,1882,0.01651339791715145,-0.00825328056437273,0.00812382764669728,,650.0,
Portugal,1883,0.041455160826444626,0.0030686305115219087,0.04465100190933868,,649.0,
Portugal,1884,-0.038838859647512436,-0.000836402516169069,-0.03964277724374721,,678.0,
Portugal,1885,-0.012985043227672577,0.0006192644225835855,-0.01237381998038567,,700.0,
Portugal,1886,0.14666065573692322,-0.013803698091615732,0.13083249823159648,,737.0,
Portugal,1887,0.09663046151399612,0.0038908552641609877,0.1008972919180171,,754.0,
Portugal,1888,0.142854705452919,-0.004666360927120349,0.1375217329100178,,798.0,
Portugal,1889,0.0575861930847168,0.0008937567577088464,0.05853141789164584,,813.0,
Portugal,1890,-0.13252456486225128,0.0005824763583311476,-0.1320192809298506,,810.0,
Portugal,1891,-0.15049532055854797,0.0723293186666665,-0.08905122589040282,,811.0,
Portugal,1892,0.02840721607208252,0.18399416304204363,0.21762814105966344,,841.0,
Portugal,1893,0.006866922602057457,-0.021636237255931733,-0.01491788902051061,,860.0,
Portugal,1894,0.24692708253860474,0.03091127015008339,0.2854711824444107,,880.0,
Portugal,1895,0.1481635421514511,-0.01780968027296846,0.12771511656465484,,931.0,
Portugal,1896,0.12194059044122696,0.030716905350336398,0.1564031333665108,,953.0,
Portugal,1897,0.02155468426644802,0.12499707686509116,0.14924603365759515,,946.0,
Portugal,1898,0.09915975481271744,0.08474530632776553,0.1923083849374727,,967.0,
Portugal,1899,0.13143211603164673,-0.10041787247019934,0.017816110095292936,,988.0,
Portugal,1900,0.10583502054214478,-0.014962593516209492,0.08928886063378338,,1019.0,
Portugal,1901,0.09837999194860458,0.007845515441067688,0.10699734913559711,,994.0,
Portugal,1902,0.11989510804414749,-0.10297892525456882,0.004569513419911964,,998.0,
Portugal,1903,0.09644003212451935,-0.02321646585682139,0.07098456955464827,,1033.0,
Portugal,1904,0.09825378656387329,-0.031045612650481193,0.0641578249142869,,1053.0,
Portugal,1905,0.07279825955629349,-0.11367689058994798,-0.04915411082037391,,1059.0,
Portugal,1906,0.059008460491895676,-0.041697684934498325,0.014850259363336393,,1068.0,
Portugal,1907,0.020625321194529533,0.011620053662296183,0.0324850421959082,,1096.0,
Portugal,1908,-0.002140421885997057,0.1183587425245223,0.11596498299562663,,1120.0,
Portugal,1909,0.08651522547006607,-0.0041487484257922164,0.08200754713879777,,1137.0,
Portugal,1910,-0.052463382482528687,-0.054090277660292375,-0.10371590121734298,,1150.0,
Portugal,1911,0.0064390613697469234,-0.0007399554059369528,0.005694341345540144,,1133.0,
Portugal,1912,0.0732337012887001,0.016396774559538665,0.09083127233843014,,1191.0,
Portugal,1913,0.05820218473672867,0.05196070662334656,0.11318711800601822,,1209.0,
Portugal,1914,0.058386705815792084,0.06806427042907415,0.1304250247789751,,1129.0,
Portugal,1915,0.1238078847527504,0.23470877954095581,0.38757546182157143,,1208.0,
Portugal,1916,0.13214808702468872,0.04041186756757293,0.1779003055844115,,1383.0,
Portugal,1917,0.1406763643026352,0.09921538037743305,0.2538490036744687,,1431.0,
Portugal,1918,0.4366128444671631,0.02265078954180678,0.46915325966024524,,1737.0,
Portugal,1919,0.14739912748336792,0.1164099031855563,0.28096774882889863,,2227.0,
Portugal,1920,-0.07921444624662399,1.701619151073165,1.48761188605163,,3119.0,
Portugal,1921,0.3538608253002167,1.0038248422261078,1.7128999546533148,,3870.0,
Portugal,1922,0.5757917165756226,0.49579471421017457,1.3570609203499937,,6131.0,
Portugal,1923,0.13004609942436218,0.5684175421043857,0.7723841257238062,,9299.0,
Portugal,1924,-0.0980149358510971,0.2563354525930808,0.1331958137997109,,12133.0,
Portugal,1925,0.014110464602708817,-0.32833143209182825,-0.31885387653960784,,13450.0,
Portugal,1926,0.06919052451848984,-0.01672168325563821,0.051311859227562095,,14203.0,
Portugal,1927,0.3461938798427582,0.01916896882223594,0.3719990283541488,,15344.0,
Portugal,1928,0.24935969710350037,0.12568457155501475,0.4063849353520568,,18249.0,
Portugal,1929,-0.12906178832054138,-0.0008711618618739692,-0.12982051647460524,,20304.0,
Portugal,1930,-0.18364742398262024,-0.005030316037988978,-0.18775393543841412,,19877.0,
Portugal,1931,-0.27711933851242065,0.05903316121319982,-0.23444540788491985,,19191.0,
Portugal,1932,0.09645986557006836,0.32775031295750146,0.4558249296559982,,19508.0,
Portugal,1933,0.18616919219493866,-0.18396502296326836,-0.032044450485524734,,19892.0,
Portugal,1934,0.2738158404827118,-0.15022911526260144,0.08245161375950705,,20668.0,
Portugal,1935,0.061398644000291824,0.033962907656287546,0.09744682813298255,,20890.0,
Portugal,1936,0.09477591514587402,-0.012298242407763183,0.08131209555922925,,21322.0,
Portugal,1937,0.02783464454114437,0.007545739274850735,0.03559041678651087,,22288.0,
Portugal,1938,0.04242356866598129,0.011860929703387221,0.054787681335082494,,23149.0,
Portugal,1939,-0.07837256789207458,0.09639578224185717,0.010468429361522924,,23414.0,
Portugal,1940,-0.012486075982451439,0.08798116909858761,0.0743965535537463,,24454.0,
Portugal,1941,0.2881705164909363,-0.07278388237608029,0.19441246513832544,,29039.0,
Portugal,1942,0.7464381456375122,-0.006245197233606591,0.7355312949617117,,34111.0,
Portugal,1943,0.02153950184583664,0.0,0.02153950184583664,,36282.0,
Portugal,1944,0.13804632425308228,0.0,0.13804632425308228,,35228.0,
Portugal,1945,0.07121516019105911,0.0012106537530265887,0.07251203084504332,,36351.0,
Portugal,1946,-0.05889206379652023,0.01771467142297433,-0.042220645933122136,,42294.0,
Portugal,1947,-0.05124562233686447,-0.013833992094861716,-0.06437068289742176,,46930.0,
Portugal,1948,-0.09154870361089706,0.034068136272545145,-0.060599461048542747,,47693.0,
Portugal,1949,-0.10967759788036346,0.10852713178294576,-0.013053461216216866,,48599.0,
Portugal,1950,0.00828226562589407,0.01748251748251748,0.0259095779620111,,50664.0,
Portugal,1951,0.17748551070690155,0.0,0.17748551070690155,,57360.0,
Portugal,1952,0.15275737643241882,-0.0034364261168385365,0.14879601087766803,,58678.0,
Portugal,1953,0.12199395895004272,0.0,0.12199395895004272,,58993.0,
Portugal,1954,0.30218052864074707,-0.008620689655172414,0.2909548344283268,,62564.0,
Portugal,1955,-0.002660732250660658,0.0017391304347826335,-0.0009262291763139086,,65447.0,
Portugal,1956,-0.009058395400643349,0.003472222187499923,-0.005617625974636775,,69943.0,
Portugal,1957,-0.034293632954359055,-0.005190311418864668,-0.03930594973850643,,74250.0,
Portugal,1958,-0.04943866655230522,0.0,-0.04943866655230522,,79191.0,
Portugal,1959,0.11209318041801453,0.004521739130592026,0.11712177566877524,,84042.0,
Portugal,1960,0.08053308725357056,-0.0017313019391180216,0.07866235822432732,,88994.0,
Portugal,1961,-0.023868823423981667,-0.001040582726362876,-0.02488456866499089,,92648.0,
Portugal,1962,-0.06357715278863907,0.0017361111111714174,-0.061951418678840686,,103987.0,
Portugal,1963,0.1605657935142517,0.0013864818024743718,0.1621748968675336,,107438.0,
Portugal,1964,0.19378666579723358,0.002076843198410369,0.19626597351444763,,116626.0,
Portugal,1965,0.09500949829816818,-0.004145077720350346,0.09047059882320041,,135681.0,
Portugal,1966,0.14293165504932404,0.005202913631814134,0.1488782297376121,,144812.0,
Portugal,1967,-0.043985724449157715,-0.004140786749625321,-0.04794437569381138,,162217.0,
Portugal,1968,0.053540345281362534,-0.00311850311861117,0.050254876429019824,,175432.0,
Portugal,1969,0.31890401244163513,-0.004171011470426556,0.31340284867734947,,188229.0,
Portugal,1970,0.09904681146144867,0.003490401396282437,0.10288292598675342,,212358.0,
Portugal,1971,0.19487176835536957,-0.04139130434926583,0.14541446733302688,,245768.0,
Portugal,1972,0.46551668643951416,-0.020319303338908492,0.4357384083395175,,303992.0795402,
Portugal,1973,0.7381148338317871,-0.04277777777936218,0.6637621437151178,,370041.255356,
Portugal,1974,-0.23353105783462524,-0.048326562199586975,-0.2705718668422319,,444877.176316,
Portugal,1975,-0.4430306553840637,0.11692958205061517,-0.3779044627031173,,494601.7043178,
Portugal,1976,-0.4430306553840637,0.14840564939387024,-0.36037325810385745,,614776.6897223999,
Portugal,1977,-0.44080108404159546,0.26327300390704217,-0.2935791056556647,,820614.5663524,
Portugal,1978,-0.22109752893447876,0.15443482624901358,-0.10080786115054763,,1032280.113903,
Portugal,1979,0.40605059266090393,0.08196044338365488,0.5212911226552424,,1302452.8046704,
Portugal,1980,1.0705386400222778,0.06546674434152522,1.2060900638178653,,1646973.6436918,
Portugal,1981,-0.3110315203666687,0.23018476621851786,-0.15244147195034263,,1968330.27118,
Portugal,1982,-0.15459665656089783,0.36498643659466,0.15396409724615157,,2426311.953426,
Portugal,1983,-0.036583174020051956,0.4759049672033595,0.42191167895109993,,3018078.6022732,
Portugal,1984,0.07049272209405899,0.2877900342433457,0.37856985924276065,,3692071.2794198003,
Portugal,1985,1.368821382522583,-0.06966564272802454,1.2037959184012594,,4620707.7125778,
Portugal,1986,0.9267147779464722,-0.07219643525543194,0.7876128392247757,,5796167.7605178,
Portugal,1987,1.118769884109497,-0.11122593538055107,0.8831077218932766,,6788616.0705643995,
Portugal,1988,-0.2771500051021576,0.12710122049820968,-0.18527488851351726,,8111764.050697,
Portugal,1989,0.3168845474720001,0.023706881827684437,0.34810377381962243,,9541997.827129,
Portugal,1990,-0.32945340871810913,-0.1083882248516762,-0.4021327634274957,,11222768.866718201,
Portugal,1991,-0.022982923313975334,0.004371257485029964,-0.01871213010450956,,12894397.8669628,
Portugal,1992,-0.11211775988340378,0.09370714839325116,-0.02891684705306563,,14526855.7116856,
Portugal,1993,0.5324628353118896,0.20478611046757247,0.8462899387915197,,15279700.144686,
Portugal,1994,0.08415631204843521,-0.10021378639458872,-0.02449109702553165,,16549853.1139026,
Portugal,1995,-0.045937277376651764,-0.060844977466010336,-0.10398720223582991,,17850379.98824,
Portugal,1996,0.32568445801734924,0.04666260945584436,0.38754435414349553,,18915752.964196,
Portugal,1997,0.6524743437767029,0.17227363060866652,0.9371520984667892,0.33288868061044297,20515523.542,6829385.563928861
Portugal,1998,0.2624458968639374,-0.06271347217525058,0.18327353123820167,0.507913393307743,22324352.3388,11338837.549797555
Portugal,1999,0.1256648302078247,0.16141057207144124,0.30735903441237133,0.534616253823353,23978308.7906,12819193.618650146
Portugal,2000,-0.08214876800775528,0.07963460505104764,-0.009056047652435284,0.511619167153418,25744775.740799997,13171520.723059615
Portugal,2001,-0.1903584599494934,0.055826619766254526,-0.1451589095461291,0.381054645935004,27220443.55,10372476.479139013
Portugal,2002,-0.20652548968791962,-0.15962620387145984,-0.3331848136378025,0.317854299029532,28579571.172599997,9084139.561631393
Portugal,2003,0.17396891117095947,-0.16967537608867778,-0.02522470534838861,0.352757302592295,29283984.7278,10330139.46173269
Portugal,2004,0.1799686998128891,-0.0727553043095221,0.09411971798229124,0.370892347497419,30523063.7288,11320770.759187955
Portugal,2005,0.1718716323375702,0.15461558023226246,0.3530612447291721,0.339528941680511,31786962.401400004,10792593.703385537
Portugal,2006,0.33271774649620056,-0.1042520880789674,0.1937791386040757,0.49908551501720705,33332237.561,16635636.949807579
Portugal,2007,0.1831146776676178,-0.10535969023843537,0.05846208171201117,0.5498572075896331,35181262.9988,19344671.03199665
Portugal,2008,-0.4971774220466614,0.05777107135158454,-0.4681288230185314,0.26147203213487,35906887.5496,9388646.855232175
Portugal,2009,0.399630606174469,-0.033944189920866535,0.35212127905942525,0.401553514289654,35167830.7048,14121766.00945604
Portugal,2010,-0.06211366131901741,0.0781320161652454,0.011165289255967936,0.34388261573571,36008732.4056,12382777.088964952
Portugal,2011,-0.20372962951660156,0.03269186181312335,-0.17769806859887383,0.251357627304285,35304118.3684,8873959.42715065
Portugal,2012,0.07692946493625641,-0.019326966803092423,0.05611568491816121,0.302577101379439,33740238.4792,10209023.558887346
Portugal,2013,0.15601195394992828,-0.04328910158799217,0.10596923503845646,0.34929771165414997,34180637.2886,11939218.387788488
Portugal,2014,-0.21121133863925934,0.13590313812700738,-0.10401248424133325,0.251106299790806,34694151.8834,8711920.103820797
Portugal,2015,0.18604880571365356,0.11518324607329868,0.3226617571571113,0.300631199740327,36029261.7624,10831520.1893886
Portugal,2016,-0.000016875230357982218,0.03282421022673356,0.03280678108026658,0.277526498262106,37387848.0836,10376118.5561971
Portugal,2017,0.0017832271987572312,-0.12107062453097582,-0.11950329376285274,0.34224669578664,39283886.550400004,13444780.36953163
Portugal,2018,-0.0006527925143018365,0.047423580786025446,0.0467398305131852,0.255825785281109,41135718.7362,10523577.548791192
Portugal,2019,0.0021239686757326126,0.019227345558126954,0.02139215251354254,,42978248.5572,
Portugal,2020,0.00129098875913769,-0.08450819004156136,-0.08332630040582245,,40113962.2232,
Spain,1871,,0.007905693549941861,,,6410.21728515625,
Spain,1872,,0.02364559593232446,,,7342.668945312501,
Spain,1873,,-0.015700738063939762,,,7837.90087890625,
Spain,1874,,0.024962470861522538,,,7781.302734375,
Spain,1875,,-0.01575630483725491,,,7701.216796875,
Spain,1876,,0.07370828857267354,,,8002.094238281251,
Spain,1877,,0.038322765555582505,,,8818.081054687498,
Spain,1878,,0.03437247549344672,,,8722.1591796875,
Spain,1879,,0.012137513805875386,,,8494.409179687498,
Spain,1880,,-0.012716949406304088,,,9010.895507812502,
Spain,1881,,0.008943736235021768,,,9455.544921875,
Spain,1882,,0.014732661591023426,,,9998.1220703125,
Spain,1883,,0.0016428200446452668,,,10156.205078125,
Spain,1884,,-0.005265995727445333,,,9752.13671875,
Spain,1885,,0.008932839319816754,,,9643.749023437504,
Spain,1886,,-0.0013599212193993343,,,9816.6943359375,
Spain,1887,,-0.007801963117304672,,,8996.350585937498,
Spain,1888,,0.002772225129617465,,,9408.9091796875,
Spain,1889,,0.014935968877821173,,,8712.306640625,
Spain,1890,,0.01379097570670769,,,8838.099609375,
Spain,1891,,0.02318510072215889,,,9012.143554687498,
Spain,1892,,0.07538857277834325,,,8936.661132812498,
Spain,1893,,0.03440391314452759,,,8702.748046875,
Spain,1894,,0.0020737767087633378,,,8514.849609375002,
Spain,1895,,-0.042390260103198754,,,8593.294921875,
Spain,1896,,0.0555200279348607,,,8223.86328125,
Spain,1897,,0.07461836841950877,,,8910.169921874998,
Spain,1898,,0.20740874645169843,,,9569.776367187498,
Spain,1899,,-0.2020033570461156,,,9717.759765625,
Spain,1900,0.04194788634777069,0.03628262253341826,0.07975248820761993,,10257.7294921875,
Spain,1901,0.022268075495958328,0.0695608944636181,0.09337795720905873,,10786.23828125,
Spain,1902,0.043839555233716965,-0.022346368715083817,0.020513531653075345,,10422.380859374998,
Spain,1903,0.05404460430145264,-0.0014285714285713982,0.052538826295307706,,11152.5048828125,
Spain,1904,-0.0013100476935505867,0.02002861230329037,0.01869232617238681,,11756.9873046875,
Spain,1905,-0.05744031071662903,-0.04908835904628326,-0.10370901916672437,,11338.494140624996,
Spain,1906,0.10474343597888947,-0.1386430678466077,-0.048421583168626214,,11564.941406250002,
Spain,1907,0.07707184553146362,-0.011986301369863063,0.06416173779392875,,12036.395507812502,
Spain,1908,0.04249191656708717,0.013864818024263445,0.05694587728205547,,11950.549804687502,
Spain,1909,0.048455577343702316,-0.02564102564102555,0.021572101001556154,,12212.3349609375,
Spain,1910,0.02423804998397827,-0.028070175438596516,-0.004512491769957938,,11687.243164062502,
Spain,1911,0.021169040352106094,0.012635379061371892,0.03407189826269219,,12618.941406249998,
Spain,1912,0.05338047072291374,-0.016042780748663235,0.036481318786182326,,12840.846679687498,
Spain,1913,0.027530286461114883,0.003623188405797185,0.03125322228162619,,13789.124023437502,
Spain,1914,-0.07236882299184799,-0.021660649819494605,-0.09246191707866713,,13727.5224609375,
Spain,1915,0.12925145030021667,-0.03505535055350544,0.08966514484688815,,15115.0908203125,
Spain,1916,0.09042031317949295,-0.0076481835564053595,0.08208057847066308,,17441.476562499996,
Spain,1917,0.15157994627952576,-0.1464354527938344,-0.017052184582216134,,18982.455078125,
Spain,1918,0.1326514482498169,-0.05869074492099318,0.06617529101619346,,23025.664062499996,
Spain,1919,0.021468309685587883,-0.026378896882494084,-0.005476897524343771,,24822.720703125,
Spain,1920,0.06401766091585159,0.5689655172413794,0.6694070197128017,,29390.01171875,
Spain,1921,-0.050043996423482895,0.15855572998430137,0.10057697117656139,,27070.7109375,
Spain,1922,0.21264490485191345,-0.1260162601626016,0.05983192903724155,,27477.1640625,
Spain,1923,0.1751825362443924,0.07906976744186044,0.2681039460869721,,27515.414062500004,
Spain,1924,0.09121785312891006,0.0790229885057471,0.177449148993982,,30136.300781250004,
Spain,1925,0.05101613700389862,-0.0719041278295606,-0.024556261662160628,,31985.90625,
Spain,1926,0.17691169679164886,-0.035868005738880916,0.13469822129696984,,31223.078125,
Spain,1927,0.3053540885448456,-0.1279761904761904,0.13829984507035653,,33484.84375,
Spain,1928,0.24964042007923126,0.029010238907849817,0.28589278721463574,,32702.30078125,
Spain,1929,0.02551354095339775,0.13101160862354894,0.15986771961893398,,35205.90234374999,
Spain,1930,0.004128334578126669,0.27272727272727265,0.2779815167357975,,35229.16796875,
Spain,1931,-0.2420930117368698,0.2154377880184333,-0.07881120666174835,,34575.91406249999,
Spain,1932,-0.09457386285066605,0.17630331753554496,0.0650557689121547,,34595.63281250001,
Spain,1933,0.12095972150564194,-0.40451248992747785,-0.33248248654901746,,33015.21875,
Spain,1934,-0.01797538809478283,-0.005412719891745607,-0.023290812245825965,,36379.68750000001,
Spain,1935,0.5931804776191711,-0.005319727891156391,0.5847051909967345,,37597.12890625,
Spain,1936,-0.06590405106544495,0.11080715096636533,0.03760045976521664,,30517.25976562501,
Spain,1937,0.08781150728464127,1.034453884989533,1.2131023471315583,,31983.279296875004,
Spain,1938,0.08781150728464127,0.08082049171397791,0.17572896819550943,,36283.21874999999,
Spain,1939,0.08781150728464127,-0.4731955356692856,-0.4269360416121276,,41826.02734375,
Spain,1940,0.09783615171909332,0.1403712050344418,0.2519407352662768,,52061.5703125,
Spain,1941,0.30140000581741333,0.02099238420164613,0.3287194947395571,,57531.89453125,
Spain,1942,0.13562317192554474,-0.00026477006089714567,0.13532249290915788,,69327.578125,
Spain,1943,-0.07233235985040665,0.0,-0.07233235985040665,,74628.58593749999,
Spain,1944,0.019766593351960182,0.0,0.019766593351960182,,86190.3984375,
Spain,1945,0.1719476580619812,0.0,0.1719476580619812,,85515.4296875,
Spain,1946,0.35947513580322266,1.6484018264840183,2.6004364327208638,,108187.51562500003,
Spain,1947,0.43663299083709717,0.43103448275862066,1.0558713489565354,,125709.34374999997,
Spain,1948,-0.2906784117221832,-0.0963855421686747,-0.35904675758028604,,135688.96874999997,
Spain,1949,-0.1040574461221695,0.2733333333333333,0.1408335186044376,,145457.26562499997,
Spain,1950,0.06613561511039734,0.07748691099476446,0.1487471706268051,,179484.01562499997,
Spain,1951,0.1954616755247116,0.010689990281826961,0.20824114921836734,,228459.03125,
Spain,1952,0.09629630297422409,-0.08269230769230763,0.0056410317667403564,,251201.43749999994,
Spain,1953,0.041314754635095596,-0.09329140461215939,-0.055830961468178564,,271524.56249999994,
Spain,1954,0.2604258060455322,0.017341040462427744,0.28228290094805586,,314088.15625,
Spain,1955,0.377144992351532,-0.003409090909090877,0.3724501798776063,,339288.21875000006,
Spain,1956,0.4941006898880005,0.15165336374002278,0.7206860852758044,,419793.7187499999,
Spain,1957,0.09216836094856262,0.18811881188118812,0.2976257753844307,,489885.34375,
Spain,1958,-0.11816783249378204,-0.006666666666666643,-0.12404671361049013,,581873.9378906251,
Spain,1959,-0.05387706309556961,0.019295302013422794,-0.03562133528617206,,610585.5744325398,
Spain,1960,0.022008666768670082,0.012345679012345678,0.03462605771643146,,635380.8009702885,
Spain,1961,0.2837013304233551,-0.005691056910569129,0.2763957130957424,,732116.4485445246,
Spain,1962,0.2533000707626343,-0.013900245298446468,0.2358788923464734,,856053.459964448,
Spain,1963,0.08891188353300095,-0.002487562189054703,0.0862031475043119,,1022560.5280203397,
Spain,1964,0.015990160405635834,0.00033250207813804035,0.016327979245338353,,1169392.6206981605,
Spain,1965,0.09911638498306274,0.0013295662290177545,0.10057773301029638,,1375444.2542899933,
Spain,1966,0.0783480703830719,-0.004149377609958448,0.07387359704408247,,1588908.489838844,
Spain,1967,0.0803629457950592,0.16166666668602775,0.25502162205284407,,1781154.4852621446,
Spain,1968,0.2247946411371231,0.0017216642754661453,0.2269033263155511,,1983833.0399340852,
Spain,1969,0.5244439840316772,0.0034374104697795114,0.5296841237429799,,2256949.812086868,
Spain,1970,0.09525782614946365,-0.004852983157363066,0.08994255836619014,,2471580.071354101,
Spain,1971,0.04052033647894859,-0.05306942054006108,-0.014699474838138493,,2810756.3888721587,
Spain,1972,0.34751248359680176,-0.03710996667732686,0.2975063402332425,,3356094.1653112518,
Spain,1973,0.2975999414920807,-0.10413717162347232,0.16247155368631216,,4083972.4289273894,
Spain,1974,0.0412130244076252,-0.01471466198445506,0.0258919266996549,,5070878.017673488,
Spain,1975,-0.1133933886885643,0.06526233247906439,-0.05553137324302071,0.289462246659043,6010892.989171428,1739926.5890726522
Spain,1976,-0.10935620218515396,0.14243651085994635,0.01750399279464432,0.202664131138965,7263774.129333854,1472106.4727111375
Spain,1977,-0.2875902056694031,0.18486410496990502,-0.15589120666868328,,9249154.931684185,
Spain,1978,-0.1326136440038681,-0.13350306505998505,-0.24841238112056307,0.111791528158046,11394351.30273027,1273791.944501839
Spain,1979,-0.0715109258890152,-0.056496933376929,-0.12396771125026995,0.08108784399126501,13367446.936874578,1083937.451778799
Spain,1980,0.00961595680564642,0.19805288061799875,0.2095733053689015,0.0712156076301553,15723844.827124145,1119783.1636459203
Spain,1981,0.42419999837875366,0.2296529968454259,0.7512717961136852,0.0822936995285837,17634852.8136,1451237.2786731974
Spain,1982,7.298133823496755e-6,0.2888763468342739,0.2888857532263349,0.0570219807560555,20430603.4944,1164993.479292277
Spain,1983,0.12420602887868881,0.247601531836909,0.4025611637293405,0.0635750679323144,23355935.592,1484855.1918841598
Spain,1984,0.4670845866203308,0.10657306956672993,0.6234362943304965,0.0769407591110089,26472545.0352,2036817.7106086577
Spain,1985,0.3446483910083771,-0.11101499423298732,0.1953722576351864,0.107985736681393,29295283.525200002,3163472.772758998
Spain,1986,1.1325998306274414,-0.1411287706779111,0.8316286381830693,0.194814673198059,33654014.3742,6556295.812112554
Spain,1987,0.47929155826568604,-0.17670606896030824,0.2178917621583878,0.22318913555931003,37857640.194,8449413.989214249
Spain,1988,0.14383281767368317,0.04082568807339452,0.19053057949614094,0.241835549743618,42340295.3358,10239388.59884034
Spain,1989,0.126303568482399,-0.0328779197884531,0.08927305010038622,0.295931609809398,47829452.6688,14154246.92458039
Spain,1990,-0.11797450482845306,-0.11676084578928174,-0.22096054765239292,0.20785921040459598,53621632.184999995,11145750.126579769
Spain,1991,0.05410340055823326,-0.002280489944174469,0.05169952835314007,0.256294581458262,59109125.658,15149348.620880926
Spain,1992,-0.08082805573940277,0.18549354625186168,0.08967240781671393,0.184346529682161,63964884.7662,11791704.528168296
Spain,1993,0.5609999895095825,0.24071085209774645,0.9367496271090077,0.226162913081222,66215638.103999995,14975521.605132602
Spain,1994,-0.09200000017881393,-0.07365660202230438,-0.15888019480189552,0.292321612515067,70726612.14299999,20674917.309369475
Spain,1995,0.15700000524520874,-0.07841261889038173,0.06627660477774655,0.310289543891591,76635394.968,23779161.750572648
Spain,1996,0.42899999022483826,0.08126250936915715,0.5451241153190098,0.375286290500382,81396530.358,30547001.937655546
Spain,1997,0.45399999618530273,0.15560464673395538,0.6802491519428893,0.492391633443873,86398925.448,42542108.02913613
Spain,1998,0.39500001072883606,-0.05995313179786688,0.31136539122758444,0.649979272149313,92509451.298,60129225.82160635
Spain,1999,0.19699999690055847,0.16140260029729103,0.39019890895615794,0.6792300300968741,99119967.078,67325258.2215911
Spain,2000,-0.10400000214576721,0.07963460505104782,-0.03264739619090562,0.843031120802178,107793336.486,90873137.2727989
Spain,2001,-0.036376893520355225,0.055826619766254394,0.017418927243060933,0.745785556965442,116635421.298,86985012.63462791
Spain,2002,-0.20465430617332458,-0.15962620387145987,-0.33161232004438923,0.6510572603685991,124714959.072,81196579.58039829
Spain,2003,0.32978054881095886,-0.16967537608867775,0.10414953407605099,0.7998599022033861,133485830.676,106769963.47004311
Spain,2004,0.23081998527050018,-0.0727553043095221,0.14127130269190347,0.879273737826225,142998284.68199998,125734636.27508074
Spain,2005,0.2578282356262207,0.1546155802322626,0.4523080781100919,0.83133053191255,154299221.802,128273654.13434918
Spain,2006,0.40547147393226624,-0.10425208807896756,0.2589481380394032,1.04839622557488,167022093.678,175105332.59962922
Spain,2007,0.09162062406539917,-0.10535969023843537,-0.023392186744018773,1.21878348922177,178954632.054,218106950.8671721
Spain,2008,-0.3694705069065094,0.05777107135158452,-0.333044142571727,0.579636535663716,184612088.826,107007911.60874486
Spain,2009,0.3560526967048645,-0.033944189920866355,0.3100225864252115,0.958540935908394,177920376.678,170543964.37810412
Spain,2010,-0.14669620990753174,0.0781320161652454,-0.08002586438616177,0.820471947088589,178483759.674,146440917.82341856
Spain,2011,-0.08770720660686493,0.03269186181312305,-0.057882656672148536,0.693068883641221,176995270.518,122669914.54768617
Spain,2012,0.05010807141661644,-0.01932696680309221,0.029812667580688235,0.7476275949950759,171560438.214,128263317.81823413
Spain,2013,0.2988026738166809,-0.04328910158799215,0.2425786729270747,0.81968268158949,169771622.328,139158858.64761317
Spain,2014,0.09084642678499222,0.1359031381270073,0.23909587939970534,0.71937512944825,171736640.988,123543068.34175014
Spain,2015,-0.031990598887205124,0.11518324607329868,0.07950786616243644,0.652640754107354,179295889.74,117015804.6882626
Spain,2016,0.022700000554323196,0.03282421022673366,0.05626932037139909,0.566808082016392,185327382.24,105045058.07257316
Spain,2017,0.09719999879598618,-0.12107062453097572,-0.03563869029362965,0.672468190201932,193318402.662,130000476.3708435
Spain,2018,-0.1088000014424324,0.04742358078602553,-0.06653610631433182,0.505496877632606,200205451.974,101203230.85788165
Spain,2019,0.1623000055551529,0.01922734555812686,0.18464794940417462,0.568071173531385,207046578.75,117617192.96617083
Spain,2020,-0.09809999912977219,-0.08450819004156121,-0.17431793580179755,0.588606120063316,186676439.928,109878895.01325276
Sweden,1871,0.5,0.018497079565935944,0.5277456193489041,,996.1315569117583,
Sweden,1872,0.190476194024086,0.0010431482461892474,0.19171803717801228,,1133.3115104318329,
Sweden,1873,0.005714286118745804,-0.0058340757962233245,-0.0001531272558156216,,1309.975551914996,
Sweden,1874,-0.005681818351149559,0.03373108083169048,0.027857608606467243,,1411.0679132259547,
Sweden,1875,-0.011428572237491608,-0.02880937989078121,-0.03990870204907371,,1360.7518355380512,
Sweden,1876,0.023121388629078865,0.026564895108175793,0.05030050100094163,,1447.6662667347603,
Sweden,1877,0.0451977401971817,0.07015140234196966,0.11851982739667166,,1411.5297472959935,
Sweden,1878,0.0,0.03829907566883047,0.038299075668830396,,1274.024884942506,
Sweden,1879,-0.01621621660888195,0.006339518398482637,-0.009979501213945086,,1257.1348755638062,
Sweden,1880,0.1538461446762085,-0.0005910501624346328,0.153164163724973,,1293.4773647609063,
Sweden,1881,0.095238097012043,0.006289721154876931,0.10212683924044685,,1355.8745347019394,
Sweden,1882,0.0521739162504673,-0.010617755354726612,0.041002191017095235,,1333.582227166071,
Sweden,1883,0.07851240038871765,0.00449132318161649,0.0833563481342443,,1394.1572273463037,
Sweden,1884,0.05747126415371895,0.0037341170133255116,0.06141998559229833,,1368.226180802884,
Sweden,1885,0.010869565419852734,-0.004378859415348448,0.006443109705624783,,1350.3835630549574,
Sweden,1886,0.02867383509874344,-0.0013986458499085665,0.027235084708373103,,1277.1513344825935,
Sweden,1887,0.02787456475198269,-0.00035219426252749953,0.027512553227678982,,1219.2755252634925,
Sweden,1888,0.1355932205915451,-0.000921604626873599,0.1345466526252017,,1279.981997130925,
Sweden,1889,0.16417910158634186,-0.0004907817009300973,0.16360774378667808,,1371.1980854479807,
Sweden,1890,0.01794871874153614,0.003052711913471274,0.02105622292254128,,1425.7702198103207,
Sweden,1891,0.045340050011873245,-0.0021978021978021718,0.04304259935250654,,1510.8564296193592,
Sweden,1892,0.10843373090028763,-0.004628013509259172,0.10330388461956264,,1526.7349386777469,
Sweden,1893,0.06086956337094307,0.0030552220630063747,0.06411075546692602,,1513.7594506835505,
Sweden,1894,0.13319672644138336,-0.003467947095440254,0.1292668601453586,,1505.0604331706534,
Sweden,1895,0.13743218779563904,-0.00029973228579484036,0.13709126264605453,,1611.444012369346,
Sweden,1896,0.11446741223335266,0.0034213098729227913,0.11828035059387743,,1681.5623073089464,
Sweden,1897,0.19115549325942993,0.00035834526029378456,0.19158233818471238,,1821.9313341264922,
Sweden,1898,0.09580837935209274,0.00782982766978842,0.1043883701215298,,1983.3363892235761,
Sweden,1899,0.019672131165862083,-0.0006581912351488776,0.019000991906403142,,2161.49412969442,
Sweden,1900,0.06430868059396744,-0.0049261083743841385,0.05906578068956381,,2214.4674370618955,
Sweden,1901,0.007049345411360264,-0.0030434950109797707,0.003984395752790304,,2176.474860944286,
Sweden,1902,0.0020000000949949026,0.0015891877270268135,0.0035923661976267063,,2190.6943509230828,
Sweden,1903,0.09780439734458923,0.002012134968976777,0.10001332796158269,,2404.684773770299,
Sweden,1904,0.11454544961452484,-0.0031696339759949756,0.11101274848963594,,2404.618990650146,
Sweden,1905,0.14681892096996307,0.002076711167620474,0.14920053263038002,,2476.2782329616853,
Sweden,1906,0.13513512909412384,0.00794886812614953,0.14415816854065278,,2781.0517464586737,
Sweden,1907,-0.1077694222331047,0.0034633338352658537,-0.10467932988426576,,3127.2012450351012,
Sweden,1908,0.06671348214149475,-0.01070348774430413,0.05529592745870926,,3065.1589841546133,
Sweden,1909,0.0717577338218689,0.00018699614370601774,0.07195814838508063,,3061.0314329081375,
Sweden,1910,0.15540540218353271,-0.0008002687533564737,0.154480767342706,,3269.114284824169,
Sweden,1911,0.1488569974899292,0.0015876321554534304,0.1506809598011618,,3344.231738098217,
Sweden,1912,0.12262841314077377,0.00012614644265690223,0.12277002872151721,,3605.6423078482435,
Sweden,1913,0.0008244022610597312,0.0006111451823883222,0.0014360512729181263,,3879.7084966170573,
Sweden,1914,-0.23599670827388763,0.03933563398765433,-0.2059441544251862,,3977.109426998808,
Sweden,1915,0.18652290105819702,-0.07706435545454281,0.0950842784560928,,4676.997366515089,
Sweden,1916,0.32621535658836365,-0.031061756517337297,0.2850207780924623,,5934.179253239377,
Sweden,1917,0.0051387459971010685,-0.14905538395230233,-0.14468259571283248,,7055.038369827613,
Sweden,1918,-0.19870483875274658,0.17375889127865565,-0.059472679947472296,,9339.087081849193,
Sweden,1919,-0.16673755645751953,0.34586199708150955,0.12145625635910129,,11389.50949906849,
Sweden,1920,-0.18631954491138458,0.09473568825189771,-0.1092349669814473,,12903.971945040055,
Sweden,1921,-0.21957340836524963,-0.2006608591168518,-0.3761744787203152,,9964.082768848839,
Sweden,1922,-0.06430868059396744,-0.09152261054741362,-0.14994559281256137,,8593.583673216528,
Sweden,1923,-0.002577319508418441,0.020360646474880457,0.017730851075098197,,8344.926930396576,
Sweden,1924,0.17915590107440948,-0.022132729928680248,0.15305796197211996,,8847.238716193608,
Sweden,1925,0.15266618132591248,0.006386590853971411,0.16002778861725053,,9104.117628693164,
Sweden,1926,0.1571609526872635,0.001847587425694947,0.1592989087129537,,9265.527085587584,
Sweden,1927,0.2639649510383606,-0.009523034820956884,0.2519281687971533,,9486.423762385608,
Sweden,1928,0.21837086975574493,0.008181058250718992,0.2283384328121958,,9828.938523398372,
Sweden,1929,-0.02062588930130005,-0.007125521031451127,-0.02760444012474239,,10315.700182751594,
Sweden,1930,-0.0748002901673317,0.005266380684481695,-0.06992783628618082,,10416.435492131299,
Sweden,1931,-0.3449764549732208,0.4392431434505807,-0.0572618540215154,,9744.998527116926,
Sweden,1932,-0.21989215910434723,0.03926092694666559,-0.18926440215242202,,9131.489438718612,
Sweden,1933,0.190476194024086,-0.32003168404617005,-0.19051390716631744,,9219.107191835154,
Sweden,1934,0.296129047870636,0.035849764475384814,0.3425949689665031,,10008.267662525383,
Sweden,1935,0.10154305398464203,0.0028773793714030665,0.10471261124488973,,10621.685395777553,
Sweden,1936,0.39945775270462036,0.005306875865251181,0.40688450127688736,,11207.37248210606,
Sweden,1937,-0.006134969647973776,-0.018496266994289,-0.02451776260565197,,12185.3631764319,
Sweden,1938,0.08836907148361206,0.07072700599314546,0.16534615732518776,,12675.645130473358,
Sweden,1939,-0.1976119428873062,0.008982661374555962,-0.19040436267927496,,13872.320428975812,
Sweden,1940,0.115699402987957,0.00023809523809510612,0.11596504570295396,,14714.919937583007,
Sweden,1941,0.24374791979789734,-0.0009521542489882314,0.2425636799313915,,16291.072222900508,
Sweden,1942,0.145844504237175,-0.001667857993805021,0.1439333983211255,,17748.084027444802,
Sweden,1943,0.1179223284125328,0.0,0.1179223284125328,,19062.000488804377,
Sweden,1944,0.15341146290302277,0.0,0.15341146290302277,,19855.631158511256,
Sweden,1945,0.10070767253637314,0.0,0.10070767253637314,,20804.686482759,
Sweden,1946,0.14259809255599976,-0.06921241050119342,0.0635161243361333,,23696.234304288486,
Sweden,1947,-0.03505987673997879,0.1410256410256411,0.10102142269412684,,26393.38600624014,
Sweden,1948,-0.045005980879068375,0.16853932584269662,0.11594806728738072,,28833.18099995281,
Sweden,1949,0.1416940689086914,0.24999999999999994,0.42711758613586426,,30209.456735929052,
Sweden,1950,0.2848326861858368,-0.05846153846153845,0.20971939068574175,,32066.0,
Sweden,1951,0.231614887714386,0.014705882352941154,0.24972687135724447,,39593.0,
Sweden,1952,-0.11040817946195602,-0.07246376811594206,-0.17487135486326355,,43159.0,
Sweden,1953,0.1832440346479416,-0.03472222222222225,0.14215917233377695,,44437.0,
Sweden,1954,0.38267743587493896,-0.014388489208632947,0.36278279650983225,,47279.0,
Sweden,1955,-0.026318924501538277,-0.04744525547445268,-0.0725154718792026,,50827.0,
Sweden,1956,0.02586839348077774,0.019157088122605467,0.04552104469688478,,55241.0,
Sweden,1957,0.08447094261646271,-0.0075187969924812095,0.0763170257546848,,58963.0,
Sweden,1958,0.22361476719379425,-0.020833333333333395,0.19812279287725687,,62269.0,
Sweden,1959,0.48297393321990967,0.0021276593810444946,0.48612919662076925,,66245.0,
Sweden,1960,0.037926752120256424,-0.0001930129319037535,0.03772641883472838,,72161.0,
Sweden,1961,0.02454542927443981,0.0009652509654374581,0.025534372739181466,,78522.0,
Sweden,1962,-0.050706472247838974,0.000578592092686175,-0.05015721851904342,,85196.0,
Sweden,1963,0.2825291156768799,0.0023130300698368323,0.2854956440868819,,91007.0,
Sweden,1964,0.1993495374917984,-0.01000000000192317,0.1873560421145739,,101508.0,
Sweden,1965,0.10509373992681503,0.006216006217213682,0.11196300948480409,,111664.0,
Sweden,1966,-0.20086149871349335,0.0,-0.20086149871349335,,121617.0,
Sweden,1967,0.08164708316326141,-0.00289575289631186,0.07851490048940413,,132066.0,
Sweden,1968,0.39471855759620667,0.0029041626336696693,0.3987690471156633,,140024.0,
Sweden,1969,0.055658869445323944,-0.0019305019308745732,0.05362091795951485,,152127.0,
Sweden,1970,-0.19097819924354553,0.0,-0.19097819924354553,,172226.0,
Sweden,1971,0.2689801752567291,-0.05899419730348045,0.19411770842342846,,186215.0,
Sweden,1972,0.14547640085220337,-0.025077081197343674,0.1167511961383918,,203758.0,
Sweden,1973,0.03352245315909386,-0.03278515708049444,-0.0003617428139449652,,226744.0,
Sweden,1974,0.015281724743545055,-0.1105177111957533,-0.09692488769398833,,256127.0,
Sweden,1975,0.34351393580436707,0.07474574196170723,0.4439358817719581,0.0265813304647278,300785.0,7995.265483833152
Sweden,1976,0.04854458197951317,-0.0590582601890454,-0.013380636762846732,0.0291374723707969,340197.0,9912.480688127993
Sweden,1977,-0.12464790046215057,0.13158851329979127,-0.009461619070114002,0.0805766602592002,370016.0,29814.65352246822
Sweden,1978,0.2137739360332489,-0.08009422852127525,0.11655764902743426,0.09804073716943501,412450.0,40436.90204553347
Sweden,1979,0.037303511053323746,-0.034687463632798655,0.0013220832374871705,0.08665144248368821,462307.0,40059.568420306445
Sweden,1980,0.28443795442581177,0.05457614857218748,0.35453763105831126,0.0909864532339077,548581.0,49913.439501510315
Sweden,1981,0.6341965198516846,0.27401207470591205,1.081986098733426,0.132941338845297,599426.0,79688.49497868099
Sweden,1982,0.4028656780719757,0.30936995159026576,0.8368701649847481,0.16282269114581202,656083.0,106825.1996750178
Sweden,1983,0.6938130259513855,0.09685379396762671,0.8578652437865633,0.288426106408633,736242.0,212351.41343450476
Sweden,1984,-0.09382207691669464,0.12354705675834862,0.018133538379640823,0.23544903670018202,826116.0,194508.21640260756
Sweden,1985,0.2871450185775757,-0.1528449858167862,0.09041135646893905,0.327275683953513,899754.0,294467.6057399091
Sweden,1986,0.5361402630805969,-0.10458932440417569,0.37547639077494455,0.421580682192082,985263.0,415367.8476786173
Sweden,1987,-0.05962241068482399,-0.14239624578383928,-0.19352864902256206,0.38511304510345,1068065.0,411325.7645184163
Sweden,1988,0.5541656017303467,0.0528385772913817,0.6362855010009825,0.482252717150082,1165476.0,562053.967773209
Sweden,1989,0.2707771062850952,0.011369173298684471,0.2852247914304513,0.547890997695602,1293305.0,708590.1667747105
Sweden,1990,-0.293403685092926,-0.08495262566243775,-0.35343089732768473,0.351917790230162,1421418.0,500222.2815533764
Sweden,1991,0.08584516495466232,-0.029571779571779703,0.05373479108754031,0.35443443342659403,1532495.0,543168.9970540882
Sweden,1992,0.025579186156392097,0.27371371733429795,0.3062942776199422,0.275015210952521,1529379.0,420602.48831135564
Sweden,1993,0.5664348602294922,0.17897202896492964,0.8467828854061605,0.472667158082482,1657500.0,783445.8145217139
Sweden,1994,0.06545403599739075,-0.10140302282170165,-0.04258622393032685,0.52147121380994,1767220.0,921554.3584692022
Sweden,1995,0.2063262164592743,-0.10765931783153523,0.0764539589129718,0.6461337838380091,1906770.0,1232028.5150088007
Sweden,1996,0.4263000190258026,0.03196058994923561,0.47188540907847343,0.8233691094659661,1956430.0,1610864.0268325
Sweden,1997,0.27918389439582825,0.14641245815747334,0.4664723528097712,0.986805249036771,2047270.0,2020256.78219551
Sweden,1998,0.1308850795030594,0.02335914688333124,0.157301590183339,1.0288677728572702,2152910.0,2215059.7168621453
Sweden,1999,0.6975719332695007,0.05756109663813428,0.795286035370611,1.36074615242344,2264490.0,3081396.0547013558
Sweden,2000,-0.10803400725126266,0.11847507331378296,-0.002358270866954837,1.2488953730788501,2408150.0,3007527.392679833
Sweden,2001,-0.1484220325946808,0.11877294179339279,-0.0472776122395131,0.975325930598806,2503730.0,2441952.7922181487
Sweden,2002,-0.35903021693229675,-0.17272088118115783,-0.469739082674246,0.669918435749111,2598340.0,1740675.8683443451
Sweden,2003,0.3549365699291229,-0.1853597733711048,0.10378583439483857,0.867707425819109,2703550.0,2345890.411073252
Sweden,2004,0.21351516246795654,-0.07992544372113718,0.11652442464537716,,2830190.0,
Sweden,2005,0.3700100779533386,0.2031566534635503,0.6483367406016765,,2931090.0,
Sweden,2006,0.2579578757286072,-0.13746481704865304,0.08503292648666205,,3121670.0,
Sweden,2007,-0.02822384424507618,-0.06567216362682829,-0.09204248695446371,,3320280.0,
Sweden,2008,-0.3926890194416046,0.21781838592989902,-0.2604055218988707,,3412250.0,
Sweden,2009,0.5224274396896362,-0.08886641231147412,0.38713477511987526,,3341170.0,
Sweden,2010,0.26483967900276184,-0.0571629312161878,0.19253773543242203,,3573580.0,
Sweden,2011,-0.13710713386535645,0.026528756874375895,-0.11421565881103701,,3727910.0,
Sweden,2012,0.16564112901687622,-0.05563540804622727,0.1007902091685573,,3743090.0,
Sweden,2013,0.27765005826950073,-0.012406795295564642,0.2617985155371847,,3822670.0,
Sweden,2014,0.1567372977733612,0.2043650175908341,0.39313393598078794,,3992730.0,
Sweden,2015,0.10191266238689423,0.0910218959232737,0.2022108420592117,,4260470.0,
Sweden,2016,0.09669999778270721,0.07361861434935094,0.17743753197640633,,4415030.0,
Sweden,2017,0.10840000212192535,-0.094259672044316,0.00392258142799351,,4625090.0,
Sweden,2018,-0.04039999842643738,0.09115497076023399,0.047072311658521215,,4828310.0,
Sweden,2019,0.3384999930858612,0.03830865768964513,0.3897761311385799,,5049620.0,
Sweden,2020,0.1656000018119812,-0.12066499629004349,0.02495288191766387,,4983360.0,
Switzerland,1871,,0.028106353990008524,,,1593.8727640037382,
Switzerland,1872,,0.005867130937770694,,,1712.6430641981267,
Switzerland,1873,,-0.017461988760664644,,,1850.1624850896694,
Switzerland,1874,,0.01804705200220198,,,1886.074309116922,
Switzerland,1875,,-0.03139034673325209,,,2021.193108463325,
Switzerland,1876,,0.031398028215525016,,,2089.989593511469,
Switzerland,1877,,0.06638036588104582,,,1918.3605094035827,
Switzerland,1878,,0.04066995635534459,,,1818.1478938905184,
Switzerland,1879,,0.008492957297373078,,,1765.9815840009333,
Switzerland,1880,,0.002735176261105648,,,1848.1950366098574,
Switzerland,1881,,0.0034227937523231894,,,1837.8828772796624,
Switzerland,1882,,-0.01135001126112564,,,1773.8107947836947,
Switzerland,1883,,0.005061147163343239,,,1756.5503385685354,
Switzerland,1884,,-0.0009699321047527687,,,1799.0806050463475,
Switzerland,1885,,0.0029617115643515057,,,1794.9363679850064,
Switzerland,1886,,-0.002589493096696462,,,1792.5089589520212,
Switzerland,1887,,0.004363011715953086,,,1812.9677716500964,
Switzerland,1888,,-0.0029772283259759907,,,1847.8818103596793,
Switzerland,1889,,-0.0020381948102376397,,,1934.9123622509185,
Switzerland,1890,,0.0010250093898399378,,,2148.5452870743,
Switzerland,1891,,0.0015822158933588009,,,2136.34406282141,
Switzerland,1892,,-0.006606797307885294,,,2253.16377551509,
Switzerland,1893,,0.0030221962467805283,,,2289.4331331926,
Switzerland,1894,,-0.004577325728196214,,,2286.06392866269,
Switzerland,1895,,0.0007023228803717626,,,2481.2595950991,
Switzerland,1896,,0.0035007353140018185,,,2644.60841007428,
Switzerland,1897,,0.0011442200962939832,,,2828.70875713945,
Switzerland,1898,,0.008409577551221303,,,2919.15013310536,
Switzerland,1899,,-0.004453044572394623,,,2978.51557400157,
Switzerland,1900,0.06717817485332489,-0.0024842271293375154,0.06452706187951729,,3072.68181892849,
Switzerland,1901,0.03180791437625885,-0.004786175257397405,0.026869500866084417,,3074.49984174935,
Switzerland,1902,0.08464536815881729,0.0017565304076180184,0.0865505807294702,,3209.38167022523,
Switzerland,1903,0.07650520652532578,-0.001512536849390889,0.0748769527318951,,3245.14770888331,
Switzerland,1904,0.1426810771226883,0.0005347838166164405,0.14329216447028736,,3445.13386131766,
Switzerland,1905,0.07414871454238892,-0.00021698054201874813,0.07391564517209881,,3661.23919286058,
Switzerland,1906,0.06805161386728287,0.002392111779271212,0.07060651271368434,,4040.62326107662,
Switzerland,1907,-0.07123715430498123,-0.0001474153796135594,-0.0713740682324504,,4265.06473341887,
Switzerland,1908,0.09107472747564316,-0.003951904175470029,0.0867629047043823,,4289.54083436239,
Switzerland,1909,0.11583172529935837,-0.00038824608337684213,0.11539850800230322,,4586.80962397439,
Switzerland,1910,0.06308232992887497,0.004972749333651686,0.0683687718766457,,4817.19488631367,
Switzerland,1911,0.037536170333623886,0.0009220297353770287,0.038492809534200756,,4988.9990976937,
Switzerland,1912,0.007718436885625124,0.00013453476947616338,0.007854010053228277,,5184.09902248617,
Switzerland,1913,0.046336449682712555,-0.00028909352322590377,0.04603396059199416,,5192.40227624873,
Switzerland,1914,0.06035903841257095,-0.016013613622426166,0.043378858470384696,,4858.70871890016,
Switzerland,1915,-0.01672138273715973,0.04160312328432869,0.024186078799670607,,5222.71130766045,
Switzerland,1916,0.08325892686843872,-0.020122386154596942,0.06146117243657767,,6537.62755766299,
Switzerland,1917,-0.0221231859177351,-0.0864909390444811,-0.10670066983753568,,7915.56960524934,
Switzerland,1918,0.050554729998111725,-0.08165747478348401,-0.035230916375378896,,9568.99575821377,
Switzerland,1919,-0.06939145922660828,0.20290914073025376,0.11943752013795583,,9758.2660051866,
Switzerland,1920,-0.15303678810596466,0.12304713453178688,-0.0488203918285649,,11072.6969104021,
Switzerland,1921,-0.13197241723537445,-0.02597995300958397,-0.15452373304662226,,8244.74443958001,
Switzerland,1922,0.27203482389450073,-0.08975426905456073,0.15786426806390286,,7699.93107690238,
Switzerland,1923,0.14259107410907745,0.05565088080530772,0.20617727378353035,,8357.04075894539,
Switzerland,1924,0.12084880471229553,-0.008939697675678622,0.11082875525802183,,9069.0190169111,
Switzerland,1925,0.17510651051998138,-0.057110576572636435,0.10799550016992643,,9285.10001612094,
Switzerland,1926,0.21690000593662262,0.0007150863901666458,0.21777019456906155,,9195.85231529525,
Switzerland,1927,0.26099103689193726,0.002645860290851512,0.26432744300356914,,9590.05577176255,
Switzerland,1928,0.21114370226860046,0.00011557130749662721,0.21128367572983797,,10291.7804071838,
Switzerland,1929,-0.061824049800634384,-0.0010207619120989335,-0.06278170407744521,,10475.3297769383,
Switzerland,1930,-0.055574674159288406,-0.005301818041604785,-0.060581845390779154,,10305.281768776,
Switzerland,1931,-0.3009048402309418,-0.0009691049346823067,-0.3015823368000865,,9914.74369104872,
Switzerland,1932,0.051598332822322845,-0.00021340990221948257,0.05137391132494096,,8938.41026207711,
Switzerland,1933,0.09540724009275436,-0.21865600683057446,-0.1441101328792277,,8817.45761642918,
Switzerland,1934,-0.07246813923120499,-0.23268347199801326,-0.28828947298366614,,8629.75594993075,
Switzerland,1935,-0.11325202882289886,-0.004013464526152242,-0.11681096034885563,,8181.74177146449,
Switzerland,1936,0.5251672863960266,0.07646561809437152,0.641790145647614,,8169.27243748867,
Switzerland,1937,0.0778479129076004,0.3161056603773586,0.41856173920361517,,9409.90034874916,
Switzerland,1938,0.017958728596568108,0.002913111294614118,0.020924155666293798,,9272.21253159113,
Switzerland,1939,-0.16496822237968445,0.01539235642567993,-0.15211511563178348,,9698.1730373876,
Switzerland,1940,0.03621809557080269,-0.006689791873141737,0.029286012176250598,,10847.9822272222,
Switzerland,1941,0.3466092646121979,-0.02297104242726596,0.31567624606184164,,11839.8896820956,
Switzerland,1942,0.06427798420190811,-0.0019960079840320253,0.0621536768482116,,12795.2649599505,
Switzerland,1943,-0.015993637964129448,-0.0006976744186046776,-0.01668015403066614,,13459.0633281527,
Switzerland,1944,0.05572018772363663,-0.0016290435187339245,0.054000373594228934,,13940.3666702224,
Switzerland,1945,0.16046442091464996,0.0,0.16046442091464996,,14839.8654025822,
Switzerland,1946,0.07589972764253616,-0.16083916083916083,-0.097147081698571,,18136.8603196456,
Switzerland,1947,0.0986817479133606,0.14999999999999988,0.2634840101003646,,20227.0551247964,
Switzerland,1948,-0.052148569375276566,-0.03623188405797089,-0.08649101251385338,,20079.8914030789,
Switzerland,1949,0.14061886072158813,0.07769423558897233,0.22923837120371626,,21160.61752811,
Switzerland,1950,0.09681397676467896,-0.0023255813953487877,0.09426324658615659,,23192.3826431686,
Switzerland,1951,0.19533558189868927,0.016317016317016382,0.2148398920928405,,24505.4648850815,
Switzerland,1952,0.0836869552731514,-0.018348623853211024,0.06380279095621288,,25721.2817757415,
Switzerland,1953,0.10475537180900574,0.002336448598130791,0.10733657594874635,,27255.9128732858,
Switzerland,1954,0.26142799854278564,-0.002331002331002281,0.2584876069377908,,29401.1542314726,
Switzerland,1955,0.05989021435379982,0.0,0.05989021435379982,,31611.2391571613,
Switzerland,1956,0.02119489386677742,0.0,0.02119489386677742,,33626.7933803444,
Switzerland,1957,-0.10254386067390442,0.0,-0.10254386067390442,,34572.4287397467,
Switzerland,1958,0.22764143347740173,0.006542055841121378,0.23567273228808516,,36717.6700979335,
Switzerland,1959,0.2919606864452362,0.0034818941512261984,0.2964591568029842,,40386.7352924143,
Switzerland,1960,0.4446042478084564,-0.004163775157104894,0.4385892405295835,,45433.7262963098,
Switzerland,1961,0.4939022660255432,0.002555168409420509,0.49771943790245343,,50383.4519489525,
Switzerland,1962,-0.17714400589466095,0.0006950880446467103,-0.17657204853069242,,55403.4247997222,
Switzerland,1963,-0.0015776043292135,-0.0009261403104713359,-0.0025022835567215518,,61412.2620548955,
Switzerland,1964,-0.06931748241186142,0.0,-0.06931748241186142,,65772.9919693962,
Switzerland,1965,-0.06999652832746506,0.0006952491310997364,-0.06934994422186513,,70630.8559014113,
Switzerland,1966,-0.12094684690237045,0.0020842982867262045,-0.11911463792142785,,76029.0828959419,
Switzerland,1967,0.47190824151039124,-0.0004622140051911241,0.4712279049068089,,81184.1465123405,
Switzerland,1968,0.3949434161186218,-0.005317919076374013,0.3875252199155823,,87965.702946911,
Switzerland,1969,0.044843293726444244,0.003719200372784568,0.048729275293973195,,97984.0341259498,
Switzerland,1970,-0.10649757087230682,-0.00046317739705045046,-0.10691142100168849,,111309.387247584,
Switzerland,1971,0.15500229597091675,-0.09291010196777338,0.04769091487924659,,126131.546052386,
Switzerland,1972,0.20729142427444458,-0.0360153256796974,0.16381043043889476,,140559.239821552,
Switzerland,1973,-0.19998852908611298,-0.14043455223646908,-0.3123377817879437,,152490.456241896,
Switzerland,1974,-0.33138006925582886,-0.21701602965999267,-0.4764813119774681,,151469.170053742,
Switzerland,1975,0.46756646037101746,0.03149606300452604,0.5137890260701923,0.251573937867168,153419.880709423,38596.443537180705
Switzerland,1976,0.07885533571243286,-0.0650763355210215,0.008647383906966288,0.305212627373733,157559.061768292,48089.01520884069
Switzerland,1977,0.08091741800308228,-0.18350683853847727,-0.1174383200958371,0.408255762174185,163919.135014101,66920.93140011493
Switzerland,1978,-0.005118068773299456,-0.19000000009499995,-0.19414563580088628,0.372038075720683,171343.723493065,63746.38917517668
Switzerland,1979,0.10928911715745926,-0.02469135803993296,0.08189926239592338,0.378964288217788,184080.080876557,69759.77682445728
Switzerland,1980,0.06066768616437912,0.11613924057983496,0.1838528257430807,0.34865936479512,197615.666980773,68900.55292308028
Switzerland,1981,-0.11905225366353989,0.019846895389762868,-0.10156817589815281,0.34163861590532,209358.794255031,71525.04869689546
Switzerland,1982,0.13255594670772552,0.10897970537057541,0.25598156009562656,0.336791259777556,215683.711548049,72640.38892576643
Switzerland,1983,0.27294543385505676,0.09275507650677108,0.3910175849612274,0.384537154161256,230525.3421649,88645.55903814045
Switzerland,1984,0.04520061984658241,0.18605184729802796,0.23966212596608294,0.36615280890767105,244420.819611648,89495.3696563201
Switzerland,1985,0.6135658025741577,-0.19671179922630555,0.29615837037975745,0.7578369246175871,256518.742620639,194399.37501439542
Switzerland,1986,0.09712424874305725,-0.21815554982815108,-0.1422194949712816,0.808650662094167,266301.694812038,215345.04182655332
Switzerland,1987,-0.2748204469680786,-0.21281182630120107,-0.42914723204509053,0.6510158259536251,282703.981678814,184044.76613301158
Switzerland,1988,0.23610004782676697,0.17683881064162751,0.45469051011851125,0.651116001010613,305147.944804206,198686.70953752188
Switzerland,1989,0.22585652768611908,0.028257978723404242,0.26049675536341965,0.82138903119755,330925.051208594,271818.20721122663
Switzerland,1990,-0.19314707815647125,-0.1623019721952796,-0.3241008986431998,0.593138396010364,369509.23,219170.11199322465
Switzerland,1991,0.17670057713985443,0.04631416441528354,0.23119848113706865,0.70537859868005,385929.29,272226.26176978665
Switzerland,1992,0.17640012502670288,0.07414238288454447,0.2636212335218586,0.6935449811511071,393956.52,273226.56723775575
Switzerland,1993,0.5081000328063965,0.016140109890109944,0.5324409330611701,0.9950106178029899,402596.44,400587.73248968436
Switzerland,1994,-0.07619982957839966,-0.11355187563365997,-0.18109907164046712,0.945588810622816,412537.28,390090.6359327716
Switzerland,1995,0.23059991002082825,-0.1227601982462829,0.07953122110481337,1.12829257361019,417579.2,471151.5102540843
Switzerland,1996,0.182899609208107,0.17027379400260753,0.3843164135921733,1.17694801475774,420822.45,495286.1470929883
Switzerland,1997,0.5518854260444641,0.08088235294117646,0.6774055707980604,1.9517042141862002,428309.62,835933.69033049
Switzerland,1998,0.15365493297576904,-0.05414691128976842,0.09118808166092629,2.271144034009,440568.64,1000594.8383074589
Switzerland,1999,0.11690592765808105,0.16207773338176523,0.29793150881356056,2.27691182218586,448437.47,1021052.5769541168
Switzerland,2000,0.11910942941904068,0.02306826706676679,0.14492534461381612,2.83764488384759,472595.74,1341058.8837391657
Switzerland,2001,-0.2202742099761963,0.024931255728689244,-0.2008346669068587,1.8401527751857902,484723.49,891965.2753212416
Switzerland,2002,-0.25951531529426575,-0.17319501579920107,-0.3877635719609418,1.98080931922611,483439.96,957602.3780542979
Switzerland,2003,0.22063781321048737,-0.10809056821459469,0.08869837839634553,2.0081546814307503,488937.34,981861.8082472985
Switzerland,2004,0.06890685111284256,-0.08513218530196472,-0.02209152500663558,2.05266553359768,504278.2,1035114.4804846776
Switzerland,2005,0.35608187317848206,0.1614528101802758,0.5750251024376805,2.2441587935865703,523662.57,1175181.961337643
Switzerland,2006,0.20666758716106415,-0.07152096172867692,0.12036556084048278,2.74555956843088,556438.83,1527735.9539529835
Switzerland,2007,-0.0005397464265115559,-0.07768581496353355,-0.0781836307490279,2.5974137859237,592442.27,1538817.719461931
Switzerland,2008,-0.3404650092124939,-0.05490892936472666,-0.37667936943521074,1.5518851597191599,617696.48,958594.0005227628
Switzerland,2009,0.23181472718715668,-0.031211807840556657,0.19336756262702348,1.9210785405491002,607377.28,1166819.4586250822
Switzerland,2010,0.02918740175664425,-0.08820960698689954,-0.06159681446817755,2.0528586921602803,629325.24,1291915.7891298544
Switzerland,2011,-0.07721107453107834,0.0013835674755214643,-0.07593433378702819,1.5219128930788501,641200.31,975851.0188351556
Switzerland,2012,0.17722399532794952,-0.025826336486342853,0.14682061230481303,1.79691521499822,648980.52,1166162.9706254567
Switzerland,2013,0.24600191414356232,-0.02738380973161686,0.21188163480142475,2.1815684108399003,660648.77,1441250.4872922348
Switzerland,2014,0.13001148402690887,0.10947840717891197,0.2537233413920532,2.05813680009389,672818.21,1384751.917774299
Switzerland,2015,0.026751631870865822,0.003033060357901125,0.029865831542903676,2.18885413149087,675735.65,1479086.7692981684
Switzerland,2016,-0.007899999618530273,0.0240903134764641,0.01600000039065952,2.04007104415449,685440.98,1398348.2957748768
Switzerland,2017,0.2004999965429306,-0.0400590551181103,0.15240910101212624,2.42591347670345,693694.13,1682841.938677075
Switzerland,2018,-0.09059999883174896,0.009638060084076772,-0.0818351469800298,1.9862494692841501,719271.62,1428652.8734961508
Switzerland,2019,0.29899999499320984,-0.016756372499238417,0.2772334672005947,2.54301608931646,727212.15,1849312.197796415
Switzerland,2020,0.03999999910593033,-0.09047717413757478,-0.054096261916254496,2.69758015141163,706241.81,1905143.888753024
UK,1871,0.26190000772476196,0.02346368715083804,0.2915088347216559,,1.1416643196064273,
UK,1872,0.06310000270605087,0.0027292576419214,0.06600147651256294,,1.2113605067968172,
UK,1873,0.04969999939203262,-0.018508437670114394,0.030271692380966053,,1.2700453089255994,
UK,1874,0.031700000166893005,0.02329450915141436,0.055732945262294775,,1.2628970528012518,
UK,1875,0.07530000060796738,-0.0303523035230352,0.04266216861119432,,1.2362135160304137,
UK,1876,0.06840000301599503,0.030743432084963693,0.10124628594829232,,1.2199570661959416,
UK,1877,0.08870001137256622,0.06832971800433839,0.16309057614097355,,1.2067037000313108,
UK,1878,0.0051999990828335285,0.03807106598984761,0.04346903458091078,,1.1750970680397863,
UK,1879,0.15649999678134918,0.007334963325183381,0.164982881843315,,1.1338586452263069,
UK,1880,0.13809999823570251,0.0019417475728155896,0.14030990114489805,,1.2089683072536384,
UK,1881,0.16680000722408295,0.0029069767441859953,0.17019186771019945,,1.233361730941166,
UK,1882,0.015599999576807022,-0.00821256038647333,0.0072593232517801365,,1.273562388077339,
UK,1883,0.003100000089034438,0.004383828543594662,0.007497418501504649,,1.2754934168687306,
UK,1884,0.03399999812245369,-0.0009699321047526951,0.032997088327960444,,1.2352181773002469,
UK,1885,0.029600001871585846,-0.0004854368932038301,0.02910019604543468,,1.2079566289432988,
UK,1886,0.026500001549720764,-0.0009713453132588914,0.025502915584155073,,1.2165618409037138,
UK,1887,0.031700000166893005,0.0019445794846864922,0.03370622282156854,,1.2690201275511925,
UK,1888,0.13610000908374786,-0.0038816108685104083,0.13169011094077376,,1.322937438231832,
UK,1889,0.09220000356435776,0.00048709206039936184,0.09273200551446226,,1.397142843680691,
UK,1890,0.0421999990940094,0.0014605647517039666,0.04372219967691193,,1.4316269554317091,
UK,1891,-0.004100000951439142,0.0,-0.004100000951439142,,1.4330090826405157,
UK,1892,0.00430000014603138,-0.002430724355858048,0.0018588236750882725,,1.3946792968131971,
UK,1893,-0.0009000006248243153,0.0019493177387914788,0.0010475627267843013,,1.3958294155586417,
UK,1894,0.10750000178813934,-0.002918287937743274,0.10426799789187036,,1.4729557891403693,
UK,1895,0.12319999933242798,-0.0019512195121950426,0.12100838957763305,,1.509769366822559,
UK,1896,0.12210000306367874,0.003421309872922806,0.12593905488256718,,1.5585576286389358,
UK,1897,0.06830000132322311,0.0014612761811982206,0.06986108266953095,,1.6035870105728756,
UK,1898,0.052400004118680954,0.003404669260700419,0.05598307806266467,,1.6924998280105072,
UK,1899,0.04670000076293945,-0.0033931168201648382,0.04314842538468411,,1.7956273473897653,
UK,1900,0.09459999948740005,0.0,0.09459999948740005,,1.8714349064986506,
UK,1901,0.04909999668598175,-0.0019455252918288495,0.04705894610877159,,1.8785182857809597,
UK,1902,0.05889999866485596,0.00048732943469793736,0.059416031802606906,,1.8919458597158065,
UK,1903,0.016699999570846558,0.0014612761811982206,0.018185679063643656,,1.8668271160785994,
UK,1904,0.1111999973654747,-0.0009727626459144248,0.11011906351589729,,1.866781811169302,
UK,1905,0.10940000414848328,0.000973709834469356,0.11048023784288286,,1.9348655631012548,
UK,1906,0.09630001336336136,0.0024319066147859944,0.09896611261764976,,2.017663249683303,
UK,1907,-0.0015999986790120602,-0.0014556040756913862,-0.0030532737901051155,,2.097790788168081,
UK,1908,0.04568224027752876,-0.001457725947521975,0.044157922143013284,,1.9960522946311978,
UK,1909,0.11060185730457306,-0.0014598540145985145,0.10898054072456653,,2.0367114578110277,
UK,1910,0.014817390590906143,0.0019493177387914788,0.016795592132019088,,2.123974440616431,
UK,1911,0.016035713255405426,0.0004863813229571449,0.01652989404979044,,2.2106091708297955,
UK,1912,0.03442201763391495,-0.0009722897423432461,0.03341625971691564,,2.308645913502377,
UK,1913,-0.037962961941957474,-0.00048661800486612646,-0.03843110648602466,,2.4022142008375655,
UK,1914,-0.000639998004771769,-0.012658227848101222,-0.013290124612306276,,2.4327477351255142,
UK,1915,0.026000000536441803,0.03648915187376721,0.06343787037850124,,2.927498680768331,
UK,1916,-0.024708330631256104,-0.0019029495718364008,-0.026564261495896968,,3.412901360308623,
UK,1917,0.09510112553834915,0.0004766444232603277,0.09562309938274294,,4.2514249010007825,
UK,1918,0.20774193108081818,0.0,0.20774193108081818,,5.072258235179151,
UK,1919,0.09555556625127792,0.07622677465459736,0.17906623352150386,,5.447924051357988,
UK,1920,-0.21339653432369232,0.2080566622399291,-0.04973844274871908,,6.022474339139348,
UK,1921,-0.007441862020641565,-0.04800293147673141,-0.05508756230473677,,4.7383480309660015,
UK,1922,0.2624000012874603,-0.13086989992301762,0.09718983945615323,,4.304843739481654,
UK,1923,0.0091249980032444,-0.0318866253321524,-0.02305259272139404,,4.1080620161561745,
UK,1924,0.20171739161014557,0.03568161024702654,0.24459660320465204,,4.216194547290473,
UK,1925,0.15123584866523743,-0.08524734982332148,0.05309604354492348,,4.353552086839447,
UK,1926,0.06591453403234482,-0.006277160791887956,0.059223617111813454,,4.1996337091888245,
UK,1927,0.0857815146446228,-0.00048590864917403664,0.08525392401554366,,4.441227112083473,
UK,1928,0.1646854728460312,-0.0009722897423432461,0.16355306110772694,,4.441227112083473,
UK,1929,-0.1423381268978119,0.001946472019464776,-0.1406687120596567,,4.53085047122181,
UK,1930,-0.04860176891088486,-0.0009713453132588914,-0.049525905123696146,,4.456813783237966,
UK,1931,-0.20131374895572662,0.0719494409333982,-0.1438487197118994,,4.168460366879837,
UK,1932,0.34228572249412537,0.2934240362811792,0.7361446170309507,,4.077862840794343,
UK,1933,0.24409089982509613,-0.17251051893408142,0.02947213309510044,,4.150925361831031,
UK,1934,0.14047059416770935,-0.15889830508474567,-0.04074825024453255,,4.362319589363849,
UK,1935,0.13990840315818787,0.02770780856423162,0.1714927669736539,,4.558127145742173,
UK,1936,0.19197221100330353,-0.013725490196078417,0.1756118081071798,,4.816281386738471,
UK,1937,-0.13043372333049774,0.005467196819085575,-0.12567963334870613,,5.15139481656008,
UK,1938,-0.09789854288101196,0.010874938210578248,-0.08808824527517045,,5.31310652978795,
UK,1939,0.0182711873203516,0.10268948655256734,0.12283693271755158,,5.715437478963311,
UK,1940,-0.048894740641117096,0.1578713968957871,0.10125757524879964,,6.937042830696734,
UK,1941,0.22733333706855774,-0.05017234775947913,0.16575514206435216,,8.357378239649949,
UK,1942,0.184369757771492,-0.0008064516129032489,0.18341462087006333,,9.157169303264892,
UK,1943,0.1104000061750412,0.0,0.1104000061750412,,9.746540306294175,
UK,1944,0.12449999898672104,0.0,0.12449999898672104,,9.831292830696734,
UK,1945,0.06461538374423981,0.0012106537530266132,0.06590426435409946,,9.568267754964657,
UK,1946,0.17731250822544098,0.34354426978368935,0.5817714741709537,,9.626717771794008,
UK,1947,-0.02576923370361328,0.20000000000000012,0.16907691955566428,,10.403128828677213,
UK,1948,-0.036758825182914734,-0.17491749174917498,-0.20524655543144776,,11.577,
UK,1949,-0.05700637027621269,0.273109243697479,0.20053390674919136,,12.331,
UK,1950,0.10957446694374084,-0.05555555555555562,0.04793144100242186,,12.898,
UK,1951,0.08229530602693558,0.054393305439330554,0.14116492518321255,,14.477,
UK,1952,-0.001411764300428331,-0.0981132075471697,-0.09938645912378241,,15.715,
UK,1953,0.2443055510520935,-0.01486988847583642,0.22580286627808466,,16.843,
UK,1954,0.4861646890640259,0.0037313432835819164,0.49171007969486147,,17.756,
UK,1955,0.10862810164690018,-0.011070110701106929,0.09635546583531096,,19.292,
UK,1956,-0.09164062142372131,-0.027139574607675028,-0.11629310854917352,,20.933,
UK,1957,-0.009477273561060429,-0.025809610416804064,-0.03504227923944003,,22.18,
UK,1958,0.47742438316345215,0.02030330063168704,0.5074209745754046,,23.27,
UK,1959,0.5486228466033936,0.0008928571431760031,0.5500055455740691,,24.378,
UK,1960,0.018391203135252,-0.0013553035171392596,0.017010973955819075,,26.189,
UK,1961,0.01812826655805111,-0.0015312844989605434,0.01656922252551718,,27.905,
UK,1962,0.003789731068536639,0.0019982158793926254,0.005795519648728931,,29.224,
UK,1963,0.198081836104393,0.0021097046421045787,0.20060943491564354,,31.09,
UK,1964,-0.054099999368190765,0.00232966560421841,-0.051896368671688675,,34.038,
UK,1965,0.11174321174621582,-0.004531183104228208,0.10670569968891108,,36.818,
UK,1966,-0.03840654343366623,0.0045158053202335995,-0.03406417458660216,,39.383,
UK,1967,0.34190231561660767,0.15953954210179097,0.5559887965954142,,41.666,
UK,1968,0.4819520115852356,0.009184700557450246,0.4955632970521573,,45.786,
UK,1969,-0.11873120069503784,-0.006789686344311931,-0.12471473942734701,,49.754,
UK,1970,-0.034857142716646194,0.0029243430684399614,-0.03203473389189526,,56.02,
UK,1971,0.4660159945487976,-0.06221351618500057,0.37480998474446614,,62.841,
UK,1972,0.16374468803405762,0.08704910356758631,0.26504761990896264,,70.502,
UK,1973,-0.28000888228416443,0.010717975211225023,-0.27229203533218393,,81.687,
UK,1974,-0.5019515156745911,-0.01077283372824052,-0.5073169091848309,,92.534,
UK,1975,1.4960688352584839,0.16061279968401906,1.8969694390933771,0.354918446107949,114.936,40.79290652186322
UK,1976,0.0232649315148592,0.18861607153936572,0.21626914304119005,0.299622738238702,136.8,40.98839059105444
UK,1977,0.48560190200805664,-0.10682056668773371,0.32690906496318095,0.43891825344127905,159.524,70.0179954619666
UK,1978,0.08665914088487625,-0.06316048172187785,0.018025226079105616,0.385336139510056,185.837,71.60971215813028
UK,1979,0.11481428891420364,-0.08520683457068663,0.0198244922216535,0.0685562107451771,220.586,15.122540303435638
UK,1980,0.34833088517189026,-0.06750524111845084,0.2573114836609076,0.063679716380704,259.499,16.52482272107631
UK,1981,0.13627363741397858,0.25000000013102713,0.4203420469163559,0.350545659014809,289.653,101.53660177061647
UK,1982,0.2849203944206238,0.18179002798500474,0.5185061088808522,0.38103411847469904,318.999,121.54950275931053
UK,1983,0.28779226541519165,0.11298772929338738,0.43329698928604143,0.461251335172337,350.813,161.81296464581305
UK,1984,0.3157407343387604,0.2543017728095995,0.6503359356389116,0.5122643324436661,377.386,193.3213873635854
UK,1985,0.20136570930480957,-0.1993769471785233,-0.038158918261344654,0.722432225237442,414.161,299.2032528365642
UK,1986,0.27217575907707214,-0.02034588063750419,0.24629222293296382,0.7862569522289191,446.361,350.95443945385256
UK,1987,0.08650869131088257,-0.21212930804167776,-0.14397164555816377,0.9121654555086469,496.226,452.64021532523384
UK,1988,0.11483954638242722,0.034263608731693665,0.15303797239829353,0.7817925153233231,555.98,434.66100266946114
UK,1989,0.3546816408634186,0.1270632201806292,0.5268118524711032,0.87855646708278,615.125,540.4220468142951
UK,1990,-0.09610787779092789,-0.16727178423236508,-0.24730352582641835,0.7774164721337461,669.873,520.770304437649
UK,1991,0.20805393159389496,0.030630245362698427,0.24505691992998857,0.8662235687520641,706.821,612.2650090889027
UK,1992,0.19888730347156525,0.2372354497354497,0.48330587209276255,0.809456098129937,732.295,592.7606533800622
UK,1993,0.2754807472229004,0.020793950850661488,0.3020030311916182,1.08375316778903,771.414,836.0223661768067
UK,1994,-0.059496473520994186,-0.05203199999999988,-0.10843275301074973,1.0024902495316699,812.289,814.3118023018305
UK,1995,0.23020999133586884,0.00806451612903221,0.24013103965309357,0.9857994656757759,853.228,841.1117064996109
UK,1996,0.15809932351112366,-0.0871613663133098,0.05715780414737437,1.20061990896543,911.191,1093.994055470119
UK,1997,0.23567114770412445,0.026726327246341892,0.2686960991665277,1.3179273208539202,952.585,1255.4377969356317
UK,1998,0.1367396116256714,-0.005831079050195483,0.13011119309079344,1.3834424829637701,998.318,1381.115532707425
UK,1999,0.23799023032188416,0.029138827023014048,0.27406381349941467,1.7448402897861601,1041.97,1818.0712367484853
UK,2000,-0.0594029575586319,0.08323281061519924,0.018885577940106923,1.54163358398166,1098.5,1693.4844920038533
UK,2001,-0.13219822943210602,0.028819635962493127,-0.10718849831673238,1.29787370279399,1142.023,1482.2016196859006
UK,2002,-0.22260260581970215,-0.10013649336145927,-0.30044845482125326,1.0366693595257501,1190.336,1233.9848587404433
UK,2003,0.2017573118209839,-0.09687902728749939,0.08533223241612675,1.17688207622641,1259.97,1482.8361095829898
UK,2004,0.12595011293888092,-0.075955265610438,0.040428273046505536,1.15892551894257,1322.795,1533.020881829637
UK,2005,0.21643610298633575,0.1216679249666066,0.3644373594911485,1.19864709043085,1399.656,1677.6935920040817
UK,2006,0.16431647539138794,-0.12282221090168116,0.021312551694564696,1.39043106242558,1476.722,2053.2801393672275
UK,2007,0.05081511661410332,-0.020165718278925698,0.02962467500922683,1.23891584653248,1552.47,1923.3796842662794
UK,2008,-0.29751068353652954,0.37426258746055696,-0.03459521429351309,0.634293117399204,1598.752,1014.0773900282122
UK,2009,0.2895195484161377,-0.09984563136770674,0.16076665494352826,1.15110417691876,1557.12,1792.4073359637393
UK,2010,0.1415793001651764,0.034493771957841216,0.18095667621686595,1.0761553654272,1612.195,1734.9722993649048
UK,2011,-0.03427261859178543,0.012547700666193663,-0.022154960484728203,1.09592307961893,1669.509,1829.6534447315205
UK,2012,0.12145595997571945,-0.02021546261090142,0.09878520894705778,1.21028819426289,1721.355,2083.335634635397
UK,2013,0.20538218319416046,-0.041777993684721446,0.1550237339569991,1.41115984497304,1793.155,2530.4283318126318
UK,2014,0.011954274028539658,0.05509994874423335,0.06771290265902019,1.15736607371526,1876.162,2171.40624759377
UK,2015,0.010998629964888096,0.05324245900533176,0.0648266830752402,,1935.212,
UK,2016,0.15410000085830688,0.20460087790603115,0.39022987422526767,,2016.638,
UK,2017,0.14069999754428864,-0.08951633793435228,0.03858871108239925,,2097.143,
UK,2018,-0.09549999982118607,0.06427474301918024,-0.03736349474884437,,2174.38,
UK,2019,0.18379999697208405,-0.032465800403916514,0.14536698255223124,,2255.283,
UK,2020,-0.09440000355243683,-0.02224292101341324,-0.11454319274316727,,2152.646,
USA,1871,,0.0,,,7.665,
USA,1872,0.13291139900684357,0.0,0.13291139900684357,,8.309,
USA,1873,-0.06311637163162231,0.0,-0.06311637163162231,,8.837,
USA,1874,0.10180995613336563,0.0,0.10180995613336563,,8.563,
USA,1875,0.028634361922740936,0.0,0.028634361922740936,,8.239,
USA,1876,-0.11212814599275589,0.0,-0.11212814599275589,,8.388,
USA,1877,-0.03910614550113678,0.0,-0.03910614550113678,,8.604,
USA,1878,0.11692307144403458,0.0,0.11692307144403458,,8.46,
USA,1879,0.4840579628944397,0.0,0.4840579628944397,,9.449,
USA,1880,0.2398373931646347,0.0,0.2398373931646347,,10.462,
USA,1881,0.08390411734580994,0.0,0.08390411734580994,,11.74,
USA,1882,0.024958403781056404,0.0,0.024958403781056404,,12.331,
USA,1883,-0.029109589755535126,0.0,-0.029109589755535126,,12.435,
USA,1884,-0.12921348214149475,0.0,-0.12921348214149475,,11.896,
USA,1885,0.2534562349319458,0.0,0.2534562349319458,,11.705,
USA,1886,0.126923069357872,0.0,0.126923069357872,,12.297,
USA,1887,-0.021276595070958138,0.0,-0.021276595070958138,,13.273,
USA,1888,0.018975332379341125,0.0,0.018975332379341125,,14.0,
USA,1889,0.07782100886106491,0.0,0.07782100886106491,,13.987,
USA,1890,-0.09398496896028519,0.0,-0.09398496896028519,,15.223,
USA,1891,0.2239130437374115,0.0,0.2239130437374115,,15.558,
USA,1892,0.0628465786576271,0.0,0.0628465786576271,,16.514,
USA,1893,-0.15426497161388397,0.0,-0.15426497161388397,,15.566,
USA,1894,0.022675735875964165,0.0,0.022675735875964165,,14.28,
USA,1895,0.04883720725774765,0.0,0.04883720725774765,,15.754,
USA,1896,0.018518518656492233,0.0,0.018518518656492233,,15.643,
USA,1897,0.16824644804000854,0.0,0.16824644804000854,,16.309,
USA,1898,0.23157894611358643,0.0,0.23157894611358643,,18.263,
USA,1899,0.10265486687421799,0.0,0.10265486687421799,,19.694,
USA,1900,0.191029891371727,0.0,0.191029891371727,,20.766,
USA,1901,0.20378455519676208,0.0,0.20378455519676208,,22.484,
USA,1902,0.0540880486369133,0.0,0.0540880486369133,,24.294,
USA,1903,-0.14037266373634338,0.0,-0.14037266373634338,,26.18,
USA,1904,0.30289193987846375,0.0,0.30289193987846375,,25.928,
USA,1905,0.1963636428117752,0.0,0.1963636428117752,,29.066,
USA,1906,0.07337526232004166,0.0,0.07337526232004166,,31.336,
USA,1907,-0.28760161995887756,0.0,-0.28760161995887756,,34.178,
USA,1908,0.43531203269958496,0.0,0.43531203269958496,,30.423,
USA,1909,0.18936876952648163,0.0,0.18936876952648163,,32.54,
USA,1910,-0.0757281556725502,0.0,-0.0757281556725502,,33.746,
USA,1911,0.058563537895679474,0.0,0.058563537895679474,,34.675,
USA,1912,0.08232710510492325,0.0,0.08232710510492325,,37.745,
USA,1913,-0.09168443828821182,0.0,-0.09168443828821182,,39.517,
USA,1914,-0.033582087606191635,0.0,-0.033582087606191635,,36.831,
USA,1915,0.3482993245124817,0.0,0.3482993245124817,,39.048,
USA,1916,0.09282700717449188,0.0,0.09282700717449188,,50.117,
USA,1917,-0.23571428656578064,0.0,-0.23571428656578064,,60.278,
USA,1918,0.24558822810649872,0.0,0.24558822810649872,,76.567,
USA,1919,0.19620253145694733,0.0,0.19620253145694733,,79.09,
USA,1920,-0.17937219142913818,0.0,-0.17937219142913818,,89.246,
USA,1921,0.1409691572189331,0.0,0.1409691572189331,,74.314,
USA,1922,0.27086183428764343,0.0,0.27086183428764343,,74.14,
USA,1923,0.03416856378316879,0.0,0.03416856378316879,,86.238,
USA,1924,0.2526315748691559,0.0,0.2526315748691559,,87.786,
USA,1925,0.2854330539703369,0.0,0.2854330539703369,,91.449,
USA,1926,0.13804173469543457,0.0,0.13804173469543457,,97.885,
USA,1927,0.3513713777065277,0.0,0.3513713777065277,,96.466,
USA,1928,0.37457045912742615,0.0,0.37457045912742615,,98.305,
USA,1929,-0.03369330242276192,0.0,-0.03369330242276192,,104.556,
USA,1930,-0.22943925857543945,0.0,-0.22943925857543945,,92.16,
USA,1931,-0.40296581387519836,0.0,-0.40296581387519836,,77.391,
USA,1932,-0.13270142674446106,0.0,-0.13270142674446106,,59.522,
USA,1933,0.5263929963111877,0.0,0.5263929963111877,,57.154,
USA,1934,-0.026078233495354652,0.0,-0.026078233495354652,,66.8,
USA,1935,0.4589632749557495,0.0,0.4589632749557495,,74.241,
USA,1936,0.36349692940711975,0.0,0.36349692940711975,,84.83,
USA,1937,-0.3071512281894684,0.0,-0.3071512281894684,,93.003,
USA,1938,0.19782213866710663,0.0,0.19782213866710663,,87.352,
USA,1939,0.02364066056907177,0.0,0.02364066056907177,,93.437,
USA,1940,-0.0945836752653122,0.0,-0.0945836752653122,,102.899,
USA,1941,-0.10066476464271545,0.0,-0.10066476464271545,,129.309,
USA,1942,0.15410959720611572,0.0,0.15410959720611572,,165.952,
USA,1943,0.2699579894542694,0.0,0.2699579894542694,,203.084,
USA,1944,0.19686411321163177,0.0,0.19686411321163177,,224.447,
USA,1945,0.37328243255615234,0.0,0.37328243255615234,,228.007,
USA,1946,-0.08597806841135025,0.0,-0.08597806841135025,,227.535,
USA,1947,0.048909448087215424,0.0,0.048909448087215424,,249.616,
USA,1948,0.0725216269493103,0.0,0.0725216269493103,,274.468,
USA,1949,0.16392362117767334,0.0,0.16392362117767334,,272.475,
USA,1950,0.28295043110847473,0.0,0.28295043110847473,,299.827,
USA,1951,0.25670886039733887,0.0,0.25670886039733887,,346.914,
USA,1952,0.17257581651210785,0.0,0.17257581651210785,,367.341,
USA,1953,0.009216589853167534,0.0,0.009216589853167534,,389.218,
USA,1954,0.4703987240791321,0.0,0.4703987240791321,,390.549,
USA,1955,0.34429511427879333,0.0,0.34429511427879333,,425.478,
USA,1956,0.06193520128726959,0.0,0.06193520128726959,,449.353,
USA,1957,-0.09302325546741486,0.0,-0.09302325546741486,,474.039,
USA,1958,0.36969998478889465,0.0,0.36969998478889465,,481.229,
USA,1959,0.13834361732006073,0.0,0.13834361732006073,,521.654,
USA,1960,-0.005248899571597576,0.0,-0.005248899571597576,,542.382,
USA,1961,0.2985915541648865,0.0,0.2985915541648865,,562.21,
USA,1962,-0.09715639799833298,0.0,-0.09715639799833298,,603.921,
USA,1963,0.22046615183353424,0.0,0.22046615183353424,,637.451,
USA,1964,0.16570042073726654,0.0,0.16570042073726654,,684.46,
USA,1965,0.12494045495986938,0.0,0.12494045495986938,,742.289,
USA,1966,-0.08208873867988586,0.0,-0.08208873867988586,,813.414,
USA,1967,0.20767244696617126,0.0,0.20767244696617126,,859.958,
USA,1968,0.1497376710176468,0.0,0.1497376710176468,,940.651,
USA,1969,-0.11483567953109741,0.0,-0.11483567953109741,,1017.615,
USA,1970,0.02282954752445221,0.0,0.02282954752445221,,1073.303,
USA,1971,0.13536924123764038,0.0,0.13536924123764038,,1164.85,
USA,1972,0.2165977656841278,0.0,0.2165977656841278,,1279.11,
USA,1973,-0.16459573805332184,0.0,-0.16459573805332184,,1425.376,
USA,1974,-0.2543785572052002,0.0,-0.2543785572052002,,1545.243,
USA,1975,0.37736693024635315,0.0,0.37736693024635315,0.417709258212931,1684.904,703.8000000000003
USA,1976,0.22604283690452576,0.0,0.22604283690452576,0.471385899097476,1873.412,883.1000000000008
USA,1977,-0.05931232124567032,0.0,-0.05931232124567032,0.400724171952891,2081.826,834.2379999999993
USA,1978,0.078448086977005,0.0,0.078448086977005,0.366542510011273,2351.599,861.9609999999997
USA,1979,0.18041826784610748,0.0,0.18041826784610748,0.378174711770453,2627.334,993.5912781747112
USA,1980,0.2955473065376282,0.0,0.2955473065376282,0.475901889436452,2857.307,1359.7978000000003
USA,1981,-0.02299625426530838,0.0,-0.02299625426530838,0.393995804855629,3207.042,1263.5610939958062
USA,1982,0.18150241672992706,0.0,0.18150241672992706,0.435692922011526,3343.789,1456.8651999999986
USA,1983,0.230200856924057,0.0,0.230200856924057,0.497802829799798,3634.038,1809.0343999999984
USA,1984,0.046411190181970596,0.0,0.046411190181970596,0.396808634210361,4037.613,1602.1596999999983
USA,1985,0.3082066774368286,0.0,0.3082066774368286,0.5302763392033011,4338.979,2300.8579000000004
USA,1986,0.23917028307914734,0.0,0.23917028307914734,0.554180500568714,4579.631,2537.9422000000004
USA,1987,0.004867256619036198,0.0,0.004867256619036198,0.521453262110947,4855.215,2531.7677000000017
USA,1988,0.18775933980941772,0.0,0.18775933980941772,0.530883913836085,5236.438,2779.9407000000015
USA,1989,0.300759494304657,0.0,0.300759494304657,0.599518858192208,5641.58,3382.2335999999964
USA,1990,-0.022260470315814018,0.0,-0.022260470315814018,0.518761327916951,5963.144,3093.4484999999986
USA,1991,0.2188897281885147,0.0,0.2188897281885147,0.675464122300783,6158.129,4159.595199999999
USA,1992,0.1532006859779358,0.0,0.1532006859779358,0.697180371475234,6520.327,4545.843999999998
USA,1993,0.0984528511762619,0.0,0.0984528511762619,0.76562432866729,6858.559,5251.07963
USA,1994,0.005172228906303644,0.0,0.005172228906303644,0.705032725713837,7287.236,5137.739859999999
USA,1995,0.3804345428943634,0.0,0.3804345428943634,0.9099809430911929,7639.749,6952.025999999998
USA,1996,0.23362676799297333,0.0,0.23362676799297333,1.0504606520253301,8073.122,8480.497000000038
USA,1997,0.31566765904426575,0.0,0.31566765904426575,1.2556193089757302,8577.552,10770.139914943391
USA,1998,0.2534160315990448,0.0,0.2534160315990448,1.42588979630511,9062.817,12922.578286080487
USA,1999,0.2145456075668335,0.0,0.2145456075668335,1.53432869655488,9631.2,14777.42654225936
USA,2000,-0.05703166499733925,0.0,-0.05703166499733925,1.47379061960136,10251.0,15107.82764153354
USA,2001,-0.1279255896806717,0.0,-0.1279255896806717,1.3214665281901699,10581.9,13983.626654655558
USA,2002,-0.20060615241527557,0.0,-0.20060615241527557,1.0114663509761501,10929.1,11054.416896453442
USA,2003,0.22114592790603638,0.0,0.22114592790603638,1.24526145193632,11456.5,14266.337824108452
USA,2004,0.12771135568618774,0.0,0.12771135568618774,1.33612737929627,12217.2,16323.73541833839
USA,2005,0.07094670832157135,0.0,0.07094670832157135,1.3038273454037599,13039.2,17000.865522188706
USA,2006,0.14201273024082184,0.0,0.14201273024082184,1.41644163028722,13815.6,19568.99098739612
USA,2007,0.06391465663909912,0.0,0.06391465663909912,1.3763968155783202,14474.2,19922.242788043724
USA,2008,-0.3875488340854645,0.0,-0.3875488340854645,0.784725069790145,14769.9,11590.310808293463
USA,2009,0.2908405065536499,0.0,0.2908405065536499,1.04138818334713,14478.1,15077.322257318081
USA,2010,0.13858318328857422,0.0,0.13858318328857422,1.1484811293371702,15049.0,17283.492515395075
USA,2011,0.022730018943548203,0.0,0.022730018943548203,1.00262689943548,15599.7,15640.678843123656
USA,2012,0.16907955706119537,0.0,0.16907955706119537,1.1485397505198,16254.0,18668.36510494883
USA,2013,0.2956359088420868,0.0,0.2956359088420868,1.42697743735073,16843.2,24034.86637278582
USA,2014,0.15816636383533478,0.0,0.15816636383533478,1.5002603277454,17550.7,26330.618934161193
USA,2015,0.021029368042945862,0.0,0.021029368042945862,1.37688185444872,18206.0,25067.511042093396
USA,2016,0.036493316292762756,0.0,0.036493316292762756,1.46306705272649,18695.1,27352.184857427
USA,2017,0.19302545487880707,0.0,0.19302545487880707,1.6491321885409,19479.6,32124.435379901315
USA,2018,0.14207513630390167,0.0,0.14207513630390167,1.4823078992826002,20527.2,30427.630710153793
USA,2019,0.08163652569055557,0.0,0.08163652569055557,1.59420819612207,21372.6,34072.37409243855
USA,2020,0.12535415589809418,0.0,0.12535415589809418,1.973833187889,20893.7,41240.678477796406
